Log file opened on Sun Jul 29 14:09:46 2018
Host: modarres-virtual-machine  pid: 9532  rank ID: 0  number of ranks:  1
                   :-) GROMACS - gmx mdrun, VERSION 5.1.4 (-:

                            GROMACS is written by:
     Emile Apol      Rossen Apostolov  Herman J.C. Berendsen    Par Bjelkmar   
 Aldert van Buuren   Rudi van Drunen     Anton Feenstra   Sebastian Fritsch 
  Gerrit Groenhof   Christoph Junghans   Anca Hamuraru    Vincent Hindriksen
 Dimitrios Karkoulis    Peter Kasson        Jiri Kraus      Carsten Kutzner  
    Per Larsson      Justin A. Lemkul   Magnus Lundborg   Pieter Meulenhoff 
   Erik Marklund      Teemu Murtola       Szilard Pall       Sander Pronk   
   Roland Schulz     Alexey Shvetsov     Michael Shirts     Alfons Sijbers  
   Peter Tieleman    Teemu Virolainen  Christian Wennberg    Maarten Wolf   
                           and the project leaders:
        Mark Abraham, Berk Hess, Erik Lindahl, and David van der Spoel

Copyright (c) 1991-2000, University of Groningen, The Netherlands.
Copyright (c) 2001-2015, The GROMACS development team at
Uppsala University, Stockholm University and
the Royal Institute of Technology, Sweden.
check out http://www.gromacs.org for more information.

GROMACS is free software; you can redistribute it and/or modify it
under the terms of the GNU Lesser General Public License
as published by the Free Software Foundation; either version 2.1
of the License, or (at your option) any later version.

GROMACS:      gmx mdrun, VERSION 5.1.4
Executable:   /usr/local/gromacs/bin/gmx
Data prefix:  /usr/local/gromacs
Command line:
  gmx mdrun -deffnm em1

GROMACS version:    VERSION 5.1.4
Precision:          single
Memory model:       64 bit
MPI library:        thread_mpi
OpenMP support:     enabled (GMX_OPENMP_MAX_THREADS = 32)
GPU support:        disabled
OpenCL support:     disabled
invsqrt routine:    gmx_software_invsqrt(x)
SIMD instructions:  AVX2_256
FFT library:        fftw-3.3.4-sse2-avx
RDTSCP usage:       enabled
C++11 compilation:  enabled
TNG support:        enabled
Tracing support:    disabled
Built on:           ‫یکشنبه ۲۰ مه ۱۸، ساعت ۱۷:۳۹:۴۲ (+0430)‬
Built by:           modarres@modarres-virtual-machine [CMAKE]
Build OS/arch:      Linux 4.8.0-36-generic x86_64
Build CPU vendor:   GenuineIntel
Build CPU brand:    Intel(R) Xeon(R) CPU E5-2630 v4 @ 2.20GHz
Build CPU family:   6   Model: 79   Stepping: 1
Build CPU features: aes apic avx avx2 clfsh cmov cx8 cx16 f16c fma lahf_lm mmx msr nonstop_tsc pcid pclmuldq pdpe1gb popcnt pse rdrnd rdtscp sse2 sse3 sse4.1 sse4.2 ssse3 tdt x2apic
C compiler:         /usr/bin/cc GNU 5.4.0
C compiler flags:    -march=core-avx2    -Wundef -Wextra -Wno-missing-field-initializers -Wno-sign-compare -Wpointer-arith -Wall -Wno-unused -Wunused-value -Wunused-parameter  -O3 -DNDEBUG -funroll-all-loops -fexcess-precision=fast  -Wno-array-bounds 
C++ compiler:       /usr/bin/c++ GNU 5.4.0
C++ compiler flags:  -march=core-avx2   -std=c++0x  -Wundef -Wextra -Wno-missing-field-initializers -Wpointer-arith -Wall -Wno-unused-function  -O3 -DNDEBUG -funroll-all-loops -fexcess-precision=fast  -Wno-array-bounds 
Boost version:      1.55.0 (internal)


Running on 1 node with total 16 cores, 16 logical cores
Hardware detected:
  CPU info:
    Vendor: GenuineIntel
    Brand:  Intel(R) Xeon(R) CPU E5-2630 v4 @ 2.20GHz
    Family:  6  model: 79  stepping:  1
    CPU features: aes apic avx avx2 clfsh cmov cx8 cx16 f16c fma lahf_lm mmx msr nonstop_tsc pcid pclmuldq pdpe1gb popcnt pse rdrnd rdtscp sse2 sse3 sse4.1 sse4.2 ssse3 tdt x2apic
    SIMD instructions most likely to fit this hardware: AVX2_256
    SIMD instructions selected at GROMACS compile time: AVX2_256


++++ PLEASE READ AND CITE THE FOLLOWING REFERENCE ++++
M. J. Abraham, T. Murtola, R. Schulz, S. Páll, J. C. Smith, B. Hess, E.
Lindahl
GROMACS: High performance molecular simulations through multi-level
parallelism from laptops to supercomputers
SoftwareX 1 (2015) pp. 19-25
-------- -------- --- Thank You --- -------- --------


++++ PLEASE READ AND CITE THE FOLLOWING REFERENCE ++++
S. Páll, M. J. Abraham, C. Kutzner, B. Hess, E. Lindahl
Tackling Exascale Software Challenges in Molecular Dynamics Simulations with
GROMACS
In S. Markidis & E. Laure (Eds.), Solving Software Challenges for Exascale 8759 (2015) pp. 3-27
-------- -------- --- Thank You --- -------- --------


++++ PLEASE READ AND CITE THE FOLLOWING REFERENCE ++++
S. Pronk, S. Páll, R. Schulz, P. Larsson, P. Bjelkmar, R. Apostolov, M. R.
Shirts, J. C. Smith, P. M. Kasson, D. van der Spoel, B. Hess, and E. Lindahl
GROMACS 4.5: a high-throughput and highly parallel open source molecular
simulation toolkit
Bioinformatics 29 (2013) pp. 845-54
-------- -------- --- Thank You --- -------- --------


++++ PLEASE READ AND CITE THE FOLLOWING REFERENCE ++++
B. Hess and C. Kutzner and D. van der Spoel and E. Lindahl
GROMACS 4: Algorithms for highly efficient, load-balanced, and scalable
molecular simulation
J. Chem. Theory Comput. 4 (2008) pp. 435-447
-------- -------- --- Thank You --- -------- --------


++++ PLEASE READ AND CITE THE FOLLOWING REFERENCE ++++
D. van der Spoel, E. Lindahl, B. Hess, G. Groenhof, A. E. Mark and H. J. C.
Berendsen
GROMACS: Fast, Flexible and Free
J. Comp. Chem. 26 (2005) pp. 1701-1719
-------- -------- --- Thank You --- -------- --------


++++ PLEASE READ AND CITE THE FOLLOWING REFERENCE ++++
E. Lindahl and B. Hess and D. van der Spoel
GROMACS 3.0: A package for molecular simulation and trajectory analysis
J. Mol. Mod. 7 (2001) pp. 306-317
-------- -------- --- Thank You --- -------- --------


++++ PLEASE READ AND CITE THE FOLLOWING REFERENCE ++++
H. J. C. Berendsen, D. van der Spoel and R. van Drunen
GROMACS: A message-passing parallel molecular dynamics implementation
Comp. Phys. Comm. 91 (1995) pp. 43-56
-------- -------- --- Thank You --- -------- --------

Input Parameters:
   integrator                     = steep
   tinit                          = 0
   dt                             = 0.001
   nsteps                         = 50000
   init-step                      = 0
   simulation-part                = 1
   comm-mode                      = Linear
   nstcomm                        = 100
   bd-fric                        = 0
   ld-seed                        = 3020919410
   emtol                          = 100
   emstep                         = 0.01
   niter                          = 20
   fcstep                         = 0
   nstcgsteep                     = 1000
   nbfgscorr                      = 10
   rtpi                           = 0.05
   nstxout                        = 0
   nstvout                        = 0
   nstfout                        = 0
   nstlog                         = 1000
   nstcalcenergy                  = 100
   nstenergy                      = 1000
   nstxout-compressed             = 0
   compressed-x-precision         = 1000
   cutoff-scheme                  = Verlet
   nstlist                        = 10
   ns-type                        = Grid
   pbc                            = xyz
   periodic-molecules             = FALSE
   verlet-buffer-tolerance        = 0.005
   rlist                          = 1.05
   rlistlong                      = 1.05
   nstcalclr                      = 10
   coulombtype                    = PME
   coulomb-modifier               = Potential-shift
   rcoulomb-switch                = 0
   rcoulomb                       = 1
   epsilon-r                      = 1
   epsilon-rf                     = inf
   vdw-type                       = Cut-off
   vdw-modifier                   = Potential-shift
   rvdw-switch                    = 0
   rvdw                           = 1
   DispCorr                       = No
   table-extension                = 1
   fourierspacing                 = 0.12
   fourier-nx                     = 60
   fourier-ny                     = 60
   fourier-nz                     = 60
   pme-order                      = 4
   ewald-rtol                     = 1e-05
   ewald-rtol-lj                  = 0.001
   lj-pme-comb-rule               = Geometric
   ewald-geometry                 = 0
   epsilon-surface                = 0
   implicit-solvent               = No
   gb-algorithm                   = Still
   nstgbradii                     = 1
   rgbradii                       = 1
   gb-epsilon-solvent             = 80
   gb-saltconc                    = 0
   gb-obc-alpha                   = 1
   gb-obc-beta                    = 0.8
   gb-obc-gamma                   = 4.85
   gb-dielectric-offset           = 0.009
   sa-algorithm                   = Ace-approximation
   sa-surface-tension             = 2.05016
   tcoupl                         = No
   nsttcouple                     = -1
   nh-chain-length                = 0
   print-nose-hoover-chain-variables = FALSE
   pcoupl                         = No
   pcoupltype                     = Isotropic
   nstpcouple                     = -1
   tau-p                          = 1
   compressibility (3x3):
      compressibility[    0]={ 0.00000e+00,  0.00000e+00,  0.00000e+00}
      compressibility[    1]={ 0.00000e+00,  0.00000e+00,  0.00000e+00}
      compressibility[    2]={ 0.00000e+00,  0.00000e+00,  0.00000e+00}
   ref-p (3x3):
      ref-p[    0]={ 0.00000e+00,  0.00000e+00,  0.00000e+00}
      ref-p[    1]={ 0.00000e+00,  0.00000e+00,  0.00000e+00}
      ref-p[    2]={ 0.00000e+00,  0.00000e+00,  0.00000e+00}
   refcoord-scaling               = No
   posres-com (3):
      posres-com[0]= 0.00000e+00
      posres-com[1]= 0.00000e+00
      posres-com[2]= 0.00000e+00
   posres-comB (3):
      posres-comB[0]= 0.00000e+00
      posres-comB[1]= 0.00000e+00
      posres-comB[2]= 0.00000e+00
   QMMM                           = FALSE
   QMconstraints                  = 0
   QMMMscheme                     = 0
   MMChargeScaleFactor            = 1
qm-opts:
   ngQM                           = 0
   constraint-algorithm           = Lincs
   continuation                   = FALSE
   Shake-SOR                      = FALSE
   shake-tol                      = 0.0001
   lincs-order                    = 4
   lincs-iter                     = 1
   lincs-warnangle                = 30
   nwall                          = 0
   wall-type                      = 9-3
   wall-r-linpot                  = -1
   wall-atomtype[0]               = -1
   wall-atomtype[1]               = -1
   wall-density[0]                = 0
   wall-density[1]                = 0
   wall-ewald-zfac                = 3
   pull                           = FALSE
   rotation                       = FALSE
   interactiveMD                  = FALSE
   disre                          = No
   disre-weighting                = Conservative
   disre-mixed                    = FALSE
   dr-fc                          = 1000
   dr-tau                         = 0
   nstdisreout                    = 100
   orire-fc                       = 0
   orire-tau                      = 0
   nstorireout                    = 100
   free-energy                    = no
   cos-acceleration               = 0
   deform (3x3):
      deform[    0]={ 0.00000e+00,  0.00000e+00,  0.00000e+00}
      deform[    1]={ 0.00000e+00,  0.00000e+00,  0.00000e+00}
      deform[    2]={ 0.00000e+00,  0.00000e+00,  0.00000e+00}
   simulated-tempering            = FALSE
   E-x:
      n = 0
   E-xt:
      n = 0
   E-y:
      n = 0
   E-yt:
      n = 0
   E-z:
      n = 0
   E-zt:
      n = 0
   swapcoords                     = no
   adress                         = FALSE
   userint1                       = 0
   userint2                       = 0
   userint3                       = 0
   userint4                       = 0
   userreal1                      = 0
   userreal2                      = 0
   userreal3                      = 0
   userreal4                      = 0
grpopts:
   nrdf:        2715
   ref-t:           0
   tau-t:           0
annealing:          No
annealing-npoints:           0
   acc:	           0           0           0
   nfreeze:           N           N           N
   energygrp-flags[  0]: 0

Using 1 MPI thread
Using 16 OpenMP threads 

Will do PME sum in reciprocal space for electrostatic interactions.

++++ PLEASE READ AND CITE THE FOLLOWING REFERENCE ++++
U. Essmann, L. Perera, M. L. Berkowitz, T. Darden, H. Lee and L. G. Pedersen 
A smooth particle mesh Ewald method
J. Chem. Phys. 103 (1995) pp. 8577-8592
-------- -------- --- Thank You --- -------- --------

Will do ordinary reciprocal space Ewald sum.
Using a Gaussian width (1/beta) of 0.320163 nm for Ewald
Cut-off's:   NS: 1.05   Coulomb: 1   LJ: 1
System total charge: -14.000
Generated table with 1025 data points for Ewald.
Tabscale = 500 points/nm
Generated table with 1025 data points for LJ6.
Tabscale = 500 points/nm
Generated table with 1025 data points for LJ12.
Tabscale = 500 points/nm
Generated table with 1025 data points for 1-4 COUL.
Tabscale = 500 points/nm
Generated table with 1025 data points for 1-4 LJ6.
Tabscale = 500 points/nm
Generated table with 1025 data points for 1-4 LJ12.
Tabscale = 500 points/nm
Potential shift: LJ r^-12: -1.000e+00 r^-6: -1.000e+00, Ewald -1.000e-05
Initialized non-bonded Ewald correction tables, spacing: 9.33e-04 size: 1073


Using AVX2_256 4x8 non-bonded kernels

Using full Lennard-Jones parameter combination matrix

Removing pbc first time
Pinning threads with an auto-selected logical core stride of 1
Initiating Steepest Descents
Started Steepest Descents on rank 0 Sun Jul 29 14:09:48 2018

Steepest Descents:
   Tolerance (Fmax)   =  1.00000e+02
   Number of steps    =        50000
           Step           Time         Lambda
              0        0.00000        0.00000

   Energies (kJ/mol)
        G96Bond       G96Angle    Proper Dih.  Improper Dih.          LJ-14
    3.58364e+01    3.53786e+01    1.92346e+02    1.62174e-01    2.13497e+04
     Coulomb-14        LJ (SR)   Coulomb (SR)   Coul. recip.      Potential
   -5.99559e+01   -1.48108e+03   -3.64027e+03    4.07378e+03    2.05060e+04
 Pressure (bar)
    0.00000e+00

           Step           Time         Lambda
              1        1.00000        0.00000

   Energies (kJ/mol)
        G96Bond       G96Angle    Proper Dih.  Improper Dih.          LJ-14
    3.99674e+02    7.84993e+01    1.60147e+02    2.64348e-01    2.09701e+04
     Coulomb-14        LJ (SR)   Coulomb (SR)   Coul. recip.      Potential
   -6.06593e+01   -2.20672e+03   -3.64047e+03    4.07159e+03    1.97724e+04
 Pressure (bar)
    0.00000e+00

           Step           Time         Lambda
              2        2.00000        0.00000

           Step           Time         Lambda
              3        3.00000        0.00000

   Energies (kJ/mol)
        G96Bond       G96Angle    Proper Dih.  Improper Dih.          LJ-14
    1.60067e+02    4.83726e+01    1.52271e+02    2.89851e-01    2.09237e+04
     Coulomb-14        LJ (SR)   Coulomb (SR)   Coul. recip.      Potential
   -6.29922e+01   -2.21534e+03   -3.64052e+03    4.07595e+03    1.94417e+04
 Pressure (bar)
    0.00000e+00

           Step           Time         Lambda
              4        4.00000        0.00000

   Energies (kJ/mol)
        G96Bond       G96Angle    Proper Dih.  Improper Dih.          LJ-14
    1.77780e+02    5.56542e+01    1.43823e+02    3.03439e-01    2.08488e+04
     Coulomb-14        LJ (SR)   Coulomb (SR)   Coul. recip.      Potential
   -6.37563e+01   -2.27005e+03   -3.63993e+03    4.07350e+03    1.93262e+04
 Pressure (bar)
    0.00000e+00

           Step           Time         Lambda
              5        5.00000        0.00000

   Energies (kJ/mol)
        G96Bond       G96Angle    Proper Dih.  Improper Dih.          LJ-14
    2.13679e+02    7.00651e+01    1.38355e+02    3.60974e-01    2.07742e+04
     Coulomb-14        LJ (SR)   Coulomb (SR)   Coul. recip.      Potential
   -6.52449e+01   -2.31168e+03   -3.64078e+03    4.07269e+03    1.92516e+04
 Pressure (bar)
    0.00000e+00

           Step           Time         Lambda
              6        6.00000        0.00000

   Energies (kJ/mol)
        G96Bond       G96Angle    Proper Dih.  Improper Dih.          LJ-14
    2.49331e+02    8.23754e+01    1.31907e+02    3.60011e-01    2.06996e+04
     Coulomb-14        LJ (SR)   Coulomb (SR)   Coul. recip.      Potential
   -6.70505e+01   -2.34508e+03   -3.63923e+03    4.07062e+03    1.91829e+04
 Pressure (bar)
    0.00000e+00

           Step           Time         Lambda
              7        7.00000        0.00000

           Step           Time         Lambda
              8        8.00000        0.00000

   Energies (kJ/mol)
        G96Bond       G96Angle    Proper Dih.  Improper Dih.          LJ-14
    1.42957e+02    6.57779e+01    1.29739e+02    3.91384e-01    2.06613e+04
     Coulomb-14        LJ (SR)   Coulomb (SR)   Coul. recip.      Potential
   -6.75953e+01   -2.36078e+03   -3.64005e+03    4.07059e+03    1.90024e+04
 Pressure (bar)
    0.00000e+00

           Step           Time         Lambda
              9        9.00000        0.00000

   Energies (kJ/mol)
        G96Bond       G96Angle    Proper Dih.  Improper Dih.          LJ-14
    2.13586e+02    9.53764e+01    1.23316e+02    4.23884e-01    2.05473e+04
     Coulomb-14        LJ (SR)   Coulomb (SR)   Coul. recip.      Potential
   -7.10516e+01   -2.40138e+03   -3.63869e+03    4.06794e+03    1.89369e+04
 Pressure (bar)
    0.00000e+00

           Step           Time         Lambda
             10       10.00000        0.00000

   Energies (kJ/mol)
        G96Bond       G96Angle    Proper Dih.  Improper Dih.          LJ-14
    1.66761e+02    8.18167e+01    1.20868e+02    4.61097e-01    2.05035e+04
     Coulomb-14        LJ (SR)   Coulomb (SR)   Coul. recip.      Potential
   -7.09171e+01   -2.41489e+03   -3.63952e+03    4.06810e+03    1.88162e+04
 Pressure (bar)
    0.00000e+00

           Step           Time         Lambda
             11       11.00000        0.00000

   Energies (kJ/mol)
        G96Bond       G96Angle    Proper Dih.  Improper Dih.          LJ-14
    2.46649e+02    1.16773e+02    1.17721e+02    4.80128e-01    2.04143e+04
     Coulomb-14        LJ (SR)   Coulomb (SR)   Coul. recip.      Potential
   -7.42131e+01   -2.43867e+03   -3.63811e+03    4.06558e+03    1.88105e+04
 Pressure (bar)
    0.00000e+00

           Step           Time         Lambda
             12       12.00000        0.00000

   Energies (kJ/mol)
        G96Bond       G96Angle    Proper Dih.  Improper Dih.          LJ-14
    2.06380e+02    1.02250e+02    1.15175e+02    5.20570e-01    2.03681e+04
     Coulomb-14        LJ (SR)   Coulomb (SR)   Coul. recip.      Potential
   -7.34939e+01   -2.45036e+03   -3.63911e+03    4.06606e+03    1.86955e+04
 Pressure (bar)
    0.00000e+00

           Step           Time         Lambda
             13       13.00000        0.00000

           Step           Time         Lambda
             14       14.00000        0.00000

   Energies (kJ/mol)
        G96Bond       G96Angle    Proper Dih.  Improper Dih.          LJ-14
    1.64091e+02    8.51273e+01    1.14187e+02    5.15525e-01    2.03276e+04
     Coulomb-14        LJ (SR)   Coulomb (SR)   Coul. recip.      Potential
   -7.56135e+01   -2.45901e+03   -3.63818e+03    4.06462e+03    1.85833e+04
 Pressure (bar)
    0.00000e+00

           Step           Time         Lambda
             15       15.00000        0.00000

   Energies (kJ/mol)
        G96Bond       G96Angle    Proper Dih.  Improper Dih.          LJ-14
    2.53236e+02    1.20898e+02    1.10058e+02    5.86243e-01    2.02049e+04
     Coulomb-14        LJ (SR)   Coulomb (SR)   Coul. recip.      Potential
   -7.64879e+01   -2.48485e+03   -3.63847e+03    4.06356e+03    1.85535e+04
 Pressure (bar)
    0.00000e+00

           Step           Time         Lambda
             16       16.00000        0.00000

   Energies (kJ/mol)
        G96Bond       G96Angle    Proper Dih.  Improper Dih.          LJ-14
    1.93729e+02    9.96682e+01    1.09682e+02    5.82756e-01    2.01618e+04
     Coulomb-14        LJ (SR)   Coulomb (SR)   Coul. recip.      Potential
   -7.96533e+01   -2.49199e+03   -3.63738e+03    4.06165e+03    1.84180e+04
 Pressure (bar)
    0.00000e+00

           Step           Time         Lambda
             17       17.00000        0.00000

           Step           Time         Lambda
             18       18.00000        0.00000

   Energies (kJ/mol)
        G96Bond       G96Angle    Proper Dih.  Improper Dih.          LJ-14
    1.84529e+02    9.76504e+01    1.08111e+02    6.07503e-01    2.01163e+04
     Coulomb-14        LJ (SR)   Coulomb (SR)   Coul. recip.      Potential
   -7.92289e+01   -2.49978e+03   -3.63764e+03    4.06156e+03    1.83521e+04
 Pressure (bar)
    0.00000e+00

           Step           Time         Lambda
             19       19.00000        0.00000

   Energies (kJ/mol)
        G96Bond       G96Angle    Proper Dih.  Improper Dih.          LJ-14
    2.19427e+02    1.12594e+02    1.07415e+02    6.30145e-01    2.00411e+04
     Coulomb-14        LJ (SR)   Coulomb (SR)   Coul. recip.      Potential
   -8.24911e+01   -2.51124e+03   -3.63675e+03    4.05950e+03    1.83102e+04
 Pressure (bar)
    0.00000e+00

           Step           Time         Lambda
             20       20.00000        0.00000

   Energies (kJ/mol)
        G96Bond       G96Angle    Proper Dih.  Improper Dih.          LJ-14
    2.13381e+02    1.09638e+02    1.05797e+02    6.56273e-01    1.99939e+04
     Coulomb-14        LJ (SR)   Coulomb (SR)   Coul. recip.      Potential
   -8.15459e+01   -2.51822e+03   -3.63717e+03    4.05958e+03    1.82460e+04
 Pressure (bar)
    0.00000e+00

           Step           Time         Lambda
             21       21.00000        0.00000

   Energies (kJ/mol)
        G96Bond       G96Angle    Proper Dih.  Improper Dih.          LJ-14
    2.63652e+02    1.31483e+02    1.05861e+02    6.74546e-01    1.99259e+04
     Coulomb-14        LJ (SR)   Coulomb (SR)   Coul. recip.      Potential
   -8.54078e+01   -2.52705e+03   -3.63611e+03    4.05737e+03    1.82364e+04
 Pressure (bar)
    0.00000e+00

           Step           Time         Lambda
             22       22.00000        0.00000

   Energies (kJ/mol)
        G96Bond       G96Angle    Proper Dih.  Improper Dih.          LJ-14
    2.59409e+02    1.29062e+02    1.04169e+02    7.01083e-01    1.98784e+04
     Coulomb-14        LJ (SR)   Coulomb (SR)   Coul. recip.      Potential
   -8.36162e+01   -2.53322e+03   -3.63671e+03    4.05776e+03    1.81760e+04
 Pressure (bar)
    0.00000e+00

           Step           Time         Lambda
             23       23.00000        0.00000

           Step           Time         Lambda
             24       24.00000        0.00000

   Energies (kJ/mol)
        G96Bond       G96Angle    Proper Dih.  Improper Dih.          LJ-14
    2.04422e+02    1.03428e+02    1.04169e+02    7.06799e-01    1.98453e+04
     Coulomb-14        LJ (SR)   Coulomb (SR)   Coul. recip.      Potential
   -8.61163e+01   -2.53696e+03   -3.63599e+03    4.05642e+03    1.80554e+04
 Pressure (bar)
    0.00000e+00

           Step           Time         Lambda
             25       25.00000        0.00000

   Energies (kJ/mol)
        G96Bond       G96Angle    Proper Dih.  Improper Dih.          LJ-14
    3.31205e+02    1.46093e+02    1.02302e+02    7.72126e-01    1.96873e+04
     Coulomb-14        LJ (SR)   Coulomb (SR)   Coul. recip.      Potential
   -8.69481e+01   -2.55462e+03   -3.63578e+03    4.05456e+03    1.80449e+04
 Pressure (bar)
    0.00000e+00

           Step           Time         Lambda
             26       26.00000        0.00000

   Energies (kJ/mol)
        G96Bond       G96Angle    Proper Dih.  Improper Dih.          LJ-14
    2.37997e+02    1.14804e+02    1.02563e+02    7.78925e-01    1.96526e+04
     Coulomb-14        LJ (SR)   Coulomb (SR)   Coul. recip.      Potential
   -9.06260e+01   -2.55774e+03   -3.63499e+03    4.05278e+03    1.78781e+04
 Pressure (bar)
    0.00000e+00

           Step           Time         Lambda
             27       27.00000        0.00000

           Step           Time         Lambda
             28       28.00000        0.00000

   Energies (kJ/mol)
        G96Bond       G96Angle    Proper Dih.  Improper Dih.          LJ-14
    2.45458e+02    1.17764e+02    1.01734e+02    7.98607e-01    1.96021e+04
     Coulomb-14        LJ (SR)   Coulomb (SR)   Coul. recip.      Potential
   -8.99785e+01   -2.56240e+03   -3.63502e+03    4.05251e+03    1.78329e+04
 Pressure (bar)
    0.00000e+00

           Step           Time         Lambda
             29       29.00000        0.00000

   Energies (kJ/mol)
        G96Bond       G96Angle    Proper Dih.  Improper Dih.          LJ-14
    2.65238e+02    1.24501e+02    1.02105e+02    8.15895e-01    1.95475e+04
     Coulomb-14        LJ (SR)   Coulomb (SR)   Coul. recip.      Potential
   -9.30569e+01   -2.56701e+03   -3.63438e+03    4.05076e+03    1.77965e+04
 Pressure (bar)
    0.00000e+00

           Step           Time         Lambda
             30       30.00000        0.00000

   Energies (kJ/mol)
        G96Bond       G96Angle    Proper Dih.  Improper Dih.          LJ-14
    2.81507e+02    1.29958e+02    1.01153e+02    8.35140e-01    1.94975e+04
     Coulomb-14        LJ (SR)   Coulomb (SR)   Coul. recip.      Potential
   -9.18916e+01   -2.57117e+03   -3.63449e+03    4.05068e+03    1.77641e+04
 Pressure (bar)
    0.00000e+00

           Step           Time         Lambda
             31       31.00000        0.00000

   Energies (kJ/mol)
        G96Bond       G96Angle    Proper Dih.  Improper Dih.          LJ-14
    3.11133e+02    1.41084e+02    1.01877e+02    8.51493e-01    1.94443e+04
     Coulomb-14        LJ (SR)   Coulomb (SR)   Coul. recip.      Potential
   -9.56177e+01   -2.57522e+03   -3.63376e+03    4.04870e+03    1.77433e+04
 Pressure (bar)
    0.00000e+00

           Step           Time         Lambda
             32       32.00000        0.00000

   Energies (kJ/mol)
        G96Bond       G96Angle    Proper Dih.  Improper Dih.          LJ-14
    3.40117e+02    1.52028e+02    1.00784e+02    8.69996e-01    1.93955e+04
     Coulomb-14        LJ (SR)   Coulomb (SR)   Coul. recip.      Potential
   -9.36249e+01   -2.57890e+03   -3.63396e+03    4.04893e+03    1.77317e+04
 Pressure (bar)
    0.00000e+00

           Step           Time         Lambda
             33       33.00000        0.00000

           Step           Time         Lambda
             34       34.00000        0.00000

   Energies (kJ/mol)
        G96Bond       G96Angle    Proper Dih.  Improper Dih.          LJ-14
    2.56727e+02    1.14348e+02    1.00907e+02    8.77649e-01    1.93686e+04
     Coulomb-14        LJ (SR)   Coulomb (SR)   Coul. recip.      Potential
   -9.60126e+01   -2.58077e+03   -3.63348e+03    4.04770e+03    1.75789e+04
 Pressure (bar)
    0.00000e+00

           Step           Time         Lambda
             35       35.00000        0.00000

   Energies (kJ/mol)
        G96Bond       G96Angle    Proper Dih.  Improper Dih.          LJ-14
    4.68910e+02    1.73276e+02    1.00173e+02    9.72219e-01    1.90974e+04
     Coulomb-14        LJ (SR)   Coulomb (SR)   Coul. recip.      Potential
   -9.86948e+01   -2.59874e+03   -3.63207e+03    4.04333e+03    1.75546e+04
 Pressure (bar)
    0.00000e+00

           Step           Time         Lambda
             36       36.00000        0.00000

   Energies (kJ/mol)
        G96Bond       G96Angle    Proper Dih.  Improper Dih.          LJ-14
    3.04396e+02    1.23657e+02    1.00483e+02    9.79824e-01    1.90710e+04
     Coulomb-14        LJ (SR)   Coulomb (SR)   Coul. recip.      Potential
   -1.02302e+02   -2.60011e+03   -3.63174e+03    4.04170e+03    1.73081e+04
 Pressure (bar)
    0.00000e+00

           Step           Time         Lambda
             37       37.00000        0.00000

           Step           Time         Lambda
             38       38.00000        0.00000

   Energies (kJ/mol)
        G96Bond       G96Angle    Proper Dih.  Improper Dih.          LJ-14
    3.42630e+02    1.34592e+02    9.99353e+01    9.99563e-01    1.90072e+04
     Coulomb-14        LJ (SR)   Coulomb (SR)   Coul. recip.      Potential
   -1.02007e+02   -2.60342e+03   -3.63148e+03    4.04100e+03    1.72895e+04
 Pressure (bar)
    0.00000e+00

           Step           Time         Lambda
             39       39.00000        0.00000

   Energies (kJ/mol)
        G96Bond       G96Angle    Proper Dih.  Improper Dih.          LJ-14
    3.33014e+02    1.30482e+02    1.00487e+02    1.01102e+00    1.89692e+04
     Coulomb-14        LJ (SR)   Coulomb (SR)   Coul. recip.      Potential
   -1.04639e+02   -2.60528e+03   -3.63109e+03    4.03958e+03    1.72328e+04
 Pressure (bar)
    0.00000e+00

           Step           Time         Lambda
             40       40.00000        0.00000

           Step           Time         Lambda
             41       41.00000        0.00000

   Energies (kJ/mol)
        G96Bond       G96Angle    Proper Dih.  Improper Dih.          LJ-14
    3.17315e+02    1.21440e+02    9.99915e+01    1.01967e+00    1.89406e+04
     Coulomb-14        LJ (SR)   Coulomb (SR)   Coul. recip.      Potential
   -1.04159e+02   -2.60664e+03   -3.63093e+03    4.03935e+03    1.71780e+04
 Pressure (bar)
    0.00000e+00

           Step           Time         Lambda
             42       42.00000        0.00000

   Energies (kJ/mol)
        G96Bond       G96Angle    Proper Dih.  Improper Dih.          LJ-14
    3.63267e+02    1.37432e+02    1.00564e+02    1.04647e+00    1.88519e+04
     Coulomb-14        LJ (SR)   Coulomb (SR)   Coul. recip.      Potential
   -1.07029e+02   -2.61074e+03   -3.63027e+03    4.03711e+03    1.71432e+04
 Pressure (bar)
    0.00000e+00

           Step           Time         Lambda
             43       43.00000        0.00000

   Energies (kJ/mol)
        G96Bond       G96Angle    Proper Dih.  Improper Dih.          LJ-14
    3.44989e+02    1.26075e+02    9.98538e+01    1.05584e+00    1.88202e+04
     Coulomb-14        LJ (SR)   Coulomb (SR)   Coul. recip.      Potential
   -1.06346e+02   -2.61210e+03   -3.63009e+03    4.03688e+03    1.70805e+04
 Pressure (bar)
    0.00000e+00

           Step           Time         Lambda
             44       44.00000        0.00000

           Step           Time         Lambda
             45       45.00000        0.00000

   Energies (kJ/mol)
        G96Bond       G96Angle    Proper Dih.  Improper Dih.          LJ-14
    3.41871e+02    1.23743e+02    1.00160e+02    1.06544e+00    1.87873e+04
     Coulomb-14        LJ (SR)   Coulomb (SR)   Coul. recip.      Potential
   -1.07749e+02   -2.61351e+03   -3.62983e+03    4.03592e+03    1.70390e+04
 Pressure (bar)
    0.00000e+00

           Step           Time         Lambda
             46       46.00000        0.00000

   Energies (kJ/mol)
        G96Bond       G96Angle    Proper Dih.  Improper Dih.          LJ-14
    3.71058e+02    1.30987e+02    9.97873e+01    1.08477e+00    1.87214e+04
     Coulomb-14        LJ (SR)   Coulomb (SR)   Coul. recip.      Potential
   -1.08040e+02   -2.61621e+03   -3.62939e+03    4.03485e+03    1.70055e+04
 Pressure (bar)
    0.00000e+00

           Step           Time         Lambda
             47       47.00000        0.00000

   Energies (kJ/mol)
        G96Bond       G96Angle    Proper Dih.  Improper Dih.          LJ-14
    3.64807e+02    1.27590e+02    1.00235e+02    1.09466e+00    1.86871e+04
     Coulomb-14        LJ (SR)   Coulomb (SR)   Coul. recip.      Potential
   -1.09881e+02   -2.61759e+03   -3.62913e+03    4.03369e+03    1.69579e+04
 Pressure (bar)
    0.00000e+00

           Step           Time         Lambda
             48       48.00000        0.00000

   Energies (kJ/mol)
        G96Bond       G96Angle    Proper Dih.  Improper Dih.          LJ-14
    4.05824e+02    1.39628e+02    9.97349e+01    1.11122e+00    1.86295e+04
     Coulomb-14        LJ (SR)   Coulomb (SR)   Coul. recip.      Potential
   -1.09563e+02   -2.61978e+03   -3.62873e+03    4.03295e+03    1.69506e+04
 Pressure (bar)
    0.00000e+00

           Step           Time         Lambda
             49       49.00000        0.00000

   Energies (kJ/mol)
        G96Bond       G96Angle    Proper Dih.  Improper Dih.          LJ-14
    3.96334e+02    1.35349e+02    1.00393e+02    1.12143e+00    1.85935e+04
     Coulomb-14        LJ (SR)   Coulomb (SR)   Coul. recip.      Potential
   -1.11954e+02   -2.62114e+03   -3.62846e+03    4.03156e+03    1.68967e+04
 Pressure (bar)
    0.00000e+00

           Step           Time         Lambda
             50       50.00000        0.00000

           Step           Time         Lambda
             51       51.00000        0.00000

   Energies (kJ/mol)
        G96Bond       G96Angle    Proper Dih.  Improper Dih.          LJ-14
    3.76925e+02    1.23940e+02    9.98601e+01    1.12876e+00    1.85674e+04
     Coulomb-14        LJ (SR)   Coulomb (SR)   Coul. recip.      Potential
   -1.11434e+02   -2.62207e+03   -3.62824e+03    4.03133e+03    1.68388e+04
 Pressure (bar)
    0.00000e+00

           Step           Time         Lambda
             52       52.00000        0.00000

   Energies (kJ/mol)
        G96Bond       G96Angle    Proper Dih.  Improper Dih.          LJ-14
    4.31485e+02    1.42806e+02    1.00577e+02    1.15347e+00    1.84801e+04
     Coulomb-14        LJ (SR)   Coulomb (SR)   Coul. recip.      Potential
   -1.14106e+02   -2.62516e+03   -3.62762e+03    4.02902e+03    1.68183e+04
 Pressure (bar)
    0.00000e+00

           Step           Time         Lambda
             53       53.00000        0.00000

   Energies (kJ/mol)
        G96Bond       G96Angle    Proper Dih.  Improper Dih.          LJ-14
    4.07026e+02    1.28334e+02    9.98018e+01    1.16140e+00    1.84514e+04
     Coulomb-14        LJ (SR)   Coulomb (SR)   Coul. recip.      Potential
   -1.13392e+02   -2.62609e+03   -3.62738e+03    4.02881e+03    1.67497e+04
 Pressure (bar)
    0.00000e+00

           Step           Time         Lambda
             54       54.00000        0.00000

           Step           Time         Lambda
             55       55.00000        0.00000

   Energies (kJ/mol)
        G96Bond       G96Angle    Proper Dih.  Improper Dih.          LJ-14
    4.04475e+02    1.26410e+02    1.00169e+02    1.17016e+00    1.84196e+04
     Coulomb-14        LJ (SR)   Coulomb (SR)   Coul. recip.      Potential
   -1.14717e+02   -2.62715e+03   -3.62716e+03    4.02783e+03    1.67106e+04
 Pressure (bar)
    0.00000e+00

           Step           Time         Lambda
             56       56.00000        0.00000

   Energies (kJ/mol)
        G96Bond       G96Angle    Proper Dih.  Improper Dih.          LJ-14
    4.34087e+02    1.33312e+02    9.97908e+01    1.18591e+00    1.83623e+04
     Coulomb-14        LJ (SR)   Coulomb (SR)   Coul. recip.      Potential
   -1.14800e+02   -2.62896e+03   -3.62670e+03    4.02688e+03    1.66871e+04
 Pressure (bar)
    0.00000e+00

           Step           Time         Lambda
             57       57.00000        0.00000

   Energies (kJ/mol)
        G96Bond       G96Angle    Proper Dih.  Improper Dih.          LJ-14
    4.29373e+02    1.30664e+02    1.00317e+02    1.19493e+00    1.83290e+04
     Coulomb-14        LJ (SR)   Coulomb (SR)   Coul. recip.      Potential
   -1.16582e+02   -2.63002e+03   -3.62648e+03    4.02571e+03    1.66432e+04
 Pressure (bar)
    0.00000e+00

           Step           Time         Lambda
             58       58.00000        0.00000

           Step           Time         Lambda
             59       59.00000        0.00000

   Energies (kJ/mol)
        G96Bond       G96Angle    Proper Dih.  Improper Dih.          LJ-14
    4.22080e+02    1.24403e+02    9.99419e+01    1.20180e+00    1.83035e+04
     Coulomb-14        LJ (SR)   Coulomb (SR)   Coul. recip.      Potential
   -1.16333e+02   -2.63078e+03   -3.62625e+03    4.02537e+03    1.66032e+04
 Pressure (bar)
    0.00000e+00

           Step           Time         Lambda
             60       60.00000        0.00000

   Energies (kJ/mol)
        G96Bond       G96Angle    Proper Dih.  Improper Dih.          LJ-14
    4.56872e+02    1.34656e+02    1.00475e+02    1.22246e+00    1.82270e+04
     Coulomb-14        LJ (SR)   Coulomb (SR)   Coul. recip.      Potential
   -1.18491e+02   -2.63306e+03   -3.62570e+03    4.02334e+03    1.65663e+04
 Pressure (bar)
    0.00000e+00

           Step           Time         Lambda
             61       61.00000        0.00000

   Energies (kJ/mol)
        G96Bond       G96Angle    Proper Dih.  Improper Dih.          LJ-14
    4.47583e+02    1.26915e+02    9.99313e+01    1.22992e+00    1.81988e+04
     Coulomb-14        LJ (SR)   Coulomb (SR)   Coul. recip.      Potential
   -1.18068e+02   -2.63384e+03   -3.62543e+03    4.02301e+03    1.65201e+04
 Pressure (bar)
    0.00000e+00

           Step           Time         Lambda
             62       62.00000        0.00000

   Energies (kJ/mol)
        G96Bond       G96Angle    Proper Dih.  Improper Dih.          LJ-14
    4.89301e+02    1.41967e+02    1.00674e+02    1.24523e+00    1.81411e+04
     Coulomb-14        LJ (SR)   Coulomb (SR)   Coul. recip.      Potential
   -1.20209e+02   -2.63548e+03   -3.62505e+03    4.02129e+03    1.65148e+04
 Pressure (bar)
    0.00000e+00

           Step           Time         Lambda
             63       63.00000        0.00000

   Energies (kJ/mol)
        G96Bond       G96Angle    Proper Dih.  Improper Dih.          LJ-14
    4.79337e+02    1.32837e+02    9.99128e+01    1.25318e+00    1.81106e+04
     Coulomb-14        LJ (SR)   Coulomb (SR)   Coul. recip.      Potential
   -1.19431e+02   -2.63626e+03   -3.62474e+03    4.02104e+03    1.64646e+04
 Pressure (bar)
    0.00000e+00

           Step           Time         Lambda
             64       64.00000        0.00000

           Step           Time         Lambda
             65       65.00000        0.00000

   Energies (kJ/mol)
        G96Bond       G96Angle    Proper Dih.  Improper Dih.          LJ-14
    4.64198e+02    1.26021e+02    1.00288e+02    1.25967e+00    1.80858e+04
     Coulomb-14        LJ (SR)   Coulomb (SR)   Coul. recip.      Potential
   -1.20669e+02   -2.63695e+03   -3.62456e+03    4.02016e+03    1.64155e+04
 Pressure (bar)
    0.00000e+00

           Step           Time         Lambda
             66       66.00000        0.00000

   Energies (kJ/mol)
        G96Bond       G96Angle    Proper Dih.  Improper Dih.          LJ-14
    5.14797e+02    1.39486e+02    9.99839e+01    1.27997e+00    1.80080e+04
     Coulomb-14        LJ (SR)   Coulomb (SR)   Coul. recip.      Potential
   -1.20939e+02   -2.63893e+03   -3.62391e+03    4.01872e+03    1.63985e+04
 Pressure (bar)
    0.00000e+00

           Step           Time         Lambda
             67       67.00000        0.00000

   Energies (kJ/mol)
        G96Bond       G96Angle    Proper Dih.  Improper Dih.          LJ-14
    4.92708e+02    1.29651e+02    1.00512e+02    1.28688e+00    1.79810e+04
     Coulomb-14        LJ (SR)   Coulomb (SR)   Coul. recip.      Potential
   -1.22727e+02   -2.63964e+03   -3.62373e+03    4.01760e+03    1.63367e+04
 Pressure (bar)
    0.00000e+00

           Step           Time         Lambda
             68       68.00000        0.00000

           Step           Time         Lambda
             69       69.00000        0.00000

   Energies (kJ/mol)
        G96Bond       G96Angle    Proper Dih.  Improper Dih.          LJ-14
    4.93933e+02    1.26297e+02    1.00149e+02    1.29439e+00    1.79514e+04
     Coulomb-14        LJ (SR)   Coulomb (SR)   Coul. recip.      Potential
   -1.22444e+02   -2.64035e+03   -3.62346e+03    4.01718e+03    1.63040e+04
 Pressure (bar)
    0.00000e+00

           Step           Time         Lambda
             70       70.00000        0.00000

   Energies (kJ/mol)
        G96Bond       G96Angle    Proper Dih.  Improper Dih.          LJ-14
    5.17063e+02    1.33501e+02    1.00704e+02    1.30675e+00    1.79029e+04
     Coulomb-14        LJ (SR)   Coulomb (SR)   Coul. recip.      Potential
   -1.24173e+02   -2.64154e+03   -3.62311e+03    4.01570e+03    1.62824e+04
 Pressure (bar)
    0.00000e+00

           Step           Time         Lambda
             71       71.00000        0.00000

   Energies (kJ/mol)
        G96Bond       G96Angle    Proper Dih.  Improper Dih.          LJ-14
    5.19416e+02    1.29844e+02    1.00171e+02    1.31460e+00    1.78718e+04
     Coulomb-14        LJ (SR)   Coulomb (SR)   Coul. recip.      Potential
   -1.23653e+02   -2.64225e+03   -3.62282e+03    4.01532e+03    1.62491e+04
 Pressure (bar)
    0.00000e+00

           Step           Time         Lambda
             72       72.00000        0.00000

   Energies (kJ/mol)
        G96Bond       G96Angle    Proper Dih.  Improper Dih.          LJ-14
    5.49072e+02    1.40859e+02    1.00953e+02    1.32559e+00    1.78282e+04
     Coulomb-14        LJ (SR)   Coulomb (SR)   Coul. recip.      Potential
   -1.25657e+02   -2.64329e+03   -3.62252e+03    4.01384e+03    1.62427e+04
 Pressure (bar)
    0.00000e+00

           Step           Time         Lambda
             73       73.00000        0.00000

   Energies (kJ/mol)
        G96Bond       G96Angle    Proper Dih.  Improper Dih.          LJ-14
    5.55395e+02    1.37812e+02    1.00196e+02    1.33362e+00    1.77959e+04
     Coulomb-14        LJ (SR)   Coulomb (SR)   Coul. recip.      Potential
   -1.24715e+02   -2.64397e+03   -3.62220e+03    4.01359e+03    1.62133e+04
 Pressure (bar)
    0.00000e+00

           Step           Time         Lambda
             74       74.00000        0.00000

           Step           Time         Lambda
             75       75.00000        0.00000

   Energies (kJ/mol)
        G96Bond       G96Angle    Proper Dih.  Improper Dih.          LJ-14
    5.26455e+02    1.25322e+02    1.00572e+02    1.33873e+00    1.77753e+04
     Coulomb-14        LJ (SR)   Coulomb (SR)   Coul. recip.      Potential
   -1.25969e+02   -2.64445e+03   -3.62204e+03    4.01275e+03    1.61493e+04
 Pressure (bar)
    0.00000e+00

           Step           Time         Lambda
             76       76.00000        0.00000

   Energies (kJ/mol)
        G96Bond       G96Angle    Proper Dih.  Improper Dih.          LJ-14
    6.06438e+02    1.46537e+02    1.00418e+02    1.36832e+00    1.76571e+04
     Coulomb-14        LJ (SR)   Coulomb (SR)   Coul. recip.      Potential
   -1.26609e+02   -2.64696e+03   -3.62104e+03    4.01033e+03    1.61275e+04
 Pressure (bar)
    0.00000e+00

           Step           Time         Lambda
             77       77.00000        0.00000

   Energies (kJ/mol)
        G96Bond       G96Angle    Proper Dih.  Improper Dih.          LJ-14
    5.63839e+02    1.28215e+02    1.00937e+02    1.37383e+00    1.76346e+04
     Coulomb-14        LJ (SR)   Coulomb (SR)   Coul. recip.      Potential
   -1.28563e+02   -2.64746e+03   -3.62088e+03    4.00920e+03    1.60412e+04
 Pressure (bar)
    0.00000e+00

           Step           Time         Lambda
             78       78.00000        0.00000

           Step           Time         Lambda
             79       79.00000        0.00000

   Energies (kJ/mol)
        G96Bond       G96Angle    Proper Dih.  Improper Dih.          LJ-14
    5.75143e+02    1.28379e+02    1.00589e+02    1.38223e+00    1.75997e+04
     Coulomb-14        LJ (SR)   Coulomb (SR)   Coul. recip.      Potential
   -1.28224e+02   -2.64815e+03   -3.62059e+03    4.00867e+03    1.60169e+04
 Pressure (bar)
    0.00000e+00

           Step           Time         Lambda
             80       80.00000        0.00000

   Energies (kJ/mol)
        G96Bond       G96Angle    Proper Dih.  Improper Dih.          LJ-14
    5.87724e+02    1.31956e+02    1.01165e+02    1.39074e+00    1.75644e+04
     Coulomb-14        LJ (SR)   Coulomb (SR)   Coul. recip.      Potential
   -1.29858e+02   -2.64888e+03   -3.62031e+03    4.00741e+03    1.59950e+04
 Pressure (bar)
    0.00000e+00

           Step           Time         Lambda
             81       81.00000        0.00000

   Energies (kJ/mol)
        G96Bond       G96Angle    Proper Dih.  Improper Dih.          LJ-14
    6.03690e+02    1.33320e+02    1.00650e+02    1.39897e+00    1.75300e+04
     Coulomb-14        LJ (SR)   Coulomb (SR)   Coul. recip.      Potential
   -1.29200e+02   -2.64952e+03   -3.62001e+03    4.00700e+03    1.59773e+04
 Pressure (bar)
    0.00000e+00

           Step           Time         Lambda
             82       82.00000        0.00000

   Energies (kJ/mol)
        G96Bond       G96Angle    Proper Dih.  Improper Dih.          LJ-14
    6.20254e+02    1.39375e+02    1.01468e+02    1.40733e+00    1.74952e+04
     Coulomb-14        LJ (SR)   Coulomb (SR)   Coul. recip.      Potential
   -1.31243e+02   -2.65023e+03   -3.61974e+03    4.00560e+03    1.59621e+04
 Pressure (bar)
    0.00000e+00

           Step           Time         Lambda
             83       83.00000        0.00000

   Energies (kJ/mol)
        G96Bond       G96Angle    Proper Dih.  Improper Dih.          LJ-14
    6.45552e+02    1.43772e+02    1.00727e+02    1.41534e+00    1.74612e+04
     Coulomb-14        LJ (SR)   Coulomb (SR)   Coul. recip.      Potential
   -1.30058e+02   -2.65082e+03   -3.61944e+03    4.00539e+03    1.59578e+04
 Pressure (bar)
    0.00000e+00

           Step           Time         Lambda
             84       84.00000        0.00000

   Energies (kJ/mol)
        G96Bond       G96Angle    Proper Dih.  Improper Dih.          LJ-14
    6.70342e+02    1.54547e+02    1.01892e+02    1.42353e+00    1.74266e+04
     Coulomb-14        LJ (SR)   Coulomb (SR)   Coul. recip.      Potential
   -1.32748e+02   -2.65152e+03   -3.61918e+03    4.00377e+03    1.59551e+04
 Pressure (bar)
    0.00000e+00

           Step           Time         Lambda
             85       85.00000        0.00000

           Step           Time         Lambda
             86       86.00000        0.00000

   Energies (kJ/mol)
        G96Bond       G96Angle    Proper Dih.  Improper Dih.          LJ-14
    6.09894e+02    1.24440e+02    1.01053e+02    1.42742e+00    1.74098e+04
     Coulomb-14        LJ (SR)   Coulomb (SR)   Coul. recip.      Potential
   -1.31763e+02   -2.65180e+03   -3.61898e+03    4.00377e+03    1.58478e+04
 Pressure (bar)
    0.00000e+00

           Step           Time         Lambda
             87       87.00000        0.00000

           Step           Time         Lambda
             88       88.00000        0.00000

   Energies (kJ/mol)
        G96Bond       G96Angle    Proper Dih.  Improper Dih.          LJ-14
    6.48816e+02    1.33348e+02    1.01766e+02    1.44729e+00    1.73256e+04
     Coulomb-14        LJ (SR)   Coulomb (SR)   Coul. recip.      Potential
   -1.33541e+02   -2.65332e+03   -3.61825e+03    4.00142e+03    1.58073e+04
 Pressure (bar)
    0.00000e+00

           Step           Time         Lambda
             89       89.00000        0.00000

   Energies (kJ/mol)
        G96Bond       G96Angle    Proper Dih.  Improper Dih.          LJ-14
    6.38697e+02    1.25521e+02    1.01265e+02    1.45227e+00    1.73041e+04
     Coulomb-14        LJ (SR)   Coulomb (SR)   Coul. recip.      Potential
   -1.33226e+02   -2.65366e+03   -3.61808e+03    4.00109e+03    1.57671e+04
 Pressure (bar)
    0.00000e+00

           Step           Time         Lambda
             90       90.00000        0.00000

   Energies (kJ/mol)
        G96Bond       G96Angle    Proper Dih.  Improper Dih.          LJ-14
    6.80960e+02    1.39127e+02    1.02045e+02    1.46516e+00    1.72482e+04
     Coulomb-14        LJ (SR)   Coulomb (SR)   Coul. recip.      Potential
   -1.35091e+02   -2.65465e+03   -3.61765e+03    3.99933e+03    1.57637e+04
 Pressure (bar)
    0.00000e+00

           Step           Time         Lambda
             91       91.00000        0.00000

   Energies (kJ/mol)
        G96Bond       G96Angle    Proper Dih.  Improper Dih.          LJ-14
    6.68422e+02    1.29036e+02    1.01361e+02    1.47058e+00    1.72245e+04
     Coulomb-14        LJ (SR)   Coulomb (SR)   Coul. recip.      Potential
   -1.34276e+02   -2.65500e+03   -3.61743e+03    3.99915e+03    1.57172e+04
 Pressure (bar)
    0.00000e+00

           Step           Time         Lambda
             92       92.00000        0.00000

           Step           Time         Lambda
             93       93.00000        0.00000

   Energies (kJ/mol)
        G96Bond       G96Angle    Proper Dih.  Improper Dih.          LJ-14
    6.63486e+02    1.25894e+02    1.01787e+02    1.47577e+00    1.72018e+04
     Coulomb-14        LJ (SR)   Coulomb (SR)   Coul. recip.      Potential
   -1.35393e+02   -2.65540e+03   -3.61722e+03    3.99828e+03    1.56847e+04
 Pressure (bar)
    0.00000e+00

           Step           Time         Lambda
             94       94.00000        0.00000

   Energies (kJ/mol)
        G96Bond       G96Angle    Proper Dih.  Improper Dih.          LJ-14
    6.97705e+02    1.33046e+02    1.01532e+02    1.48749e+00    1.71501e+04
     Coulomb-14        LJ (SR)   Coulomb (SR)   Coul. recip.      Potential
   -1.35227e+02   -2.65622e+03   -3.61678e+03    3.99729e+03    1.56729e+04
 Pressure (bar)
    0.00000e+00

           Step           Time         Lambda
             95       95.00000        0.00000

   Energies (kJ/mol)
        G96Bond       G96Angle    Proper Dih.  Improper Dih.          LJ-14
    6.89974e+02    1.28958e+02    1.02118e+02    1.49302e+00    1.71256e+04
     Coulomb-14        LJ (SR)   Coulomb (SR)   Coul. recip.      Potential
   -1.36826e+02   -2.65664e+03   -3.61656e+03    3.99621e+03    1.56344e+04
 Pressure (bar)
    0.00000e+00

           Step           Time         Lambda
             96       96.00000        0.00000

           Step           Time         Lambda
             97       97.00000        0.00000

   Energies (kJ/mol)
        G96Bond       G96Angle    Proper Dih.  Improper Dih.          LJ-14
    6.88060e+02    1.24496e+02    1.01803e+02    1.49782e+00    1.71041e+04
     Coulomb-14        LJ (SR)   Coulomb (SR)   Coul. recip.      Potential
   -1.36432e+02   -2.65696e+03   -3.61637e+03    3.99591e+03    1.56061e+04
 Pressure (bar)
    0.00000e+00

           Step           Time         Lambda
             98       98.00000        0.00000

   Energies (kJ/mol)
        G96Bond       G96Angle    Proper Dih.  Improper Dih.          LJ-14
    7.15977e+02    1.32044e+02    1.02435e+02    1.50915e+00    1.70536e+04
     Coulomb-14        LJ (SR)   Coulomb (SR)   Coul. recip.      Potential
   -1.38060e+02   -2.65776e+03   -3.61593e+03    3.99427e+03    1.55881e+04
 Pressure (bar)
    0.00000e+00

           Step           Time         Lambda
             99       99.00000        0.00000

   Energies (kJ/mol)
        G96Bond       G96Angle    Proper Dih.  Improper Dih.          LJ-14
    7.13296e+02    1.26471e+02    1.01960e+02    1.51431e+00    1.70303e+04
     Coulomb-14        LJ (SR)   Coulomb (SR)   Coul. recip.      Potential
   -1.37432e+02   -2.65809e+03   -3.61574e+03    3.99401e+03    1.55563e+04
 Pressure (bar)
    0.00000e+00

           Step           Time         Lambda
            100      100.00000        0.00000

           Step           Time         Lambda
            101      101.00000        0.00000

   Energies (kJ/mol)
        G96Bond       G96Angle    Proper Dih.  Improper Dih.          LJ-14
    7.12149e+02    1.24548e+02    1.02305e+02    1.51892e+00    1.70094e+04
     Coulomb-14        LJ (SR)   Coulomb (SR)   Coul. recip.      Potential
   -1.38358e+02   -2.65843e+03   -3.61554e+03    3.99324e+03    1.55308e+04
 Pressure (bar)
    0.00000e+00

           Step           Time         Lambda
            102      102.00000        0.00000

   Energies (kJ/mol)
        G96Bond       G96Angle    Proper Dih.  Improper Dih.          LJ-14
    7.39371e+02    1.28648e+02    1.02165e+02    1.53065e+00    1.69563e+04
     Coulomb-14        LJ (SR)   Coulomb (SR)   Coul. recip.      Potential
   -1.38419e+02   -2.65919e+03   -3.61510e+03    3.99210e+03    1.55074e+04
 Pressure (bar)
    0.00000e+00

           Step           Time         Lambda
            103      103.00000        0.00000

   Energies (kJ/mol)
        G96Bond       G96Angle    Proper Dih.  Improper Dih.          LJ-14
    7.36351e+02    1.26138e+02    1.02638e+02    1.53560e+00    1.69337e+04
     Coulomb-14        LJ (SR)   Coulomb (SR)   Coul. recip.      Potential
   -1.39700e+02   -2.65955e+03   -3.61487e+03    3.99116e+03    1.54774e+04
 Pressure (bar)
    0.00000e+00

           Step           Time         Lambda
            104      104.00000        0.00000

   Energies (kJ/mol)
        G96Bond       G96Angle    Proper Dih.  Improper Dih.          LJ-14
    7.68791e+02    1.32967e+02    1.02341e+02    1.54498e+00    1.68906e+04
     Coulomb-14        LJ (SR)   Coulomb (SR)   Coul. recip.      Potential
   -1.39250e+02   -2.66014e+03   -3.61453e+03    3.99042e+03    1.54727e+04
 Pressure (bar)
    0.00000e+00

           Step           Time         Lambda
            105      105.00000        0.00000

   Energies (kJ/mol)
        G96Bond       G96Angle    Proper Dih.  Improper Dih.          LJ-14
    7.63795e+02    1.30014e+02    1.03002e+02    1.55025e+00    1.68664e+04
     Coulomb-14        LJ (SR)   Coulomb (SR)   Coul. recip.      Potential
   -1.40988e+02   -2.66052e+03   -3.61428e+03    3.98927e+03    1.54382e+04
 Pressure (bar)
    0.00000e+00

           Step           Time         Lambda
            106      106.00000        0.00000

           Step           Time         Lambda
            107      107.00000        0.00000

   Energies (kJ/mol)
        G96Bond       G96Angle    Proper Dih.  Improper Dih.          LJ-14
    7.57601e+02    1.23825e+02    1.02649e+02    1.55427e+00    1.68476e+04
     Coulomb-14        LJ (SR)   Coulomb (SR)   Coul. recip.      Potential
   -1.40469e+02   -2.66076e+03   -3.61412e+03    3.98905e+03    1.54069e+04
 Pressure (bar)
    0.00000e+00

           Step           Time         Lambda
            108      108.00000        0.00000

   Energies (kJ/mol)
        G96Bond       G96Angle    Proper Dih.  Improper Dih.          LJ-14
    7.93467e+02    1.33827e+02    1.03401e+02    1.56623e+00    1.67921e+04
     Coulomb-14        LJ (SR)   Coulomb (SR)   Coul. recip.      Potential
   -1.42225e+02   -2.66155e+03   -3.61361e+03    3.98722e+03    1.53942e+04
 Pressure (bar)
    0.00000e+00

           Step           Time         Lambda
            109      109.00000        0.00000

   Energies (kJ/mol)
        G96Bond       G96Angle    Proper Dih.  Improper Dih.          LJ-14
    7.85164e+02    1.25834e+02    1.02867e+02    1.57061e+00    1.67715e+04
     Coulomb-14        LJ (SR)   Coulomb (SR)   Coul. recip.      Potential
   -1.41461e+02   -2.66180e+03   -3.61346e+03    3.98704e+03    1.53572e+04
 Pressure (bar)
    0.00000e+00

           Step           Time         Lambda
            110      110.00000        0.00000

           Step           Time         Lambda
            111      111.00000        0.00000

   Energies (kJ/mol)
        G96Bond       G96Angle    Proper Dih.  Improper Dih.          LJ-14
    7.85919e+02    1.24520e+02    1.03260e+02    1.57516e+00    1.67500e+04
     Coulomb-14        LJ (SR)   Coulomb (SR)   Coul. recip.      Potential
   -1.42440e+02   -2.66210e+03   -3.61324e+03    3.98622e+03    1.53337e+04
 Pressure (bar)
    0.00000e+00

           Step           Time         Lambda
            112      112.00000        0.00000

   Energies (kJ/mol)
        G96Bond       G96Angle    Proper Dih.  Improper Dih.          LJ-14
    8.10128e+02    1.28159e+02    1.03081e+02    1.58409e+00    1.67078e+04
     Coulomb-14        LJ (SR)   Coulomb (SR)   Coul. recip.      Potential
   -1.42254e+02   -2.66264e+03   -3.61290e+03    3.98536e+03    1.53183e+04
 Pressure (bar)
    0.00000e+00

           Step           Time         Lambda
            113      113.00000        0.00000

   Energies (kJ/mol)
        G96Bond       G96Angle    Proper Dih.  Improper Dih.          LJ-14
    8.09689e+02    1.26620e+02    1.03616e+02    1.58892e+00    1.66850e+04
     Coulomb-14        LJ (SR)   Coulomb (SR)   Coul. recip.      Potential
   -1.43610e+02   -2.66297e+03   -3.61266e+03    3.98437e+03    1.52916e+04
 Pressure (bar)
    0.00000e+00

           Step           Time         Lambda
            114      114.00000        0.00000

   Energies (kJ/mol)
        G96Bond       G96Angle    Proper Dih.  Improper Dih.          LJ-14
    8.39931e+02    1.32866e+02    1.03277e+02    1.59652e+00    1.66483e+04
     Coulomb-14        LJ (SR)   Coulomb (SR)   Coul. recip.      Potential
   -1.42950e+02   -2.66341e+03   -3.61239e+03    3.98381e+03    1.52911e+04
 Pressure (bar)
    0.00000e+00

           Step           Time         Lambda
            115      115.00000        0.00000

   Energies (kJ/mol)
        G96Bond       G96Angle    Proper Dih.  Improper Dih.          LJ-14
    8.38738e+02    1.31470e+02    1.04017e+02    1.60159e+00    1.66242e+04
     Coulomb-14        LJ (SR)   Coulomb (SR)   Coul. recip.      Potential
   -1.44798e+02   -2.66375e+03   -3.61211e+03    3.98261e+03    1.52620e+04
 Pressure (bar)
    0.00000e+00

           Step           Time         Lambda
            116      116.00000        0.00000

           Step           Time         Lambda
            117      117.00000        0.00000

   Energies (kJ/mol)
        G96Bond       G96Angle    Proper Dih.  Improper Dih.          LJ-14
    8.27324e+02    1.23109e+02    1.03620e+02    1.60499e+00    1.66077e+04
     Coulomb-14        LJ (SR)   Coulomb (SR)   Coul. recip.      Potential
   -1.44170e+02   -2.66394e+03   -3.61199e+03    3.98246e+03    1.52257e+04
 Pressure (bar)
    0.00000e+00

           Step           Time         Lambda
            118      118.00000        0.00000

   Energies (kJ/mol)
        G96Bond       G96Angle    Proper Dih.  Improper Dih.          LJ-14
    8.73378e+02    1.36169e+02    1.04516e+02    1.61805e+00    1.65449e+04
     Coulomb-14        LJ (SR)   Coulomb (SR)   Coul. recip.      Potential
   -1.46070e+02   -2.66475e+03   -3.61139e+03    3.98036e+03    1.52188e+04
 Pressure (bar)
    0.00000e+00

           Step           Time         Lambda
            119      119.00000        0.00000

   Energies (kJ/mol)
        G96Bond       G96Angle    Proper Dih.  Improper Dih.          LJ-14
    8.58054e+02    1.25110e+02    1.03913e+02    1.62179e+00    1.65266e+04
     Coulomb-14        LJ (SR)   Coulomb (SR)   Coul. recip.      Potential
   -1.45196e+02   -2.66494e+03   -3.61127e+03    3.98026e+03    1.51741e+04
 Pressure (bar)
    0.00000e+00

           Step           Time         Lambda
            120      120.00000        0.00000

           Step           Time         Lambda
            121      121.00000        0.00000

   Energies (kJ/mol)
        G96Bond       G96Angle    Proper Dih.  Improper Dih.          LJ-14
    8.61330e+02    1.24666e+02    1.04359e+02    1.62633e+00    1.65044e+04
     Coulomb-14        LJ (SR)   Coulomb (SR)   Coul. recip.      Potential
   -1.46227e+02   -2.66523e+03   -3.61104e+03    3.97938e+03    1.51532e+04
 Pressure (bar)
    0.00000e+00

           Step           Time         Lambda
            122      122.00000        0.00000

   Energies (kJ/mol)
        G96Bond       G96Angle    Proper Dih.  Improper Dih.          LJ-14
    8.82506e+02    1.27598e+02    1.04137e+02    1.63329e+00    1.64699e+04
     Coulomb-14        LJ (SR)   Coulomb (SR)   Coul. recip.      Potential
   -1.45858e+02   -2.66562e+03   -3.61078e+03    3.97874e+03    1.51423e+04
 Pressure (bar)
    0.00000e+00

           Step           Time         Lambda
            123      123.00000        0.00000

   Energies (kJ/mol)
        G96Bond       G96Angle    Proper Dih.  Improper Dih.          LJ-14
    8.85513e+02    1.27388e+02    1.04738e+02    1.63802e+00    1.64468e+04
     Coulomb-14        LJ (SR)   Coulomb (SR)   Coul. recip.      Potential
   -1.47287e+02   -2.66592e+03   -3.61052e+03    3.97769e+03    1.51200e+04
 Pressure (bar)
    0.00000e+00

           Step           Time         Lambda
            124      124.00000        0.00000

           Step           Time         Lambda
            125      125.00000        0.00000

   Energies (kJ/mol)
        G96Bond       G96Angle    Proper Dih.  Improper Dih.          LJ-14
    8.81137e+02    1.22337e+02    1.04473e+02    1.64112e+00    1.64310e+04
     Coulomb-14        LJ (SR)   Coulomb (SR)   Coul. recip.      Potential
   -1.46871e+02   -2.66609e+03   -3.61040e+03    3.97747e+03    1.50947e+04
 Pressure (bar)
    0.00000e+00

           Step           Time         Lambda
            126      126.00000        0.00000

   Energies (kJ/mol)
        G96Bond       G96Angle    Proper Dih.  Improper Dih.          LJ-14
    9.15906e+02    1.29893e+02    1.05218e+02    1.65354e+00    1.63697e+04
     Coulomb-14        LJ (SR)   Coulomb (SR)   Coul. recip.      Potential
   -1.48517e+02   -2.66682e+03   -3.60981e+03    3.97546e+03    1.50727e+04
 Pressure (bar)
    0.00000e+00

           Step           Time         Lambda
            127      127.00000        0.00000

   Energies (kJ/mol)
        G96Bond       G96Angle    Proper Dih.  Improper Dih.          LJ-14
    9.09821e+02    1.23321e+02    1.04812e+02    1.65702e+00    1.63521e+04
     Coulomb-14        LJ (SR)   Coulomb (SR)   Coul. recip.      Potential
   -1.47903e+02   -2.66700e+03   -3.60969e+03    3.97527e+03    1.50424e+04
 Pressure (bar)
    0.00000e+00

           Step           Time         Lambda
            128      128.00000        0.00000

           Step           Time         Lambda
            129      129.00000        0.00000

   Energies (kJ/mol)
        G96Bond       G96Angle    Proper Dih.  Improper Dih.          LJ-14
    9.14751e+02    1.23268e+02    1.05182e+02    1.66124e+00    1.63309e+04
     Coulomb-14        LJ (SR)   Coulomb (SR)   Coul. recip.      Potential
   -1.48752e+02   -2.66725e+03   -3.60948e+03    3.97447e+03    1.50247e+04
 Pressure (bar)
    0.00000e+00

           Step           Time         Lambda
            130      130.00000        0.00000

   Energies (kJ/mol)
        G96Bond       G96Angle    Proper Dih.  Improper Dih.          LJ-14
    9.31343e+02    1.24610e+02    1.05060e+02    1.66771e+00    1.62980e+04
     Coulomb-14        LJ (SR)   Coulomb (SR)   Coul. recip.      Potential
   -1.48578e+02   -2.66760e+03   -3.60921e+03    3.97377e+03    1.50091e+04
 Pressure (bar)
    0.00000e+00

           Step           Time         Lambda
            131      131.00000        0.00000

   Energies (kJ/mol)
        G96Bond       G96Angle    Proper Dih.  Improper Dih.          LJ-14
    9.36156e+02    1.24765e+02    1.05548e+02    1.67204e+00    1.62760e+04
     Coulomb-14        LJ (SR)   Coulomb (SR)   Coul. recip.      Potential
   -1.49715e+02   -2.66787e+03   -3.60897e+03    3.97284e+03    1.49904e+04
 Pressure (bar)
    0.00000e+00

           Step           Time         Lambda
            132      132.00000        0.00000

   Energies (kJ/mol)
        G96Bond       G96Angle    Proper Dih.  Improper Dih.          LJ-14
    9.56118e+02    1.27380e+02    1.05294e+02    1.67789e+00    1.62458e+04
     Coulomb-14        LJ (SR)   Coulomb (SR)   Coul. recip.      Potential
   -1.49192e+02   -2.66818e+03   -3.60874e+03    3.97232e+03    1.49825e+04
 Pressure (bar)
    0.00000e+00

           Step           Time         Lambda
            133      133.00000        0.00000

   Energies (kJ/mol)
        G96Bond       G96Angle    Proper Dih.  Improper Dih.          LJ-14
    9.61332e+02    1.28116e+02    1.05953e+02    1.68239e+00    1.62230e+04
     Coulomb-14        LJ (SR)   Coulomb (SR)   Coul. recip.      Potential
   -1.50712e+02   -2.66846e+03   -3.60848e+03    3.97123e+03    1.49637e+04
 Pressure (bar)
    0.00000e+00

           Step           Time         Lambda
            134      134.00000        0.00000

           Step           Time         Lambda
            135      135.00000        0.00000

   Energies (kJ/mol)
        G96Bond       G96Angle    Proper Dih.  Improper Dih.          LJ-14
    9.53725e+02    1.21705e+02    1.05657e+02    1.68512e+00    1.62089e+04
     Coulomb-14        LJ (SR)   Coulomb (SR)   Coul. recip.      Potential
   -1.50222e+02   -2.66859e+03   -3.60837e+03    3.97107e+03    1.49355e+04
 Pressure (bar)
    0.00000e+00

           Step           Time         Lambda
            136      136.00000        0.00000

   Energies (kJ/mol)
        G96Bond       G96Angle    Proper Dih.  Improper Dih.          LJ-14
    9.96393e+02    1.31157e+02    1.06538e+02    1.69846e+00    1.61403e+04
     Coulomb-14        LJ (SR)   Coulomb (SR)   Coul. recip.      Potential
   -1.51995e+02   -2.66935e+03   -3.60771e+03    3.96878e+03    1.49159e+04
 Pressure (bar)
    0.00000e+00

           Step           Time         Lambda
            137      137.00000        0.00000

   Energies (kJ/mol)
        G96Bond       G96Angle    Proper Dih.  Improper Dih.          LJ-14
    9.85993e+02    1.22707e+02    1.06085e+02    1.70144e+00    1.61245e+04
     Coulomb-14        LJ (SR)   Coulomb (SR)   Coul. recip.      Potential
   -1.51311e+02   -2.66948e+03   -3.60760e+03    3.96864e+03    1.48812e+04
 Pressure (bar)
    0.00000e+00

           Step           Time         Lambda
            138      138.00000        0.00000

           Step           Time         Lambda
            139      139.00000        0.00000

   Energies (kJ/mol)
        G96Bond       G96Angle    Proper Dih.  Improper Dih.          LJ-14
    9.92518e+02    1.23162e+02    1.06494e+02    1.70557e+00    1.61029e+04
     Coulomb-14        LJ (SR)   Coulomb (SR)   Coul. recip.      Potential
   -1.52192e+02   -2.66973e+03   -3.60738e+03    3.96780e+03    1.48652e+04
 Pressure (bar)
    0.00000e+00

           Step           Time         Lambda
            140      140.00000        0.00000

   Energies (kJ/mol)
        G96Bond       G96Angle    Proper Dih.  Improper Dih.          LJ-14
    1.00736e+03    1.24117e+02    1.06341e+02    1.71086e+00    1.60748e+04
     Coulomb-14        LJ (SR)   Coulomb (SR)   Coul. recip.      Potential
   -1.51904e+02   -2.67000e+03   -3.60716e+03    3.96723e+03    1.48526e+04
 Pressure (bar)
    0.00000e+00

           Step           Time         Lambda
            141      141.00000        0.00000

   Energies (kJ/mol)
        G96Bond       G96Angle    Proper Dih.  Improper Dih.          LJ-14
    1.01423e+03    1.25059e+02    1.06878e+02    1.71506e+00    1.60528e+04
     Coulomb-14        LJ (SR)   Coulomb (SR)   Coul. recip.      Potential
   -1.53086e+02   -2.67025e+03   -3.60691e+03    3.96626e+03    1.48367e+04
 Pressure (bar)
    0.00000e+00

           Step           Time         Lambda
            142      142.00000        0.00000

   Energies (kJ/mol)
        G96Bond       G96Angle    Proper Dih.  Improper Dih.          LJ-14
    1.03262e+03    1.27179e+02    1.06589e+02    1.71999e+00    1.60263e+04
     Coulomb-14        LJ (SR)   Coulomb (SR)   Coul. recip.      Potential
   -1.52448e+02   -2.67049e+03   -3.60672e+03    3.96586e+03    1.48306e+04
 Pressure (bar)
    0.00000e+00

           Step           Time         Lambda
            143      143.00000        0.00000

   Energies (kJ/mol)
        G96Bond       G96Angle    Proper Dih.  Improper Dih.          LJ-14
    1.04075e+03    1.29161e+02    1.07309e+02    1.72426e+00    1.60038e+04
     Coulomb-14        LJ (SR)   Coulomb (SR)   Coul. recip.      Potential
   -1.54031e+02   -2.67075e+03   -3.60645e+03    3.96473e+03    1.48162e+04
 Pressure (bar)
    0.00000e+00

           Step           Time         Lambda
            144      144.00000        0.00000

           Step           Time         Lambda
            145      145.00000        0.00000

   Energies (kJ/mol)
        G96Bond       G96Angle    Proper Dih.  Improper Dih.          LJ-14
    1.02923e+03    1.21075e+02    1.06978e+02    1.72660e+00    1.59911e+04
     Coulomb-14        LJ (SR)   Coulomb (SR)   Coul. recip.      Potential
   -1.53474e+02   -2.67086e+03   -3.60636e+03    3.96461e+03    1.47841e+04
 Pressure (bar)
    0.00000e+00

           Step           Time         Lambda
            146      146.00000        0.00000

   Energies (kJ/mol)
        G96Bond       G96Angle    Proper Dih.  Improper Dih.          LJ-14
    1.08238e+03    1.32805e+02    1.08032e+02    1.74144e+00    1.59119e+04
     Coulomb-14        LJ (SR)   Coulomb (SR)   Coul. recip.      Potential
   -1.55407e+02   -2.67166e+03   -3.60559e+03    3.96193e+03    1.47662e+04
 Pressure (bar)
    0.00000e+00

           Step           Time         Lambda
            147      147.00000        0.00000

   Energies (kJ/mol)
        G96Bond       G96Angle    Proper Dih.  Improper Dih.          LJ-14
    1.06662e+03    1.22070e+02    1.07524e+02    1.74398e+00    1.58977e+04
     Coulomb-14        LJ (SR)   Coulomb (SR)   Coul. recip.      Potential
   -1.54671e+02   -2.67176e+03   -3.60549e+03    3.96184e+03    1.47256e+04
 Pressure (bar)
    0.00000e+00

           Step           Time         Lambda
            148      148.00000        0.00000

           Step           Time         Lambda
            149      149.00000        0.00000

   Energies (kJ/mol)
        G96Bond       G96Angle    Proper Dih.  Improper Dih.          LJ-14
    1.07516e+03    1.23195e+02    1.07975e+02    1.74802e+00    1.58756e+04
     Coulomb-14        LJ (SR)   Coulomb (SR)   Coul. recip.      Potential
   -1.55582e+02   -2.67200e+03   -3.60527e+03    3.96096e+03    1.47118e+04
 Pressure (bar)
    0.00000e+00

           Step           Time         Lambda
            150      150.00000        0.00000

   Energies (kJ/mol)
        G96Bond       G96Angle    Proper Dih.  Improper Dih.          LJ-14
    1.08806e+03    1.23604e+02    1.07788e+02    1.75240e+00    1.58515e+04
     Coulomb-14        LJ (SR)   Coulomb (SR)   Coul. recip.      Potential
   -1.55201e+02   -2.67221e+03   -3.60507e+03    3.96049e+03    1.47008e+04
 Pressure (bar)
    0.00000e+00

           Step           Time         Lambda
            151      151.00000        0.00000

   Energies (kJ/mol)
        G96Bond       G96Angle    Proper Dih.  Improper Dih.          LJ-14
    1.09752e+03    1.25569e+02    1.08375e+02    1.75639e+00    1.58295e+04
     Coulomb-14        LJ (SR)   Coulomb (SR)   Coul. recip.      Potential
   -1.56425e+02   -2.67245e+03   -3.60483e+03    3.95950e+03    1.46885e+04
 Pressure (bar)
    0.00000e+00

           Step           Time         Lambda
            152      152.00000        0.00000

   Energies (kJ/mol)
        G96Bond       G96Angle    Proper Dih.  Improper Dih.          LJ-14
    1.11393e+03    1.26986e+02    1.08045e+02    1.76051e+00    1.58061e+04
     Coulomb-14        LJ (SR)   Coulomb (SR)   Coul. recip.      Potential
   -1.55687e+02   -2.67264e+03   -3.60465e+03    3.95918e+03    1.46831e+04
 Pressure (bar)
    0.00000e+00

           Step           Time         Lambda
            153      153.00000        0.00000

   Energies (kJ/mol)
        G96Bond       G96Angle    Proper Dih.  Improper Dih.          LJ-14
    1.12574e+03    1.30562e+02    1.08828e+02    1.76457e+00    1.57840e+04
     Coulomb-14        LJ (SR)   Coulomb (SR)   Coul. recip.      Potential
   -1.57327e+02   -2.67288e+03   -3.60440e+03    3.95802e+03    1.46743e+04
 Pressure (bar)
    0.00000e+00

           Step           Time         Lambda
            154      154.00000        0.00000

           Step           Time         Lambda
            155      155.00000        0.00000

   Energies (kJ/mol)
        G96Bond       G96Angle    Proper Dih.  Improper Dih.          LJ-14
    1.10954e+03    1.20451e+02    1.08458e+02    1.76653e+00    1.57726e+04
     Coulomb-14        LJ (SR)   Coulomb (SR)   Coul. recip.      Potential
   -1.56714e+02   -2.67297e+03   -3.60430e+03    3.95795e+03    1.46368e+04
 Pressure (bar)
    0.00000e+00

           Step           Time         Lambda
            156      156.00000        0.00000

   Energies (kJ/mol)
        G96Bond       G96Angle    Proper Dih.  Improper Dih.          LJ-14
    1.17700e+03    1.34865e+02    1.09747e+02    1.78368e+00    1.56775e+04
     Coulomb-14        LJ (SR)   Coulomb (SR)   Coul. recip.      Potential
   -1.58856e+02   -2.67386e+03   -3.60338e+03    3.95469e+03    1.46194e+04
 Pressure (bar)
    0.00000e+00

           Step           Time         Lambda
            157      157.00000        0.00000

   Energies (kJ/mol)
        G96Bond       G96Angle    Proper Dih.  Improper Dih.          LJ-14
    1.15459e+03    1.21422e+02    1.09177e+02    1.78588e+00    1.56647e+04
     Coulomb-14        LJ (SR)   Coulomb (SR)   Coul. recip.      Potential
   -1.58095e+02   -2.67394e+03   -3.60329e+03    3.95463e+03    1.45710e+04
 Pressure (bar)
    0.00000e+00

           Step           Time         Lambda
            158      158.00000        0.00000

           Step           Time         Lambda
            159      159.00000        0.00000

   Energies (kJ/mol)
        G96Bond       G96Angle    Proper Dih.  Improper Dih.          LJ-14
    1.16556e+03    1.23378e+02    1.09667e+02    1.78982e+00    1.56422e+04
     Coulomb-14        LJ (SR)   Coulomb (SR)   Coul. recip.      Potential
   -1.59036e+02   -2.67416e+03   -3.60307e+03    3.95372e+03    1.45600e+04
 Pressure (bar)
    0.00000e+00

           Step           Time         Lambda
            160      160.00000        0.00000

   Energies (kJ/mol)
        G96Bond       G96Angle    Proper Dih.  Improper Dih.          LJ-14
    1.17629e+03    1.23078e+02    1.09444e+02    1.79338e+00    1.56214e+04
     Coulomb-14        LJ (SR)   Coulomb (SR)   Coul. recip.      Potential
   -1.58579e+02   -2.67432e+03   -3.60288e+03    3.95334e+03    1.45496e+04
 Pressure (bar)
    0.00000e+00

           Step           Time         Lambda
            161      161.00000        0.00000

   Energies (kJ/mol)
        G96Bond       G96Angle    Proper Dih.  Improper Dih.          LJ-14
    1.18887e+03    1.26319e+02    1.10082e+02    1.79721e+00    1.55995e+04
     Coulomb-14        LJ (SR)   Coulomb (SR)   Coul. recip.      Potential
   -1.59843e+02   -2.67455e+03   -3.60265e+03    3.95231e+03    1.45418e+04
 Pressure (bar)
    0.00000e+00

           Step           Time         Lambda
            162      162.00000        0.00000

   Energies (kJ/mol)
        G96Bond       G96Angle    Proper Dih.  Improper Dih.          LJ-14
    1.20290e+03    1.26814e+02    1.09709e+02    1.80067e+00    1.55789e+04
     Coulomb-14        LJ (SR)   Coulomb (SR)   Coul. recip.      Potential
   -1.59017e+02   -2.67470e+03   -3.60248e+03    3.95207e+03    1.45360e+04
 Pressure (bar)
    0.00000e+00

           Step           Time         Lambda
            163      163.00000        0.00000

   Energies (kJ/mol)
        G96Bond       G96Angle    Proper Dih.  Improper Dih.          LJ-14
    1.21915e+03    1.32357e+02    1.10556e+02    1.80446e+00    1.55573e+04
     Coulomb-14        LJ (SR)   Coulomb (SR)   Coul. recip.      Potential
   -1.60712e+02   -2.67493e+03   -3.60225e+03    3.95088e+03    1.45341e+04
 Pressure (bar)
    0.00000e+00

           Step           Time         Lambda
            164      164.00000        0.00000

           Step           Time         Lambda
            165      165.00000        0.00000

   Energies (kJ/mol)
        G96Bond       G96Angle    Proper Dih.  Improper Dih.          LJ-14
    1.19742e+03    1.19840e+02    1.10141e+02    1.80613e+00    1.55471e+04
     Coulomb-14        LJ (SR)   Coulomb (SR)   Coul. recip.      Potential
   -1.60046e+02   -2.67500e+03   -3.60215e+03    3.95085e+03    1.44899e+04
 Pressure (bar)
    0.00000e+00

           Step           Time         Lambda
            166      166.00000        0.00000

   Energies (kJ/mol)
        G96Bond       G96Angle    Proper Dih.  Improper Dih.          LJ-14
    1.28562e+03    1.37291e+02    1.11772e+02    1.82684e+00    1.54268e+04
     Coulomb-14        LJ (SR)   Coulomb (SR)   Coul. recip.      Potential
   -1.62484e+02   -2.67604e+03   -3.60097e+03    3.94670e+03    1.44705e+04
 Pressure (bar)
    0.00000e+00

           Step           Time         Lambda
            167      167.00000        0.00000

   Energies (kJ/mol)
        G96Bond       G96Angle    Proper Dih.  Improper Dih.          LJ-14
    1.25473e+03    1.20773e+02    1.11130e+02    1.82866e+00    1.54156e+04
     Coulomb-14        LJ (SR)   Coulomb (SR)   Coul. recip.      Potential
   -1.61741e+02   -2.67609e+03   -3.60088e+03    3.94666e+03    1.44120e+04
 Pressure (bar)
    0.00000e+00

           Step           Time         Lambda
            168      168.00000        0.00000

           Step           Time         Lambda
            169      169.00000        0.00000

   Energies (kJ/mol)
        G96Bond       G96Angle    Proper Dih.  Improper Dih.          LJ-14
    1.26854e+03    1.23714e+02    1.11652e+02    1.83245e+00    1.53928e+04
     Coulomb-14        LJ (SR)   Coulomb (SR)   Coul. recip.      Potential
   -1.62715e+02   -2.67631e+03   -3.60067e+03    3.94570e+03    1.44045e+04
 Pressure (bar)
    0.00000e+00

           Step           Time         Lambda
            170      170.00000        0.00000

   Energies (kJ/mol)
        G96Bond       G96Angle    Proper Dih.  Improper Dih.          LJ-14
    1.27679e+03    1.22540e+02    1.11392e+02    1.83533e+00    1.53749e+04
     Coulomb-14        LJ (SR)   Coulomb (SR)   Coul. recip.      Potential
   -1.62192e+02   -2.67643e+03   -3.60050e+03    3.94541e+03    1.43938e+04
 Pressure (bar)
    0.00000e+00

           Step           Time         Lambda
            171      171.00000        0.00000

   Energies (kJ/mol)
        G96Bond       G96Angle    Proper Dih.  Improper Dih.          LJ-14
    1.29304e+03    1.27323e+02    1.12079e+02    1.83894e+00    1.53533e+04
     Coulomb-14        LJ (SR)   Coulomb (SR)   Coul. recip.      Potential
   -1.63492e+02   -2.67665e+03   -3.60028e+03    3.94435e+03    1.43915e+04
 Pressure (bar)
    0.00000e+00

           Step           Time         Lambda
            172      172.00000        0.00000

   Energies (kJ/mol)
        G96Bond       G96Angle    Proper Dih.  Improper Dih.          LJ-14
    1.30424e+03    1.26669e+02    1.11659e+02    1.84178e+00    1.53352e+04
     Coulomb-14        LJ (SR)   Coulomb (SR)   Coul. recip.      Potential
   -1.62592e+02   -2.67676e+03   -3.60011e+03    3.94419e+03    1.43844e+04
 Pressure (bar)
    0.00000e+00

           Step           Time         Lambda
            173      173.00000        0.00000

           Step           Time         Lambda
            174      174.00000        0.00000

   Energies (kJ/mol)
        G96Bond       G96Angle    Proper Dih.  Improper Dih.          LJ-14
    1.28934e+03    1.19621e+02    1.12019e+02    1.84353e+00    1.53247e+04
     Coulomb-14        LJ (SR)   Coulomb (SR)   Coul. recip.      Potential
   -1.63461e+02   -2.67687e+03   -3.59999e+03    3.94357e+03    1.43508e+04
 Pressure (bar)
    0.00000e+00

           Step           Time         Lambda
            175      175.00000        0.00000

   Energies (kJ/mol)
        G96Bond       G96Angle    Proper Dih.  Improper Dih.          LJ-14
    1.35536e+03    1.30788e+02    1.12447e+02    1.85689e+00    1.52424e+04
     Coulomb-14        LJ (SR)   Coulomb (SR)   Coul. recip.      Potential
   -1.63642e+02   -2.67750e+03   -3.59918e+03    3.94119e+03    1.43437e+04
 Pressure (bar)
    0.00000e+00

           Step           Time         Lambda
            176      176.00000        0.00000

   Energies (kJ/mol)
        G96Bond       G96Angle    Proper Dih.  Improper Dih.          LJ-14
    1.33247e+03    1.20842e+02    1.12917e+02    1.85881e+00    1.52307e+04
     Coulomb-14        LJ (SR)   Coulomb (SR)   Coul. recip.      Potential
   -1.65005e+02   -2.67762e+03   -3.59905e+03    3.94037e+03    1.42975e+04
 Pressure (bar)
    0.00000e+00

           Step           Time         Lambda
            177      177.00000        0.00000

           Step           Time         Lambda
            178      178.00000        0.00000

   Energies (kJ/mol)
        G96Bond       G96Angle    Proper Dih.  Improper Dih.          LJ-14
    1.34522e+03    1.21299e+02    1.12803e+02    1.86202e+00    1.52101e+04
     Coulomb-14        LJ (SR)   Coulomb (SR)   Coul. recip.      Potential
   -1.64634e+02   -2.67777e+03   -3.59886e+03    3.93992e+03    1.42899e+04
 Pressure (bar)
    0.00000e+00

           Step           Time         Lambda
            179      179.00000        0.00000

   Energies (kJ/mol)
        G96Bond       G96Angle    Proper Dih.  Improper Dih.          LJ-14
    1.35284e+03    1.22577e+02    1.13308e+02    1.86482e+00    1.51927e+04
     Coulomb-14        LJ (SR)   Coulomb (SR)   Coul. recip.      Potential
   -1.65674e+02   -2.67793e+03   -3.59868e+03    3.93905e+03    1.42800e+04
 Pressure (bar)
    0.00000e+00

           Step           Time         Lambda
            180      180.00000        0.00000

   Energies (kJ/mol)
        G96Bond       G96Angle    Proper Dih.  Improper Dih.          LJ-14
    1.36841e+03    1.23890e+02    1.13073e+02    1.86786e+00    1.51729e+04
     Coulomb-14        LJ (SR)   Coulomb (SR)   Coul. recip.      Potential
   -1.65049e+02   -2.67806e+03   -3.59849e+03    3.93872e+03    1.42773e+04
 Pressure (bar)
    0.00000e+00

           Step           Time         Lambda
            181      181.00000        0.00000

   Energies (kJ/mol)
        G96Bond       G96Angle    Proper Dih.  Improper Dih.          LJ-14
    1.37735e+03    1.26221e+02    1.13742e+02    1.87067e+00    1.51552e+04
     Coulomb-14        LJ (SR)   Coulomb (SR)   Coul. recip.      Potential
   -1.66408e+02   -2.67823e+03   -3.59830e+03    3.93772e+03    1.42692e+04
 Pressure (bar)
    0.00000e+00

           Step           Time         Lambda
            182      182.00000        0.00000

           Step           Time         Lambda
            183      183.00000        0.00000

   Energies (kJ/mol)
        G96Bond       G96Angle    Proper Dih.  Improper Dih.          LJ-14
    1.36719e+03    1.18894e+02    1.13460e+02    1.87213e+00    1.51457e+04
     Coulomb-14        LJ (SR)   Coulomb (SR)   Coul. recip.      Potential
   -1.65899e+02   -2.67828e+03   -3.59820e+03    3.93763e+03    1.42424e+04
 Pressure (bar)
    0.00000e+00

           Step           Time         Lambda
            184      184.00000        0.00000

   Energies (kJ/mol)
        G96Bond       G96Angle    Proper Dih.  Improper Dih.          LJ-14
    1.41930e+03    1.29347e+02    1.14530e+02    1.88265e+00    1.50784e+04
     Coulomb-14        LJ (SR)   Coulomb (SR)   Coul. recip.      Potential
   -1.67538e+02   -2.67882e+03   -3.59752e+03    3.93507e+03    1.42346e+04
 Pressure (bar)
    0.00000e+00

           Step           Time         Lambda
            185      185.00000        0.00000

   Energies (kJ/mol)
        G96Bond       G96Angle    Proper Dih.  Improper Dih.          LJ-14
    1.40506e+03    1.19678e+02    1.14090e+02    1.88422e+00    1.50677e+04
     Coulomb-14        LJ (SR)   Coulomb (SR)   Coul. recip.      Potential
   -1.66889e+02   -2.67887e+03   -3.59741e+03    3.93500e+03    1.42002e+04
 Pressure (bar)
    0.00000e+00

           Step           Time         Lambda
            186      186.00000        0.00000

           Step           Time         Lambda
            187      187.00000        0.00000

   Energies (kJ/mol)
        G96Bond       G96Angle    Proper Dih.  Improper Dih.          LJ-14
    1.41397e+03    1.20982e+02    1.14515e+02    1.88694e+00    1.50500e+04
     Coulomb-14        LJ (SR)   Coulomb (SR)   Coul. recip.      Potential
   -1.67658e+02   -2.67902e+03   -3.59723e+03    3.93420e+03    1.41916e+04
 Pressure (bar)
    0.00000e+00

           Step           Time         Lambda
            188      188.00000        0.00000

   Energies (kJ/mol)
        G96Bond       G96Angle    Proper Dih.  Improper Dih.          LJ-14
    1.42482e+03    1.20933e+02    1.14360e+02    1.88957e+00    1.50322e+04
     Coulomb-14        LJ (SR)   Coulomb (SR)   Coul. recip.      Potential
   -1.67286e+02   -2.67913e+03   -3.59705e+03    3.93382e+03    1.41846e+04
 Pressure (bar)
    0.00000e+00

           Step           Time         Lambda
            189      189.00000        0.00000

   Energies (kJ/mol)
        G96Bond       G96Angle    Proper Dih.  Improper Dih.          LJ-14
    1.43470e+03    1.23133e+02    1.14904e+02    1.89226e+00    1.50148e+04
     Coulomb-14        LJ (SR)   Coulomb (SR)   Coul. recip.      Potential
   -1.68324e+02   -2.67929e+03   -3.59687e+03    3.93293e+03    1.41779e+04
 Pressure (bar)
    0.00000e+00

           Step           Time         Lambda
            190      190.00000        0.00000

   Energies (kJ/mol)
        G96Bond       G96Angle    Proper Dih.  Improper Dih.          LJ-14
    1.44831e+03    1.23752e+02    1.14621e+02    1.89480e+00    1.49974e+04
     Coulomb-14        LJ (SR)   Coulomb (SR)   Coul. recip.      Potential
   -1.67646e+02   -2.67939e+03   -3.59669e+03    3.93267e+03    1.41749e+04
 Pressure (bar)
    0.00000e+00

           Step           Time         Lambda
            191      191.00000        0.00000

   Energies (kJ/mol)
        G96Bond       G96Angle    Proper Dih.  Improper Dih.          LJ-14
    1.46047e+03    1.27566e+02    1.15337e+02    1.89746e+00    1.49800e+04
     Coulomb-14        LJ (SR)   Coulomb (SR)   Coul. recip.      Potential
   -1.69042e+02   -2.67955e+03   -3.59652e+03    3.93165e+03    1.41718e+04
 Pressure (bar)
    0.00000e+00

           Step           Time         Lambda
            192      192.00000        0.00000

           Step           Time         Lambda
            193      193.00000        0.00000

   Energies (kJ/mol)
        G96Bond       G96Angle    Proper Dih.  Improper Dih.          LJ-14
    1.44611e+03    1.18427e+02    1.15015e+02    1.89865e+00    1.49714e+04
     Coulomb-14        LJ (SR)   Coulomb (SR)   Coul. recip.      Potential
   -1.68492e+02   -2.67959e+03   -3.59641e+03    3.93159e+03    1.41400e+04
 Pressure (bar)
    0.00000e+00

           Step           Time         Lambda
            194      194.00000        0.00000

   Energies (kJ/mol)
        G96Bond       G96Angle    Proper Dih.  Improper Dih.          LJ-14
    1.51306e+03    1.31176e+02    1.16309e+02    1.91125e+00    1.48878e+04
     Coulomb-14        LJ (SR)   Coulomb (SR)   Coul. recip.      Potential
   -1.70358e+02   -2.68021e+03   -3.59555e+03    3.92838e+03    1.41326e+04
 Pressure (bar)
    0.00000e+00

           Step           Time         Lambda
            195      195.00000        0.00000

   Energies (kJ/mol)
        G96Bond       G96Angle    Proper Dih.  Improper Dih.          LJ-14
    1.49260e+03    1.19178e+02    1.15807e+02    1.91257e+00    1.48783e+04
     Coulomb-14        LJ (SR)   Coulomb (SR)   Coul. recip.      Potential
   -1.69690e+02   -2.68025e+03   -3.59544e+03    3.92834e+03    1.40908e+04
 Pressure (bar)
    0.00000e+00

           Step           Time         Lambda
            196      196.00000        0.00000

           Step           Time         Lambda
            197      197.00000        0.00000

   Energies (kJ/mol)
        G96Bond       G96Angle    Proper Dih.  Improper Dih.          LJ-14
    1.50377e+03    1.21241e+02    1.16256e+02    1.91521e+00    1.48602e+04
     Coulomb-14        LJ (SR)   Coulomb (SR)   Coul. recip.      Potential
   -1.70493e+02   -2.68040e+03   -3.59527e+03    3.92750e+03    1.40847e+04
 Pressure (bar)
    0.00000e+00

           Step           Time         Lambda
            198      198.00000        0.00000

   Energies (kJ/mol)
        G96Bond       G96Angle    Proper Dih.  Improper Dih.          LJ-14
    1.51242e+03    1.20507e+02    1.16059e+02    1.91734e+00    1.48449e+04
     Coulomb-14        LJ (SR)   Coulomb (SR)   Coul. recip.      Potential
   -1.70060e+02   -2.68048e+03   -3.59510e+03    3.92720e+03    1.40774e+04
 Pressure (bar)
    0.00000e+00

           Step           Time         Lambda
            199      199.00000        0.00000

   Energies (kJ/mol)
        G96Bond       G96Angle    Proper Dih.  Improper Dih.          LJ-14
    1.52513e+03    1.23893e+02    1.16638e+02    1.91987e+00    1.48275e+04
     Coulomb-14        LJ (SR)   Coulomb (SR)   Coul. recip.      Potential
   -1.71140e+02   -2.68063e+03   -3.59493e+03    3.92628e+03    1.40747e+04
 Pressure (bar)
    0.00000e+00

           Step           Time         Lambda
            200      200.00000        0.00000

   Energies (kJ/mol)
        G96Bond       G96Angle    Proper Dih.  Improper Dih.          LJ-14
    1.53631e+03    1.23605e+02    1.16306e+02    1.92199e+00    1.48122e+04
     Coulomb-14        LJ (SR)   Coulomb (SR)   Coul. recip.      Potential
   -1.70389e+02   -2.68070e+03   -3.59475e+03    3.92609e+03    1.40706e+04
 Pressure (bar)
    0.00000e+00

           Step           Time         Lambda
            201      201.00000        0.00000

           Step           Time         Lambda
            202      202.00000        0.00000

   Energies (kJ/mol)
        G96Bond       G96Angle    Proper Dih.  Improper Dih.          LJ-14
    1.52528e+03    1.18234e+02    1.16616e+02    1.92324e+00    1.48037e+04
     Coulomb-14        LJ (SR)   Coulomb (SR)   Coul. recip.      Potential
   -1.71115e+02   -2.68078e+03   -3.59466e+03    3.92556e+03    1.40447e+04
 Pressure (bar)
    0.00000e+00

           Step           Time         Lambda
            203      203.00000        0.00000

   Energies (kJ/mol)
        G96Bond       G96Angle    Proper Dih.  Improper Dih.          LJ-14
    1.58706e+03    1.26679e+02    1.17115e+02    1.93432e+00    1.47253e+04
     Coulomb-14        LJ (SR)   Coulomb (SR)   Coul. recip.      Potential
   -1.71414e+02   -2.68129e+03   -3.59382e+03    3.92301e+03    1.40346e+04
 Pressure (bar)
    0.00000e+00

           Step           Time         Lambda
            204      204.00000        0.00000

   Energies (kJ/mol)
        G96Bond       G96Angle    Proper Dih.  Improper Dih.          LJ-14
    1.56998e+03    1.19076e+02    1.17517e+02    1.93572e+00    1.47158e+04
     Coulomb-14        LJ (SR)   Coulomb (SR)   Coul. recip.      Potential
   -1.72557e+02   -2.68137e+03   -3.59372e+03    3.92229e+03    1.39990e+04
 Pressure (bar)
    0.00000e+00

           Step           Time         Lambda
            205      205.00000        0.00000

           Step           Time         Lambda
            206      206.00000        0.00000

   Energies (kJ/mol)
        G96Bond       G96Angle    Proper Dih.  Improper Dih.          LJ-14
    1.58222e+03    1.19499e+02    1.17440e+02    1.93810e+00    1.46979e+04
     Coulomb-14        LJ (SR)   Coulomb (SR)   Coul. recip.      Potential
   -1.72267e+02   -2.68148e+03   -3.59353e+03    3.92184e+03    1.39936e+04
 Pressure (bar)
    0.00000e+00

           Step           Time         Lambda
            207      207.00000        0.00000

   Energies (kJ/mol)
        G96Bond       G96Angle    Proper Dih.  Improper Dih.          LJ-14
    1.58838e+03    1.20333e+02    1.17863e+02    1.94010e+00    1.46840e+04
     Coulomb-14        LJ (SR)   Coulomb (SR)   Coul. recip.      Potential
   -1.73130e+02   -2.68159e+03   -3.59338e+03    3.92109e+03    1.39855e+04
 Pressure (bar)
    0.00000e+00

           Step           Time         Lambda
            208      208.00000        0.00000

   Energies (kJ/mol)
        G96Bond       G96Angle    Proper Dih.  Improper Dih.          LJ-14
    1.60277e+03    1.21441e+02    1.17682e+02    1.94236e+00    1.46671e+04
     Coulomb-14        LJ (SR)   Coulomb (SR)   Coul. recip.      Potential
   -1.72618e+02   -2.68168e+03   -3.59320e+03    3.92075e+03    1.39842e+04
 Pressure (bar)
    0.00000e+00

           Step           Time         Lambda
            209      209.00000        0.00000

   Energies (kJ/mol)
        G96Bond       G96Angle    Proper Dih.  Improper Dih.          LJ-14
    1.60968e+03    1.23008e+02    1.18240e+02    1.94436e+00    1.46529e+04
     Coulomb-14        LJ (SR)   Coulomb (SR)   Coul. recip.      Potential
   -1.73753e+02   -2.68180e+03   -3.59305e+03    3.91988e+03    1.39770e+04
 Pressure (bar)
    0.00000e+00

           Step           Time         Lambda
            210      210.00000        0.00000

           Step           Time         Lambda
            211      211.00000        0.00000

   Energies (kJ/mol)
        G96Bond       G96Angle    Proper Dih.  Improper Dih.          LJ-14
    1.60361e+03    1.17640e+02    1.18018e+02    1.94540e+00    1.46448e+04
     Coulomb-14        LJ (SR)   Coulomb (SR)   Coul. recip.      Potential
   -1.73328e+02   -2.68184e+03   -3.59295e+03    3.91978e+03    1.39577e+04
 Pressure (bar)
    0.00000e+00

           Step           Time         Lambda
            212      212.00000        0.00000

   Energies (kJ/mol)
        G96Bond       G96Angle    Proper Dih.  Improper Dih.          LJ-14
    1.64422e+03    1.25301e+02    1.18865e+02    1.95217e+00    1.45952e+04
     Coulomb-14        LJ (SR)   Coulomb (SR)   Coul. recip.      Potential
   -1.74644e+02   -2.68218e+03   -3.59242e+03    3.91770e+03    1.39540e+04
 Pressure (bar)
    0.00000e+00

           Step           Time         Lambda
            213      213.00000        0.00000

   Energies (kJ/mol)
        G96Bond       G96Angle    Proper Dih.  Improper Dih.          LJ-14
    1.63549e+03    1.18233e+02    1.18516e+02    1.95336e+00    1.45862e+04
     Coulomb-14        LJ (SR)   Coulomb (SR)   Coul. recip.      Potential
   -1.74078e+02   -2.68221e+03   -3.59230e+03    3.91761e+03    1.39294e+04
 Pressure (bar)
    0.00000e+00

           Step           Time         Lambda
            214      214.00000        0.00000

           Step           Time         Lambda
            215      215.00000        0.00000

   Energies (kJ/mol)
        G96Bond       G96Angle    Proper Dih.  Improper Dih.          LJ-14
    1.64282e+03    1.19126e+02    1.18869e+02    1.95529e+00    1.45721e+04
     Coulomb-14        LJ (SR)   Coulomb (SR)   Coul. recip.      Potential
   -1.74724e+02   -2.68231e+03   -3.59216e+03    3.91692e+03    1.39226e+04
 Pressure (bar)
    0.00000e+00

           Step           Time         Lambda
            216      216.00000        0.00000

   Energies (kJ/mol)
        G96Bond       G96Angle    Proper Dih.  Improper Dih.          LJ-14
    1.65325e+03    1.19163e+02    1.18753e+02    1.95729e+00    1.45568e+04
     Coulomb-14        LJ (SR)   Coulomb (SR)   Coul. recip.      Potential
   -1.74415e+02   -2.68239e+03   -3.59198e+03    3.91654e+03    1.39177e+04
 Pressure (bar)
    0.00000e+00

           Step           Time         Lambda
            217      217.00000        0.00000

   Energies (kJ/mol)
        G96Bond       G96Angle    Proper Dih.  Improper Dih.          LJ-14
    1.66117e+03    1.20699e+02    1.19204e+02    1.95916e+00    1.45427e+04
     Coulomb-14        LJ (SR)   Coulomb (SR)   Coul. recip.      Potential
   -1.75288e+02   -2.68250e+03   -3.59183e+03    3.91576e+03    1.39119e+04
 Pressure (bar)
    0.00000e+00

           Step           Time         Lambda
            218      218.00000        0.00000

   Energies (kJ/mol)
        G96Bond       G96Angle    Proper Dih.  Improper Dih.          LJ-14
    1.67381e+03    1.21264e+02    1.18977e+02    1.96103e+00    1.45279e+04
     Coulomb-14        LJ (SR)   Coulomb (SR)   Coul. recip.      Potential
   -1.74717e+02   -2.68256e+03   -3.59166e+03    3.91549e+03    1.39105e+04
 Pressure (bar)
    0.00000e+00

           Step           Time         Lambda
            219      219.00000        0.00000

   Energies (kJ/mol)
        G96Bond       G96Angle    Proper Dih.  Improper Dih.          LJ-14
    1.68317e+03    1.23963e+02    1.19571e+02    1.96294e+00    1.45138e+04
     Coulomb-14        LJ (SR)   Coulomb (SR)   Coul. recip.      Potential
   -1.75895e+02   -2.68268e+03   -3.59151e+03    3.91459e+03    1.39069e+04
 Pressure (bar)
    0.00000e+00

           Step           Time         Lambda
            220      220.00000        0.00000

           Step           Time         Lambda
            221      221.00000        0.00000

   Energies (kJ/mol)
        G96Bond       G96Angle    Proper Dih.  Improper Dih.          LJ-14
    1.67386e+03    1.17228e+02    1.19315e+02    1.96382e+00    1.45066e+04
     Coulomb-14        LJ (SR)   Coulomb (SR)   Coul. recip.      Potential
   -1.75430e+02   -2.68271e+03   -3.59142e+03    3.91453e+03    1.38839e+04
 Pressure (bar)
    0.00000e+00

           Step           Time         Lambda
            222      222.00000        0.00000

   Energies (kJ/mol)
        G96Bond       G96Angle    Proper Dih.  Improper Dih.          LJ-14
    1.72564e+03    1.26625e+02    1.20314e+02    1.97183e+00    1.44453e+04
     Coulomb-14        LJ (SR)   Coulomb (SR)   Coul. recip.      Potential
   -1.76926e+02   -2.68310e+03   -3.59074e+03    3.91194e+03    1.38811e+04
 Pressure (bar)
    0.00000e+00

           Step           Time         Lambda
            223      223.00000        0.00000

   Energies (kJ/mol)
        G96Bond       G96Angle    Proper Dih.  Improper Dih.          LJ-14
    1.71226e+03    1.17779e+02    1.19913e+02    1.97279e+00    1.44372e+04
     Coulomb-14        LJ (SR)   Coulomb (SR)   Coul. recip.      Potential
   -1.76332e+02   -2.68311e+03   -3.59063e+03    3.91188e+03    1.38510e+04
 Pressure (bar)
    0.00000e+00

           Step           Time         Lambda
            224      224.00000        0.00000

           Step           Time         Lambda
            225      225.00000        0.00000

   Energies (kJ/mol)
        G96Bond       G96Angle    Proper Dih.  Improper Dih.          LJ-14
    1.72137e+03    1.19254e+02    1.20285e+02    1.97465e+00    1.44226e+04
     Coulomb-14        LJ (SR)   Coulomb (SR)   Coul. recip.      Potential
   -1.77010e+02   -2.68322e+03   -3.59048e+03    3.91115e+03    1.38460e+04
 Pressure (bar)
    0.00000e+00

           Step           Time         Lambda
            226      226.00000        0.00000

   Energies (kJ/mol)
        G96Bond       G96Angle    Proper Dih.  Improper Dih.          LJ-14
    1.72987e+03    1.18758e+02    1.20128e+02    1.97625e+00    1.44096e+04
     Coulomb-14        LJ (SR)   Coulomb (SR)   Coul. recip.      Potential
   -1.76645e+02   -2.68328e+03   -3.59032e+03    3.91084e+03    1.38409e+04
 Pressure (bar)
    0.00000e+00

           Step           Time         Lambda
            227      227.00000        0.00000

   Energies (kJ/mol)
        G96Bond       G96Angle    Proper Dih.  Improper Dih.          LJ-14
    1.73997e+03    1.21199e+02    1.20606e+02    1.97809e+00    1.43954e+04
     Coulomb-14        LJ (SR)   Coulomb (SR)   Coul. recip.      Potential
   -1.77558e+02   -2.68338e+03   -3.59017e+03    3.91003e+03    1.38381e+04
 Pressure (bar)
    0.00000e+00

           Step           Time         Lambda
            228      228.00000        0.00000

   Energies (kJ/mol)
        G96Bond       G96Angle    Proper Dih.  Improper Dih.          LJ-14
    1.75056e+03    1.21057e+02    1.20334e+02    1.97963e+00    1.43824e+04
     Coulomb-14        LJ (SR)   Coulomb (SR)   Coul. recip.      Potential
   -1.76921e+02   -2.68343e+03   -3.59000e+03    3.90983e+03    1.38358e+04
 Pressure (bar)
    0.00000e+00

           Step           Time         Lambda
            229      229.00000        0.00000

           Step           Time         Lambda
            230      230.00000        0.00000

   Energies (kJ/mol)
        G96Bond       G96Angle    Proper Dih.  Improper Dih.          LJ-14
    1.74252e+03    1.17000e+02    1.20596e+02    1.98052e+00    1.43754e+04
     Coulomb-14        LJ (SR)   Coulomb (SR)   Coul. recip.      Potential
   -1.77536e+02   -2.68349e+03   -3.58993e+03    3.90936e+03    1.38159e+04
 Pressure (bar)
    0.00000e+00

           Step           Time         Lambda
            231      231.00000        0.00000

   Energies (kJ/mol)
        G96Bond       G96Angle    Proper Dih.  Improper Dih.          LJ-14
    1.80127e+03    1.23284e+02    1.21105e+02    1.98984e+00    1.42999e+04
     Coulomb-14        LJ (SR)   Coulomb (SR)   Coul. recip.      Potential
   -1.77946e+02   -2.68388e+03   -3.58904e+03    3.90662e+03    1.38033e+04
 Pressure (bar)
    0.00000e+00

           Step           Time         Lambda
            232      232.00000        0.00000

   Energies (kJ/mol)
        G96Bond       G96Angle    Proper Dih.  Improper Dih.          LJ-14
    1.78861e+03    1.17542e+02    1.21442e+02    1.99085e+00    1.42921e+04
     Coulomb-14        LJ (SR)   Coulomb (SR)   Coul. recip.      Potential
   -1.78919e+02   -2.68395e+03   -3.58896e+03    3.90600e+03    1.37758e+04
 Pressure (bar)
    0.00000e+00

           Step           Time         Lambda
            233      233.00000        0.00000

           Step           Time         Lambda
            234      234.00000        0.00000

   Energies (kJ/mol)
        G96Bond       G96Angle    Proper Dih.  Improper Dih.          LJ-14
    1.80008e+03    1.17881e+02    1.21381e+02    1.99265e+00    1.42765e+04
     Coulomb-14        LJ (SR)   Coulomb (SR)   Coul. recip.      Potential
   -1.78689e+02   -2.68402e+03   -3.58878e+03    3.90554e+03    1.37719e+04
 Pressure (bar)
    0.00000e+00

           Step           Time         Lambda
            235      235.00000        0.00000

   Energies (kJ/mol)
        G96Bond       G96Angle    Proper Dih.  Improper Dih.          LJ-14
    1.80516e+03    1.18441e+02    1.21727e+02    1.99407e+00    1.42652e+04
     Coulomb-14        LJ (SR)   Coulomb (SR)   Coul. recip.      Potential
   -1.79417e+02   -2.68410e+03   -3.58865e+03    3.90489e+03    1.37653e+04
 Pressure (bar)
    0.00000e+00

           Step           Time         Lambda
            236      236.00000        0.00000

   Energies (kJ/mol)
        G96Bond       G96Angle    Proper Dih.  Improper Dih.          LJ-14
    1.81817e+03    1.19314e+02    1.21581e+02    1.99573e+00    1.42508e+04
     Coulomb-14        LJ (SR)   Coulomb (SR)   Coul. recip.      Potential
   -1.78992e+02   -2.68416e+03   -3.58847e+03    3.90454e+03    1.37648e+04
 Pressure (bar)
    0.00000e+00

           Step           Time         Lambda
            237      237.00000        0.00000

   Energies (kJ/mol)
        G96Bond       G96Angle    Proper Dih.  Improper Dih.          LJ-14
    1.82366e+03    1.20396e+02    1.22039e+02    1.99719e+00    1.42392e+04
     Coulomb-14        LJ (SR)   Coulomb (SR)   Coul. recip.      Potential
   -1.79953e+02   -2.68425e+03   -3.58835e+03    3.90378e+03    1.37585e+04
 Pressure (bar)
    0.00000e+00

           Step           Time         Lambda
            238      238.00000        0.00000

           Step           Time         Lambda
            239      239.00000        0.00000

   Energies (kJ/mol)
        G96Bond       G96Angle    Proper Dih.  Improper Dih.          LJ-14
    1.82035e+03    1.16435e+02    1.21860e+02    1.99796e+00    1.42323e+04
     Coulomb-14        LJ (SR)   Coulomb (SR)   Coul. recip.      Potential
   -1.79594e+02   -2.68427e+03   -3.58825e+03    3.90367e+03    1.37445e+04
 Pressure (bar)
    0.00000e+00

           Step           Time         Lambda
            240      240.00000        0.00000

   Energies (kJ/mol)
        G96Bond       G96Angle    Proper Dih.  Improper Dih.          LJ-14
    1.85218e+03    1.22070e+02    1.22512e+02    2.00239e+00    1.41948e+04
     Coulomb-14        LJ (SR)   Coulomb (SR)   Coul. recip.      Potential
   -1.80676e+02   -2.68448e+03   -3.58782e+03    3.90195e+03    1.37426e+04
 Pressure (bar)
    0.00000e+00

           Step           Time         Lambda
            241      241.00000        0.00000

   Energies (kJ/mol)
        G96Bond       G96Angle    Proper Dih.  Improper Dih.          LJ-14
    1.84717e+03    1.16854e+02    1.22230e+02    2.00325e+00    1.41871e+04
     Coulomb-14        LJ (SR)   Coulomb (SR)   Coul. recip.      Potential
   -1.80182e+02   -2.68450e+03   -3.58771e+03    3.90185e+03    1.37249e+04
 Pressure (bar)
    0.00000e+00

           Step           Time         Lambda
            242      242.00000        0.00000

           Step           Time         Lambda
            243      243.00000        0.00000

   Energies (kJ/mol)
        G96Bond       G96Angle    Proper Dih.  Improper Dih.          LJ-14
    1.85323e+03    1.17476e+02    1.22517e+02    2.00456e+00    1.41758e+04
     Coulomb-14        LJ (SR)   Coulomb (SR)   Coul. recip.      Potential
   -1.80730e+02   -2.68457e+03   -3.58758e+03    3.90125e+03    1.37194e+04
 Pressure (bar)
    0.00000e+00

           Step           Time         Lambda
            244      244.00000        0.00000

   Energies (kJ/mol)
        G96Bond       G96Angle    Proper Dih.  Improper Dih.          LJ-14
    1.86302e+03    1.17527e+02    1.22423e+02    2.00604e+00    1.41626e+04
     Coulomb-14        LJ (SR)   Coulomb (SR)   Coul. recip.      Potential
   -1.80472e+02   -2.68462e+03   -3.58741e+03    3.90086e+03    1.37160e+04
 Pressure (bar)
    0.00000e+00

           Step           Time         Lambda
            245      245.00000        0.00000

   Energies (kJ/mol)
        G96Bond       G96Angle    Proper Dih.  Improper Dih.          LJ-14
    1.86944e+03    1.18616e+02    1.22791e+02    2.00737e+00    1.41512e+04
     Coulomb-14        LJ (SR)   Coulomb (SR)   Coul. recip.      Potential
   -1.81212e+02   -2.68470e+03   -3.58729e+03    3.90019e+03    1.37110e+04
 Pressure (bar)
    0.00000e+00

           Step           Time         Lambda
            246      246.00000        0.00000

   Energies (kJ/mol)
        G96Bond       G96Angle    Proper Dih.  Improper Dih.          LJ-14
    1.88093e+03    1.19076e+02    1.22604e+02    2.00876e+00    1.41385e+04
     Coulomb-14        LJ (SR)   Coulomb (SR)   Coul. recip.      Potential
   -1.80731e+02   -2.68474e+03   -3.58712e+03    3.89990e+03    1.37104e+04
 Pressure (bar)
    0.00000e+00

           Step           Time         Lambda
            247      247.00000        0.00000

   Energies (kJ/mol)
        G96Bond       G96Angle    Proper Dih.  Improper Dih.          LJ-14
    1.88827e+03    1.21013e+02    1.23090e+02    2.01014e+00    1.41269e+04
     Coulomb-14        LJ (SR)   Coulomb (SR)   Coul. recip.      Potential
   -1.81734e+02   -2.68483e+03   -3.58699e+03    3.89912e+03    1.37068e+04
 Pressure (bar)
    0.00000e+00

           Step           Time         Lambda
            248      248.00000        0.00000

           Step           Time         Lambda
            249      249.00000        0.00000

   Energies (kJ/mol)
        G96Bond       G96Angle    Proper Dih.  Improper Dih.          LJ-14
    1.88246e+03    1.16025e+02    1.22882e+02    2.01079e+00    1.41208e+04
     Coulomb-14        LJ (SR)   Coulomb (SR)   Coul. recip.      Potential
   -1.81338e+02   -2.68484e+03   -3.58690e+03    3.89904e+03    1.36901e+04
 Pressure (bar)
    0.00000e+00

           Step           Time         Lambda
            250      250.00000        0.00000

   Energies (kJ/mol)
        G96Bond       G96Angle    Proper Dih.  Improper Dih.          LJ-14
    1.92273e+03    1.22964e+02    1.23638e+02    2.01604e+00    1.40749e+04
     Coulomb-14        LJ (SR)   Coulomb (SR)   Coul. recip.      Potential
   -1.82562e+02   -2.68509e+03   -3.58635e+03    3.89691e+03    1.36891e+04
 Pressure (bar)
    0.00000e+00

           Step           Time         Lambda
            251      251.00000        0.00000

   Energies (kJ/mol)
        G96Bond       G96Angle    Proper Dih.  Improper Dih.          LJ-14
    1.91425e+03    1.16398e+02    1.23315e+02    2.01673e+00    1.40680e+04
     Coulomb-14        LJ (SR)   Coulomb (SR)   Coul. recip.      Potential
   -1.82037e+02   -2.68509e+03   -3.58625e+03    3.89684e+03    1.36674e+04
 Pressure (bar)
    0.00000e+00

           Step           Time         Lambda
            252      252.00000        0.00000

           Step           Time         Lambda
            253      253.00000        0.00000

   Energies (kJ/mol)
        G96Bond       G96Angle    Proper Dih.  Improper Dih.          LJ-14
    1.92169e+03    1.17461e+02    1.23617e+02    2.01806e+00    1.40561e+04
     Coulomb-14        LJ (SR)   Coulomb (SR)   Coul. recip.      Potential
   -1.82615e+02   -2.68517e+03   -3.58612e+03    3.89620e+03    1.36632e+04
 Pressure (bar)
    0.00000e+00

           Step           Time         Lambda
            254      254.00000        0.00000

   Energies (kJ/mol)
        G96Bond       G96Angle    Proper Dih.  Improper Dih.          LJ-14
    1.92980e+03    1.17107e+02    1.23487e+02    2.01928e+00    1.40449e+04
     Coulomb-14        LJ (SR)   Coulomb (SR)   Coul. recip.      Potential
   -1.82306e+02   -2.68520e+03   -3.58596e+03    3.89590e+03    1.36597e+04
 Pressure (bar)
    0.00000e+00

           Step           Time         Lambda
            255      255.00000        0.00000

   Energies (kJ/mol)
        G96Bond       G96Angle    Proper Dih.  Improper Dih.          LJ-14
    1.93788e+03    1.18879e+02    1.23876e+02    2.02057e+00    1.40332e+04
     Coulomb-14        LJ (SR)   Coulomb (SR)   Coul. recip.      Potential
   -1.83086e+02   -2.68528e+03   -3.58583e+03    3.89519e+03    1.36569e+04
 Pressure (bar)
    0.00000e+00

           Step           Time         Lambda
            256      256.00000        0.00000

   Energies (kJ/mol)
        G96Bond       G96Angle    Proper Dih.  Improper Dih.          LJ-14
    1.94767e+03    1.18799e+02    1.23650e+02    2.02172e+00    1.40221e+04
     Coulomb-14        LJ (SR)   Coulomb (SR)   Coul. recip.      Potential
   -1.82543e+02   -2.68531e+03   -3.58567e+03    3.89497e+03    1.36557e+04
 Pressure (bar)
    0.00000e+00

           Step           Time         Lambda
            257      257.00000        0.00000

   Energies (kJ/mol)
        G96Bond       G96Angle    Proper Dih.  Improper Dih.          LJ-14
    1.95728e+03    1.21787e+02    1.24164e+02    2.02300e+00    1.40105e+04
     Coulomb-14        LJ (SR)   Coulomb (SR)   Coul. recip.      Potential
   -1.83594e+02   -2.68539e+03   -3.58555e+03    3.89416e+03    1.36554e+04
 Pressure (bar)
    0.00000e+00

           Step           Time         Lambda
            258      258.00000        0.00000

           Step           Time         Lambda
            259      259.00000        0.00000

   Energies (kJ/mol)
        G96Bond       G96Angle    Proper Dih.  Improper Dih.          LJ-14
    1.94854e+03    1.15581e+02    1.23925e+02    2.02355e+00    1.40051e+04
     Coulomb-14        LJ (SR)   Coulomb (SR)   Coul. recip.      Potential
   -1.83162e+02   -2.68540e+03   -3.58546e+03    3.89410e+03    1.36352e+04
 Pressure (bar)
    0.00000e+00

           Step           Time         Lambda
            260      260.00000        0.00000

   Energies (kJ/mol)
        G96Bond       G96Angle    Proper Dih.  Improper Dih.          LJ-14
    2.00147e+03    1.23989e+02    1.24837e+02    2.02999e+00    1.39453e+04
     Coulomb-14        LJ (SR)   Coulomb (SR)   Coul. recip.      Potential
   -1.84597e+02   -2.68568e+03   -3.58472e+03    3.89132e+03    1.36340e+04
 Pressure (bar)
    0.00000e+00

           Step           Time         Lambda
            261      261.00000        0.00000

   Energies (kJ/mol)
        G96Bond       G96Angle    Proper Dih.  Improper Dih.          LJ-14
    1.98876e+03    1.15880e+02    1.24467e+02    2.03059e+00    1.39392e+04
     Coulomb-14        LJ (SR)   Coulomb (SR)   Coul. recip.      Potential
   -1.84059e+02   -2.68568e+03   -3.58462e+03    3.89127e+03    1.36072e+04
 Pressure (bar)
    0.00000e+00

           Step           Time         Lambda
            262      262.00000        0.00000

           Step           Time         Lambda
            263      263.00000        0.00000

   Energies (kJ/mol)
        G96Bond       G96Angle    Proper Dih.  Improper Dih.          LJ-14
    1.99783e+03    1.17472e+02    1.24781e+02    2.03188e+00    1.39269e+04
     Coulomb-14        LJ (SR)   Coulomb (SR)   Coul. recip.      Potential
   -1.84670e+02   -2.68575e+03   -3.58449e+03    3.89060e+03    1.36047e+04
 Pressure (bar)
    0.00000e+00

           Step           Time         Lambda
            264      264.00000        0.00000

   Energies (kJ/mol)
        G96Bond       G96Angle    Proper Dih.  Improper Dih.          LJ-14
    2.00419e+03    1.16616e+02    1.24618e+02    2.03282e+00    1.39172e+04
     Coulomb-14        LJ (SR)   Coulomb (SR)   Coul. recip.      Potential
   -1.84312e+02   -2.68578e+03   -3.58434e+03    3.89035e+03    1.36006e+04
 Pressure (bar)
    0.00000e+00

           Step           Time         Lambda
            265      265.00000        0.00000

   Energies (kJ/mol)
        G96Bond       G96Angle    Proper Dih.  Improper Dih.          LJ-14
    2.01421e+03    1.19217e+02    1.25026e+02    2.03405e+00    1.39056e+04
     Coulomb-14        LJ (SR)   Coulomb (SR)   Coul. recip.      Potential
   -1.85131e+02   -2.68585e+03   -3.58421e+03    3.88961e+03    1.36005e+04
 Pressure (bar)
    0.00000e+00

           Step           Time         Lambda
            266      266.00000        0.00000

   Energies (kJ/mol)
        G96Bond       G96Angle    Proper Dih.  Improper Dih.          LJ-14
    2.02210e+03    1.18465e+02    1.24762e+02    2.03496e+00    1.38958e+04
     Coulomb-14        LJ (SR)   Coulomb (SR)   Coul. recip.      Potential
   -1.84529e+02   -2.68586e+03   -3.58406e+03    3.88945e+03    1.35981e+04
 Pressure (bar)
    0.00000e+00

           Step           Time         Lambda
            267      267.00000        0.00000

           Step           Time         Lambda
            268      268.00000        0.00000

   Energies (kJ/mol)
        G96Bond       G96Angle    Proper Dih.  Improper Dih.          LJ-14
    2.01599e+03    1.15346e+02    1.24988e+02    2.03555e+00    1.38901e+04
     Coulomb-14        LJ (SR)   Coulomb (SR)   Coul. recip.      Potential
   -1.85081e+02   -2.68591e+03   -3.58400e+03    3.88902e+03    1.35825e+04
 Pressure (bar)
    0.00000e+00

           Step           Time         Lambda
            269      269.00000        0.00000

   Energies (kJ/mol)
        G96Bond       G96Angle    Proper Dih.  Improper Dih.          LJ-14
    2.05796e+03    1.20255e+02    1.25203e+02    2.04005e+00    1.38443e+04
     Coulomb-14        LJ (SR)   Coulomb (SR)   Coul. recip.      Potential
   -1.85170e+02   -2.68608e+03   -3.58338e+03    3.88721e+03    1.35823e+04
 Pressure (bar)
    0.00000e+00

           Step           Time         Lambda
            270      270.00000        0.00000

   Energies (kJ/mol)
        G96Bond       G96Angle    Proper Dih.  Improper Dih.          LJ-14
    2.04849e+03    1.15906e+02    1.25501e+02    2.04078e+00    1.38379e+04
     Coulomb-14        LJ (SR)   Coulomb (SR)   Coul. recip.      Potential
   -1.86018e+02   -2.68612e+03   -3.58331e+03    3.88665e+03    1.35610e+04
 Pressure (bar)
    0.00000e+00

           Step           Time         Lambda
            271      271.00000        0.00000

           Step           Time         Lambda
            272      272.00000        0.00000

   Energies (kJ/mol)
        G96Bond       G96Angle    Proper Dih.  Improper Dih.          LJ-14
    2.05712e+03    1.15820e+02    1.25418e+02    2.04183e+00    1.38267e+04
     Coulomb-14        LJ (SR)   Coulomb (SR)   Coul. recip.      Potential
   -1.85770e+02   -2.68615e+03   -3.58316e+03    3.88630e+03    1.35583e+04
 Pressure (bar)
    0.00000e+00

           Step           Time         Lambda
            273      273.00000        0.00000

   Energies (kJ/mol)
        G96Bond       G96Angle    Proper Dih.  Improper Dih.          LJ-14
    2.06276e+03    1.16738e+02    1.25716e+02    2.04280e+00    1.38172e+04
     Coulomb-14        LJ (SR)   Coulomb (SR)   Coul. recip.      Potential
   -1.86424e+02   -2.68621e+03   -3.58304e+03    3.88568e+03    1.35544e+04
 Pressure (bar)
    0.00000e+00

           Step           Time         Lambda
            274      274.00000        0.00000

   Energies (kJ/mol)
        G96Bond       G96Angle    Proper Dih.  Improper Dih.          LJ-14
    2.07263e+03    1.16937e+02    1.25556e+02    2.04378e+00    1.38065e+04
     Coulomb-14        LJ (SR)   Coulomb (SR)   Coul. recip.      Potential
   -1.86005e+02   -2.68623e+03   -3.58288e+03    3.88540e+03    1.35539e+04
 Pressure (bar)
    0.00000e+00

           Step           Time         Lambda
            275      275.00000        0.00000

   Energies (kJ/mol)
        G96Bond       G96Angle    Proper Dih.  Improper Dih.          LJ-14
    2.07891e+03    1.18512e+02    1.25952e+02    2.04476e+00    1.37968e+04
     Coulomb-14        LJ (SR)   Coulomb (SR)   Coul. recip.      Potential
   -1.86869e+02   -2.68629e+03   -3.58277e+03    3.88471e+03    1.35510e+04
 Pressure (bar)
    0.00000e+00

           Step           Time         Lambda
            276      276.00000        0.00000

           Step           Time         Lambda
            277      277.00000        0.00000

   Energies (kJ/mol)
        G96Bond       G96Angle    Proper Dih.  Improper Dih.          LJ-14
    2.07525e+03    1.14706e+02    1.25782e+02    2.04523e+00    1.37916e+04
     Coulomb-14        LJ (SR)   Coulomb (SR)   Coul. recip.      Potential
   -1.86532e+02   -2.68630e+03   -3.58269e+03    3.88462e+03    1.35385e+04
 Pressure (bar)
    0.00000e+00

           Step           Time         Lambda
            278      278.00000        0.00000

   Energies (kJ/mol)
        G96Bond       G96Angle    Proper Dih.  Improper Dih.          LJ-14
    2.10863e+03    1.19923e+02    1.26378e+02    2.04887e+00    1.37540e+04
     Coulomb-14        LJ (SR)   Coulomb (SR)   Coul. recip.      Potential
   -1.87578e+02   -2.68646e+03   -3.58220e+03    3.88272e+03    1.35375e+04
 Pressure (bar)
    0.00000e+00

           Step           Time         Lambda
            279      279.00000        0.00000

   Energies (kJ/mol)
        G96Bond       G96Angle    Proper Dih.  Improper Dih.          LJ-14
    2.10314e+03    1.14905e+02    1.26113e+02    2.04936e+00    1.37482e+04
     Coulomb-14        LJ (SR)   Coulomb (SR)   Coul. recip.      Potential
   -1.87127e+02   -2.68646e+03   -3.58210e+03    3.88265e+03    1.35214e+04
 Pressure (bar)
    0.00000e+00

           Step           Time         Lambda
            280      280.00000        0.00000

           Step           Time         Lambda
            281      281.00000        0.00000

   Energies (kJ/mol)
        G96Bond       G96Angle    Proper Dih.  Improper Dih.          LJ-14
    2.10959e+03    1.15761e+02    1.26357e+02    2.05033e+00    1.37384e+04
     Coulomb-14        LJ (SR)   Coulomb (SR)   Coul. recip.      Potential
   -1.87625e+02   -2.68651e+03   -3.58198e+03    3.88207e+03    1.35181e+04
 Pressure (bar)
    0.00000e+00

           Step           Time         Lambda
            282      282.00000        0.00000

   Energies (kJ/mol)
        G96Bond       G96Angle    Proper Dih.  Improper Dih.          LJ-14
    2.11679e+03    1.15389e+02    1.26247e+02    2.05118e+00    1.37288e+04
     Coulomb-14        LJ (SR)   Coulomb (SR)   Coul. recip.      Potential
   -1.87361e+02   -2.68653e+03   -3.58183e+03    3.88178e+03    1.35153e+04
 Pressure (bar)
    0.00000e+00

           Step           Time         Lambda
            283      283.00000        0.00000

   Energies (kJ/mol)
        G96Bond       G96Angle    Proper Dih.  Improper Dih.          LJ-14
    2.12369e+03    1.16807e+02    1.26563e+02    2.05210e+00    1.37191e+04
     Coulomb-14        LJ (SR)   Coulomb (SR)   Coul. recip.      Potential
   -1.88028e+02   -2.68659e+03   -3.58172e+03    3.88114e+03    1.35130e+04
 Pressure (bar)
    0.00000e+00

           Step           Time         Lambda
            284      284.00000        0.00000

   Energies (kJ/mol)
        G96Bond       G96Angle    Proper Dih.  Improper Dih.          LJ-14
    2.13216e+03    1.16597e+02    1.26371e+02    2.05290e+00    1.37097e+04
     Coulomb-14        LJ (SR)   Coulomb (SR)   Coul. recip.      Potential
   -1.87568e+02   -2.68660e+03   -3.58157e+03    3.88092e+03    1.35121e+04
 Pressure (bar)
    0.00000e+00

           Step           Time         Lambda
            285      285.00000        0.00000

   Energies (kJ/mol)
        G96Bond       G96Angle    Proper Dih.  Improper Dih.          LJ-14
    2.14015e+03    1.18973e+02    1.26791e+02    2.05385e+00    1.37000e+04
     Coulomb-14        LJ (SR)   Coulomb (SR)   Coul. recip.      Potential
   -1.88469e+02   -2.68666e+03   -3.58146e+03    3.88020e+03    1.35116e+04
 Pressure (bar)
    0.00000e+00

           Step           Time         Lambda
            286      286.00000        0.00000

           Step           Time         Lambda
            287      287.00000        0.00000

   Energies (kJ/mol)
        G96Bond       G96Angle    Proper Dih.  Improper Dih.          LJ-14
    2.13425e+03    1.14245e+02    1.26596e+02    2.05422e+00    1.36954e+04
     Coulomb-14        LJ (SR)   Coulomb (SR)   Coul. recip.      Potential
   -1.88100e+02   -2.68666e+03   -3.58137e+03    3.88014e+03    1.34966e+04
 Pressure (bar)
    0.00000e+00

           Step           Time         Lambda
            288      288.00000        0.00000

   Energies (kJ/mol)
        G96Bond       G96Angle    Proper Dih.  Improper Dih.          LJ-14
    2.17818e+03    1.20560e+02    1.27312e+02    2.05869e+00    1.36463e+04
     Coulomb-14        LJ (SR)   Coulomb (SR)   Coul. recip.      Potential
   -1.89339e+02   -2.68685e+03   -3.58071e+03    3.87764e+03    1.34951e+04
 Pressure (bar)
    0.00000e+00

           Step           Time         Lambda
            289      289.00000        0.00000

   Energies (kJ/mol)
        G96Bond       G96Angle    Proper Dih.  Improper Dih.          LJ-14
    2.16950e+03    1.14370e+02    1.27011e+02    2.05909e+00    1.36411e+04
     Coulomb-14        LJ (SR)   Coulomb (SR)   Coul. recip.      Potential
   -1.88866e+02   -2.68684e+03   -3.58061e+03    3.87759e+03    1.34753e+04
 Pressure (bar)
    0.00000e+00

           Step           Time         Lambda
            290      290.00000        0.00000

           Step           Time         Lambda
            291      291.00000        0.00000

   Energies (kJ/mol)
        G96Bond       G96Angle    Proper Dih.  Improper Dih.          LJ-14
    2.17725e+03    1.15628e+02    1.27266e+02    2.06000e+00    1.36308e+04
     Coulomb-14        LJ (SR)   Coulomb (SR)   Coul. recip.      Potential
   -1.89393e+02   -2.68689e+03   -3.58048e+03    3.87698e+03    1.34732e+04
 Pressure (bar)
    0.00000e+00

           Step           Time         Lambda
            292      292.00000        0.00000

   Energies (kJ/mol)
        G96Bond       G96Angle    Proper Dih.  Improper Dih.          LJ-14
    2.18299e+03    1.14872e+02    1.27127e+02    2.06066e+00    1.36226e+04
     Coulomb-14        LJ (SR)   Coulomb (SR)   Coul. recip.      Potential
   -1.89086e+02   -2.68690e+03   -3.58035e+03    3.87674e+03    1.34701e+04
 Pressure (bar)
    0.00000e+00

           Step           Time         Lambda
            293      293.00000        0.00000

   Energies (kJ/mol)
        G96Bond       G96Angle    Proper Dih.  Improper Dih.          LJ-14
    2.19138e+03    1.16922e+02    1.27460e+02    2.06156e+00    1.36128e+04
     Coulomb-14        LJ (SR)   Coulomb (SR)   Coul. recip.      Potential
   -1.89791e+02   -2.68696e+03   -3.58023e+03    3.87608e+03    1.34697e+04
 Pressure (bar)
    0.00000e+00

           Step           Time         Lambda
            294      294.00000        0.00000

   Energies (kJ/mol)
        G96Bond       G96Angle    Proper Dih.  Improper Dih.          LJ-14
    2.19830e+03    1.16194e+02    1.27238e+02    2.06220e+00    1.36045e+04
     Coulomb-14        LJ (SR)   Coulomb (SR)   Coul. recip.      Potential
   -1.89277e+02   -2.68696e+03   -3.58008e+03    3.87592e+03    1.34679e+04
 Pressure (bar)
    0.00000e+00

           Step           Time         Lambda
            295      295.00000        0.00000

           Step           Time         Lambda
            296      296.00000        0.00000

   Energies (kJ/mol)
        G96Bond       G96Angle    Proper Dih.  Improper Dih.          LJ-14
    2.19418e+03    1.13957e+02    1.27426e+02    2.06267e+00    1.35998e+04
     Coulomb-14        LJ (SR)   Coulomb (SR)   Coul. recip.      Potential
   -1.89751e+02   -2.68699e+03   -3.58003e+03    3.87553e+03    1.34562e+04
 Pressure (bar)
    0.00000e+00

           Step           Time         Lambda
            297      297.00000        0.00000

   Energies (kJ/mol)
        G96Bond       G96Angle    Proper Dih.  Improper Dih.          LJ-14
    2.23009e+03    1.17428e+02    1.27588e+02    2.06587e+00    1.35605e+04
     Coulomb-14        LJ (SR)   Coulomb (SR)   Coul. recip.      Potential
   -1.89856e+02   -2.68710e+03   -3.57944e+03    3.87382e+03    1.34551e+04
 Pressure (bar)
    0.00000e+00

           Step           Time         Lambda
            298      298.00000        0.00000

   Energies (kJ/mol)
        G96Bond       G96Angle    Proper Dih.  Improper Dih.          LJ-14
    2.22354e+03    1.14332e+02    1.27837e+02    2.06639e+00    1.35551e+04
     Coulomb-14        LJ (SR)   Coulomb (SR)   Coul. recip.      Potential
   -1.90577e+02   -2.68713e+03   -3.57938e+03    3.87332e+03    1.34391e+04
 Pressure (bar)
    0.00000e+00

           Step           Time         Lambda
            299      299.00000        0.00000

           Step           Time         Lambda
            300      300.00000        0.00000

   Energies (kJ/mol)
        G96Bond       G96Angle    Proper Dih.  Improper Dih.          LJ-14
    2.23110e+03    1.14165e+02    1.27764e+02    2.06711e+00    1.35456e+04
     Coulomb-14        LJ (SR)   Coulomb (SR)   Coul. recip.      Potential
   -1.90370e+02   -2.68715e+03   -3.57924e+03    3.87298e+03    1.34370e+04
 Pressure (bar)
    0.00000e+00

           Step           Time         Lambda
            301      301.00000        0.00000

   Energies (kJ/mol)
        G96Bond       G96Angle    Proper Dih.  Improper Dih.          LJ-14
    2.23608e+03    1.14940e+02    1.28007e+02    2.06785e+00    1.35376e+04
     Coulomb-14        LJ (SR)   Coulomb (SR)   Coul. recip.      Potential
   -1.90931e+02   -2.68719e+03   -3.57913e+03    3.87243e+03    1.34339e+04
 Pressure (bar)
    0.00000e+00

           Step           Time         Lambda
            302      302.00000        0.00000

   Energies (kJ/mol)
        G96Bond       G96Angle    Proper Dih.  Improper Dih.          LJ-14
    2.24453e+03    1.14948e+02    1.27871e+02    2.06851e+00    1.35286e+04
     Coulomb-14        LJ (SR)   Coulomb (SR)   Coul. recip.      Potential
   -1.90576e+02   -2.68720e+03   -3.57898e+03    3.87217e+03    1.34334e+04
 Pressure (bar)
    0.00000e+00

           Step           Time         Lambda
            303      303.00000        0.00000

   Energies (kJ/mol)
        G96Bond       G96Angle    Proper Dih.  Improper Dih.          LJ-14
    2.24998e+03    1.16258e+02    1.28196e+02    2.06921e+00    1.35204e+04
     Coulomb-14        LJ (SR)   Coulomb (SR)   Coul. recip.      Potential
   -1.91315e+02   -2.68725e+03   -3.57888e+03    3.87154e+03    1.34310e+04
 Pressure (bar)
    0.00000e+00

           Step           Time         Lambda
            304      304.00000        0.00000

           Step           Time         Lambda
            305      305.00000        0.00000

   Energies (kJ/mol)
        G96Bond       G96Angle    Proper Dih.  Improper Dih.          LJ-14
    2.24780e+03    1.13326e+02    1.28055e+02    2.06951e+00    1.35160e+04
     Coulomb-14        LJ (SR)   Coulomb (SR)   Coul. recip.      Potential
   -1.91028e+02   -2.68725e+03   -3.57880e+03    3.87145e+03    1.34217e+04
 Pressure (bar)
    0.00000e+00

           Step           Time         Lambda
            306      306.00000        0.00000

   Energies (kJ/mol)
        G96Bond       G96Angle    Proper Dih.  Improper Dih.          LJ-14
    2.27582e+03    1.17274e+02    1.28530e+02    2.07206e+00    1.34846e+04
     Coulomb-14        LJ (SR)   Coulomb (SR)   Coul. recip.      Potential
   -1.91935e+02   -2.68736e+03   -3.57835e+03    3.86973e+03    1.34204e+04
 Pressure (bar)
    0.00000e+00

           Step           Time         Lambda
            307      307.00000        0.00000

   Energies (kJ/mol)
        G96Bond       G96Angle    Proper Dih.  Improper Dih.          LJ-14
    2.27239e+03    1.13400e+02    1.28313e+02    2.07240e+00    1.34797e+04
     Coulomb-14        LJ (SR)   Coulomb (SR)   Coul. recip.      Potential
   -1.91543e+02   -2.68735e+03   -3.57826e+03    3.86966e+03    1.34084e+04
 Pressure (bar)
    0.00000e+00

           Step           Time         Lambda
            308      308.00000        0.00000

           Step           Time         Lambda
            309      309.00000        0.00000

   Energies (kJ/mol)
        G96Bond       G96Angle    Proper Dih.  Improper Dih.          LJ-14
    2.27803e+03    1.14099e+02    1.28512e+02    2.07308e+00    1.34714e+04
     Coulomb-14        LJ (SR)   Coulomb (SR)   Coul. recip.      Potential
   -1.91975e+02   -2.68739e+03   -3.57815e+03    3.86913e+03    1.34057e+04
 Pressure (bar)
    0.00000e+00

           Step           Time         Lambda
            310      310.00000        0.00000

   Energies (kJ/mol)
        G96Bond       G96Angle    Proper Dih.  Improper Dih.          LJ-14
    2.28437e+03    1.13717e+02    1.28417e+02    2.07364e+00    1.34633e+04
     Coulomb-14        LJ (SR)   Coulomb (SR)   Coul. recip.      Potential
   -1.91749e+02   -2.68740e+03   -3.57801e+03    3.86885e+03    1.34036e+04
 Pressure (bar)
    0.00000e+00

           Step           Time         Lambda
            311      311.00000        0.00000

   Energies (kJ/mol)
        G96Bond       G96Angle    Proper Dih.  Improper Dih.          LJ-14
    2.29032e+03    1.14873e+02    1.28676e+02    2.07433e+00    1.34551e+04
     Coulomb-14        LJ (SR)   Coulomb (SR)   Coul. recip.      Potential
   -1.92324e+02   -2.68744e+03   -3.57790e+03    3.86828e+03    1.34017e+04
 Pressure (bar)
    0.00000e+00

           Step           Time         Lambda
            312      312.00000        0.00000

   Energies (kJ/mol)
        G96Bond       G96Angle    Proper Dih.  Improper Dih.          LJ-14
    2.29761e+03    1.14567e+02    1.28514e+02    2.07490e+00    1.34471e+04
     Coulomb-14        LJ (SR)   Coulomb (SR)   Coul. recip.      Potential
   -1.91930e+02   -2.68744e+03   -3.57776e+03    3.86806e+03    1.34008e+04
 Pressure (bar)
    0.00000e+00

           Step           Time         Lambda
            313      313.00000        0.00000

   Energies (kJ/mol)
        G96Bond       G96Angle    Proper Dih.  Improper Dih.          LJ-14
    2.30435e+03    1.16487e+02    1.28858e+02    2.07558e+00    1.34390e+04
     Coulomb-14        LJ (SR)   Coulomb (SR)   Coul. recip.      Potential
   -1.92705e+02   -2.68749e+03   -3.57766e+03    3.86741e+03    1.34003e+04
 Pressure (bar)
    0.00000e+00

           Step           Time         Lambda
            314      314.00000        0.00000

           Step           Time         Lambda
            315      315.00000        0.00000

   Energies (kJ/mol)
        G96Bond       G96Angle    Proper Dih.  Improper Dih.          LJ-14
    2.30045e+03    1.12862e+02    1.28698e+02    2.07582e+00    1.34351e+04
     Coulomb-14        LJ (SR)   Coulomb (SR)   Coul. recip.      Potential
   -1.92389e+02   -2.68749e+03   -3.57759e+03    3.86734e+03    1.33890e+04
 Pressure (bar)
    0.00000e+00

           Step           Time         Lambda
            316      316.00000        0.00000

   Energies (kJ/mol)
        G96Bond       G96Angle    Proper Dih.  Improper Dih.          LJ-14
    2.33734e+03    1.17623e+02    1.29268e+02    2.07893e+00    1.33940e+04
     Coulomb-14        LJ (SR)   Coulomb (SR)   Coul. recip.      Potential
   -1.93469e+02   -2.68761e+03   -3.57697e+03    3.86508e+03    1.33873e+04
 Pressure (bar)
    0.00000e+00

           Step           Time         Lambda
            317      317.00000        0.00000

   Energies (kJ/mol)
        G96Bond       G96Angle    Proper Dih.  Improper Dih.          LJ-14
    2.33152e+03    1.12860e+02    1.29022e+02    2.07918e+00    1.33895e+04
     Coulomb-14        LJ (SR)   Coulomb (SR)   Coul. recip.      Potential
   -1.93054e+02   -2.68760e+03   -3.57688e+03    3.86502e+03    1.33725e+04
 Pressure (bar)
    0.00000e+00

           Step           Time         Lambda
            318      318.00000        0.00000

           Step           Time         Lambda
            319      319.00000        0.00000

   Energies (kJ/mol)
        G96Bond       G96Angle    Proper Dih.  Improper Dih.          LJ-14
    2.33818e+03    1.13869e+02    1.29230e+02    2.07981e+00    1.33809e+04
     Coulomb-14        LJ (SR)   Coulomb (SR)   Coul. recip.      Potential
   -1.93512e+02   -2.68764e+03   -3.57676e+03    3.86446e+03    1.33708e+04
 Pressure (bar)
    0.00000e+00

           Step           Time         Lambda
            320      320.00000        0.00000

   Energies (kJ/mol)
        G96Bond       G96Angle    Proper Dih.  Improper Dih.          LJ-14
    2.34332e+03    1.13192e+02    1.29114e+02    2.08027e+00    1.33739e+04
     Coulomb-14        LJ (SR)   Coulomb (SR)   Coul. recip.      Potential
   -1.93248e+02   -2.68764e+03   -3.57664e+03    3.86423e+03    1.33683e+04
 Pressure (bar)
    0.00000e+00

           Step           Time         Lambda
            321      321.00000        0.00000

   Energies (kJ/mol)
        G96Bond       G96Angle    Proper Dih.  Improper Dih.          LJ-14
    2.35040e+03    1.14830e+02    1.29386e+02    2.08090e+00    1.33656e+04
     Coulomb-14        LJ (SR)   Coulomb (SR)   Coul. recip.      Potential
   -1.93857e+02   -2.68768e+03   -3.57653e+03    3.86363e+03    1.33679e+04
 Pressure (bar)
    0.00000e+00

           Step           Time         Lambda
            322      322.00000        0.00000

   Energies (kJ/mol)
        G96Bond       G96Angle    Proper Dih.  Improper Dih.          LJ-14
    2.35644e+03    1.14126e+02    1.29200e+02    2.08135e+00    1.33586e+04
     Coulomb-14        LJ (SR)   Coulomb (SR)   Coul. recip.      Potential
   -1.93415e+02   -2.68768e+03   -3.57639e+03    3.86347e+03    1.33664e+04
 Pressure (bar)
    0.00000e+00

           Step           Time         Lambda
            323      323.00000        0.00000

           Step           Time         Lambda
            324      324.00000        0.00000

   Energies (kJ/mol)
        G96Bond       G96Angle    Proper Dih.  Improper Dih.          LJ-14
    2.35377e+03    1.12544e+02    1.29357e+02    2.08167e+00    1.33545e+04
     Coulomb-14        LJ (SR)   Coulomb (SR)   Coul. recip.      Potential
   -1.93824e+02   -2.68770e+03   -3.57634e+03    3.86313e+03    1.33575e+04
 Pressure (bar)
    0.00000e+00

           Step           Time         Lambda
            325      325.00000        0.00000

   Energies (kJ/mol)
        G96Bond       G96Angle    Proper Dih.  Improper Dih.          LJ-14
    2.38454e+03    1.14953e+02    1.29480e+02    2.08393e+00    1.33209e+04
     Coulomb-14        LJ (SR)   Coulomb (SR)   Coul. recip.      Potential
   -1.93933e+02   -2.68777e+03   -3.57579e+03    3.86151e+03    1.33560e+04
 Pressure (bar)
    0.00000e+00

           Step           Time         Lambda
            326      326.00000        0.00000

   Energies (kJ/mol)
        G96Bond       G96Angle    Proper Dih.  Improper Dih.          LJ-14
    2.38011e+03    1.12782e+02    1.29688e+02    2.08431e+00    1.33163e+04
     Coulomb-14        LJ (SR)   Coulomb (SR)   Coul. recip.      Potential
   -1.94551e+02   -2.68780e+03   -3.57573e+03    3.86107e+03    1.33439e+04
 Pressure (bar)
    0.00000e+00

           Step           Time         Lambda
            327      327.00000        0.00000

           Step           Time         Lambda
            328      328.00000        0.00000

   Energies (kJ/mol)
        G96Bond       G96Angle    Proper Dih.  Improper Dih.          LJ-14
    2.38671e+03    1.12564e+02    1.29626e+02    2.08480e+00    1.33082e+04
     Coulomb-14        LJ (SR)   Coulomb (SR)   Coul. recip.      Potential
   -1.94377e+02   -2.68781e+03   -3.57560e+03    3.86075e+03    1.33422e+04
 Pressure (bar)
    0.00000e+00

           Step           Time         Lambda
            329      329.00000        0.00000

   Energies (kJ/mol)
        G96Bond       G96Angle    Proper Dih.  Improper Dih.          LJ-14
    2.39112e+03    1.13225e+02    1.29826e+02    2.08529e+00    1.33014e+04
     Coulomb-14        LJ (SR)   Coulomb (SR)   Coul. recip.      Potential
   -1.94861e+02   -2.68784e+03   -3.57550e+03    3.86025e+03    1.33397e+04
 Pressure (bar)
    0.00000e+00

           Step           Time         Lambda
            330      330.00000        0.00000

   Energies (kJ/mol)
        G96Bond       G96Angle    Proper Dih.  Improper Dih.          LJ-14
    2.39837e+03    1.13104e+02    1.29710e+02    2.08574e+00    1.32937e+04
     Coulomb-14        LJ (SR)   Coulomb (SR)   Coul. recip.      Potential
   -1.94557e+02   -2.68784e+03   -3.57536e+03    3.85999e+03    1.33392e+04
 Pressure (bar)
    0.00000e+00

           Step           Time         Lambda
            331      331.00000        0.00000

   Energies (kJ/mol)
        G96Bond       G96Angle    Proper Dih.  Improper Dih.          LJ-14
    2.40312e+03    1.14207e+02    1.29977e+02    2.08624e+00    1.32868e+04
     Coulomb-14        LJ (SR)   Coulomb (SR)   Coul. recip.      Potential
   -1.95198e+02   -2.68788e+03   -3.57527e+03    3.85943e+03    1.33373e+04
 Pressure (bar)
    0.00000e+00

           Step           Time         Lambda
            332      332.00000        0.00000

           Step           Time         Lambda
            333      333.00000        0.00000

   Energies (kJ/mol)
        G96Bond       G96Angle    Proper Dih.  Improper Dih.          LJ-14
    2.40197e+03    1.11936e+02    1.29861e+02    2.08643e+00    1.32831e+04
     Coulomb-14        LJ (SR)   Coulomb (SR)   Coul. recip.      Potential
   -1.94950e+02   -2.68787e+03   -3.57519e+03    3.85934e+03    1.33303e+04
 Pressure (bar)
    0.00000e+00

           Step           Time         Lambda
            334      334.00000        0.00000

   Energies (kJ/mol)
        G96Bond       G96Angle    Proper Dih.  Improper Dih.          LJ-14
    2.42564e+03    1.14932e+02    1.30243e+02    2.08820e+00    1.32566e+04
     Coulomb-14        LJ (SR)   Coulomb (SR)   Coul. recip.      Potential
   -1.95743e+02   -2.68795e+03   -3.57477e+03    3.85777e+03    1.33288e+04
 Pressure (bar)
    0.00000e+00

           Step           Time         Lambda
            335      335.00000        0.00000

   Energies (kJ/mol)
        G96Bond       G96Angle    Proper Dih.  Improper Dih.          LJ-14
    2.42366e+03    1.11920e+02    1.30065e+02    2.08840e+00    1.32524e+04
     Coulomb-14        LJ (SR)   Coulomb (SR)   Coul. recip.      Potential
   -1.95399e+02   -2.68794e+03   -3.57469e+03    3.85768e+03    1.33198e+04
 Pressure (bar)
    0.00000e+00

           Step           Time         Lambda
            336      336.00000        0.00000

           Step           Time         Lambda
            337      337.00000        0.00000

   Energies (kJ/mol)
        G96Bond       G96Angle    Proper Dih.  Improper Dih.          LJ-14
    2.42861e+03    1.12501e+02    1.30228e+02    2.08887e+00    1.32454e+04
     Coulomb-14        LJ (SR)   Coulomb (SR)   Coul. recip.      Potential
   -1.95776e+02   -2.68797e+03   -3.57458e+03    3.85721e+03    1.33177e+04
 Pressure (bar)
    0.00000e+00

           Step           Time         Lambda
            338      338.00000        0.00000

   Energies (kJ/mol)
        G96Bond       G96Angle    Proper Dih.  Improper Dih.          LJ-14
    2.43418e+03    1.12119e+02    1.30148e+02    2.08927e+00    1.32385e+04
     Coulomb-14        LJ (SR)   Coulomb (SR)   Coul. recip.      Potential
   -1.95582e+02   -2.68797e+03   -3.57445e+03    3.85694e+03    1.33159e+04
 Pressure (bar)
    0.00000e+00

           Step           Time         Lambda
            339      339.00000        0.00000

   Energies (kJ/mol)
        G96Bond       G96Angle    Proper Dih.  Improper Dih.          LJ-14
    2.43934e+03    1.13072e+02    1.30361e+02    2.08973e+00    1.32315e+04
     Coulomb-14        LJ (SR)   Coulomb (SR)   Coul. recip.      Potential
   -1.96082e+02   -2.68800e+03   -3.57435e+03    3.85642e+03    1.33143e+04
 Pressure (bar)
    0.00000e+00

           Step           Time         Lambda
            340      340.00000        0.00000

   Energies (kJ/mol)
        G96Bond       G96Angle    Proper Dih.  Improper Dih.          LJ-14
    2.44562e+03    1.12708e+02    1.30225e+02    2.09010e+00    1.32247e+04
     Coulomb-14        LJ (SR)   Coulomb (SR)   Coul. recip.      Potential
   -1.95741e+02   -2.68800e+03   -3.57422e+03    3.85621e+03    1.33136e+04
 Pressure (bar)
    0.00000e+00

           Step           Time         Lambda
            341      341.00000        0.00000

   Energies (kJ/mol)
        G96Bond       G96Angle    Proper Dih.  Improper Dih.          LJ-14
    2.45134e+03    1.14276e+02    1.30509e+02    2.09060e+00    1.32177e+04
     Coulomb-14        LJ (SR)   Coulomb (SR)   Coul. recip.      Potential
   -1.96414e+02   -2.68804e+03   -3.57413e+03    3.85562e+03    1.33130e+04
 Pressure (bar)
    0.00000e+00

           Step           Time         Lambda
            342      342.00000        0.00000

           Step           Time         Lambda
            343      343.00000        0.00000

   Energies (kJ/mol)
        G96Bond       G96Angle    Proper Dih.  Improper Dih.          LJ-14
    2.44888e+03    1.11482e+02    1.30377e+02    2.09075e+00    1.32144e+04
     Coulomb-14        LJ (SR)   Coulomb (SR)   Coul. recip.      Potential
   -1.96141e+02   -2.68803e+03   -3.57406e+03    3.85555e+03    1.33046e+04
 Pressure (bar)
    0.00000e+00

           Step           Time         Lambda
            344      344.00000        0.00000

   Energies (kJ/mol)
        G96Bond       G96Angle    Proper Dih.  Improper Dih.          LJ-14
    2.48008e+03    1.15085e+02    1.30835e+02    2.09289e+00    1.31797e+04
     Coulomb-14        LJ (SR)   Coulomb (SR)   Coul. recip.      Potential
   -1.97089e+02   -2.68812e+03   -3.57349e+03    3.85347e+03    1.33025e+04
 Pressure (bar)
    0.00000e+00

           Step           Time         Lambda
            345      345.00000        0.00000

   Energies (kJ/mol)
        G96Bond       G96Angle    Proper Dih.  Improper Dih.          LJ-14
    2.47630e+03    1.11398e+02    1.30635e+02    2.09306e+00    1.31759e+04
     Coulomb-14        LJ (SR)   Coulomb (SR)   Coul. recip.      Potential
   -1.96723e+02   -2.68811e+03   -3.57340e+03    3.85342e+03    1.32915e+04
 Pressure (bar)
    0.00000e+00

           Step           Time         Lambda
            346      346.00000        0.00000

           Step           Time         Lambda
            347      347.00000        0.00000

   Energies (kJ/mol)
        G96Bond       G96Angle    Proper Dih.  Improper Dih.          LJ-14
    2.48205e+03    1.12215e+02    1.30806e+02    2.09351e+00    1.31685e+04
     Coulomb-14        LJ (SR)   Coulomb (SR)   Coul. recip.      Potential
   -1.97123e+02   -2.68814e+03   -3.57329e+03    3.85290e+03    1.32900e+04
 Pressure (bar)
    0.00000e+00

           Step           Time         Lambda
            348      348.00000        0.00000

   Energies (kJ/mol)
        G96Bond       G96Angle    Proper Dih.  Improper Dih.          LJ-14
    2.48663e+03    1.11607e+02    1.30708e+02    2.09380e+00    1.31626e+04
     Coulomb-14        LJ (SR)   Coulomb (SR)   Coul. recip.      Potential
   -1.96893e+02   -2.68814e+03   -3.57317e+03    3.85268e+03    1.32881e+04
 Pressure (bar)
    0.00000e+00

           Step           Time         Lambda
            349      349.00000        0.00000

   Energies (kJ/mol)
        G96Bond       G96Angle    Proper Dih.  Improper Dih.          LJ-14
    2.49264e+03    1.12926e+02    1.30933e+02    2.09423e+00    1.31555e+04
     Coulomb-14        LJ (SR)   Coulomb (SR)   Coul. recip.      Potential
   -1.97424e+02   -2.68817e+03   -3.57307e+03    3.85212e+03    1.32875e+04
 Pressure (bar)
    0.00000e+00

           Step           Time         Lambda
            350      350.00000        0.00000

   Energies (kJ/mol)
        G96Bond       G96Angle    Proper Dih.  Improper Dih.          LJ-14
    2.49793e+03    1.12258e+02    1.30776e+02    2.09449e+00    1.31495e+04
     Coulomb-14        LJ (SR)   Coulomb (SR)   Coul. recip.      Potential
   -1.97041e+02   -2.68816e+03   -3.57295e+03    3.85197e+03    1.32864e+04
 Pressure (bar)
    0.00000e+00

           Step           Time         Lambda
            351      351.00000        0.00000

           Step           Time         Lambda
            352      352.00000        0.00000

   Energies (kJ/mol)
        G96Bond       G96Angle    Proper Dih.  Improper Dih.          LJ-14
    2.49629e+03    1.11156e+02    1.30907e+02    2.09471e+00    1.31460e+04
     Coulomb-14        LJ (SR)   Coulomb (SR)   Coul. recip.      Potential
   -1.97397e+02   -2.68818e+03   -3.57290e+03    3.85165e+03    1.32797e+04
 Pressure (bar)
    0.00000e+00

           Step           Time         Lambda
            353      353.00000        0.00000

   Energies (kJ/mol)
        G96Bond       G96Angle    Proper Dih.  Improper Dih.          LJ-14
    2.52277e+03    1.12801e+02    1.31004e+02    2.09625e+00    1.31171e+04
     Coulomb-14        LJ (SR)   Coulomb (SR)   Coul. recip.      Potential
   -1.97508e+02   -2.68823e+03   -3.57238e+03    3.85012e+03    1.32777e+04
 Pressure (bar)
    0.00000e+00

           Step           Time         Lambda
            354      354.00000        0.00000

   Energies (kJ/mol)
        G96Bond       G96Angle    Proper Dih.  Improper Dih.          LJ-14
    2.51986e+03    1.11301e+02    1.31179e+02    2.09651e+00    1.31131e+04
     Coulomb-14        LJ (SR)   Coulomb (SR)   Coul. recip.      Potential
   -1.98038e+02   -2.68825e+03   -3.57232e+03    3.84973e+03    1.32687e+04
 Pressure (bar)
    0.00000e+00

           Step           Time         Lambda
            355      355.00000        0.00000

           Step           Time         Lambda
            356      356.00000        0.00000

   Energies (kJ/mol)
        G96Bond       G96Angle    Proper Dih.  Improper Dih.          LJ-14
    2.52564e+03    1.11054e+02    1.31126e+02    2.09683e+00    1.31062e+04
     Coulomb-14        LJ (SR)   Coulomb (SR)   Coul. recip.      Potential
   -1.97892e+02   -2.68826e+03   -3.57220e+03    3.84942e+03    1.32672e+04
 Pressure (bar)
    0.00000e+00

           Step           Time         Lambda
            357      357.00000        0.00000

   Energies (kJ/mol)
        G96Bond       G96Angle    Proper Dih.  Improper Dih.          LJ-14
    2.52954e+03    1.11622e+02    1.31291e+02    2.09719e+00    1.31004e+04
     Coulomb-14        LJ (SR)   Coulomb (SR)   Coul. recip.      Potential
   -1.98312e+02   -2.68828e+03   -3.57210e+03    3.84897e+03    1.32652e+04
 Pressure (bar)
    0.00000e+00

           Step           Time         Lambda
            358      358.00000        0.00000

   Energies (kJ/mol)
        G96Bond       G96Angle    Proper Dih.  Improper Dih.          LJ-14
    2.53578e+03    1.11419e+02    1.31194e+02    2.09749e+00    1.30938e+04
     Coulomb-14        LJ (SR)   Coulomb (SR)   Coul. recip.      Potential
   -1.98051e+02   -2.68828e+03   -3.57197e+03    3.84872e+03    1.32647e+04
 Pressure (bar)
    0.00000e+00

           Step           Time         Lambda
            359      359.00000        0.00000

   Energies (kJ/mol)
        G96Bond       G96Angle    Proper Dih.  Improper Dih.          LJ-14
    2.53993e+03    1.12353e+02    1.31415e+02    2.09785e+00    1.30879e+04
     Coulomb-14        LJ (SR)   Coulomb (SR)   Coul. recip.      Potential
   -1.98606e+02   -2.68831e+03   -3.57188e+03    3.84821e+03    1.32631e+04
 Pressure (bar)
    0.00000e+00

           Step           Time         Lambda
            360      360.00000        0.00000

           Step           Time         Lambda
            361      361.00000        0.00000

   Energies (kJ/mol)
        G96Bond       G96Angle    Proper Dih.  Improper Dih.          LJ-14
    2.53949e+03    1.10583e+02    1.31320e+02    2.09799e+00    1.30847e+04
     Coulomb-14        LJ (SR)   Coulomb (SR)   Coul. recip.      Potential
   -1.98393e+02   -2.68830e+03   -3.57182e+03    3.84811e+03    1.32578e+04
 Pressure (bar)
    0.00000e+00

           Step           Time         Lambda
            362      362.00000        0.00000

   Energies (kJ/mol)
        G96Bond       G96Angle    Proper Dih.  Improper Dih.          LJ-14
    2.55958e+03    1.12867e+02    1.31629e+02    2.09918e+00    1.30623e+04
     Coulomb-14        LJ (SR)   Coulomb (SR)   Coul. recip.      Potential
   -1.99088e+02   -2.68836e+03   -3.57142e+03    3.84668e+03    1.32563e+04
 Pressure (bar)
    0.00000e+00

           Step           Time         Lambda
            363      363.00000        0.00000

   Energies (kJ/mol)
        G96Bond       G96Angle    Proper Dih.  Improper Dih.          LJ-14
    2.55860e+03    1.10513e+02    1.31483e+02    2.09930e+00    1.30587e+04
     Coulomb-14        LJ (SR)   Coulomb (SR)   Coul. recip.      Potential
   -1.98786e+02   -2.68835e+03   -3.57135e+03    3.84659e+03    1.32495e+04
 Pressure (bar)
    0.00000e+00

           Step           Time         Lambda
            364      364.00000        0.00000

           Step           Time         Lambda
            365      365.00000        0.00000

   Energies (kJ/mol)
        G96Bond       G96Angle    Proper Dih.  Improper Dih.          LJ-14
    2.56294e+03    1.10999e+02    1.31617e+02    2.09960e+00    1.30527e+04
     Coulomb-14        LJ (SR)   Coulomb (SR)   Coul. recip.      Potential
   -1.99116e+02   -2.68837e+03   -3.57125e+03    3.84616e+03    1.32478e+04
 Pressure (bar)
    0.00000e+00

           Step           Time         Lambda
            366      366.00000        0.00000

   Energies (kJ/mol)
        G96Bond       G96Angle    Proper Dih.  Improper Dih.          LJ-14
    2.56784e+03    1.10629e+02    1.31550e+02    2.09984e+00    1.30468e+04
     Coulomb-14        LJ (SR)   Coulomb (SR)   Coul. recip.      Potential
   -1.98948e+02   -2.68837e+03   -3.57113e+03    3.84590e+03    1.32463e+04
 Pressure (bar)
    0.00000e+00

           Step           Time         Lambda
            367      367.00000        0.00000

   Energies (kJ/mol)
        G96Bond       G96Angle    Proper Dih.  Improper Dih.          LJ-14
    2.57232e+03    1.11420e+02    1.31725e+02    2.10015e+00    1.30408e+04
     Coulomb-14        LJ (SR)   Coulomb (SR)   Coul. recip.      Potential
   -1.99385e+02   -2.68840e+03   -3.57103e+03    3.84542e+03    1.32450e+04
 Pressure (bar)
    0.00000e+00

           Step           Time         Lambda
            368      368.00000        0.00000

   Energies (kJ/mol)
        G96Bond       G96Angle    Proper Dih.  Improper Dih.          LJ-14
    2.57776e+03    1.11029e+02    1.31611e+02    2.10038e+00    1.30350e+04
     Coulomb-14        LJ (SR)   Coulomb (SR)   Coul. recip.      Potential
   -1.99091e+02   -2.68840e+03   -3.57091e+03    3.84521e+03    1.32443e+04
 Pressure (bar)
    0.00000e+00

           Step           Time         Lambda
            369      369.00000        0.00000

   Energies (kJ/mol)
        G96Bond       G96Angle    Proper Dih.  Improper Dih.          LJ-14
    2.58264e+03    1.12318e+02    1.31846e+02    2.10072e+00    1.30291e+04
     Coulomb-14        LJ (SR)   Coulomb (SR)   Coul. recip.      Potential
   -1.99675e+02   -2.68843e+03   -3.57082e+03    3.84468e+03    1.32437e+04
 Pressure (bar)
    0.00000e+00

           Step           Time         Lambda
            370      370.00000        0.00000

           Step           Time         Lambda
            371      371.00000        0.00000

   Energies (kJ/mol)
        G96Bond       G96Angle    Proper Dih.  Improper Dih.          LJ-14
    2.58119e+03    1.10154e+02    1.31738e+02    2.10083e+00    1.30262e+04
     Coulomb-14        LJ (SR)   Coulomb (SR)   Coul. recip.      Potential
   -1.99440e+02   -2.68842e+03   -3.57076e+03    3.84461e+03    1.32374e+04
 Pressure (bar)
    0.00000e+00

           Step           Time         Lambda
            372      372.00000        0.00000

   Energies (kJ/mol)
        G96Bond       G96Angle    Proper Dih.  Improper Dih.          LJ-14
    2.60766e+03    1.12891e+02    1.32110e+02    2.10219e+00    1.29967e+04
     Coulomb-14        LJ (SR)   Coulomb (SR)   Coul. recip.      Potential
   -2.00271e+02   -2.68849e+03   -3.57023e+03    3.84271e+03    1.32352e+04
 Pressure (bar)
    0.00000e+00

           Step           Time         Lambda
            373      373.00000        0.00000

   Energies (kJ/mol)
        G96Bond       G96Angle    Proper Dih.  Improper Dih.          LJ-14
    2.60532e+03    1.10022e+02    1.31945e+02    2.10229e+00    1.29935e+04
     Coulomb-14        LJ (SR)   Coulomb (SR)   Coul. recip.      Potential
   -1.99947e+02   -2.68848e+03   -3.57015e+03    3.84264e+03    1.32270e+04
 Pressure (bar)
    0.00000e+00

           Step           Time         Lambda
            374      374.00000        0.00000

           Step           Time         Lambda
            375      375.00000        0.00000

   Energies (kJ/mol)
        G96Bond       G96Angle    Proper Dih.  Improper Dih.          LJ-14
    2.61029e+03    1.10687e+02    1.32087e+02    2.10261e+00    1.29872e+04
     Coulomb-14        LJ (SR)   Coulomb (SR)   Coul. recip.      Potential
   -2.00299e+02   -2.68850e+03   -3.57004e+03    3.84217e+03    1.32257e+04
 Pressure (bar)
    0.00000e+00

           Step           Time         Lambda
            376      376.00000        0.00000

   Energies (kJ/mol)
        G96Bond       G96Angle    Proper Dih.  Improper Dih.          LJ-14
    2.61437e+03    1.10144e+02    1.32005e+02    2.10278e+00    1.29821e+04
     Coulomb-14        LJ (SR)   Coulomb (SR)   Coul. recip.      Potential
   -2.00099e+02   -2.68850e+03   -3.56993e+03    3.84196e+03    1.32241e+04
 Pressure (bar)
    0.00000e+00

           Step           Time         Lambda
            377      377.00000        0.00000

   Energies (kJ/mol)
        G96Bond       G96Angle    Proper Dih.  Improper Dih.          LJ-14
    2.61950e+03    1.11215e+02    1.32190e+02    2.10310e+00    1.29760e+04
     Coulomb-14        LJ (SR)   Coulomb (SR)   Coul. recip.      Potential
   -2.00563e+02   -2.68852e+03   -3.56983e+03    3.84146e+03    1.32236e+04
 Pressure (bar)
    0.00000e+00

           Step           Time         Lambda
            378      378.00000        0.00000

   Energies (kJ/mol)
        G96Bond       G96Angle    Proper Dih.  Improper Dih.          LJ-14
    2.62413e+03    1.10591e+02    1.32060e+02    2.10326e+00    1.29709e+04
     Coulomb-14        LJ (SR)   Coulomb (SR)   Coul. recip.      Potential
   -2.00229e+02   -2.68852e+03   -3.56972e+03    3.84129e+03    1.32226e+04
 Pressure (bar)
    0.00000e+00

           Step           Time         Lambda
            379      379.00000        0.00000

           Step           Time         Lambda
            380      380.00000        0.00000

   Energies (kJ/mol)
        G96Bond       G96Angle    Proper Dih.  Improper Dih.          LJ-14
    2.62322e+03    1.09836e+02    1.32169e+02    2.10342e+00    1.29679e+04
     Coulomb-14        LJ (SR)   Coulomb (SR)   Coul. recip.      Potential
   -2.00540e+02   -2.68853e+03   -3.56967e+03    3.84101e+03    1.32175e+04
 Pressure (bar)
    0.00000e+00

           Step           Time         Lambda
            381      381.00000        0.00000

   Energies (kJ/mol)
        G96Bond       G96Angle    Proper Dih.  Improper Dih.          LJ-14
    2.64619e+03    1.10930e+02    1.32246e+02    2.10438e+00    1.29428e+04
     Coulomb-14        LJ (SR)   Coulomb (SR)   Coul. recip.      Potential
   -2.00655e+02   -2.68857e+03   -3.56919e+03    3.83955e+03    1.32154e+04
 Pressure (bar)
    0.00000e+00

           Step           Time         Lambda
            382      382.00000        0.00000

   Energies (kJ/mol)
        G96Bond       G96Angle    Proper Dih.  Improper Dih.          LJ-14
    2.64437e+03    1.09914e+02    1.32394e+02    2.10455e+00    1.29394e+04
     Coulomb-14        LJ (SR)   Coulomb (SR)   Coul. recip.      Potential
   -2.01113e+02   -2.68859e+03   -3.56913e+03    3.83920e+03    1.32085e+04
 Pressure (bar)
    0.00000e+00

           Step           Time         Lambda
            383      383.00000        0.00000

           Step           Time         Lambda
            384      384.00000        0.00000

   Energies (kJ/mol)
        G96Bond       G96Angle    Proper Dih.  Improper Dih.          LJ-14
    2.64944e+03    1.09659e+02    1.32349e+02    2.10474e+00    1.29334e+04
     Coulomb-14        LJ (SR)   Coulomb (SR)   Coul. recip.      Potential
   -2.00988e+02   -2.68859e+03   -3.56901e+03    3.83891e+03    1.32073e+04
 Pressure (bar)
    0.00000e+00

           Step           Time         Lambda
            385      385.00000        0.00000

   Energies (kJ/mol)
        G96Bond       G96Angle    Proper Dih.  Improper Dih.          LJ-14
    2.65288e+03    1.10147e+02    1.32485e+02    2.10499e+00    1.29285e+04
     Coulomb-14        LJ (SR)   Coulomb (SR)   Coul. recip.      Potential
   -2.01352e+02   -2.68861e+03   -3.56892e+03    3.83849e+03    1.32057e+04
 Pressure (bar)
    0.00000e+00

           Step           Time         Lambda
            386      386.00000        0.00000

   Energies (kJ/mol)
        G96Bond       G96Angle    Proper Dih.  Improper Dih.          LJ-14
    2.65828e+03    1.09898e+02    1.32404e+02    2.10515e+00    1.29228e+04
     Coulomb-14        LJ (SR)   Coulomb (SR)   Coul. recip.      Potential
   -2.01129e+02   -2.68861e+03   -3.56880e+03    3.83825e+03    1.32052e+04
 Pressure (bar)
    0.00000e+00

           Step           Time         Lambda
            387      387.00000        0.00000

   Energies (kJ/mol)
        G96Bond       G96Angle    Proper Dih.  Improper Dih.          LJ-14
    2.66190e+03    1.10691e+02    1.32586e+02    2.10538e+00    1.29177e+04
     Coulomb-14        LJ (SR)   Coulomb (SR)   Coul. recip.      Potential
   -2.01612e+02   -2.68864e+03   -3.56872e+03    3.83779e+03    1.32038e+04
 Pressure (bar)
    0.00000e+00

           Step           Time         Lambda
            388      388.00000        0.00000

           Step           Time         Lambda
            389      389.00000        0.00000

   Energies (kJ/mol)
        G96Bond       G96Angle    Proper Dih.  Improper Dih.          LJ-14
    2.66195e+03    1.09306e+02    1.32507e+02    2.10545e+00    1.29150e+04
     Coulomb-14        LJ (SR)   Coulomb (SR)   Coul. recip.      Potential
   -2.01427e+02   -2.68863e+03   -3.56866e+03    3.83769e+03    1.31999e+04
 Pressure (bar)
    0.00000e+00

           Step           Time         Lambda
            390      390.00000        0.00000

   Energies (kJ/mol)
        G96Bond       G96Angle    Proper Dih.  Improper Dih.          LJ-14
    2.67898e+03    1.11054e+02    1.32758e+02    2.10619e+00    1.28960e+04
     Coulomb-14        LJ (SR)   Coulomb (SR)   Coul. recip.      Potential
   -2.02035e+02   -2.68868e+03   -3.56829e+03    3.83638e+03    1.31983e+04
 Pressure (bar)
    0.00000e+00

           Step           Time         Lambda
            391      391.00000        0.00000

   Energies (kJ/mol)
        G96Bond       G96Angle    Proper Dih.  Improper Dih.          LJ-14
    2.67869e+03    1.09204e+02    1.32638e+02    2.10627e+00    1.28929e+04
     Coulomb-14        LJ (SR)   Coulomb (SR)   Coul. recip.      Potential
   -2.01772e+02   -2.68867e+03   -3.56822e+03    3.83629e+03    1.31932e+04
 Pressure (bar)
    0.00000e+00

           Step           Time         Lambda
            392      392.00000        0.00000

           Step           Time         Lambda
            393      393.00000        0.00000

   Energies (kJ/mol)
        G96Bond       G96Angle    Proper Dih.  Improper Dih.          LJ-14
    2.68249e+03    1.09612e+02    1.32749e+02    2.10646e+00    1.28878e+04
     Coulomb-14        LJ (SR)   Coulomb (SR)   Coul. recip.      Potential
   -2.02060e+02   -2.68869e+03   -3.56813e+03    3.83589e+03    1.31917e+04
 Pressure (bar)
    0.00000e+00

           Step           Time         Lambda
            394      394.00000        0.00000

   Energies (kJ/mol)
        G96Bond       G96Angle    Proper Dih.  Improper Dih.          LJ-14
    2.68682e+03    1.09264e+02    1.32693e+02    2.10660e+00    1.28827e+04
     Coulomb-14        LJ (SR)   Coulomb (SR)   Coul. recip.      Potential
   -2.01914e+02   -2.68869e+03   -3.56802e+03    3.83564e+03    1.31905e+04
 Pressure (bar)
    0.00000e+00

           Step           Time         Lambda
            395      395.00000        0.00000

   Energies (kJ/mol)
        G96Bond       G96Angle    Proper Dih.  Improper Dih.          LJ-14
    2.69070e+03    1.09922e+02    1.32838e+02    2.10683e+00    1.28776e+04
     Coulomb-14        LJ (SR)   Coulomb (SR)   Coul. recip.      Potential
   -2.02295e+02   -2.68871e+03   -3.56793e+03    3.83521e+03    1.31894e+04
 Pressure (bar)
    0.00000e+00

           Step           Time         Lambda
            396      396.00000        0.00000

   Energies (kJ/mol)
        G96Bond       G96Angle    Proper Dih.  Improper Dih.          LJ-14
    2.69544e+03    1.09530e+02    1.32743e+02    2.10696e+00    1.28725e+04
     Coulomb-14        LJ (SR)   Coulomb (SR)   Coul. recip.      Potential
   -2.02041e+02   -2.68871e+03   -3.56782e+03    3.83499e+03    1.31888e+04
 Pressure (bar)
    0.00000e+00

           Step           Time         Lambda
            397      397.00000        0.00000

   Energies (kJ/mol)
        G96Bond       G96Angle    Proper Dih.  Improper Dih.          LJ-14
    2.69960e+03    1.10594e+02    1.32936e+02    2.10717e+00    1.28674e+04
     Coulomb-14        LJ (SR)   Coulomb (SR)   Coul. recip.      Potential
   -2.02551e+02   -2.68874e+03   -3.56773e+03    3.83451e+03    1.31882e+04
 Pressure (bar)
    0.00000e+00

           Step           Time         Lambda
            398      398.00000        0.00000

           Step           Time         Lambda
            399      399.00000        0.00000

   Energies (kJ/mol)
        G96Bond       G96Angle    Proper Dih.  Improper Dih.          LJ-14
    2.69887e+03    1.08912e+02    1.32847e+02    2.10720e+00    1.28650e+04
     Coulomb-14        LJ (SR)   Coulomb (SR)   Coul. recip.      Potential
   -2.02346e+02   -2.68873e+03   -3.56767e+03    3.83444e+03    1.31834e+04
 Pressure (bar)
    0.00000e+00

           Step           Time         Lambda
            400      400.00000        0.00000

   Energies (kJ/mol)
        G96Bond       G96Angle    Proper Dih.  Improper Dih.          LJ-14
    2.72122e+03    1.10994e+02    1.33147e+02    2.10805e+00    1.28402e+04
     Coulomb-14        LJ (SR)   Coulomb (SR)   Coul. recip.      Potential
   -2.03071e+02   -2.68879e+03   -3.56718e+03    3.83271e+03    1.31813e+04
 Pressure (bar)
    0.00000e+00

           Step           Time         Lambda
            401      401.00000        0.00000

   Energies (kJ/mol)
        G96Bond       G96Angle    Proper Dih.  Improper Dih.          LJ-14
    2.71991e+03    1.08756e+02    1.33012e+02    2.10810e+00    1.28374e+04
     Coulomb-14        LJ (SR)   Coulomb (SR)   Coul. recip.      Potential
   -2.02787e+02   -2.68878e+03   -3.56711e+03    3.83263e+03    1.31751e+04
 Pressure (bar)
    0.00000e+00

           Step           Time         Lambda
            402      402.00000        0.00000

           Step           Time         Lambda
            403      403.00000        0.00000

   Energies (kJ/mol)
        G96Bond       G96Angle    Proper Dih.  Improper Dih.          LJ-14
    2.72420e+03    1.09301e+02    1.33128e+02    2.10829e+00    1.28320e+04
     Coulomb-14        LJ (SR)   Coulomb (SR)   Coul. recip.      Potential
   -2.03095e+02   -2.68880e+03   -3.56701e+03    3.83220e+03    1.31740e+04
 Pressure (bar)
    0.00000e+00

           Step           Time         Lambda
            404      404.00000        0.00000

   Energies (kJ/mol)
        G96Bond       G96Angle    Proper Dih.  Improper Dih.          LJ-14
    2.72784e+03    1.08820e+02    1.33060e+02    2.10841e+00    1.28275e+04
     Coulomb-14        LJ (SR)   Coulomb (SR)   Coul. recip.      Potential
   -2.02921e+02   -2.68880e+03   -3.56691e+03    3.83199e+03    1.31727e+04
 Pressure (bar)
    0.00000e+00

           Step           Time         Lambda
            405      405.00000        0.00000

   Energies (kJ/mol)
        G96Bond       G96Angle    Proper Dih.  Improper Dih.          LJ-14
    2.73223e+03    1.09692e+02    1.33212e+02    2.10862e+00    1.28224e+04
     Coulomb-14        LJ (SR)   Coulomb (SR)   Coul. recip.      Potential
   -2.03326e+02   -2.68883e+03   -3.56682e+03    3.83154e+03    1.31722e+04
 Pressure (bar)
    0.00000e+00

           Step           Time         Lambda
            406      406.00000        0.00000

   Energies (kJ/mol)
        G96Bond       G96Angle    Proper Dih.  Improper Dih.          LJ-14
    2.73630e+03    1.09120e+02    1.33103e+02    2.10871e+00    1.28179e+04
     Coulomb-14        LJ (SR)   Coulomb (SR)   Coul. recip.      Potential
   -2.03037e+02   -2.68882e+03   -3.56671e+03    3.83136e+03    1.31713e+04
 Pressure (bar)
    0.00000e+00

           Step           Time         Lambda
            407      407.00000        0.00000

           Step           Time         Lambda
            408      408.00000        0.00000

   Energies (kJ/mol)
        G96Bond       G96Angle    Proper Dih.  Improper Dih.          LJ-14
    2.73589e+03    1.08614e+02    1.33195e+02    2.10882e+00    1.28154e+04
     Coulomb-14        LJ (SR)   Coulomb (SR)   Coul. recip.      Potential
   -2.03309e+02   -2.68884e+03   -3.56667e+03    3.83111e+03    1.31675e+04
 Pressure (bar)
    0.00000e+00

           Step           Time         Lambda
            409      409.00000        0.00000

   Energies (kJ/mol)
        G96Bond       G96Angle    Proper Dih.  Improper Dih.          LJ-14
    2.75605e+03    1.09313e+02    1.33257e+02    2.10940e+00    1.27932e+04
     Coulomb-14        LJ (SR)   Coulomb (SR)   Coul. recip.      Potential
   -2.03424e+02   -2.68887e+03   -3.56620e+03    3.82971e+03    1.31652e+04
 Pressure (bar)
    0.00000e+00

           Step           Time         Lambda
            410      410.00000        0.00000

   Energies (kJ/mol)
        G96Bond       G96Angle    Proper Dih.  Improper Dih.          LJ-14
    2.75498e+03    1.08641e+02    1.33380e+02    2.10952e+00    1.27903e+04
     Coulomb-14        LJ (SR)   Coulomb (SR)   Coul. recip.      Potential
   -2.03822e+02   -2.68889e+03   -3.56615e+03    3.82938e+03    1.31600e+04
 Pressure (bar)
    0.00000e+00

           Step           Time         Lambda
            411      411.00000        0.00000

           Step           Time         Lambda
            412      412.00000        0.00000

   Energies (kJ/mol)
        G96Bond       G96Angle    Proper Dih.  Improper Dih.          LJ-14
    2.75946e+03    1.08392e+02    1.33342e+02    2.10960e+00    1.27852e+04
     Coulomb-14        LJ (SR)   Coulomb (SR)   Coul. recip.      Potential
   -2.03717e+02   -2.68889e+03   -3.56604e+03    3.82910e+03    1.31589e+04
 Pressure (bar)
    0.00000e+00

           Step           Time         Lambda
            413      413.00000        0.00000

   Energies (kJ/mol)
        G96Bond       G96Angle    Proper Dih.  Improper Dih.          LJ-14
    2.76249e+03    1.08811e+02    1.33455e+02    2.10974e+00    1.27809e+04
     Coulomb-14        LJ (SR)   Coulomb (SR)   Coul. recip.      Potential
   -2.04034e+02   -2.68891e+03   -3.56595e+03    3.82872e+03    1.31576e+04
 Pressure (bar)
    0.00000e+00

           Step           Time         Lambda
            414      414.00000        0.00000

   Energies (kJ/mol)
        G96Bond       G96Angle    Proper Dih.  Improper Dih.          LJ-14
    2.76719e+03    1.08543e+02    1.33386e+02    2.10983e+00    1.27760e+04
     Coulomb-14        LJ (SR)   Coulomb (SR)   Coul. recip.      Potential
   -2.03842e+02   -2.68891e+03   -3.56584e+03    3.82848e+03    1.31571e+04
 Pressure (bar)
    0.00000e+00

           Step           Time         Lambda
            415      415.00000        0.00000

   Energies (kJ/mol)
        G96Bond       G96Angle    Proper Dih.  Improper Dih.          LJ-14
    2.77034e+03    1.09214e+02    1.33536e+02    2.10998e+00    1.27716e+04
     Coulomb-14        LJ (SR)   Coulomb (SR)   Coul. recip.      Potential
   -2.04264e+02   -2.68893e+03   -3.56576e+03    3.82806e+03    1.31559e+04
 Pressure (bar)
    0.00000e+00

           Step           Time         Lambda
            416      416.00000        0.00000

           Step           Time         Lambda
            417      417.00000        0.00000

   Energies (kJ/mol)
        G96Bond       G96Angle    Proper Dih.  Improper Dih.          LJ-14
    2.77071e+03    1.08126e+02    1.33471e+02    2.10998e+00    1.27693e+04
     Coulomb-14        LJ (SR)   Coulomb (SR)   Coul. recip.      Potential
   -2.04104e+02   -2.68893e+03   -3.56570e+03    3.82797e+03    1.31529e+04
 Pressure (bar)
    0.00000e+00

           Step           Time         Lambda
            418      418.00000        0.00000

   Energies (kJ/mol)
        G96Bond       G96Angle    Proper Dih.  Improper Dih.          LJ-14
    2.78509e+03    1.09470e+02    1.33673e+02    2.11037e+00    1.27532e+04
     Coulomb-14        LJ (SR)   Coulomb (SR)   Coul. recip.      Potential
   -2.04632e+02   -2.68898e+03   -3.56537e+03    3.82676e+03    1.31514e+04
 Pressure (bar)
    0.00000e+00

           Step           Time         Lambda
            419      419.00000        0.00000

   Energies (kJ/mol)
        G96Bond       G96Angle    Proper Dih.  Improper Dih.          LJ-14
    2.78528e+03    1.08011e+02    1.33574e+02    2.11040e+00    1.27506e+04
     Coulomb-14        LJ (SR)   Coulomb (SR)   Coul. recip.      Potential
   -2.04402e+02   -2.68897e+03   -3.56530e+03    3.82667e+03    1.31475e+04
 Pressure (bar)
    0.00000e+00

           Step           Time         Lambda
            420      420.00000        0.00000

           Step           Time         Lambda
            421      421.00000        0.00000

   Energies (kJ/mol)
        G96Bond       G96Angle    Proper Dih.  Improper Dih.          LJ-14
    2.78859e+03    1.08354e+02    1.33665e+02    2.11052e+00    1.27462e+04
     Coulomb-14        LJ (SR)   Coulomb (SR)   Coul. recip.      Potential
   -2.04654e+02   -2.68899e+03   -3.56521e+03    3.82631e+03    1.31464e+04
 Pressure (bar)
    0.00000e+00

           Step           Time         Lambda
            422      422.00000        0.00000

   Energies (kJ/mol)
        G96Bond       G96Angle    Proper Dih.  Improper Dih.          LJ-14
    2.79243e+03    1.08031e+02    1.33618e+02    2.11060e+00    1.27417e+04
     Coulomb-14        LJ (SR)   Coulomb (SR)   Coul. recip.      Potential
   -2.04528e+02   -2.68899e+03   -3.56511e+03    3.82607e+03    1.31454e+04
 Pressure (bar)
    0.00000e+00

           Step           Time         Lambda
            423      423.00000        0.00000

   Energies (kJ/mol)
        G96Bond       G96Angle    Proper Dih.  Improper Dih.          LJ-14
    2.79579e+03    1.08581e+02    1.33737e+02    2.11074e+00    1.27374e+04
     Coulomb-14        LJ (SR)   Coulomb (SR)   Coul. recip.      Potential
   -2.04862e+02   -2.68901e+03   -3.56503e+03    3.82567e+03    1.31444e+04
 Pressure (bar)
    0.00000e+00

           Step           Time         Lambda
            424      424.00000        0.00000

   Energies (kJ/mol)
        G96Bond       G96Angle    Proper Dih.  Improper Dih.          LJ-14
    2.79993e+03    1.08201e+02    1.33657e+02    2.11079e+00    1.27330e+04
     Coulomb-14        LJ (SR)   Coulomb (SR)   Coul. recip.      Potential
   -2.04640e+02   -2.68901e+03   -3.56492e+03    3.82547e+03    1.31438e+04
 Pressure (bar)
    0.00000e+00

           Step           Time         Lambda
            425      425.00000        0.00000

   Energies (kJ/mol)
        G96Bond       G96Angle    Proper Dih.  Improper Dih.          LJ-14
    2.80349e+03    1.09083e+02    1.33817e+02    2.11093e+00    1.27286e+04
     Coulomb-14        LJ (SR)   Coulomb (SR)   Coul. recip.      Potential
   -2.05087e+02   -2.68904e+03   -3.56484e+03    3.82503e+03    1.31432e+04
 Pressure (bar)
    0.00000e+00

           Step           Time         Lambda
            426      426.00000        0.00000

           Step           Time         Lambda
            427      427.00000        0.00000

   Energies (kJ/mol)
        G96Bond       G96Angle    Proper Dih.  Improper Dih.          LJ-14
    2.80326e+03    1.07769e+02    1.33743e+02    2.11094e+00    1.27265e+04
     Coulomb-14        LJ (SR)   Coulomb (SR)   Coul. recip.      Potential
   -2.04908e+02   -2.68903e+03   -3.56479e+03    3.82495e+03    1.31396e+04
 Pressure (bar)
    0.00000e+00

           Step           Time         Lambda
            428      428.00000        0.00000

   Energies (kJ/mol)
        G96Bond       G96Angle    Proper Dih.  Improper Dih.          LJ-14
    2.82206e+03    1.09361e+02    1.33983e+02    2.11141e+00    1.27057e+04
     Coulomb-14        LJ (SR)   Coulomb (SR)   Coul. recip.      Potential
   -2.05540e+02   -2.68909e+03   -3.56434e+03    3.82337e+03    1.31376e+04
 Pressure (bar)
    0.00000e+00

           Step           Time         Lambda
            429      429.00000        0.00000

   Energies (kJ/mol)
        G96Bond       G96Angle    Proper Dih.  Improper Dih.          LJ-14
    2.82146e+03    1.07604e+02    1.33872e+02    2.11143e+00    1.27032e+04
     Coulomb-14        LJ (SR)   Coulomb (SR)   Coul. recip.      Potential
   -2.05289e+02   -2.68909e+03   -3.56428e+03    3.82330e+03    1.31329e+04
 Pressure (bar)
    0.00000e+00

           Step           Time         Lambda
            430      430.00000        0.00000

           Step           Time         Lambda
            431      431.00000        0.00000

   Energies (kJ/mol)
        G96Bond       G96Angle    Proper Dih.  Improper Dih.          LJ-14
    2.82517e+03    1.08052e+02    1.33968e+02    2.11152e+00    1.26986e+04
     Coulomb-14        LJ (SR)   Coulomb (SR)   Coul. recip.      Potential
   -2.05558e+02   -2.68911e+03   -3.56418e+03    3.82290e+03    1.31320e+04
 Pressure (bar)
    0.00000e+00

           Step           Time         Lambda
            432      432.00000        0.00000

   Energies (kJ/mol)
        G96Bond       G96Angle    Proper Dih.  Improper Dih.          LJ-14
    2.82842e+03    1.07629e+02    1.33910e+02    2.11154e+00    1.26948e+04
     Coulomb-14        LJ (SR)   Coulomb (SR)   Coul. recip.      Potential
   -2.05408e+02   -2.68911e+03   -3.56409e+03    3.82269e+03    1.31309e+04
 Pressure (bar)
    0.00000e+00

           Step           Time         Lambda
            433      433.00000        0.00000

   Energies (kJ/mol)
        G96Bond       G96Angle    Proper Dih.  Improper Dih.          LJ-14
    2.83217e+03    1.08342e+02    1.34036e+02    2.11164e+00    1.26903e+04
     Coulomb-14        LJ (SR)   Coulomb (SR)   Coul. recip.      Potential
   -2.05762e+02   -2.68913e+03   -3.56400e+03    3.82228e+03    1.31304e+04
 Pressure (bar)
    0.00000e+00

           Step           Time         Lambda
            434      434.00000        0.00000

   Energies (kJ/mol)
        G96Bond       G96Angle    Proper Dih.  Improper Dih.          LJ-14
    2.83576e+03    1.07824e+02    1.33944e+02    2.11167e+00    1.26865e+04
     Coulomb-14        LJ (SR)   Coulomb (SR)   Coul. recip.      Potential
   -2.05512e+02   -2.68913e+03   -3.56390e+03    3.82211e+03    1.31297e+04
 Pressure (bar)
    0.00000e+00

           Step           Time         Lambda
            435      435.00000        0.00000

           Step           Time         Lambda
            436      436.00000        0.00000

   Energies (kJ/mol)
        G96Bond       G96Angle    Proper Dih.  Improper Dih.          LJ-14
    2.83568e+03    1.07496e+02    1.34020e+02    2.11171e+00    1.26843e+04
     Coulomb-14        LJ (SR)   Coulomb (SR)   Coul. recip.      Potential
   -2.05749e+02   -2.68914e+03   -3.56386e+03    3.82188e+03    1.31267e+04
 Pressure (bar)
    0.00000e+00

           Step           Time         Lambda
            437      437.00000        0.00000

   Energies (kJ/mol)
        G96Bond       G96Angle    Proper Dih.  Improper Dih.          LJ-14
    2.85363e+03    1.07919e+02    1.34069e+02    2.11198e+00    1.26645e+04
     Coulomb-14        LJ (SR)   Coulomb (SR)   Coul. recip.      Potential
   -2.05870e+02   -2.68918e+03   -3.56341e+03    3.82051e+03    1.31243e+04
 Pressure (bar)
    0.00000e+00

           Step           Time         Lambda
            438      438.00000        0.00000

   Energies (kJ/mol)
        G96Bond       G96Angle    Proper Dih.  Improper Dih.          LJ-14
    2.85308e+03    1.07489e+02    1.34173e+02    2.11206e+00    1.26620e+04
     Coulomb-14        LJ (SR)   Coulomb (SR)   Coul. recip.      Potential
   -2.06214e+02   -2.68920e+03   -3.56336e+03    3.82022e+03    1.31203e+04
 Pressure (bar)
    0.00000e+00

           Step           Time         Lambda
            439      439.00000        0.00000

           Step           Time         Lambda
            440      440.00000        0.00000

   Energies (kJ/mol)
        G96Bond       G96Angle    Proper Dih.  Improper Dih.          LJ-14
    2.85706e+03    1.07251e+02    1.34140e+02    2.11209e+00    1.26575e+04
     Coulomb-14        LJ (SR)   Coulomb (SR)   Coul. recip.      Potential
   -2.06125e+02   -2.68921e+03   -3.56326e+03    3.81994e+03    1.31194e+04
 Pressure (bar)
    0.00000e+00

           Step           Time         Lambda
            441      441.00000        0.00000

   Energies (kJ/mol)
        G96Bond       G96Angle    Proper Dih.  Improper Dih.          LJ-14
    2.85970e+03    1.07609e+02    1.34232e+02    2.11217e+00    1.26539e+04
     Coulomb-14        LJ (SR)   Coulomb (SR)   Coul. recip.      Potential
   -2.06402e+02   -2.68922e+03   -3.56318e+03    3.81959e+03    1.31183e+04
 Pressure (bar)
    0.00000e+00

           Step           Time         Lambda
            442      442.00000        0.00000

   Energies (kJ/mol)
        G96Bond       G96Angle    Proper Dih.  Improper Dih.          LJ-14
    2.86381e+03    1.07339e+02    1.34174e+02    2.11219e+00    1.26496e+04
     Coulomb-14        LJ (SR)   Coulomb (SR)   Coul. recip.      Potential
   -2.06236e+02   -2.68923e+03   -3.56308e+03    3.81936e+03    1.31178e+04
 Pressure (bar)
    0.00000e+00

           Step           Time         Lambda
            443      443.00000        0.00000

   Energies (kJ/mol)
        G96Bond       G96Angle    Proper Dih.  Improper Dih.          LJ-14
    2.86655e+03    1.07909e+02    1.34298e+02    2.11228e+00    1.26458e+04
     Coulomb-14        LJ (SR)   Coulomb (SR)   Coul. recip.      Potential
   -2.06604e+02   -2.68925e+03   -3.56300e+03    3.81897e+03    1.31168e+04
 Pressure (bar)
    0.00000e+00

           Step           Time         Lambda
            444      444.00000        0.00000

           Step           Time         Lambda
            445      445.00000        0.00000

   Energies (kJ/mol)
        G96Bond       G96Angle    Proper Dih.  Improper Dih.          LJ-14
    2.86713e+03    1.07051e+02    1.34244e+02    2.11227e+00    1.26438e+04
     Coulomb-14        LJ (SR)   Coulomb (SR)   Coul. recip.      Potential
   -2.06466e+02   -2.68925e+03   -3.56295e+03    3.81888e+03    1.31145e+04
 Pressure (bar)
    0.00000e+00

           Step           Time         Lambda
            446      446.00000        0.00000

   Energies (kJ/mol)
        G96Bond       G96Angle    Proper Dih.  Improper Dih.          LJ-14
    2.87920e+03    1.08086e+02    1.34404e+02    2.11249e+00    1.26304e+04
     Coulomb-14        LJ (SR)   Coulomb (SR)   Coul. recip.      Potential
   -2.06926e+02   -2.68930e+03   -3.56264e+03    3.81779e+03    1.31131e+04
 Pressure (bar)
    0.00000e+00

           Step           Time         Lambda
            447      447.00000        0.00000

   Energies (kJ/mol)
        G96Bond       G96Angle    Proper Dih.  Improper Dih.          LJ-14
    2.87970e+03    1.06930e+02    1.34322e+02    2.11249e+00    1.26280e+04
     Coulomb-14        LJ (SR)   Coulomb (SR)   Coul. recip.      Potential
   -2.06724e+02   -2.68929e+03   -3.56258e+03    3.81769e+03    1.31102e+04
 Pressure (bar)
    0.00000e+00

           Step           Time         Lambda
            448      448.00000        0.00000

           Step           Time         Lambda
            449      449.00000        0.00000

   Energies (kJ/mol)
        G96Bond       G96Angle    Proper Dih.  Improper Dih.          LJ-14
    2.88257e+03    1.07220e+02    1.34396e+02    2.11252e+00    1.26243e+04
     Coulomb-14        LJ (SR)   Coulomb (SR)   Coul. recip.      Potential
   -2.06944e+02   -2.68931e+03   -3.56250e+03    3.81736e+03    1.31092e+04
 Pressure (bar)
    0.00000e+00

           Step           Time         Lambda
            450      450.00000        0.00000

   Energies (kJ/mol)
        G96Bond       G96Angle    Proper Dih.  Improper Dih.          LJ-14
    2.88598e+03    1.06926e+02    1.34355e+02    2.11251e+00    1.26204e+04
     Coulomb-14        LJ (SR)   Coulomb (SR)   Coul. recip.      Potential
   -2.06837e+02   -2.68932e+03   -3.56241e+03    3.81712e+03    1.31083e+04
 Pressure (bar)
    0.00000e+00

           Step           Time         Lambda
            451      451.00000        0.00000

   Energies (kJ/mol)
        G96Bond       G96Angle    Proper Dih.  Improper Dih.          LJ-14
    2.88889e+03    1.07386e+02    1.34453e+02    2.11260e+00    1.26166e+04
     Coulomb-14        LJ (SR)   Coulomb (SR)   Coul. recip.      Potential
   -2.07129e+02   -2.68934e+03   -3.56232e+03    3.81676e+03    1.31075e+04
 Pressure (bar)
    0.00000e+00

           Step           Time         Lambda
            452      452.00000        0.00000

   Energies (kJ/mol)
        G96Bond       G96Angle    Proper Dih.  Improper Dih.          LJ-14
    2.89254e+03    1.07029e+02    1.34385e+02    2.11261e+00    1.26128e+04
     Coulomb-14        LJ (SR)   Coulomb (SR)   Coul. recip.      Potential
   -2.06936e+02   -2.68934e+03   -3.56223e+03    3.81656e+03    1.31070e+04
 Pressure (bar)
    0.00000e+00

           Step           Time         Lambda
            453      453.00000        0.00000

   Energies (kJ/mol)
        G96Bond       G96Angle    Proper Dih.  Improper Dih.          LJ-14
    2.89557e+03    1.07760e+02    1.34516e+02    2.11269e+00    1.26091e+04
     Coulomb-14        LJ (SR)   Coulomb (SR)   Coul. recip.      Potential
   -2.07327e+02   -2.68936e+03   -3.56215e+03    3.81616e+03    1.31064e+04
 Pressure (bar)
    0.00000e+00

           Step           Time         Lambda
            454      454.00000        0.00000

           Step           Time         Lambda
            455      455.00000        0.00000

   Energies (kJ/mol)
        G96Bond       G96Angle    Proper Dih.  Improper Dih.          LJ-14
    2.89568e+03    1.06731e+02    1.34455e+02    2.11267e+00    1.26072e+04
     Coulomb-14        LJ (SR)   Coulomb (SR)   Coul. recip.      Potential
   -2.07172e+02   -2.68936e+03   -3.56210e+03    3.81608e+03    1.31037e+04
 Pressure (bar)
    0.00000e+00

           Step           Time         Lambda
            456      456.00000        0.00000

   Energies (kJ/mol)
        G96Bond       G96Angle    Proper Dih.  Improper Dih.          LJ-14
    2.91131e+03    1.07952e+02    1.34642e+02    2.11286e+00    1.25899e+04
     Coulomb-14        LJ (SR)   Coulomb (SR)   Coul. recip.      Potential
   -2.07718e+02   -2.68942e+03   -3.56170e+03    3.81465e+03    1.31018e+04
 Pressure (bar)
    0.00000e+00

           Step           Time         Lambda
            457      457.00000        0.00000

   Energies (kJ/mol)
        G96Bond       G96Angle    Proper Dih.  Improper Dih.          LJ-14
    2.91121e+03    1.06569e+02    1.34550e+02    2.11287e+00    1.25878e+04
     Coulomb-14        LJ (SR)   Coulomb (SR)   Coul. recip.      Potential
   -2.07496e+02   -2.68942e+03   -3.56164e+03    3.81458e+03    1.30983e+04
 Pressure (bar)
    0.00000e+00

           Step           Time         Lambda
            458      458.00000        0.00000

           Step           Time         Lambda
            459      459.00000        0.00000

   Energies (kJ/mol)
        G96Bond       G96Angle    Proper Dih.  Improper Dih.          LJ-14
    2.91440e+03    1.06939e+02    1.34628e+02    2.11292e+00    1.25839e+04
     Coulomb-14        LJ (SR)   Coulomb (SR)   Coul. recip.      Potential
   -2.07733e+02   -2.68944e+03   -3.56155e+03    3.81422e+03    1.30975e+04
 Pressure (bar)
    0.00000e+00

           Step           Time         Lambda
            460      460.00000        0.00000

   Energies (kJ/mol)
        G96Bond       G96Angle    Proper Dih.  Improper Dih.          LJ-14
    2.91732e+03    1.06567e+02    1.34579e+02    2.11294e+00    1.25805e+04
     Coulomb-14        LJ (SR)   Coulomb (SR)   Coul. recip.      Potential
   -2.07602e+02   -2.68944e+03   -3.56147e+03    3.81402e+03    1.30966e+04
 Pressure (bar)
    0.00000e+00

           Step           Time         Lambda
            461      461.00000        0.00000

   Energies (kJ/mol)
        G96Bond       G96Angle    Proper Dih.  Improper Dih.          LJ-14
    2.92052e+03    1.07153e+02    1.34682e+02    2.11298e+00    1.25767e+04
     Coulomb-14        LJ (SR)   Coulomb (SR)   Coul. recip.      Potential
   -2.07912e+02   -2.68947e+03   -3.56138e+03    3.81363e+03    1.30960e+04
 Pressure (bar)
    0.00000e+00

           Step           Time         Lambda
            462      462.00000        0.00000

   Energies (kJ/mol)
        G96Bond       G96Angle    Proper Dih.  Improper Dih.          LJ-14
    2.92371e+03    1.06689e+02    1.34604e+02    2.11296e+00    1.25733e+04
     Coulomb-14        LJ (SR)   Coulomb (SR)   Coul. recip.      Potential
   -2.07693e+02   -2.68947e+03   -3.56129e+03    3.81346e+03    1.30954e+04
 Pressure (bar)
    0.00000e+00

           Step           Time         Lambda
            463      463.00000        0.00000

   Energies (kJ/mol)
        G96Bond       G96Angle    Proper Dih.  Improper Dih.          LJ-14
    2.92709e+03    1.07612e+02    1.34742e+02    2.11304e+00    1.25695e+04
     Coulomb-14        LJ (SR)   Coulomb (SR)   Coul. recip.      Potential
   -2.08108e+02   -2.68949e+03   -3.56121e+03    3.81304e+03    1.30953e+04
 Pressure (bar)
    0.00000e+00

           Step           Time         Lambda
            464      464.00000        0.00000

           Step           Time         Lambda
            465      465.00000        0.00000

   Energies (kJ/mol)
        G96Bond       G96Angle    Proper Dih.  Improper Dih.          LJ-14
    2.92668e+03    1.06383e+02    1.34674e+02    2.11303e+00    1.25679e+04
     Coulomb-14        LJ (SR)   Coulomb (SR)   Coul. recip.      Potential
   -2.07936e+02   -2.68949e+03   -3.56117e+03    3.81298e+03    1.30921e+04
 Pressure (bar)
    0.00000e+00

           Step           Time         Lambda
            466      466.00000        0.00000

   Energies (kJ/mol)
        G96Bond       G96Angle    Proper Dih.  Improper Dih.          LJ-14
    2.94844e+03    1.07788e+02    1.34904e+02    2.11310e+00    1.25437e+04
     Coulomb-14        LJ (SR)   Coulomb (SR)   Coul. recip.      Potential
   -2.08629e+02   -2.68958e+03   -3.56058e+03    3.81096e+03    1.30891e+04
 Pressure (bar)
    0.00000e+00

           Step           Time         Lambda
            467      467.00000        0.00000

   Energies (kJ/mol)
        G96Bond       G96Angle    Proper Dih.  Improper Dih.          LJ-14
    2.94766e+03    1.06152e+02    1.34801e+02    2.11309e+00    1.25418e+04
     Coulomb-14        LJ (SR)   Coulomb (SR)   Coul. recip.      Potential
   -2.08390e+02   -2.68958e+03   -3.56053e+03    3.81090e+03    1.30849e+04
 Pressure (bar)
    0.00000e+00

           Step           Time         Lambda
            468      468.00000        0.00000

           Step           Time         Lambda
            469      469.00000        0.00000

   Energies (kJ/mol)
        G96Bond       G96Angle    Proper Dih.  Improper Dih.          LJ-14
    2.95116e+03    1.06615e+02    1.34881e+02    2.11315e+00    1.25377e+04
     Coulomb-14        LJ (SR)   Coulomb (SR)   Coul. recip.      Potential
   -2.08641e+02   -2.68960e+03   -3.56044e+03    3.81051e+03    1.30843e+04
 Pressure (bar)
    0.00000e+00

           Step           Time         Lambda
            470      470.00000        0.00000

   Energies (kJ/mol)
        G96Bond       G96Angle    Proper Dih.  Improper Dih.          LJ-14
    2.95362e+03    1.06152e+02    1.34825e+02    2.11315e+00    1.25348e+04
     Coulomb-14        LJ (SR)   Coulomb (SR)   Coul. recip.      Potential
   -2.08489e+02   -2.68961e+03   -3.56036e+03    3.81034e+03    1.30833e+04
 Pressure (bar)
    0.00000e+00

           Step           Time         Lambda
            471      471.00000        0.00000

   Energies (kJ/mol)
        G96Bond       G96Angle    Proper Dih.  Improper Dih.          LJ-14
    2.95711e+03    1.06884e+02    1.34932e+02    2.11318e+00    1.25309e+04
     Coulomb-14        LJ (SR)   Coulomb (SR)   Coul. recip.      Potential
   -2.08819e+02   -2.68963e+03   -3.56027e+03    3.80994e+03    1.30832e+04
 Pressure (bar)
    0.00000e+00

           Step           Time         Lambda
            472      472.00000        0.00000

   Energies (kJ/mol)
        G96Bond       G96Angle    Proper Dih.  Improper Dih.          LJ-14
    2.95984e+03    1.06294e+02    1.34845e+02    2.11313e+00    1.25279e+04
     Coulomb-14        LJ (SR)   Coulomb (SR)   Coul. recip.      Potential
   -2.08573e+02   -2.68963e+03   -3.56019e+03    3.80979e+03    1.30824e+04
 Pressure (bar)
    0.00000e+00

           Step           Time         Lambda
            473      473.00000        0.00000

           Step           Time         Lambda
            474      474.00000        0.00000

   Energies (kJ/mol)
        G96Bond       G96Angle    Proper Dih.  Improper Dih.          LJ-14
    2.95992e+03    1.06098e+02    1.34910e+02    2.11314e+00    1.25260e+04
     Coulomb-14        LJ (SR)   Coulomb (SR)   Coul. recip.      Potential
   -2.08793e+02   -2.68965e+03   -3.56015e+03    3.80958e+03    1.30801e+04
 Pressure (bar)
    0.00000e+00

           Step           Time         Lambda
            475      475.00000        0.00000

   Energies (kJ/mol)
        G96Bond       G96Angle    Proper Dih.  Improper Dih.          LJ-14
    2.97186e+03    1.06384e+02    1.34909e+02    2.11313e+00    1.25138e+04
     Coulomb-14        LJ (SR)   Coulomb (SR)   Coul. recip.      Potential
   -2.08801e+02   -2.68969e+03   -3.55984e+03    3.80864e+03    1.30794e+04
 Pressure (bar)
    0.00000e+00

           Step           Time         Lambda
            476      476.00000        0.00000

   Energies (kJ/mol)
        G96Bond       G96Angle    Proper Dih.  Improper Dih.          LJ-14
    2.97159e+03    1.06145e+02    1.34999e+02    2.11316e+00    1.25117e+04
     Coulomb-14        LJ (SR)   Coulomb (SR)   Coul. recip.      Potential
   -2.09117e+02   -2.68971e+03   -3.55979e+03    3.80837e+03    1.30763e+04
 Pressure (bar)
    0.00000e+00

           Step           Time         Lambda
            477      477.00000        0.00000

           Step           Time         Lambda
            478      478.00000        0.00000

   Energies (kJ/mol)
        G96Bond       G96Angle    Proper Dih.  Improper Dih.          LJ-14
    2.97455e+03    1.05863e+02    1.34963e+02    2.11313e+00    1.25083e+04
     Coulomb-14        LJ (SR)   Coulomb (SR)   Coul. recip.      Potential
   -2.09019e+02   -2.68971e+03   -3.55970e+03    3.80815e+03    1.30755e+04
 Pressure (bar)
    0.00000e+00

           Step           Time         Lambda
            479      479.00000        0.00000

   Energies (kJ/mol)
        G96Bond       G96Angle    Proper Dih.  Improper Dih.          LJ-14
    2.97710e+03    1.06265e+02    1.35043e+02    2.11315e+00    1.25051e+04
     Coulomb-14        LJ (SR)   Coulomb (SR)   Coul. recip.      Potential
   -2.09276e+02   -2.68974e+03   -3.55963e+03    3.80781e+03    1.30748e+04
 Pressure (bar)
    0.00000e+00

           Step           Time         Lambda
            480      480.00000        0.00000

   Energies (kJ/mol)
        G96Bond       G96Angle    Proper Dih.  Improper Dih.          LJ-14
    2.98022e+03    1.05920e+02    1.34983e+02    2.11311e+00    1.25019e+04
     Coulomb-14        LJ (SR)   Coulomb (SR)   Coul. recip.      Potential
   -2.09107e+02   -2.68974e+03   -3.55954e+03    3.80762e+03    1.30743e+04
 Pressure (bar)
    0.00000e+00

           Step           Time         Lambda
            481      481.00000        0.00000

   Energies (kJ/mol)
        G96Bond       G96Angle    Proper Dih.  Improper Dih.          LJ-14
    2.98286e+03    1.06547e+02    1.35091e+02    2.11315e+00    1.24986e+04
     Coulomb-14        LJ (SR)   Coulomb (SR)   Coul. recip.      Potential
   -2.09449e+02   -2.68976e+03   -3.55946e+03    3.80724e+03    1.30738e+04
 Pressure (bar)
    0.00000e+00

           Step           Time         Lambda
            482      482.00000        0.00000

           Step           Time         Lambda
            483      483.00000        0.00000

   Energies (kJ/mol)
        G96Bond       G96Angle    Proper Dih.  Improper Dih.          LJ-14
    2.98315e+03    1.05725e+02    1.35039e+02    2.11313e+00    1.24971e+04
     Coulomb-14        LJ (SR)   Coulomb (SR)   Coul. recip.      Potential
   -2.09314e+02   -2.68977e+03   -3.55942e+03    3.80717e+03    1.30717e+04
 Pressure (bar)
    0.00000e+00

           Step           Time         Lambda
            484      484.00000        0.00000

   Energies (kJ/mol)
        G96Bond       G96Angle    Proper Dih.  Improper Dih.          LJ-14
    2.99680e+03    1.06671e+02    1.35185e+02    2.11309e+00    1.24819e+04
     Coulomb-14        LJ (SR)   Coulomb (SR)   Coul. recip.      Potential
   -2.09800e+02   -2.68984e+03   -3.55904e+03    3.80582e+03    1.30698e+04
 Pressure (bar)
    0.00000e+00

           Step           Time         Lambda
            485      485.00000        0.00000

   Energies (kJ/mol)
        G96Bond       G96Angle    Proper Dih.  Improper Dih.          LJ-14
    2.99697e+03    1.05564e+02    1.35108e+02    2.11302e+00    1.24801e+04
     Coulomb-14        LJ (SR)   Coulomb (SR)   Coul. recip.      Potential
   -2.09606e+02   -2.68984e+03   -3.55899e+03    3.80574e+03    1.30672e+04
 Pressure (bar)
    0.00000e+00

           Step           Time         Lambda
            486      486.00000        0.00000

           Step           Time         Lambda
            487      487.00000        0.00000

   Energies (kJ/mol)
        G96Bond       G96Angle    Proper Dih.  Improper Dih.          LJ-14
    2.99975e+03    1.05877e+02    1.35170e+02    2.11303e+00    1.24767e+04
     Coulomb-14        LJ (SR)   Coulomb (SR)   Coul. recip.      Potential
   -2.09814e+02   -2.68986e+03   -3.55890e+03    3.80540e+03    1.30665e+04
 Pressure (bar)
    0.00000e+00

           Step           Time         Lambda
            488      488.00000        0.00000

   Energies (kJ/mol)
        G96Bond       G96Angle    Proper Dih.  Improper Dih.          LJ-14
    3.00229e+03    1.05542e+02    1.35127e+02    2.11300e+00    1.24738e+04
     Coulomb-14        LJ (SR)   Coulomb (SR)   Coul. recip.      Potential
   -2.09699e+02   -2.68987e+03   -3.55883e+03    3.80521e+03    1.30657e+04
 Pressure (bar)
    0.00000e+00

           Step           Time         Lambda
            489      489.00000        0.00000

   Energies (kJ/mol)
        G96Bond       G96Angle    Proper Dih.  Improper Dih.          LJ-14
    3.00507e+03    1.06037e+02    1.35210e+02    2.11300e+00    1.24706e+04
     Coulomb-14        LJ (SR)   Coulomb (SR)   Coul. recip.      Potential
   -2.09972e+02   -2.68989e+03   -3.55875e+03    3.80485e+03    1.30652e+04
 Pressure (bar)
    0.00000e+00

           Step           Time         Lambda
            490      490.00000        0.00000

   Energies (kJ/mol)
        G96Bond       G96Angle    Proper Dih.  Improper Dih.          LJ-14
    3.00781e+03    1.05609e+02    1.35144e+02    2.11297e+00    1.24677e+04
     Coulomb-14        LJ (SR)   Coulomb (SR)   Coul. recip.      Potential
   -2.09780e+02   -2.68990e+03   -3.55867e+03    3.80468e+03    1.30647e+04
 Pressure (bar)
    0.00000e+00

           Step           Time         Lambda
            491      491.00000        0.00000

   Energies (kJ/mol)
        G96Bond       G96Angle    Proper Dih.  Improper Dih.          LJ-14
    3.01070e+03    1.06384e+02    1.35256e+02    2.11300e+00    1.24644e+04
     Coulomb-14        LJ (SR)   Coulomb (SR)   Coul. recip.      Potential
   -2.10144e+02   -2.68992e+03   -3.55859e+03    3.80430e+03    1.30645e+04
 Pressure (bar)
    0.00000e+00

           Step           Time         Lambda
            492      492.00000        0.00000

   Energies (kJ/mol)
        G96Bond       G96Angle    Proper Dih.  Improper Dih.          LJ-14
    3.01382e+03    1.05870e+02    1.35155e+02    2.11291e+00    1.24616e+04
     Coulomb-14        LJ (SR)   Coulomb (SR)   Coul. recip.      Potential
   -2.09842e+02   -2.68992e+03   -3.55851e+03    3.80418e+03    1.30644e+04
 Pressure (bar)
    0.00000e+00

           Step           Time         Lambda
            493      493.00000        0.00000

           Step           Time         Lambda
            494      494.00000        0.00000

   Energies (kJ/mol)
        G96Bond       G96Angle    Proper Dih.  Improper Dih.          LJ-14
    3.01303e+03    1.05457e+02    1.35224e+02    2.11294e+00    1.24599e+04
     Coulomb-14        LJ (SR)   Coulomb (SR)   Coul. recip.      Potential
   -2.10090e+02   -2.68994e+03   -3.55847e+03    3.80396e+03    1.30612e+04
 Pressure (bar)
    0.00000e+00

           Step           Time         Lambda
            495      495.00000        0.00000

   Energies (kJ/mol)
        G96Bond       G96Angle    Proper Dih.  Improper Dih.          LJ-14
    3.02947e+03    1.06027e+02    1.35231e+02    2.11280e+00    1.24435e+04
     Coulomb-14        LJ (SR)   Coulomb (SR)   Coul. recip.      Potential
   -2.10134e+02   -2.69001e+03   -3.55804e+03    3.80261e+03    1.30608e+04
 Pressure (bar)
    0.00000e+00

           Step           Time         Lambda
            496      496.00000        0.00000

   Energies (kJ/mol)
        G96Bond       G96Angle    Proper Dih.  Improper Dih.          LJ-14
    3.02805e+03    1.05489e+02    1.35324e+02    2.11283e+00    1.24417e+04
     Coulomb-14        LJ (SR)   Coulomb (SR)   Coul. recip.      Potential
   -2.10501e+02   -2.69003e+03   -3.55799e+03    3.80233e+03    1.30565e+04
 Pressure (bar)
    0.00000e+00

           Step           Time         Lambda
            497      497.00000        0.00000

           Step           Time         Lambda
            498      498.00000        0.00000

   Energies (kJ/mol)
        G96Bond       G96Angle    Proper Dih.  Improper Dih.          LJ-14
    3.03140e+03    1.05259e+02    1.35279e+02    2.11277e+00    1.24383e+04
     Coulomb-14        LJ (SR)   Coulomb (SR)   Coul. recip.      Potential
   -2.10376e+02   -2.69004e+03   -3.55790e+03    3.80209e+03    1.30561e+04
 Pressure (bar)
    0.00000e+00

           Step           Time         Lambda
            499      499.00000        0.00000

   Energies (kJ/mol)
        G96Bond       G96Angle    Proper Dih.  Improper Dih.          LJ-14
    3.03330e+03    1.05645e+02    1.35361e+02    2.11279e+00    1.24356e+04
     Coulomb-14        LJ (SR)   Coulomb (SR)   Coul. recip.      Potential
   -2.10658e+02   -2.69007e+03   -3.55783e+03    3.80178e+03    1.30552e+04
 Pressure (bar)
    0.00000e+00

           Step           Time         Lambda
            500      500.00000        0.00000

           Step           Time         Lambda
            501      501.00000        0.00000

   Energies (kJ/mol)
        G96Bond       G96Angle    Proper Dih.  Improper Dih.          LJ-14
    3.03413e+03    1.05117e+02    1.35323e+02    2.11274e+00    1.24340e+04
     Coulomb-14        LJ (SR)   Coulomb (SR)   Coul. recip.      Potential
   -2.10554e+02   -2.69007e+03   -3.55779e+03    3.80167e+03    1.30540e+04
 Pressure (bar)
    0.00000e+00

           Step           Time         Lambda
            502      502.00000        0.00000

   Energies (kJ/mol)
        G96Bond       G96Angle    Proper Dih.  Improper Dih.          LJ-14
    3.04149e+03    1.05736e+02    1.35411e+02    2.11268e+00    1.24259e+04
     Coulomb-14        LJ (SR)   Coulomb (SR)   Coul. recip.      Potential
   -2.10875e+02   -2.69012e+03   -3.55757e+03    3.80089e+03    1.30530e+04
 Pressure (bar)
    0.00000e+00

           Step           Time         Lambda
            503      503.00000        0.00000

   Energies (kJ/mol)
        G96Bond       G96Angle    Proper Dih.  Improper Dih.          LJ-14
    3.04237e+03    1.05021e+02    1.35354e+02    2.11263e+00    1.24241e+04
     Coulomb-14        LJ (SR)   Coulomb (SR)   Coul. recip.      Potential
   -2.10720e+02   -2.69012e+03   -3.55752e+03    3.80079e+03    1.30514e+04
 Pressure (bar)
    0.00000e+00

           Step           Time         Lambda
            504      504.00000        0.00000

           Step           Time         Lambda
            505      505.00000        0.00000

   Energies (kJ/mol)
        G96Bond       G96Angle    Proper Dih.  Improper Dih.          LJ-14
    3.04435e+03    1.05214e+02    1.35401e+02    2.11263e+00    1.24215e+04
     Coulomb-14        LJ (SR)   Coulomb (SR)   Coul. recip.      Potential
   -2.10886e+02   -2.69014e+03   -3.55745e+03    3.80052e+03    1.30507e+04
 Pressure (bar)
    0.00000e+00

           Step           Time         Lambda
            506      506.00000        0.00000

   Energies (kJ/mol)
        G96Bond       G96Angle    Proper Dih.  Improper Dih.          LJ-14
    3.04723e+03    1.04991e+02    1.35370e+02    2.11259e+00    1.24184e+04
     Coulomb-14        LJ (SR)   Coulomb (SR)   Coul. recip.      Potential
   -2.10810e+02   -2.69016e+03   -3.55737e+03    3.80028e+03    1.30500e+04
 Pressure (bar)
    0.00000e+00

           Step           Time         Lambda
            507      507.00000        0.00000

   Energies (kJ/mol)
        G96Bond       G96Angle    Proper Dih.  Improper Dih.          LJ-14
    3.04925e+03    1.05295e+02    1.35433e+02    2.11255e+00    1.24158e+04
     Coulomb-14        LJ (SR)   Coulomb (SR)   Coul. recip.      Potential
   -2.11031e+02   -2.69018e+03   -3.55730e+03    3.79998e+03    1.30493e+04
 Pressure (bar)
    0.00000e+00

           Step           Time         Lambda
            508      508.00000        0.00000

   Energies (kJ/mol)
        G96Bond       G96Angle    Proper Dih.  Improper Dih.          LJ-14
    3.05222e+03    1.05020e+02    1.35383e+02    2.11246e+00    1.24127e+04
     Coulomb-14        LJ (SR)   Coulomb (SR)   Coul. recip.      Potential
   -2.10889e+02   -2.69019e+03   -3.55722e+03    3.79977e+03    1.30490e+04
 Pressure (bar)
    0.00000e+00

           Step           Time         Lambda
            509      509.00000        0.00000

   Energies (kJ/mol)
        G96Bond       G96Angle    Proper Dih.  Improper Dih.          LJ-14
    3.05429e+03    1.05499e+02    1.35469e+02    2.11245e+00    1.24101e+04
     Coulomb-14        LJ (SR)   Coulomb (SR)   Coul. recip.      Potential
   -2.11186e+02   -2.69021e+03   -3.55715e+03    3.79945e+03    1.30483e+04
 Pressure (bar)
    0.00000e+00

           Step           Time         Lambda
            510      510.00000        0.00000

           Step           Time         Lambda
            511      511.00000        0.00000

   Energies (kJ/mol)
        G96Bond       G96Angle    Proper Dih.  Improper Dih.          LJ-14
    3.05483e+03    1.04875e+02    1.35426e+02    2.11240e+00    1.24086e+04
     Coulomb-14        LJ (SR)   Coulomb (SR)   Coul. recip.      Potential
   -2.11069e+02   -2.69021e+03   -3.55710e+03    3.79937e+03    1.30468e+04
 Pressure (bar)
    0.00000e+00

           Step           Time         Lambda
            512      512.00000        0.00000

   Energies (kJ/mol)
        G96Bond       G96Angle    Proper Dih.  Improper Dih.          LJ-14
    3.06405e+03    1.05602e+02    1.35525e+02    2.11233e+00    1.23986e+04
     Coulomb-14        LJ (SR)   Coulomb (SR)   Coul. recip.      Potential
   -2.11439e+02   -2.69028e+03   -3.55683e+03    3.79838e+03    1.30457e+04
 Pressure (bar)
    0.00000e+00

           Step           Time         Lambda
            513      513.00000        0.00000

   Energies (kJ/mol)
        G96Bond       G96Angle    Proper Dih.  Improper Dih.          LJ-14
    3.06457e+03    1.04753e+02    1.35462e+02    2.11229e+00    1.23969e+04
     Coulomb-14        LJ (SR)   Coulomb (SR)   Coul. recip.      Potential
   -2.11268e+02   -2.69028e+03   -3.55679e+03    3.79830e+03    1.30438e+04
 Pressure (bar)
    0.00000e+00

           Step           Time         Lambda
            514      514.00000        0.00000

           Step           Time         Lambda
            515      515.00000        0.00000

   Energies (kJ/mol)
        G96Bond       G96Angle    Proper Dih.  Improper Dih.          LJ-14
    3.06675e+03    1.04996e+02    1.35511e+02    2.11225e+00    1.23942e+04
     Coulomb-14        LJ (SR)   Coulomb (SR)   Coul. recip.      Potential
   -2.11447e+02   -2.69030e+03   -3.55671e+03    3.79800e+03    1.30431e+04
 Pressure (bar)
    0.00000e+00

           Step           Time         Lambda
            516      516.00000        0.00000

   Energies (kJ/mol)
        G96Bond       G96Angle    Proper Dih.  Improper Dih.          LJ-14
    3.06923e+03    1.04727e+02    1.35474e+02    2.11218e+00    1.23915e+04
     Coulomb-14        LJ (SR)   Coulomb (SR)   Coul. recip.      Potential
   -2.11351e+02   -2.69032e+03   -3.55664e+03    3.79780e+03    1.30425e+04
 Pressure (bar)
    0.00000e+00

           Step           Time         Lambda
            517      517.00000        0.00000

   Energies (kJ/mol)
        G96Bond       G96Angle    Proper Dih.  Improper Dih.          LJ-14
    3.07143e+03    1.05106e+02    1.35541e+02    2.11217e+00    1.23888e+04
     Coulomb-14        LJ (SR)   Coulomb (SR)   Coul. recip.      Potential
   -2.11587e+02   -2.69034e+03   -3.55656e+03    3.79748e+03    1.30420e+04
 Pressure (bar)
    0.00000e+00

           Step           Time         Lambda
            518      518.00000        0.00000

   Energies (kJ/mol)
        G96Bond       G96Angle    Proper Dih.  Improper Dih.          LJ-14
    3.07405e+03    1.04764e+02    1.35483e+02    2.11211e+00    1.23861e+04
     Coulomb-14        LJ (SR)   Coulomb (SR)   Coul. recip.      Potential
   -2.11422e+02   -2.69035e+03   -3.55649e+03    3.79730e+03    1.30416e+04
 Pressure (bar)
    0.00000e+00

           Step           Time         Lambda
            519      519.00000        0.00000

   Energies (kJ/mol)
        G96Bond       G96Angle    Proper Dih.  Improper Dih.          LJ-14
    3.07633e+03    1.05358e+02    1.35574e+02    2.11212e+00    1.23834e+04
     Coulomb-14        LJ (SR)   Coulomb (SR)   Coul. recip.      Potential
   -2.11739e+02   -2.69038e+03   -3.55642e+03    3.79696e+03    1.30412e+04
 Pressure (bar)
    0.00000e+00

           Step           Time         Lambda
            520      520.00000        0.00000

           Step           Time         Lambda
            521      521.00000        0.00000

   Energies (kJ/mol)
        G96Bond       G96Angle    Proper Dih.  Improper Dih.          LJ-14
    3.07655e+03    1.04618e+02    1.35526e+02    2.11209e+00    1.23821e+04
     Coulomb-14        LJ (SR)   Coulomb (SR)   Coul. recip.      Potential
   -2.11609e+02   -2.69038e+03   -3.55638e+03    3.79689e+03    1.30394e+04
 Pressure (bar)
    0.00000e+00

           Step           Time         Lambda
            522      522.00000        0.00000

   Energies (kJ/mol)
        G96Bond       G96Angle    Proper Dih.  Improper Dih.          LJ-14
    3.08875e+03    1.05463e+02    1.35639e+02    2.11193e+00    1.23689e+04
     Coulomb-14        LJ (SR)   Coulomb (SR)   Coul. recip.      Potential
   -2.12055e+02   -2.69047e+03   -3.55601e+03    3.79557e+03    1.30379e+04
 Pressure (bar)
    0.00000e+00

           Step           Time         Lambda
            523      523.00000        0.00000

   Energies (kJ/mol)
        G96Bond       G96Angle    Proper Dih.  Improper Dih.          LJ-14
    3.08886e+03    1.04458e+02    1.35567e+02    2.11189e+00    1.23674e+04
     Coulomb-14        LJ (SR)   Coulomb (SR)   Coul. recip.      Potential
   -2.11867e+02   -2.69047e+03   -3.55597e+03    3.79550e+03    1.30356e+04
 Pressure (bar)
    0.00000e+00

           Step           Time         Lambda
            524      524.00000        0.00000

           Step           Time         Lambda
            525      525.00000        0.00000

   Energies (kJ/mol)
        G96Bond       G96Angle    Proper Dih.  Improper Dih.          LJ-14
    3.09127e+03    1.04758e+02    1.35619e+02    2.11188e+00    1.23645e+04
     Coulomb-14        LJ (SR)   Coulomb (SR)   Coul. recip.      Potential
   -2.12059e+02   -2.69050e+03   -3.55589e+03    3.79518e+03    1.30350e+04
 Pressure (bar)
    0.00000e+00

           Step           Time         Lambda
            526      526.00000        0.00000

   Energies (kJ/mol)
        G96Bond       G96Angle    Proper Dih.  Improper Dih.          LJ-14
    3.09339e+03    1.04433e+02    1.35576e+02    2.11178e+00    1.23622e+04
     Coulomb-14        LJ (SR)   Coulomb (SR)   Coul. recip.      Potential
   -2.11944e+02   -2.69051e+03   -3.55582e+03    3.79500e+03    1.30344e+04
 Pressure (bar)
    0.00000e+00

           Step           Time         Lambda
            527      527.00000        0.00000

   Energies (kJ/mol)
        G96Bond       G96Angle    Proper Dih.  Improper Dih.          LJ-14
    3.09578e+03    1.04901e+02    1.35646e+02    2.11175e+00    1.23594e+04
     Coulomb-14        LJ (SR)   Coulomb (SR)   Coul. recip.      Potential
   -2.12196e+02   -2.69053e+03   -3.55574e+03    3.79467e+03    1.30340e+04
 Pressure (bar)
    0.00000e+00

           Step           Time         Lambda
            528      528.00000        0.00000

   Energies (kJ/mol)
        G96Bond       G96Angle    Proper Dih.  Improper Dih.          LJ-14
    3.09808e+03    1.04479e+02    1.35582e+02    2.11170e+00    1.23570e+04
     Coulomb-14        LJ (SR)   Coulomb (SR)   Coul. recip.      Potential
   -2.12009e+02   -2.69054e+03   -3.55568e+03    3.79452e+03    1.30336e+04
 Pressure (bar)
    0.00000e+00

           Step           Time         Lambda
            529      529.00000        0.00000

   Energies (kJ/mol)
        G96Bond       G96Angle    Proper Dih.  Improper Dih.          LJ-14
    3.10057e+03    1.05209e+02    1.35679e+02    2.11168e+00    1.23543e+04
     Coulomb-14        LJ (SR)   Coulomb (SR)   Coul. recip.      Potential
   -2.12347e+02   -2.69057e+03   -3.55560e+03    3.79416e+03    1.30335e+04
 Pressure (bar)
    0.00000e+00

           Step           Time         Lambda
            530      530.00000        0.00000

   Energies (kJ/mol)
        G96Bond       G96Angle    Proper Dih.  Improper Dih.          LJ-14
    3.10319e+03    1.04688e+02    1.35584e+02    2.11158e+00    1.23520e+04
     Coulomb-14        LJ (SR)   Coulomb (SR)   Coul. recip.      Potential
   -2.12056e+02   -2.69058e+03   -3.55553e+03    3.79405e+03    1.30334e+04
 Pressure (bar)
    0.00000e+00

           Step           Time         Lambda
            531      531.00000        0.00000

           Step           Time         Lambda
            532      532.00000        0.00000

   Energies (kJ/mol)
        G96Bond       G96Angle    Proper Dih.  Improper Dih.          LJ-14
    3.10252e+03    1.04381e+02    1.35643e+02    2.11159e+00    1.23506e+04
     Coulomb-14        LJ (SR)   Coulomb (SR)   Coul. recip.      Potential
   -2.12288e+02   -2.69059e+03   -3.55549e+03    3.79384e+03    1.30307e+04
 Pressure (bar)
    0.00000e+00

           Step           Time         Lambda
            533      533.00000        0.00000

   Energies (kJ/mol)
        G96Bond       G96Angle    Proper Dih.  Improper Dih.          LJ-14
    3.11585e+03    1.04815e+02    1.35622e+02    2.11133e+00    1.23377e+04
     Coulomb-14        LJ (SR)   Coulomb (SR)   Coul. recip.      Potential
   -2.12287e+02   -2.69068e+03   -3.55513e+03    3.79266e+03    1.30307e+04
 Pressure (bar)
    0.00000e+00

           Step           Time         Lambda
            534      534.00000        0.00000

   Energies (kJ/mol)
        G96Bond       G96Angle    Proper Dih.  Improper Dih.          LJ-14
    3.11465e+03    1.04423e+02    1.35703e+02    2.11136e+00    1.23362e+04
     Coulomb-14        LJ (SR)   Coulomb (SR)   Coul. recip.      Potential
   -2.12627e+02   -2.69070e+03   -3.55508e+03    3.79241e+03    1.30271e+04
 Pressure (bar)
    0.00000e+00

           Step           Time         Lambda
            535      535.00000        0.00000

           Step           Time         Lambda
            536      536.00000        0.00000

   Energies (kJ/mol)
        G96Bond       G96Angle    Proper Dih.  Improper Dih.          LJ-14
    3.11743e+03    1.04183e+02    1.35658e+02    2.11127e+00    1.23334e+04
     Coulomb-14        LJ (SR)   Coulomb (SR)   Coul. recip.      Potential
   -2.12503e+02   -2.69072e+03   -3.55500e+03    3.79219e+03    1.30268e+04
 Pressure (bar)
    0.00000e+00

           Step           Time         Lambda
            537      537.00000        0.00000

   Energies (kJ/mol)
        G96Bond       G96Angle    Proper Dih.  Improper Dih.          LJ-14
    3.11909e+03    1.04566e+02    1.35727e+02    2.11123e+00    1.23312e+04
     Coulomb-14        LJ (SR)   Coulomb (SR)   Coul. recip.      Potential
   -2.12765e+02   -2.69074e+03   -3.55494e+03    3.79190e+03    1.30261e+04
 Pressure (bar)
    0.00000e+00

           Step           Time         Lambda
            538      538.00000        0.00000

           Step           Time         Lambda
            539      539.00000        0.00000

   Energies (kJ/mol)
        G96Bond       G96Angle    Proper Dih.  Improper Dih.          LJ-14
    3.11976e+03    1.04082e+02    1.35691e+02    2.11118e+00    1.23299e+04
     Coulomb-14        LJ (SR)   Coulomb (SR)   Coul. recip.      Potential
   -2.12663e+02   -2.69075e+03   -3.55490e+03    3.79180e+03    1.30250e+04
 Pressure (bar)
    0.00000e+00

           Step           Time         Lambda
            540      540.00000        0.00000

   Energies (kJ/mol)
        G96Bond       G96Angle    Proper Dih.  Improper Dih.          LJ-14
    3.12636e+03    1.04643e+02    1.35759e+02    2.11109e+00    1.23227e+04
     Coulomb-14        LJ (SR)   Coulomb (SR)   Coul. recip.      Potential
   -2.12961e+02   -2.69081e+03   -3.55469e+03    3.79104e+03    1.30242e+04
 Pressure (bar)
    0.00000e+00

           Step           Time         Lambda
            541      541.00000        0.00000

   Energies (kJ/mol)
        G96Bond       G96Angle    Proper Dih.  Improper Dih.          LJ-14
    3.12707e+03    1.03984e+02    1.35705e+02    2.11106e+00    1.23212e+04
     Coulomb-14        LJ (SR)   Coulomb (SR)   Coul. recip.      Potential
   -2.12810e+02   -2.69082e+03   -3.55465e+03    3.79095e+03    1.30228e+04
 Pressure (bar)
    0.00000e+00

           Step           Time         Lambda
            542      542.00000        0.00000

           Step           Time         Lambda
            543      543.00000        0.00000

   Energies (kJ/mol)
        G96Bond       G96Angle    Proper Dih.  Improper Dih.          LJ-14
    3.12880e+03    1.04176e+02    1.35743e+02    2.11099e+00    1.23191e+04
     Coulomb-14        LJ (SR)   Coulomb (SR)   Coul. recip.      Potential
   -2.12964e+02   -2.69084e+03   -3.55458e+03    3.79069e+03    1.30222e+04
 Pressure (bar)
    0.00000e+00

           Step           Time         Lambda
            544      544.00000        0.00000

   Energies (kJ/mol)
        G96Bond       G96Angle    Proper Dih.  Improper Dih.          LJ-14
    3.13118e+03    1.03953e+02    1.35711e+02    2.11095e+00    1.23165e+04
     Coulomb-14        LJ (SR)   Coulomb (SR)   Coul. recip.      Potential
   -2.12885e+02   -2.69085e+03   -3.55451e+03    3.79048e+03    1.30217e+04
 Pressure (bar)
    0.00000e+00

           Step           Time         Lambda
            545      545.00000        0.00000

   Energies (kJ/mol)
        G96Bond       G96Angle    Proper Dih.  Improper Dih.          LJ-14
    3.13293e+03    1.04252e+02    1.35764e+02    2.11093e+00    1.23143e+04
     Coulomb-14        LJ (SR)   Coulomb (SR)   Coul. recip.      Potential
   -2.13089e+02   -2.69088e+03   -3.55444e+03    3.79019e+03    1.30211e+04
 Pressure (bar)
    0.00000e+00

           Step           Time         Lambda
            546      546.00000        0.00000

   Energies (kJ/mol)
        G96Bond       G96Angle    Proper Dih.  Improper Dih.          LJ-14
    3.13540e+03    1.03969e+02    1.35714e+02    2.11081e+00    1.23118e+04
     Coulomb-14        LJ (SR)   Coulomb (SR)   Coul. recip.      Potential
   -2.12949e+02   -2.69089e+03   -3.55437e+03    3.79001e+03    1.30208e+04
 Pressure (bar)
    0.00000e+00

           Step           Time         Lambda
            547      547.00000        0.00000

   Energies (kJ/mol)
        G96Bond       G96Angle    Proper Dih.  Improper Dih.          LJ-14
    3.13721e+03    1.04434e+02    1.35787e+02    2.11083e+00    1.23096e+04
     Coulomb-14        LJ (SR)   Coulomb (SR)   Coul. recip.      Potential
   -2.13224e+02   -2.69092e+03   -3.55430e+03    3.78970e+03    1.30203e+04
 Pressure (bar)
    0.00000e+00

           Step           Time         Lambda
            548      548.00000        0.00000

           Step           Time         Lambda
            549      549.00000        0.00000

   Energies (kJ/mol)
        G96Bond       G96Angle    Proper Dih.  Improper Dih.          LJ-14
    3.13763e+03    1.03863e+02    1.35747e+02    2.11078e+00    1.23084e+04
     Coulomb-14        LJ (SR)   Coulomb (SR)   Coul. recip.      Potential
   -2.13112e+02   -2.69092e+03   -3.55427e+03    3.78962e+03    1.30190e+04
 Pressure (bar)
    0.00000e+00

           Step           Time         Lambda
            550      550.00000        0.00000

   Energies (kJ/mol)
        G96Bond       G96Angle    Proper Dih.  Improper Dih.          LJ-14
    3.14603e+03    1.04522e+02    1.35821e+02    2.11059e+00    1.22994e+04
     Coulomb-14        LJ (SR)   Coulomb (SR)   Coul. recip.      Potential
   -2.13455e+02   -2.69101e+03   -3.55400e+03    3.78864e+03    1.30180e+04
 Pressure (bar)
    0.00000e+00

           Step           Time         Lambda
            551      551.00000        0.00000

   Energies (kJ/mol)
        G96Bond       G96Angle    Proper Dih.  Improper Dih.          LJ-14
    3.14642e+03    1.03743e+02    1.35761e+02    2.11054e+00    1.22980e+04
     Coulomb-14        LJ (SR)   Coulomb (SR)   Coul. recip.      Potential
   -2.13291e+02   -2.69101e+03   -3.55396e+03    3.78857e+03    1.30164e+04
 Pressure (bar)
    0.00000e+00

           Step           Time         Lambda
            552      552.00000        0.00000

           Step           Time         Lambda
            553      553.00000        0.00000

   Energies (kJ/mol)
        G96Bond       G96Angle    Proper Dih.  Improper Dih.          LJ-14
    3.14834e+03    1.03978e+02    1.35801e+02    2.11051e+00    1.22957e+04
     Coulomb-14        LJ (SR)   Coulomb (SR)   Coul. recip.      Potential
   -2.13456e+02   -2.69104e+03   -3.55389e+03    3.78828e+03    1.30158e+04
 Pressure (bar)
    0.00000e+00

           Step           Time         Lambda
            554      554.00000        0.00000

   Energies (kJ/mol)
        G96Bond       G96Angle    Proper Dih.  Improper Dih.          LJ-14
    3.15038e+03    1.03712e+02    1.35764e+02    2.11043e+00    1.22935e+04
     Coulomb-14        LJ (SR)   Coulomb (SR)   Coul. recip.      Potential
   -2.13359e+02   -2.69105e+03   -3.55383e+03    3.78810e+03    1.30153e+04
 Pressure (bar)
    0.00000e+00

           Step           Time         Lambda
            555      555.00000        0.00000

   Energies (kJ/mol)
        G96Bond       G96Angle    Proper Dih.  Improper Dih.          LJ-14
    3.15229e+03    1.04079e+02    1.35820e+02    2.11036e+00    1.22912e+04
     Coulomb-14        LJ (SR)   Coulomb (SR)   Coul. recip.      Potential
   -2.13578e+02   -2.69108e+03   -3.55376e+03    3.78780e+03    1.30149e+04
 Pressure (bar)
    0.00000e+00

           Step           Time         Lambda
            556      556.00000        0.00000

   Energies (kJ/mol)
        G96Bond       G96Angle    Proper Dih.  Improper Dih.          LJ-14
    3.15446e+03    1.03734e+02    1.35765e+02    2.11028e+00    1.22891e+04
     Coulomb-14        LJ (SR)   Coulomb (SR)   Coul. recip.      Potential
   -2.13417e+02   -2.69109e+03   -3.55369e+03    3.78764e+03    1.30146e+04
 Pressure (bar)
    0.00000e+00

           Step           Time         Lambda
            557      557.00000        0.00000

   Energies (kJ/mol)
        G96Bond       G96Angle    Proper Dih.  Improper Dih.          LJ-14
    3.15644e+03    1.04305e+02    1.35842e+02    2.11023e+00    1.22868e+04
     Coulomb-14        LJ (SR)   Coulomb (SR)   Coul. recip.      Potential
   -2.13712e+02   -2.69112e+03   -3.55362e+03    3.78732e+03    1.30143e+04
 Pressure (bar)
    0.00000e+00

           Step           Time         Lambda
            558      558.00000        0.00000

   Energies (kJ/mol)
        G96Bond       G96Angle    Proper Dih.  Improper Dih.          LJ-14
    3.15887e+03    1.03875e+02    1.35762e+02    2.11017e+00    1.22846e+04
     Coulomb-14        LJ (SR)   Coulomb (SR)   Coul. recip.      Potential
   -2.13460e+02   -2.69113e+03   -3.55356e+03    3.78719e+03    1.30143e+04
 Pressure (bar)
    0.00000e+00

           Step           Time         Lambda
            559      559.00000        0.00000

           Step           Time         Lambda
            560      560.00000        0.00000

   Energies (kJ/mol)
        G96Bond       G96Angle    Proper Dih.  Improper Dih.          LJ-14
    3.15842e+03    1.03666e+02    1.35810e+02    2.11015e+00    1.22835e+04
     Coulomb-14        LJ (SR)   Coulomb (SR)   Coul. recip.      Potential
   -2.13662e+02   -2.69115e+03   -3.55352e+03    3.78701e+03    1.30122e+04
 Pressure (bar)
    0.00000e+00

           Step           Time         Lambda
            561      561.00000        0.00000

   Energies (kJ/mol)
        G96Bond       G96Angle    Proper Dih.  Improper Dih.          LJ-14
    3.17261e+03    1.03903e+02    1.35787e+02    2.10982e+00    1.22691e+04
     Coulomb-14        LJ (SR)   Coulomb (SR)   Coul. recip.      Potential
   -2.13729e+02   -2.69127e+03   -3.55309e+03    3.78555e+03    1.30110e+04
 Pressure (bar)
    0.00000e+00

           Step           Time         Lambda
            562      562.00000        0.00000

   Energies (kJ/mol)
        G96Bond       G96Angle    Proper Dih.  Improper Dih.          LJ-14
    3.17172e+03    1.03644e+02    1.35853e+02    2.10981e+00    1.22678e+04
     Coulomb-14        LJ (SR)   Coulomb (SR)   Coul. recip.      Potential
   -2.14028e+02   -2.69130e+03   -3.55304e+03    3.78532e+03    1.30080e+04
 Pressure (bar)
    0.00000e+00

           Step           Time         Lambda
            563      563.00000        0.00000

           Step           Time         Lambda
            564      564.00000        0.00000

   Energies (kJ/mol)
        G96Bond       G96Angle    Proper Dih.  Improper Dih.          LJ-14
    3.17436e+03    1.03441e+02    1.35814e+02    2.10972e+00    1.22652e+04
     Coulomb-14        LJ (SR)   Coulomb (SR)   Coul. recip.      Potential
   -2.13927e+02   -2.69132e+03   -3.55297e+03    3.78509e+03    1.30078e+04
 Pressure (bar)
    0.00000e+00

           Step           Time         Lambda
            565      565.00000        0.00000

   Energies (kJ/mol)
        G96Bond       G96Angle    Proper Dih.  Improper Dih.          LJ-14
    3.17567e+03    1.03743e+02    1.35869e+02    2.10967e+00    1.22633e+04
     Coulomb-14        LJ (SR)   Coulomb (SR)   Coul. recip.      Potential
   -2.14153e+02   -2.69134e+03   -3.55291e+03    3.78483e+03    1.30071e+04
 Pressure (bar)
    0.00000e+00

           Step           Time         Lambda
            566      566.00000        0.00000

           Step           Time         Lambda
            567      567.00000        0.00000

   Energies (kJ/mol)
        G96Bond       G96Angle    Proper Dih.  Improper Dih.          LJ-14
    3.17644e+03    1.03368e+02    1.35837e+02    2.10960e+00    1.22621e+04
     Coulomb-14        LJ (SR)   Coulomb (SR)   Coul. recip.      Potential
   -2.14066e+02   -2.69135e+03   -3.55287e+03    3.78473e+03    1.30063e+04
 Pressure (bar)
    0.00000e+00

           Step           Time         Lambda
            568      568.00000        0.00000

   Energies (kJ/mol)
        G96Bond       G96Angle    Proper Dih.  Improper Dih.          LJ-14
    3.18115e+03    1.03801e+02    1.35884e+02    2.10947e+00    1.22570e+04
     Coulomb-14        LJ (SR)   Coulomb (SR)   Coul. recip.      Potential
   -2.14305e+02   -2.69141e+03   -3.55271e+03    3.78413e+03    1.30057e+04
 Pressure (bar)
    0.00000e+00

           Step           Time         Lambda
            569      569.00000        0.00000

   Energies (kJ/mol)
        G96Bond       G96Angle    Proper Dih.  Improper Dih.          LJ-14
    3.18198e+03    1.03289e+02    1.35838e+02    2.10943e+00    1.22557e+04
     Coulomb-14        LJ (SR)   Coulomb (SR)   Coul. recip.      Potential
   -2.14173e+02   -2.69142e+03   -3.55267e+03    3.78403e+03    1.30047e+04
 Pressure (bar)
    0.00000e+00

           Step           Time         Lambda
            570      570.00000        0.00000

           Step           Time         Lambda
            571      571.00000        0.00000

   Energies (kJ/mol)
        G96Bond       G96Angle    Proper Dih.  Improper Dih.          LJ-14
    3.18334e+03    1.03440e+02    1.35868e+02    2.10939e+00    1.22539e+04
     Coulomb-14        LJ (SR)   Coulomb (SR)   Coul. recip.      Potential
   -2.14306e+02   -2.69144e+03   -3.55262e+03    3.78381e+03    1.30041e+04
 Pressure (bar)
    0.00000e+00

           Step           Time         Lambda
            572      572.00000        0.00000

   Energies (kJ/mol)
        G96Bond       G96Angle    Proper Dih.  Improper Dih.          LJ-14
    3.18567e+03    1.03253e+02    1.35839e+02    2.10933e+00    1.22515e+04
     Coulomb-14        LJ (SR)   Coulomb (SR)   Coul. recip.      Potential
   -2.14242e+02   -2.69146e+03   -3.55254e+03    3.78358e+03    1.30037e+04
 Pressure (bar)
    0.00000e+00

           Step           Time         Lambda
            573      573.00000        0.00000

   Energies (kJ/mol)
        G96Bond       G96Angle    Proper Dih.  Improper Dih.          LJ-14
    3.18705e+03    1.03489e+02    1.35880e+02    2.10930e+00    1.22496e+04
     Coulomb-14        LJ (SR)   Coulomb (SR)   Coul. recip.      Potential
   -2.14419e+02   -2.69148e+03   -3.55248e+03    3.78333e+03    1.30031e+04
 Pressure (bar)
    0.00000e+00

           Step           Time         Lambda
            574      574.00000        0.00000

   Energies (kJ/mol)
        G96Bond       G96Angle    Proper Dih.  Improper Dih.          LJ-14
    3.18939e+03    1.03253e+02    1.35837e+02    2.10923e+00    1.22473e+04
     Coulomb-14        LJ (SR)   Coulomb (SR)   Coul. recip.      Potential
   -2.14299e+02   -2.69151e+03   -3.55241e+03    3.78313e+03    1.30028e+04
 Pressure (bar)
    0.00000e+00

           Step           Time         Lambda
            575      575.00000        0.00000

   Energies (kJ/mol)
        G96Bond       G96Angle    Proper Dih.  Improper Dih.          LJ-14
    3.19081e+03    1.03620e+02    1.35895e+02    2.10922e+00    1.22454e+04
     Coulomb-14        LJ (SR)   Coulomb (SR)   Coul. recip.      Potential
   -2.14540e+02   -2.69153e+03   -3.55235e+03    3.78285e+03    1.30023e+04
 Pressure (bar)
    0.00000e+00

           Step           Time         Lambda
            576      576.00000        0.00000

           Step           Time         Lambda
            577      577.00000        0.00000

   Energies (kJ/mol)
        G96Bond       G96Angle    Proper Dih.  Improper Dih.          LJ-14
    3.19137e+03    1.03179e+02    1.35861e+02    2.10917e+00    1.22444e+04
     Coulomb-14        LJ (SR)   Coulomb (SR)   Coul. recip.      Potential
   -2.14442e+02   -2.69154e+03   -3.55232e+03    3.78277e+03    1.30014e+04
 Pressure (bar)
    0.00000e+00

           Step           Time         Lambda
            578      578.00000        0.00000

   Energies (kJ/mol)
        G96Bond       G96Angle    Proper Dih.  Improper Dih.          LJ-14
    3.19719e+03    1.03687e+02    1.35911e+02    2.10898e+00    1.22382e+04
     Coulomb-14        LJ (SR)   Coulomb (SR)   Coul. recip.      Potential
   -2.14713e+02   -2.69161e+03   -3.55212e+03    3.78202e+03    1.30006e+04
 Pressure (bar)
    0.00000e+00

           Step           Time         Lambda
            579      579.00000        0.00000

   Energies (kJ/mol)
        G96Bond       G96Angle    Proper Dih.  Improper Dih.          LJ-14
    3.19777e+03    1.03083e+02    1.35859e+02    2.10893e+00    1.22370e+04
     Coulomb-14        LJ (SR)   Coulomb (SR)   Coul. recip.      Potential
   -2.14568e+02   -2.69162e+03   -3.55208e+03    3.78194e+03    1.29994e+04
 Pressure (bar)
    0.00000e+00

           Step           Time         Lambda
            580      580.00000        0.00000

           Step           Time         Lambda
            581      581.00000        0.00000

   Energies (kJ/mol)
        G96Bond       G96Angle    Proper Dih.  Improper Dih.          LJ-14
    3.19927e+03    1.03269e+02    1.35891e+02    2.10891e+00    1.22351e+04
     Coulomb-14        LJ (SR)   Coulomb (SR)   Coul. recip.      Potential
   -2.14710e+02   -2.69165e+03   -3.55202e+03    3.78170e+03    1.29990e+04
 Pressure (bar)
    0.00000e+00

           Step           Time         Lambda
            582      582.00000        0.00000

   Energies (kJ/mol)
        G96Bond       G96Angle    Proper Dih.  Improper Dih.          LJ-14
    3.20126e+03    1.03050e+02    1.35858e+02    2.10879e+00    1.22330e+04
     Coulomb-14        LJ (SR)   Coulomb (SR)   Coul. recip.      Potential
   -2.14630e+02   -2.69167e+03   -3.55196e+03    3.78150e+03    1.29985e+04
 Pressure (bar)
    0.00000e+00

           Step           Time         Lambda
            583      583.00000        0.00000

   Energies (kJ/mol)
        G96Bond       G96Angle    Proper Dih.  Improper Dih.          LJ-14
    3.20277e+03    1.03339e+02    1.35901e+02    2.10873e+00    1.22311e+04
     Coulomb-14        LJ (SR)   Coulomb (SR)   Coul. recip.      Potential
   -2.14820e+02   -2.69169e+03   -3.55190e+03    3.78123e+03    1.29981e+04
 Pressure (bar)
    0.00000e+00

           Step           Time         Lambda
            584      584.00000        0.00000

   Energies (kJ/mol)
        G96Bond       G96Angle    Proper Dih.  Improper Dih.          LJ-14
    3.20484e+03    1.03056e+02    1.35853e+02    2.10866e+00    1.22291e+04
     Coulomb-14        LJ (SR)   Coulomb (SR)   Coul. recip.      Potential
   -2.14682e+02   -2.69171e+03   -3.55183e+03    3.78107e+03    1.29978e+04
 Pressure (bar)
    0.00000e+00

           Step           Time         Lambda
            585      585.00000        0.00000

   Energies (kJ/mol)
        G96Bond       G96Angle    Proper Dih.  Improper Dih.          LJ-14
    3.20639e+03    1.03502e+02    1.35915e+02    2.10860e+00    1.22272e+04
     Coulomb-14        LJ (SR)   Coulomb (SR)   Coul. recip.      Potential
   -2.14939e+02   -2.69174e+03   -3.55177e+03    3.78077e+03    1.29974e+04
 Pressure (bar)
    0.00000e+00

           Step           Time         Lambda
            586      586.00000        0.00000

           Step           Time         Lambda
            587      587.00000        0.00000

   Energies (kJ/mol)
        G96Bond       G96Angle    Proper Dih.  Improper Dih.          LJ-14
    3.20673e+03    1.02984e+02    1.35876e+02    2.10857e+00    1.22262e+04
     Coulomb-14        LJ (SR)   Coulomb (SR)   Coul. recip.      Potential
   -2.14828e+02   -2.69175e+03   -3.55174e+03    3.78070e+03    1.29963e+04
 Pressure (bar)
    0.00000e+00

           Step           Time         Lambda
            588      588.00000        0.00000

   Energies (kJ/mol)
        G96Bond       G96Angle    Proper Dih.  Improper Dih.          LJ-14
    3.21423e+03    1.03573e+02    1.35929e+02    2.10838e+00    1.22183e+04
     Coulomb-14        LJ (SR)   Coulomb (SR)   Coul. recip.      Potential
   -2.15150e+02   -2.69185e+03   -3.55148e+03    3.77973e+03    1.29954e+04
 Pressure (bar)
    0.00000e+00

           Step           Time         Lambda
            589      589.00000        0.00000

   Energies (kJ/mol)
        G96Bond       G96Angle    Proper Dih.  Improper Dih.          LJ-14
    3.21454e+03    1.02863e+02    1.35873e+02    2.10830e+00    1.22172e+04
     Coulomb-14        LJ (SR)   Coulomb (SR)   Coul. recip.      Potential
   -2.14990e+02   -2.69185e+03   -3.55145e+03    3.77967e+03    1.29939e+04
 Pressure (bar)
    0.00000e+00

           Step           Time         Lambda
            590      590.00000        0.00000

           Step           Time         Lambda
            591      591.00000        0.00000

   Energies (kJ/mol)
        G96Bond       G96Angle    Proper Dih.  Improper Dih.          LJ-14
    3.21620e+03    1.03089e+02    1.35905e+02    2.10826e+00    1.22152e+04
     Coulomb-14        LJ (SR)   Coulomb (SR)   Coul. recip.      Potential
   -2.15142e+02   -2.69188e+03   -3.55139e+03    3.77940e+03    1.29935e+04
 Pressure (bar)
    0.00000e+00

           Step           Time         Lambda
            592      592.00000        0.00000

   Energies (kJ/mol)
        G96Bond       G96Angle    Proper Dih.  Improper Dih.          LJ-14
    3.21790e+03    1.02831e+02    1.35868e+02    2.10819e+00    1.22134e+04
     Coulomb-14        LJ (SR)   Coulomb (SR)   Coul. recip.      Potential
   -2.15046e+02   -2.69190e+03   -3.55133e+03    3.77923e+03    1.29930e+04
 Pressure (bar)
    0.00000e+00

           Step           Time         Lambda
            593      593.00000        0.00000

   Energies (kJ/mol)
        G96Bond       G96Angle    Proper Dih.  Improper Dih.          LJ-14
    3.21955e+03    1.03181e+02    1.35914e+02    2.10816e+00    1.22114e+04
     Coulomb-14        LJ (SR)   Coulomb (SR)   Coul. recip.      Potential
   -2.15249e+02   -2.69193e+03   -3.55126e+03    3.77895e+03    1.29927e+04
 Pressure (bar)
    0.00000e+00

           Step           Time         Lambda
            594      594.00000        0.00000

   Energies (kJ/mol)
        G96Bond       G96Angle    Proper Dih.  Improper Dih.          LJ-14
    3.22137e+03    1.02842e+02    1.35860e+02    2.10808e+00    1.22096e+04
     Coulomb-14        LJ (SR)   Coulomb (SR)   Coul. recip.      Potential
   -2.15093e+02   -2.69194e+03   -3.55121e+03    3.77881e+03    1.29924e+04
 Pressure (bar)
    0.00000e+00

           Step           Time         Lambda
            595      595.00000        0.00000

   Energies (kJ/mol)
        G96Bond       G96Angle    Proper Dih.  Improper Dih.          LJ-14
    3.22308e+03    1.03383e+02    1.35926e+02    2.10807e+00    1.22077e+04
     Coulomb-14        LJ (SR)   Coulomb (SR)   Coul. recip.      Potential
   -2.15367e+02   -2.69198e+03   -3.55114e+03    3.77850e+03    1.29922e+04
 Pressure (bar)
    0.00000e+00

           Step           Time         Lambda
            596      596.00000        0.00000

   Energies (kJ/mol)
        G96Bond       G96Angle    Proper Dih.  Improper Dih.          LJ-14
    3.22511e+03    1.02951e+02    1.35850e+02    2.10801e+00    1.22060e+04
     Coulomb-14        LJ (SR)   Coulomb (SR)   Coul. recip.      Potential
   -2.15124e+02   -2.69199e+03   -3.55109e+03    3.77838e+03    1.29922e+04
 Pressure (bar)
    0.00000e+00

           Step           Time         Lambda
            597      597.00000        0.00000

           Step           Time         Lambda
            598      598.00000        0.00000

   Energies (kJ/mol)
        G96Bond       G96Angle    Proper Dih.  Improper Dih.          LJ-14
    3.22473e+03    1.02808e+02    1.35892e+02    2.10799e+00    1.22050e+04
     Coulomb-14        LJ (SR)   Coulomb (SR)   Coul. recip.      Potential
   -2.15314e+02   -2.69201e+03   -3.55105e+03    3.77821e+03    1.29904e+04
 Pressure (bar)
    0.00000e+00

           Step           Time         Lambda
            599      599.00000        0.00000

   Energies (kJ/mol)
        G96Bond       G96Angle    Proper Dih.  Improper Dih.          LJ-14
    3.23604e+03    1.02970e+02    1.35848e+02    2.10766e+00    1.21938e+04
     Coulomb-14        LJ (SR)   Coulomb (SR)   Coul. recip.      Potential
   -2.15334e+02   -2.69215e+03   -3.55069e+03    3.77695e+03    1.29896e+04
 Pressure (bar)
    0.00000e+00

           Step           Time         Lambda
            600      600.00000        0.00000

   Energies (kJ/mol)
        G96Bond       G96Angle    Proper Dih.  Improper Dih.          LJ-14
    3.23529e+03    1.02802e+02    1.35904e+02    2.10766e+00    1.21927e+04
     Coulomb-14        LJ (SR)   Coulomb (SR)   Coul. recip.      Potential
   -2.15613e+02   -2.69217e+03   -3.55065e+03    3.77673e+03    1.29871e+04
 Pressure (bar)
    0.00000e+00

           Step           Time         Lambda
            601      601.00000        0.00000

           Step           Time         Lambda
            602      602.00000        0.00000

   Energies (kJ/mol)
        G96Bond       G96Angle    Proper Dih.  Improper Dih.          LJ-14
    3.23748e+03    1.02594e+02    1.35865e+02    2.10757e+00    1.21906e+04
     Coulomb-14        LJ (SR)   Coulomb (SR)   Coul. recip.      Potential
   -2.15509e+02   -2.69219e+03   -3.55058e+03    3.77652e+03    1.29869e+04
 Pressure (bar)
    0.00000e+00

           Step           Time         Lambda
            603      603.00000        0.00000

   Energies (kJ/mol)
        G96Bond       G96Angle    Proper Dih.  Improper Dih.          LJ-14
    3.23862e+03    1.02892e+02    1.35911e+02    2.10755e+00    1.21890e+04
     Coulomb-14        LJ (SR)   Coulomb (SR)   Coul. recip.      Potential
   -2.15722e+02   -2.69222e+03   -3.55052e+03    3.77627e+03    1.29863e+04
 Pressure (bar)
    0.00000e+00

           Step           Time         Lambda
            604      604.00000        0.00000

           Step           Time         Lambda
            605      605.00000        0.00000

   Energies (kJ/mol)
        G96Bond       G96Angle    Proper Dih.  Improper Dih.          LJ-14
    3.23925e+03    1.02546e+02    1.35881e+02    2.10751e+00    1.21880e+04
     Coulomb-14        LJ (SR)   Coulomb (SR)   Coul. recip.      Potential
   -2.15636e+02   -2.69223e+03   -3.55049e+03    3.77619e+03    1.29856e+04
 Pressure (bar)
    0.00000e+00

           Step           Time         Lambda
            606      606.00000        0.00000

   Energies (kJ/mol)
        G96Bond       G96Angle    Proper Dih.  Improper Dih.          LJ-14
    3.24346e+03    1.02942e+02    1.35915e+02    2.10741e+00    1.21835e+04
     Coulomb-14        LJ (SR)   Coulomb (SR)   Coul. recip.      Potential
   -2.15857e+02   -2.69230e+03   -3.55034e+03    3.77559e+03    1.29850e+04
 Pressure (bar)
    0.00000e+00

           Step           Time         Lambda
            607      607.00000        0.00000

   Energies (kJ/mol)
        G96Bond       G96Angle    Proper Dih.  Improper Dih.          LJ-14
    3.24414e+03    1.02467e+02    1.35872e+02    2.10734e+00    1.21824e+04
     Coulomb-14        LJ (SR)   Coulomb (SR)   Coul. recip.      Potential
   -2.15730e+02   -2.69231e+03   -3.55031e+03    3.77551e+03    1.29841e+04
 Pressure (bar)
    0.00000e+00

           Step           Time         Lambda
            608      608.00000        0.00000

           Step           Time         Lambda
            609      609.00000        0.00000

   Energies (kJ/mol)
        G96Bond       G96Angle    Proper Dih.  Improper Dih.          LJ-14
    3.24533e+03    1.02616e+02    1.35896e+02    2.10730e+00    1.21809e+04
     Coulomb-14        LJ (SR)   Coulomb (SR)   Coul. recip.      Potential
   -2.15854e+02   -2.69233e+03   -3.55025e+03    3.77529e+03    1.29837e+04
 Pressure (bar)
    0.00000e+00

           Step           Time         Lambda
            610      610.00000        0.00000

   Energies (kJ/mol)
        G96Bond       G96Angle    Proper Dih.  Improper Dih.          LJ-14
    3.24724e+03    1.02431e+02    1.35865e+02    2.10721e+00    1.21789e+04
     Coulomb-14        LJ (SR)   Coulomb (SR)   Coul. recip.      Potential
   -2.15787e+02   -2.69236e+03   -3.55019e+03    3.77508e+03    1.29833e+04
 Pressure (bar)
    0.00000e+00

           Step           Time         Lambda
            611      611.00000        0.00000

   Energies (kJ/mol)
        G96Bond       G96Angle    Proper Dih.  Improper Dih.          LJ-14
    3.24845e+03    1.02662e+02    1.35899e+02    2.10718e+00    1.21773e+04
     Coulomb-14        LJ (SR)   Coulomb (SR)   Coul. recip.      Potential
   -2.15951e+02   -2.69238e+03   -3.55013e+03    3.77484e+03    1.29828e+04
 Pressure (bar)
    0.00000e+00

           Step           Time         Lambda
            612      612.00000        0.00000

   Energies (kJ/mol)
        G96Bond       G96Angle    Proper Dih.  Improper Dih.          LJ-14
    3.25039e+03    1.02423e+02    1.35856e+02    2.10711e+00    1.21755e+04
     Coulomb-14        LJ (SR)   Coulomb (SR)   Coul. recip.      Potential
   -2.15834e+02   -2.69241e+03   -3.55007e+03    3.77466e+03    1.29826e+04
 Pressure (bar)
    0.00000e+00

           Step           Time         Lambda
            613      613.00000        0.00000

   Energies (kJ/mol)
        G96Bond       G96Angle    Proper Dih.  Improper Dih.          LJ-14
    3.25163e+03    1.02779e+02    1.35905e+02    2.10708e+00    1.21739e+04
     Coulomb-14        LJ (SR)   Coulomb (SR)   Coul. recip.      Potential
   -2.16058e+02   -2.69244e+03   -3.55002e+03    3.77440e+03    1.29822e+04
 Pressure (bar)
    0.00000e+00

           Step           Time         Lambda
            614      614.00000        0.00000

           Step           Time         Lambda
            615      615.00000        0.00000

   Energies (kJ/mol)
        G96Bond       G96Angle    Proper Dih.  Improper Dih.          LJ-14
    3.25207e+03    1.02374e+02    1.35872e+02    2.10708e+00    1.21730e+04
     Coulomb-14        LJ (SR)   Coulomb (SR)   Coul. recip.      Potential
   -2.15964e+02   -2.69245e+03   -3.54999e+03    3.77432e+03    1.29813e+04
 Pressure (bar)
    0.00000e+00

           Step           Time         Lambda
            616      616.00000        0.00000

   Energies (kJ/mol)
        G96Bond       G96Angle    Proper Dih.  Improper Dih.          LJ-14
    3.25734e+03    1.02837e+02    1.35907e+02    2.10687e+00    1.21674e+04
     Coulomb-14        LJ (SR)   Coulomb (SR)   Coul. recip.      Potential
   -2.16215e+02   -2.69253e+03   -3.54980e+03    3.77358e+03    1.29806e+04
 Pressure (bar)
    0.00000e+00

           Step           Time         Lambda
            617      617.00000        0.00000

   Energies (kJ/mol)
        G96Bond       G96Angle    Proper Dih.  Improper Dih.          LJ-14
    3.25780e+03    1.02281e+02    1.35859e+02    2.10683e+00    1.21664e+04
     Coulomb-14        LJ (SR)   Coulomb (SR)   Coul. recip.      Potential
   -2.16077e+02   -2.69254e+03   -3.54976e+03    3.77351e+03    1.29796e+04
 Pressure (bar)
    0.00000e+00

           Step           Time         Lambda
            618      618.00000        0.00000

           Step           Time         Lambda
            619      619.00000        0.00000

   Energies (kJ/mol)
        G96Bond       G96Angle    Proper Dih.  Improper Dih.          LJ-14
    3.25911e+03    1.02461e+02    1.35884e+02    2.10681e+00    1.21648e+04
     Coulomb-14        LJ (SR)   Coulomb (SR)   Coul. recip.      Potential
   -2.16208e+02   -2.69257e+03   -3.54971e+03    3.77327e+03    1.29792e+04
 Pressure (bar)
    0.00000e+00

           Step           Time         Lambda
            620      620.00000        0.00000

   Energies (kJ/mol)
        G96Bond       G96Angle    Proper Dih.  Improper Dih.          LJ-14
    3.26075e+03    1.02245e+02    1.35850e+02    2.10675e+00    1.21631e+04
     Coulomb-14        LJ (SR)   Coulomb (SR)   Coul. recip.      Potential
   -2.16127e+02   -2.69259e+03   -3.54965e+03    3.77309e+03    1.29788e+04
 Pressure (bar)
    0.00000e+00

           Step           Time         Lambda
            621      621.00000        0.00000

   Energies (kJ/mol)
        G96Bond       G96Angle    Proper Dih.  Improper Dih.          LJ-14
    3.26207e+03    1.02524e+02    1.35886e+02    2.10668e+00    1.21615e+04
     Coulomb-14        LJ (SR)   Coulomb (SR)   Coul. recip.      Potential
   -2.16303e+02   -2.69262e+03   -3.54959e+03    3.77284e+03    1.29784e+04
 Pressure (bar)
    0.00000e+00

           Step           Time         Lambda
            622      622.00000        0.00000

   Energies (kJ/mol)
        G96Bond       G96Angle    Proper Dih.  Improper Dih.          LJ-14
    3.26378e+03    1.02241e+02    1.35839e+02    2.10659e+00    1.21599e+04
     Coulomb-14        LJ (SR)   Coulomb (SR)   Coul. recip.      Potential
   -2.16170e+02   -2.69264e+03   -3.54954e+03    3.77269e+03    1.29782e+04
 Pressure (bar)
    0.00000e+00

           Step           Time         Lambda
            623      623.00000        0.00000

   Energies (kJ/mol)
        G96Bond       G96Angle    Proper Dih.  Improper Dih.          LJ-14
    3.26513e+03    1.02670e+02    1.35892e+02    2.10656e+00    1.21582e+04
     Coulomb-14        LJ (SR)   Coulomb (SR)   Coul. recip.      Potential
   -2.16408e+02   -2.69267e+03   -3.54948e+03    3.77241e+03    1.29779e+04
 Pressure (bar)
    0.00000e+00

           Step           Time         Lambda
            624      624.00000        0.00000

   Energies (kJ/mol)
        G96Bond       G96Angle    Proper Dih.  Improper Dih.          LJ-14
    3.26701e+03    1.02309e+02    1.35826e+02    2.10647e+00    1.21566e+04
     Coulomb-14        LJ (SR)   Coulomb (SR)   Coul. recip.      Potential
   -2.16199e+02   -2.69269e+03   -3.54943e+03    3.77228e+03    1.29779e+04
 Pressure (bar)
    0.00000e+00

           Step           Time         Lambda
            625      625.00000        0.00000

   Energies (kJ/mol)
        G96Bond       G96Angle    Proper Dih.  Improper Dih.          LJ-14
    3.26847e+03    1.02977e+02    1.35902e+02    2.10646e+00    1.21550e+04
     Coulomb-14        LJ (SR)   Coulomb (SR)   Coul. recip.      Potential
   -2.16529e+02   -2.69273e+03   -3.54937e+03    3.77197e+03    1.29778e+04
 Pressure (bar)
    0.00000e+00

           Step           Time         Lambda
            626      626.00000        0.00000

           Step           Time         Lambda
            627      627.00000        0.00000

   Energies (kJ/mol)
        G96Bond       G96Angle    Proper Dih.  Improper Dih.          LJ-14
    3.26817e+03    1.02150e+02    1.35850e+02    2.10640e+00    1.21542e+04
     Coulomb-14        LJ (SR)   Coulomb (SR)   Coul. recip.      Potential
   -2.16368e+02   -2.69274e+03   -3.54934e+03    3.77193e+03    1.29760e+04
 Pressure (bar)
    0.00000e+00

           Step           Time         Lambda
            628      628.00000        0.00000

           Step           Time         Lambda
            629      629.00000        0.00000

   Energies (kJ/mol)
        G96Bond       G96Angle    Proper Dih.  Improper Dih.          LJ-14
    3.27168e+03    1.02441e+02    1.35875e+02    2.10628e+00    1.21504e+04
     Coulomb-14        LJ (SR)   Coulomb (SR)   Coul. recip.      Potential
   -2.16551e+02   -2.69280e+03   -3.54921e+03    3.77140e+03    1.29753e+04
 Pressure (bar)
    0.00000e+00

           Step           Time         Lambda
            630      630.00000        0.00000

   Energies (kJ/mol)
        G96Bond       G96Angle    Proper Dih.  Improper Dih.          LJ-14
    3.27241e+03    1.02076e+02    1.35838e+02    2.10623e+00    1.21494e+04
     Coulomb-14        LJ (SR)   Coulomb (SR)   Coul. recip.      Potential
   -2.16450e+02   -2.69281e+03   -3.54917e+03    3.77131e+03    1.29747e+04
 Pressure (bar)
    0.00000e+00

           Step           Time         Lambda
            631      631.00000        0.00000

   Energies (kJ/mol)
        G96Bond       G96Angle    Proper Dih.  Improper Dih.          LJ-14
    3.27504e+03    1.02543e+02    1.35876e+02    2.10615e+00    1.21467e+04
     Coulomb-14        LJ (SR)   Coulomb (SR)   Coul. recip.      Potential
   -2.16658e+02   -2.69286e+03   -3.54908e+03    3.77091e+03    1.29746e+04
 Pressure (bar)
    0.00000e+00

           Step           Time         Lambda
            632      632.00000        0.00000

   Energies (kJ/mol)
        G96Bond       G96Angle    Proper Dih.  Improper Dih.          LJ-14
    3.27584e+03    1.02038e+02    1.35824e+02    2.10608e+00    1.21456e+04
     Coulomb-14        LJ (SR)   Coulomb (SR)   Coul. recip.      Potential
   -2.16501e+02   -2.69288e+03   -3.54904e+03    3.77082e+03    1.29738e+04
 Pressure (bar)
    0.00000e+00

           Step           Time         Lambda
            633      633.00000        0.00000

           Step           Time         Lambda
            634      634.00000        0.00000

   Energies (kJ/mol)
        G96Bond       G96Angle    Proper Dih.  Improper Dih.          LJ-14
    3.27652e+03    1.02162e+02    1.35851e+02    2.10606e+00    1.21445e+04
     Coulomb-14        LJ (SR)   Coulomb (SR)   Coul. recip.      Potential
   -2.16634e+02   -2.69290e+03   -3.54900e+03    3.77064e+03    1.29732e+04
 Pressure (bar)
    0.00000e+00

           Step           Time         Lambda
            635      635.00000        0.00000

   Energies (kJ/mol)
        G96Bond       G96Angle    Proper Dih.  Improper Dih.          LJ-14
    3.27914e+03    1.02023e+02    1.35813e+02    2.10597e+00    1.21420e+04
     Coulomb-14        LJ (SR)   Coulomb (SR)   Coul. recip.      Potential
   -2.16556e+02   -2.69294e+03   -3.54892e+03    3.77036e+03    1.29730e+04
 Pressure (bar)
    0.00000e+00

           Step           Time         Lambda
            636      636.00000        0.00000

   Energies (kJ/mol)
        G96Bond       G96Angle    Proper Dih.  Improper Dih.          LJ-14
    3.27982e+03    1.02218e+02    1.35851e+02    2.10596e+00    1.21408e+04
     Coulomb-14        LJ (SR)   Coulomb (SR)   Coul. recip.      Potential
   -2.16741e+02   -2.69296e+03   -3.54887e+03    3.77015e+03    1.29723e+04
 Pressure (bar)
    0.00000e+00

           Step           Time         Lambda
            637      637.00000        0.00000

           Step           Time         Lambda
            638      638.00000        0.00000

   Energies (kJ/mol)
        G96Bond       G96Angle    Proper Dih.  Improper Dih.          LJ-14
    3.28065e+03    1.01962e+02    1.35824e+02    2.10593e+00    1.21397e+04
     Coulomb-14        LJ (SR)   Coulomb (SR)   Coul. recip.      Potential
   -2.16668e+02   -2.69298e+03   -3.54884e+03    3.77004e+03    1.29718e+04
 Pressure (bar)
    0.00000e+00

           Step           Time         Lambda
            639      639.00000        0.00000

   Energies (kJ/mol)
        G96Bond       G96Angle    Proper Dih.  Improper Dih.          LJ-14
    3.28293e+03    1.02264e+02    1.35850e+02    2.10584e+00    1.21373e+04
     Coulomb-14        LJ (SR)   Coulomb (SR)   Coul. recip.      Potential
   -2.16834e+02   -2.69302e+03   -3.54875e+03    3.76967e+03    1.29715e+04
 Pressure (bar)
    0.00000e+00

           Step           Time         Lambda
            640      640.00000        0.00000

   Energies (kJ/mol)
        G96Bond       G96Angle    Proper Dih.  Improper Dih.          LJ-14
    3.28385e+03    1.01913e+02    1.35811e+02    2.10576e+00    1.21361e+04
     Coulomb-14        LJ (SR)   Coulomb (SR)   Coul. recip.      Potential
   -2.16723e+02   -2.69304e+03   -3.54871e+03    3.76957e+03    1.29709e+04
 Pressure (bar)
    0.00000e+00

           Step           Time         Lambda
            641      641.00000        0.00000

   Energies (kJ/mol)
        G96Bond       G96Angle    Proper Dih.  Improper Dih.          LJ-14
    3.28589e+03    1.02377e+02    1.35850e+02    2.10568e+00    1.21341e+04
     Coulomb-14        LJ (SR)   Coulomb (SR)   Coul. recip.      Potential
   -2.16932e+02   -2.69308e+03   -3.54863e+03    3.76923e+03    1.29709e+04
 Pressure (bar)
    0.00000e+00

           Step           Time         Lambda
            642      642.00000        0.00000

   Energies (kJ/mol)
        G96Bond       G96Angle    Proper Dih.  Improper Dih.          LJ-14
    3.28690e+03    1.01902e+02    1.35796e+02    2.10562e+00    1.21329e+04
     Coulomb-14        LJ (SR)   Coulomb (SR)   Coul. recip.      Potential
   -2.16760e+02   -2.69309e+03   -3.54859e+03    3.76914e+03    1.29703e+04
 Pressure (bar)
    0.00000e+00

           Step           Time         Lambda
            643      643.00000        0.00000

           Step           Time         Lambda
            644      644.00000        0.00000

   Energies (kJ/mol)
        G96Bond       G96Angle    Proper Dih.  Improper Dih.          LJ-14
    3.28729e+03    1.01984e+02    1.35822e+02    2.10558e+00    1.21320e+04
     Coulomb-14        LJ (SR)   Coulomb (SR)   Coul. recip.      Potential
   -2.16900e+02   -2.69311e+03   -3.54856e+03    3.76898e+03    1.29696e+04
 Pressure (bar)
    0.00000e+00

           Step           Time         Lambda
            645      645.00000        0.00000

   Energies (kJ/mol)
        G96Bond       G96Angle    Proper Dih.  Improper Dih.          LJ-14
    3.29082e+03    1.01895e+02    1.35781e+02    2.10547e+00    1.21286e+04
     Coulomb-14        LJ (SR)   Coulomb (SR)   Coul. recip.      Potential
   -2.16828e+02   -2.69317e+03   -3.54844e+03    3.76857e+03    1.29694e+04
 Pressure (bar)
    0.00000e+00

           Step           Time         Lambda
            646      646.00000        0.00000

   Energies (kJ/mol)
        G96Bond       G96Angle    Proper Dih.  Improper Dih.          LJ-14
    3.29117e+03    1.02032e+02    1.35820e+02    2.10545e+00    1.21275e+04
     Coulomb-14        LJ (SR)   Coulomb (SR)   Coul. recip.      Potential
   -2.17023e+02   -2.69319e+03   -3.54840e+03    3.76837e+03    1.29684e+04
 Pressure (bar)
    0.00000e+00

           Step           Time         Lambda
            647      647.00000        0.00000

           Step           Time         Lambda
            648      648.00000        0.00000

   Energies (kJ/mol)
        G96Bond       G96Angle    Proper Dih.  Improper Dih.          LJ-14
    3.29222e+03    1.01791e+02    1.35790e+02    2.10540e+00    1.21264e+04
     Coulomb-14        LJ (SR)   Coulomb (SR)   Coul. recip.      Potential
   -2.16945e+02   -2.69321e+03   -3.54836e+03    3.76824e+03    1.29680e+04
 Pressure (bar)
    0.00000e+00

           Step           Time         Lambda
            649      649.00000        0.00000

   Energies (kJ/mol)
        G96Bond       G96Angle    Proper Dih.  Improper Dih.          LJ-14
    3.29387e+03    1.02085e+02    1.35818e+02    2.10535e+00    1.21245e+04
     Coulomb-14        LJ (SR)   Coulomb (SR)   Coul. recip.      Potential
   -2.17109e+02   -2.69325e+03   -3.54829e+03    3.76795e+03    1.29677e+04
 Pressure (bar)
    0.00000e+00

           Step           Time         Lambda
            650      650.00000        0.00000

   Energies (kJ/mol)
        G96Bond       G96Angle    Proper Dih.  Improper Dih.          LJ-14
    3.29501e+03    1.01761e+02    1.35776e+02    2.10532e+00    1.21233e+04
     Coulomb-14        LJ (SR)   Coulomb (SR)   Coul. recip.      Potential
   -2.16987e+02   -2.69327e+03   -3.54825e+03    3.76783e+03    1.29673e+04
 Pressure (bar)
    0.00000e+00

           Step           Time         Lambda
            651      651.00000        0.00000

   Energies (kJ/mol)
        G96Bond       G96Angle    Proper Dih.  Improper Dih.          LJ-14
    3.29663e+03    1.02208e+02    1.35818e+02    2.10525e+00    1.21216e+04
     Coulomb-14        LJ (SR)   Coulomb (SR)   Coul. recip.      Potential
   -2.17201e+02   -2.69331e+03   -3.54819e+03    3.76754e+03    1.29672e+04
 Pressure (bar)
    0.00000e+00

           Step           Time         Lambda
            652      652.00000        0.00000

   Energies (kJ/mol)
        G96Bond       G96Angle    Proper Dih.  Improper Dih.          LJ-14
    3.29789e+03    1.01776e+02    1.35760e+02    2.10519e+00    1.21203e+04
     Coulomb-14        LJ (SR)   Coulomb (SR)   Coul. recip.      Potential
   -2.17016e+02   -2.69332e+03   -3.54814e+03    3.76743e+03    1.29668e+04
 Pressure (bar)
    0.00000e+00

           Step           Time         Lambda
            653      653.00000        0.00000

           Step           Time         Lambda
            654      654.00000        0.00000

   Energies (kJ/mol)
        G96Bond       G96Angle    Proper Dih.  Improper Dih.          LJ-14
    3.29801e+03    1.01804e+02    1.35789e+02    2.10520e+00    1.21195e+04
     Coulomb-14        LJ (SR)   Coulomb (SR)   Coul. recip.      Potential
   -2.17162e+02   -2.69334e+03   -3.54811e+03    3.76728e+03    1.29659e+04
 Pressure (bar)
    0.00000e+00

           Step           Time         Lambda
            655      655.00000        0.00000

   Energies (kJ/mol)
        G96Bond       G96Angle    Proper Dih.  Improper Dih.          LJ-14
    3.30312e+03    1.01771e+02    1.35740e+02    2.10500e+00    1.21146e+04
     Coulomb-14        LJ (SR)   Coulomb (SR)   Coul. recip.      Potential
   -2.17111e+02   -2.69343e+03   -3.54794e+03    3.76665e+03    1.29656e+04
 Pressure (bar)
    0.00000e+00

           Step           Time         Lambda
            656      656.00000        0.00000

   Energies (kJ/mol)
        G96Bond       G96Angle    Proper Dih.  Improper Dih.          LJ-14
    3.30311e+03    1.01833e+02    1.35780e+02    2.10498e+00    1.21137e+04
     Coulomb-14        LJ (SR)   Coulomb (SR)   Coul. recip.      Potential
   -2.17320e+02   -2.69345e+03   -3.54790e+03    3.76646e+03    1.29643e+04
 Pressure (bar)
    0.00000e+00

           Step           Time         Lambda
            657      657.00000        0.00000

           Step           Time         Lambda
            658      658.00000        0.00000

   Energies (kJ/mol)
        G96Bond       G96Angle    Proper Dih.  Improper Dih.          LJ-14
    3.30444e+03    1.01616e+02    1.35748e+02    2.10494e+00    1.21123e+04
     Coulomb-14        LJ (SR)   Coulomb (SR)   Coul. recip.      Potential
   -2.17237e+02   -2.69348e+03   -3.54785e+03    3.76630e+03    1.29640e+04
 Pressure (bar)
    0.00000e+00

           Step           Time         Lambda
            659      659.00000        0.00000

   Energies (kJ/mol)
        G96Bond       G96Angle    Proper Dih.  Improper Dih.          LJ-14
    3.30566e+03    1.01891e+02    1.35778e+02    2.10488e+00    1.21109e+04
     Coulomb-14        LJ (SR)   Coulomb (SR)   Coul. recip.      Potential
   -2.17402e+02   -2.69351e+03   -3.54780e+03    3.76606e+03    1.29636e+04
 Pressure (bar)
    0.00000e+00

           Step           Time         Lambda
            660      660.00000        0.00000

   Energies (kJ/mol)
        G96Bond       G96Angle    Proper Dih.  Improper Dih.          LJ-14
    3.30706e+03    1.01604e+02    1.35733e+02    2.10482e+00    1.21095e+04
     Coulomb-14        LJ (SR)   Coulomb (SR)   Coul. recip.      Potential
   -2.17272e+02   -2.69353e+03   -3.54775e+03    3.76592e+03    1.29634e+04
 Pressure (bar)
    0.00000e+00

           Step           Time         Lambda
            661      661.00000        0.00000

   Energies (kJ/mol)
        G96Bond       G96Angle    Proper Dih.  Improper Dih.          LJ-14
    3.30831e+03    1.02023e+02    1.35778e+02    2.10480e+00    1.21081e+04
     Coulomb-14        LJ (SR)   Coulomb (SR)   Coul. recip.      Potential
   -2.17495e+02   -2.69357e+03   -3.54769e+03    3.76565e+03    1.29632e+04
 Pressure (bar)
    0.00000e+00

           Step           Time         Lambda
            662      662.00000        0.00000

   Energies (kJ/mol)
        G96Bond       G96Angle    Proper Dih.  Improper Dih.          LJ-14
    3.30986e+03    1.01650e+02    1.35716e+02    2.10471e+00    1.21067e+04
     Coulomb-14        LJ (SR)   Coulomb (SR)   Coul. recip.      Potential
   -2.17294e+02   -2.69359e+03   -3.54765e+03    3.76554e+03    1.29631e+04
 Pressure (bar)
    0.00000e+00

           Step           Time         Lambda
            663      663.00000        0.00000

   Energies (kJ/mol)
        G96Bond       G96Angle    Proper Dih.  Improper Dih.          LJ-14
    3.31119e+03    1.02298e+02    1.35782e+02    2.10471e+00    1.21053e+04
     Coulomb-14        LJ (SR)   Coulomb (SR)   Coul. recip.      Potential
   -2.17602e+02   -2.69362e+03   -3.54759e+03    3.76524e+03    1.29631e+04
 Pressure (bar)
    0.00000e+00

           Step           Time         Lambda
            664      664.00000        0.00000

           Step           Time         Lambda
            665      665.00000        0.00000

   Energies (kJ/mol)
        G96Bond       G96Angle    Proper Dih.  Improper Dih.          LJ-14
    3.31090e+03    1.01541e+02    1.35734e+02    2.10468e+00    1.21046e+04
     Coulomb-14        LJ (SR)   Coulomb (SR)   Coul. recip.      Potential
   -2.17450e+02   -2.69363e+03   -3.54757e+03    3.76520e+03    1.29615e+04
 Pressure (bar)
    0.00000e+00

           Step           Time         Lambda
            666      666.00000        0.00000

   Energies (kJ/mol)
        G96Bond       G96Angle    Proper Dih.  Improper Dih.          LJ-14
    3.31880e+03    1.02447e+02    1.35767e+02    2.10447e+00    1.20970e+04
     Coulomb-14        LJ (SR)   Coulomb (SR)   Coul. recip.      Potential
   -2.17807e+02   -2.69379e+03   -3.54728e+03    3.76405e+03    1.29613e+04
 Pressure (bar)
    0.00000e+00

           Step           Time         Lambda
            667      667.00000        0.00000

   Energies (kJ/mol)
        G96Bond       G96Angle    Proper Dih.  Improper Dih.          LJ-14
    3.31829e+03    1.01416e+02    1.35697e+02    2.10439e+00    1.20963e+04
     Coulomb-14        LJ (SR)   Coulomb (SR)   Coul. recip.      Potential
   -2.17594e+02   -2.69380e+03   -3.54726e+03    3.76401e+03    1.29592e+04
 Pressure (bar)
    0.00000e+00

           Step           Time         Lambda
            668      668.00000        0.00000

           Step           Time         Lambda
            669      669.00000        0.00000

   Energies (kJ/mol)
        G96Bond       G96Angle    Proper Dih.  Improper Dih.          LJ-14
    3.31972e+03    1.01749e+02    1.35727e+02    2.10436e+00    1.20947e+04
     Coulomb-14        LJ (SR)   Coulomb (SR)   Coul. recip.      Potential
   -2.17769e+02   -2.69384e+03   -3.54720e+03    3.76375e+03    1.29590e+04
 Pressure (bar)
    0.00000e+00

           Step           Time         Lambda
            670      670.00000        0.00000

   Energies (kJ/mol)
        G96Bond       G96Angle    Proper Dih.  Improper Dih.          LJ-14
    3.32086e+03    1.01399e+02    1.35679e+02    2.10431e+00    1.20936e+04
     Coulomb-14        LJ (SR)   Coulomb (SR)   Coul. recip.      Potential
   -2.17625e+02   -2.69386e+03   -3.54716e+03    3.76363e+03    1.29586e+04
 Pressure (bar)
    0.00000e+00

           Step           Time         Lambda
            671      671.00000        0.00000

   Energies (kJ/mol)
        G96Bond       G96Angle    Proper Dih.  Improper Dih.          LJ-14
    3.32231e+03    1.01915e+02    1.35727e+02    2.10432e+00    1.20921e+04
     Coulomb-14        LJ (SR)   Coulomb (SR)   Coul. recip.      Potential
   -2.17864e+02   -2.69390e+03   -3.54710e+03    3.76335e+03    1.29586e+04
 Pressure (bar)
    0.00000e+00

           Step           Time         Lambda
            672      672.00000        0.00000

   Energies (kJ/mol)
        G96Bond       G96Angle    Proper Dih.  Improper Dih.          LJ-14
    3.32360e+03    1.01451e+02    1.35660e+02    2.10425e+00    1.20909e+04
     Coulomb-14        LJ (SR)   Coulomb (SR)   Coul. recip.      Potential
   -2.17642e+02   -2.69391e+03   -3.54706e+03    3.76325e+03    1.29584e+04
 Pressure (bar)
    0.00000e+00

           Step           Time         Lambda
            673      673.00000        0.00000

           Step           Time         Lambda
            674      674.00000        0.00000

   Energies (kJ/mol)
        G96Bond       G96Angle    Proper Dih.  Improper Dih.          LJ-14
    3.32342e+03    1.01430e+02    1.35692e+02    2.10422e+00    1.20902e+04
     Coulomb-14        LJ (SR)   Coulomb (SR)   Coul. recip.      Potential
   -2.17807e+02   -2.69394e+03   -3.54703e+03    3.76310e+03    1.29571e+04
 Pressure (bar)
    0.00000e+00

           Step           Time         Lambda
            675      675.00000        0.00000

   Energies (kJ/mol)
        G96Bond       G96Angle    Proper Dih.  Improper Dih.          LJ-14
    3.32918e+03    1.01474e+02    1.35632e+02    2.10406e+00    1.20850e+04
     Coulomb-14        LJ (SR)   Coulomb (SR)   Coul. recip.      Potential
   -2.17737e+02   -2.69404e+03   -3.54684e+03    3.76239e+03    1.29571e+04
 Pressure (bar)
    0.00000e+00

           Step           Time         Lambda
            676      676.00000        0.00000

   Energies (kJ/mol)
        G96Bond       G96Angle    Proper Dih.  Improper Dih.          LJ-14
    3.32877e+03    1.01472e+02    1.35677e+02    2.10405e+00    1.20841e+04
     Coulomb-14        LJ (SR)   Coulomb (SR)   Coul. recip.      Potential
   -2.17976e+02   -2.69407e+03   -3.54680e+03    3.76219e+03    1.29555e+04
 Pressure (bar)
    0.00000e+00

           Step           Time         Lambda
            677      677.00000        0.00000

           Step           Time         Lambda
            678      678.00000        0.00000

   Energies (kJ/mol)
        G96Bond       G96Angle    Proper Dih.  Improper Dih.          LJ-14
    3.33013e+03    1.01242e+02    1.35640e+02    2.10397e+00    1.20828e+04
     Coulomb-14        LJ (SR)   Coulomb (SR)   Coul. recip.      Potential
   -2.17874e+02   -2.69409e+03   -3.54675e+03    3.76203e+03    1.29552e+04
 Pressure (bar)
    0.00000e+00

           Step           Time         Lambda
            679      679.00000        0.00000

   Energies (kJ/mol)
        G96Bond       G96Angle    Proper Dih.  Improper Dih.          LJ-14
    3.33115e+03    1.01551e+02    1.35673e+02    2.10392e+00    1.20815e+04
     Coulomb-14        LJ (SR)   Coulomb (SR)   Coul. recip.      Potential
   -2.18058e+02   -2.69413e+03   -3.54670e+03    3.76180e+03    1.29549e+04
 Pressure (bar)
    0.00000e+00

           Step           Time         Lambda
            680      680.00000        0.00000

   Energies (kJ/mol)
        G96Bond       G96Angle    Proper Dih.  Improper Dih.          LJ-14
    3.33260e+03    1.01253e+02    1.35622e+02    2.10387e+00    1.20802e+04
     Coulomb-14        LJ (SR)   Coulomb (SR)   Coul. recip.      Potential
   -2.17901e+02   -2.69415e+03   -3.54666e+03    3.76166e+03    1.29548e+04
 Pressure (bar)
    0.00000e+00

           Step           Time         Lambda
            681      681.00000        0.00000

   Energies (kJ/mol)
        G96Bond       G96Angle    Proper Dih.  Improper Dih.          LJ-14
    3.33366e+03    1.01727e+02    1.35671e+02    2.10386e+00    1.20790e+04
     Coulomb-14        LJ (SR)   Coulomb (SR)   Coul. recip.      Potential
   -2.18152e+02   -2.69419e+03   -3.54660e+03    3.76140e+03    1.29546e+04
 Pressure (bar)
    0.00000e+00

           Step           Time         Lambda
            682      682.00000        0.00000

           Step           Time         Lambda
            683      683.00000        0.00000

   Energies (kJ/mol)
        G96Bond       G96Angle    Proper Dih.  Improper Dih.          LJ-14
    3.33370e+03    1.01199e+02    1.35633e+02    2.10382e+00    1.20783e+04
     Coulomb-14        LJ (SR)   Coulomb (SR)   Coul. recip.      Potential
   -2.18031e+02   -2.69420e+03   -3.54658e+03    3.76135e+03    1.29535e+04
 Pressure (bar)
    0.00000e+00

           Step           Time         Lambda
            684      684.00000        0.00000

   Energies (kJ/mol)
        G96Bond       G96Angle    Proper Dih.  Improper Dih.          LJ-14
    3.33931e+03    1.01819e+02    1.35652e+02    2.10368e+00    1.20728e+04
     Coulomb-14        LJ (SR)   Coulomb (SR)   Coul. recip.      Potential
   -2.18311e+02   -2.69433e+03   -3.54636e+03    3.76045e+03    1.29531e+04
 Pressure (bar)
    0.00000e+00

           Step           Time         Lambda
            685      685.00000        0.00000

   Energies (kJ/mol)
        G96Bond       G96Angle    Proper Dih.  Improper Dih.          LJ-14
    3.33927e+03    1.01095e+02    1.35597e+02    2.10363e+00    1.20721e+04
     Coulomb-14        LJ (SR)   Coulomb (SR)   Coul. recip.      Potential
   -2.18139e+02   -2.69434e+03   -3.54634e+03    3.76041e+03    1.29517e+04
 Pressure (bar)
    0.00000e+00

           Step           Time         Lambda
            686      686.00000        0.00000

           Step           Time         Lambda
            687      687.00000        0.00000

   Energies (kJ/mol)
        G96Bond       G96Angle    Proper Dih.  Improper Dih.          LJ-14
    3.34043e+03    1.01337e+02    1.35619e+02    2.10364e+00    1.20707e+04
     Coulomb-14        LJ (SR)   Coulomb (SR)   Coul. recip.      Potential
   -2.18282e+02   -2.69438e+03   -3.54629e+03    3.76016e+03    1.29514e+04
 Pressure (bar)
    0.00000e+00

           Step           Time         Lambda
            688      688.00000        0.00000

   Energies (kJ/mol)
        G96Bond       G96Angle    Proper Dih.  Improper Dih.          LJ-14
    3.34156e+03    1.01068e+02    1.35580e+02    2.10354e+00    1.20696e+04
     Coulomb-14        LJ (SR)   Coulomb (SR)   Coul. recip.      Potential
   -2.18169e+02   -2.69440e+03   -3.54625e+03    3.76003e+03    1.29511e+04
 Pressure (bar)
    0.00000e+00

           Step           Time         Lambda
            689      689.00000        0.00000

   Energies (kJ/mol)
        G96Bond       G96Angle    Proper Dih.  Improper Dih.          LJ-14
    3.34272e+03    1.01441e+02    1.35615e+02    2.10352e+00    1.20683e+04
     Coulomb-14        LJ (SR)   Coulomb (SR)   Coul. recip.      Potential
   -2.18365e+02   -2.69444e+03   -3.54619e+03    3.75978e+03    1.29510e+04
 Pressure (bar)
    0.00000e+00

           Step           Time         Lambda
            690      690.00000        0.00000

   Energies (kJ/mol)
        G96Bond       G96Angle    Proper Dih.  Improper Dih.          LJ-14
    3.34396e+03    1.01082e+02    1.35561e+02    2.10350e+00    1.20672e+04
     Coulomb-14        LJ (SR)   Coulomb (SR)   Coul. recip.      Potential
   -2.18190e+02   -2.69446e+03   -3.54615e+03    3.75967e+03    1.29508e+04
 Pressure (bar)
    0.00000e+00

           Step           Time         Lambda
            691      691.00000        0.00000

           Step           Time         Lambda
            692      692.00000        0.00000

   Energies (kJ/mol)
        G96Bond       G96Angle    Proper Dih.  Improper Dih.          LJ-14
    3.34395e+03    1.01098e+02    1.35585e+02    2.10347e+00    1.20665e+04
     Coulomb-14        LJ (SR)   Coulomb (SR)   Coul. recip.      Potential
   -2.18324e+02   -2.69448e+03   -3.54612e+03    3.75952e+03    1.29499e+04
 Pressure (bar)
    0.00000e+00

           Step           Time         Lambda
            693      693.00000        0.00000

   Energies (kJ/mol)
        G96Bond       G96Angle    Proper Dih.  Improper Dih.          LJ-14
    3.35009e+03    1.01048e+02    1.35523e+02    2.10329e+00    1.20605e+04
     Coulomb-14        LJ (SR)   Coulomb (SR)   Coul. recip.      Potential
   -2.18309e+02   -2.69462e+03   -3.54589e+03    3.75862e+03    1.29490e+04
 Pressure (bar)
    0.00000e+00

           Step           Time         Lambda
            694      694.00000        0.00000

   Energies (kJ/mol)
        G96Bond       G96Angle    Proper Dih.  Improper Dih.          LJ-14
    3.34993e+03    1.01091e+02    1.35557e+02    2.10327e+00    1.20597e+04
     Coulomb-14        LJ (SR)   Coulomb (SR)   Coul. recip.      Potential
   -2.18504e+02   -2.69465e+03   -3.54586e+03    3.75845e+03    1.29478e+04
 Pressure (bar)
    0.00000e+00

           Step           Time         Lambda
            695      695.00000        0.00000

           Step           Time         Lambda
            696      696.00000        0.00000

   Energies (kJ/mol)
        G96Bond       G96Angle    Proper Dih.  Improper Dih.          LJ-14
    3.35127e+03    1.00908e+02    1.35525e+02    2.10322e+00    1.20584e+04
     Coulomb-14        LJ (SR)   Coulomb (SR)   Coul. recip.      Potential
   -2.18430e+02   -2.69468e+03   -3.54581e+03    3.75827e+03    1.29476e+04
 Pressure (bar)
    0.00000e+00

           Step           Time         Lambda
            697      697.00000        0.00000

   Energies (kJ/mol)
        G96Bond       G96Angle    Proper Dih.  Improper Dih.          LJ-14
    3.35210e+03    1.01136e+02    1.35549e+02    2.10321e+00    1.20573e+04
     Coulomb-14        LJ (SR)   Coulomb (SR)   Coul. recip.      Potential
   -2.18579e+02   -2.69471e+03   -3.54576e+03    3.75807e+03    1.29472e+04
 Pressure (bar)
    0.00000e+00

           Step           Time         Lambda
            698      698.00000        0.00000

   Energies (kJ/mol)
        G96Bond       G96Angle    Proper Dih.  Improper Dih.          LJ-14
    3.35348e+03    1.00897e+02    1.35507e+02    2.10316e+00    1.20561e+04
     Coulomb-14        LJ (SR)   Coulomb (SR)   Coul. recip.      Potential
   -2.18455e+02   -2.69474e+03   -3.54572e+03    3.75791e+03    1.29471e+04
 Pressure (bar)
    0.00000e+00

           Step           Time         Lambda
            699      699.00000        0.00000

   Energies (kJ/mol)
        G96Bond       G96Angle    Proper Dih.  Improper Dih.          LJ-14
    3.35433e+03    1.01247e+02    1.35544e+02    2.10317e+00    1.20549e+04
     Coulomb-14        LJ (SR)   Coulomb (SR)   Coul. recip.      Potential
   -2.18660e+02   -2.69477e+03   -3.54567e+03    3.75768e+03    1.29467e+04
 Pressure (bar)
    0.00000e+00

           Step           Time         Lambda
            700      700.00000        0.00000

           Step           Time         Lambda
            701      701.00000        0.00000

   Energies (kJ/mol)
        G96Bond       G96Angle    Proper Dih.  Improper Dih.          LJ-14
    3.35458e+03    1.00875e+02    1.35513e+02    2.10314e+00    1.20544e+04
     Coulomb-14        LJ (SR)   Coulomb (SR)   Coul. recip.      Potential
   -2.18566e+02   -2.69478e+03   -3.54565e+03    3.75762e+03    1.29461e+04
 Pressure (bar)
    0.00000e+00

           Step           Time         Lambda
            702      702.00000        0.00000

   Energies (kJ/mol)
        G96Bond       G96Angle    Proper Dih.  Improper Dih.          LJ-14
    3.35847e+03    1.01299e+02    1.35524e+02    2.10302e+00    1.20504e+04
     Coulomb-14        LJ (SR)   Coulomb (SR)   Coul. recip.      Potential
   -2.18782e+02   -2.69489e+03   -3.54549e+03    3.75694e+03    1.29456e+04
 Pressure (bar)
    0.00000e+00

           Step           Time         Lambda
            703      703.00000        0.00000

   Energies (kJ/mol)
        G96Bond       G96Angle    Proper Dih.  Improper Dih.          LJ-14
    3.35871e+03    1.00789e+02    1.35480e+02    2.10296e+00    1.20497e+04
     Coulomb-14        LJ (SR)   Coulomb (SR)   Coul. recip.      Potential
   -2.18643e+02   -2.69491e+03   -3.54547e+03    3.75688e+03    1.29447e+04
 Pressure (bar)
    0.00000e+00

           Step           Time         Lambda
            704      704.00000        0.00000

           Step           Time         Lambda
            705      705.00000        0.00000

   Energies (kJ/mol)
        G96Bond       G96Angle    Proper Dih.  Improper Dih.          LJ-14
    3.35964e+03    1.00967e+02    1.35496e+02    2.10295e+00    1.20486e+04
     Coulomb-14        LJ (SR)   Coulomb (SR)   Coul. recip.      Potential
   -2.18761e+02   -2.69494e+03   -3.54542e+03    3.75667e+03    1.29444e+04
 Pressure (bar)
    0.00000e+00

           Step           Time         Lambda
            706      706.00000        0.00000

   Energies (kJ/mol)
        G96Bond       G96Angle    Proper Dih.  Improper Dih.          LJ-14
    3.36077e+03    1.00758e+02    1.35462e+02    2.10293e+00    1.20475e+04
     Coulomb-14        LJ (SR)   Coulomb (SR)   Coul. recip.      Potential
   -2.18674e+02   -2.69497e+03   -3.54538e+03    3.75652e+03    1.29441e+04
 Pressure (bar)
    0.00000e+00

           Step           Time         Lambda
            707      707.00000        0.00000

   Energies (kJ/mol)
        G96Bond       G96Angle    Proper Dih.  Improper Dih.          LJ-14
    3.36170e+03    1.01028e+02    1.35487e+02    2.10291e+00    1.20464e+04
     Coulomb-14        LJ (SR)   Coulomb (SR)   Coul. recip.      Potential
   -2.18835e+02   -2.69500e+03   -3.54533e+03    3.75629e+03    1.29438e+04
 Pressure (bar)
    0.00000e+00

           Step           Time         Lambda
            708      708.00000        0.00000

   Energies (kJ/mol)
        G96Bond       G96Angle    Proper Dih.  Improper Dih.          LJ-14
    3.36291e+03    1.00750e+02    1.35442e+02    2.10286e+00    1.20453e+04
     Coulomb-14        LJ (SR)   Coulomb (SR)   Coul. recip.      Potential
   -2.18698e+02   -2.69503e+03   -3.54529e+03    3.75617e+03    1.29436e+04
 Pressure (bar)
    0.00000e+00

           Step           Time         Lambda
            709      709.00000        0.00000

   Energies (kJ/mol)
        G96Bond       G96Angle    Proper Dih.  Improper Dih.          LJ-14
    3.36386e+03    1.01165e+02    1.35481e+02    2.10291e+00    1.20441e+04
     Coulomb-14        LJ (SR)   Coulomb (SR)   Coul. recip.      Potential
   -2.18917e+02   -2.69506e+03   -3.54524e+03    3.75592e+03    1.29434e+04
 Pressure (bar)
    0.00000e+00

           Step           Time         Lambda
            710      710.00000        0.00000

           Step           Time         Lambda
            711      711.00000        0.00000

   Energies (kJ/mol)
        G96Bond       G96Angle    Proper Dih.  Improper Dih.          LJ-14
    3.36396e+03    1.00732e+02    1.35448e+02    2.10286e+00    1.20436e+04
     Coulomb-14        LJ (SR)   Coulomb (SR)   Coul. recip.      Potential
   -2.18812e+02   -2.69507e+03   -3.54522e+03    3.75586e+03    1.29426e+04
 Pressure (bar)
    0.00000e+00

           Step           Time         Lambda
            712      712.00000        0.00000

   Energies (kJ/mol)
        G96Bond       G96Angle    Proper Dih.  Improper Dih.          LJ-14
    3.36920e+03    1.01218e+02    1.35452e+02    2.10274e+00    1.20383e+04
     Coulomb-14        LJ (SR)   Coulomb (SR)   Coul. recip.      Potential
   -2.19069e+02   -2.69523e+03   -3.54500e+03    3.75494e+03    1.29419e+04
 Pressure (bar)
    0.00000e+00

           Step           Time         Lambda
            713      713.00000        0.00000

   Energies (kJ/mol)
        G96Bond       G96Angle    Proper Dih.  Improper Dih.          LJ-14
    3.36925e+03    1.00622e+02    1.35405e+02    2.10270e+00    1.20377e+04
     Coulomb-14        LJ (SR)   Coulomb (SR)   Coul. recip.      Potential
   -2.18918e+02   -2.69524e+03   -3.54498e+03    3.75488e+03    1.29408e+04
 Pressure (bar)
    0.00000e+00

           Step           Time         Lambda
            714      714.00000        0.00000

           Step           Time         Lambda
            715      715.00000        0.00000

   Energies (kJ/mol)
        G96Bond       G96Angle    Proper Dih.  Improper Dih.          LJ-14
    3.37029e+03    1.00832e+02    1.35420e+02    2.10268e+00    1.20365e+04
     Coulomb-14        LJ (SR)   Coulomb (SR)   Coul. recip.      Potential
   -2.19045e+02   -2.69528e+03   -3.54493e+03    3.75465e+03    1.29405e+04
 Pressure (bar)
    0.00000e+00

           Step           Time         Lambda
            716      716.00000        0.00000

   Energies (kJ/mol)
        G96Bond       G96Angle    Proper Dih.  Improper Dih.          LJ-14
    3.37125e+03    1.00589e+02    1.35385e+02    2.10266e+00    1.20355e+04
     Coulomb-14        LJ (SR)   Coulomb (SR)   Coul. recip.      Potential
   -2.18946e+02   -2.69530e+03   -3.54489e+03    3.75453e+03    1.29402e+04
 Pressure (bar)
    0.00000e+00

           Step           Time         Lambda
            717      717.00000        0.00000

   Energies (kJ/mol)
        G96Bond       G96Angle    Proper Dih.  Improper Dih.          LJ-14
    3.37227e+03    1.00910e+02    1.35412e+02    2.10265e+00    1.20343e+04
     Coulomb-14        LJ (SR)   Coulomb (SR)   Coul. recip.      Potential
   -2.19116e+02   -2.69534e+03   -3.54484e+03    3.75429e+03    1.29400e+04
 Pressure (bar)
    0.00000e+00

           Step           Time         Lambda
            718      718.00000        0.00000

   Energies (kJ/mol)
        G96Bond       G96Angle    Proper Dih.  Improper Dih.          LJ-14
    3.37333e+03    1.00582e+02    1.35364e+02    2.10262e+00    1.20334e+04
     Coulomb-14        LJ (SR)   Coulomb (SR)   Coul. recip.      Potential
   -2.18964e+02   -2.69536e+03   -3.54481e+03    3.75418e+03    1.29398e+04
 Pressure (bar)
    0.00000e+00

           Step           Time         Lambda
            719      719.00000        0.00000

   Energies (kJ/mol)
        G96Bond       G96Angle    Proper Dih.  Improper Dih.          LJ-14
    3.37439e+03    1.01075e+02    1.35406e+02    2.10258e+00    1.20322e+04
     Coulomb-14        LJ (SR)   Coulomb (SR)   Coul. recip.      Potential
   -2.19199e+02   -2.69540e+03   -3.54475e+03    3.75392e+03    1.29398e+04
 Pressure (bar)
    0.00000e+00

           Step           Time         Lambda
            720      720.00000        0.00000

   Energies (kJ/mol)
        G96Bond       G96Angle    Proper Dih.  Improper Dih.          LJ-14
    3.37560e+03    1.00644e+02    1.35341e+02    2.10256e+00    1.20313e+04
     Coulomb-14        LJ (SR)   Coulomb (SR)   Coul. recip.      Potential
   -2.18969e+02   -2.69542e+03   -3.54472e+03    3.75383e+03    1.29397e+04
 Pressure (bar)
    0.00000e+00

           Step           Time         Lambda
            721      721.00000        0.00000

           Step           Time         Lambda
            722      722.00000        0.00000

   Energies (kJ/mol)
        G96Bond       G96Angle    Proper Dih.  Improper Dih.          LJ-14
    3.37523e+03    1.00608e+02    1.35369e+02    2.10258e+00    1.20307e+04
     Coulomb-14        LJ (SR)   Coulomb (SR)   Coul. recip.      Potential
   -2.19133e+02   -2.69545e+03   -3.54469e+03    3.75369e+03    1.29384e+04
 Pressure (bar)
    0.00000e+00

           Step           Time         Lambda
            723      723.00000        0.00000

   Energies (kJ/mol)
        G96Bond       G96Angle    Proper Dih.  Improper Dih.          LJ-14
    3.38113e+03    1.00664e+02    1.35296e+02    2.10245e+00    1.20254e+04
     Coulomb-14        LJ (SR)   Coulomb (SR)   Coul. recip.      Potential
   -2.19062e+02   -2.69560e+03   -3.54448e+03    3.75285e+03    1.29383e+04
 Pressure (bar)
    0.00000e+00

           Step           Time         Lambda
            724      724.00000        0.00000

   Energies (kJ/mol)
        G96Bond       G96Angle    Proper Dih.  Improper Dih.          LJ-14
    3.38050e+03    1.00638e+02    1.35336e+02    2.10247e+00    1.20248e+04
     Coulomb-14        LJ (SR)   Coulomb (SR)   Coul. recip.      Potential
   -2.19302e+02   -2.69562e+03   -3.54445e+03    3.75266e+03    1.29366e+04
 Pressure (bar)
    0.00000e+00

           Step           Time         Lambda
            725      725.00000        0.00000

           Step           Time         Lambda
            726      726.00000        0.00000

   Energies (kJ/mol)
        G96Bond       G96Angle    Proper Dih.  Improper Dih.          LJ-14
    3.38174e+03    1.00425e+02    1.35298e+02    2.10246e+00    1.20236e+04
     Coulomb-14        LJ (SR)   Coulomb (SR)   Coul. recip.      Potential
   -2.19195e+02   -2.69565e+03   -3.54441e+03    3.75251e+03    1.29365e+04
 Pressure (bar)
    0.00000e+00

           Step           Time         Lambda
            727      727.00000        0.00000

   Energies (kJ/mol)
        G96Bond       G96Angle    Proper Dih.  Improper Dih.          LJ-14
    3.38244e+03    1.00718e+02    1.35327e+02    2.10249e+00    1.20227e+04
     Coulomb-14        LJ (SR)   Coulomb (SR)   Coul. recip.      Potential
   -2.19375e+02   -2.69569e+03   -3.54436e+03    3.75229e+03    1.29361e+04
 Pressure (bar)
    0.00000e+00

           Step           Time         Lambda
            728      728.00000        0.00000

           Step           Time         Lambda
            729      729.00000        0.00000

   Energies (kJ/mol)
        G96Bond       G96Angle    Proper Dih.  Improper Dih.          LJ-14
    3.38274e+03    1.00419e+02    1.35299e+02    2.10247e+00    1.20222e+04
     Coulomb-14        LJ (SR)   Coulomb (SR)   Coul. recip.      Potential
   -2.19292e+02   -2.69570e+03   -3.54434e+03    3.75223e+03    1.29356e+04
 Pressure (bar)
    0.00000e+00

           Step           Time         Lambda
            730      730.00000        0.00000

   Energies (kJ/mol)
        G96Bond       G96Angle    Proper Dih.  Improper Dih.          LJ-14
    3.38571e+03    1.00757e+02    1.35304e+02    2.10238e+00    1.20191e+04
     Coulomb-14        LJ (SR)   Coulomb (SR)   Coul. recip.      Potential
   -2.19474e+02   -2.69580e+03   -3.54421e+03    3.75165e+03    1.29351e+04
 Pressure (bar)
    0.00000e+00

           Step           Time         Lambda
            731      731.00000        0.00000

   Energies (kJ/mol)
        G96Bond       G96Angle    Proper Dih.  Improper Dih.          LJ-14
    3.38601e+03    1.00345e+02    1.35267e+02    2.10233e+00    1.20185e+04
     Coulomb-14        LJ (SR)   Coulomb (SR)   Coul. recip.      Potential
   -2.19352e+02   -2.69582e+03   -3.54419e+03    3.75159e+03    1.29345e+04
 Pressure (bar)
    0.00000e+00

           Step           Time         Lambda
            732      732.00000        0.00000

           Step           Time         Lambda
            733      733.00000        0.00000

   Energies (kJ/mol)
        G96Bond       G96Angle    Proper Dih.  Improper Dih.          LJ-14
    3.38677e+03    1.00492e+02    1.35278e+02    2.10233e+00    1.20176e+04
     Coulomb-14        LJ (SR)   Coulomb (SR)   Coul. recip.      Potential
   -2.19455e+02   -2.69585e+03   -3.54415e+03    3.75140e+03    1.29342e+04
 Pressure (bar)
    0.00000e+00

           Step           Time         Lambda
            734      734.00000        0.00000

   Energies (kJ/mol)
        G96Bond       G96Angle    Proper Dih.  Improper Dih.          LJ-14
    3.38781e+03    1.00312e+02    1.35248e+02    2.10229e+00    1.20165e+04
     Coulomb-14        LJ (SR)   Coulomb (SR)   Coul. recip.      Potential
   -2.19380e+02   -2.69588e+03   -3.54411e+03    3.75124e+03    1.29339e+04
 Pressure (bar)
    0.00000e+00

           Step           Time         Lambda
            735      735.00000        0.00000

   Energies (kJ/mol)
        G96Bond       G96Angle    Proper Dih.  Improper Dih.          LJ-14
    3.38858e+03    1.00537e+02    1.35267e+02    2.10230e+00    1.20156e+04
     Coulomb-14        LJ (SR)   Coulomb (SR)   Coul. recip.      Potential
   -2.19518e+02   -2.69591e+03   -3.54406e+03    3.75104e+03    1.29336e+04
 Pressure (bar)
    0.00000e+00

           Step           Time         Lambda
            736      736.00000        0.00000

   Energies (kJ/mol)
        G96Bond       G96Angle    Proper Dih.  Improper Dih.          LJ-14
    3.38968e+03    1.00294e+02    1.35227e+02    2.10227e+00    1.20146e+04
     Coulomb-14        LJ (SR)   Coulomb (SR)   Coul. recip.      Potential
   -2.19400e+02   -2.69594e+03   -3.54403e+03    3.75091e+03    1.29334e+04
 Pressure (bar)
    0.00000e+00

           Step           Time         Lambda
            737      737.00000        0.00000

   Energies (kJ/mol)
        G96Bond       G96Angle    Proper Dih.  Improper Dih.          LJ-14
    3.39045e+03    1.00637e+02    1.35259e+02    2.10227e+00    1.20136e+04
     Coulomb-14        LJ (SR)   Coulomb (SR)   Coul. recip.      Potential
   -2.19592e+02   -2.69598e+03   -3.54398e+03    3.75068e+03    1.29332e+04
 Pressure (bar)
    0.00000e+00

           Step           Time         Lambda
            738      738.00000        0.00000

   Energies (kJ/mol)
        G96Bond       G96Angle    Proper Dih.  Improper Dih.          LJ-14
    3.39167e+03    1.00319e+02    1.35205e+02    2.10223e+00    1.20127e+04
     Coulomb-14        LJ (SR)   Coulomb (SR)   Coul. recip.      Potential
   -2.19409e+02   -2.69601e+03   -3.54395e+03    3.75057e+03    1.29332e+04
 Pressure (bar)
    0.00000e+00

           Step           Time         Lambda
            739      739.00000        0.00000

   Energies (kJ/mol)
        G96Bond       G96Angle    Proper Dih.  Improper Dih.          LJ-14
    3.39250e+03    1.00845e+02    1.35253e+02    2.10222e+00    1.20117e+04
     Coulomb-14        LJ (SR)   Coulomb (SR)   Coul. recip.      Potential
   -2.19677e+02   -2.69604e+03   -3.54390e+03    3.75031e+03    1.29331e+04
 Pressure (bar)
    0.00000e+00

           Step           Time         Lambda
            740      740.00000        0.00000

           Step           Time         Lambda
            741      741.00000        0.00000

   Energies (kJ/mol)
        G96Bond       G96Angle    Proper Dih.  Improper Dih.          LJ-14
    3.39232e+03    1.00256e+02    1.35213e+02    2.10221e+00    1.20112e+04
     Coulomb-14        LJ (SR)   Coulomb (SR)   Coul. recip.      Potential
   -2.19541e+02   -2.69606e+03   -3.54388e+03    3.75028e+03    1.29319e+04
 Pressure (bar)
    0.00000e+00

           Step           Time         Lambda
            742      742.00000        0.00000

           Step           Time         Lambda
            743      743.00000        0.00000

   Energies (kJ/mol)
        G96Bond       G96Angle    Proper Dih.  Improper Dih.          LJ-14
    3.39433e+03    1.00476e+02    1.35216e+02    2.10219e+00    1.20091e+04
     Coulomb-14        LJ (SR)   Coulomb (SR)   Coul. recip.      Potential
   -2.19675e+02   -2.69613e+03   -3.54379e+03    3.74986e+03    1.29315e+04
 Pressure (bar)
    0.00000e+00

           Step           Time         Lambda
            744      744.00000        0.00000

   Energies (kJ/mol)
        G96Bond       G96Angle    Proper Dih.  Improper Dih.          LJ-14
    3.39480e+03    1.00197e+02    1.35185e+02    2.10218e+00    1.20085e+04
     Coulomb-14        LJ (SR)   Coulomb (SR)   Coul. recip.      Potential
   -2.19585e+02   -2.69615e+03   -3.54376e+03    3.74978e+03    1.29310e+04
 Pressure (bar)
    0.00000e+00

           Step           Time         Lambda
            745      745.00000        0.00000

   Energies (kJ/mol)
        G96Bond       G96Angle    Proper Dih.  Improper Dih.          LJ-14
    3.39635e+03    1.00545e+02    1.35202e+02    2.10219e+00    1.20069e+04
     Coulomb-14        LJ (SR)   Coulomb (SR)   Coul. recip.      Potential
   -2.19745e+02   -2.69620e+03   -3.54369e+03    3.74945e+03    1.29309e+04
 Pressure (bar)
    0.00000e+00

           Step           Time         Lambda
            746      746.00000        0.00000

   Energies (kJ/mol)
        G96Bond       G96Angle    Proper Dih.  Improper Dih.          LJ-14
    3.39686e+03    1.00158e+02    1.35160e+02    2.10217e+00    1.20062e+04
     Coulomb-14        LJ (SR)   Coulomb (SR)   Coul. recip.      Potential
   -2.19609e+02   -2.69622e+03   -3.54367e+03    3.74938e+03    1.29304e+04
 Pressure (bar)
    0.00000e+00

           Step           Time         Lambda
            747      747.00000        0.00000

           Step           Time         Lambda
            748      748.00000        0.00000

   Energies (kJ/mol)
        G96Bond       G96Angle    Proper Dih.  Improper Dih.          LJ-14
    3.39724e+03    1.00274e+02    1.35175e+02    2.10216e+00    1.20056e+04
     Coulomb-14        LJ (SR)   Coulomb (SR)   Coul. recip.      Potential
   -2.19715e+02   -2.69625e+03   -3.54364e+03    3.74923e+03    1.29300e+04
 Pressure (bar)
    0.00000e+00

           Step           Time         Lambda
            749      749.00000        0.00000

   Energies (kJ/mol)
        G96Bond       G96Angle    Proper Dih.  Improper Dih.          LJ-14
    3.39892e+03    1.00134e+02    1.35138e+02    2.10214e+00    1.20040e+04
     Coulomb-14        LJ (SR)   Coulomb (SR)   Coul. recip.      Potential
   -2.19641e+02   -2.69630e+03   -3.54358e+03    3.74898e+03    1.29298e+04
 Pressure (bar)
    0.00000e+00

           Step           Time         Lambda
            750      750.00000        0.00000

   Energies (kJ/mol)
        G96Bond       G96Angle    Proper Dih.  Improper Dih.          LJ-14
    3.39929e+03    1.00313e+02    1.35161e+02    2.10215e+00    1.20033e+04
     Coulomb-14        LJ (SR)   Coulomb (SR)   Coul. recip.      Potential
   -2.19790e+02   -2.69633e+03   -3.54354e+03    3.74880e+03    1.29293e+04
 Pressure (bar)
    0.00000e+00

           Step           Time         Lambda
            751      751.00000        0.00000

           Step           Time         Lambda
            752      752.00000        0.00000

   Energies (kJ/mol)
        G96Bond       G96Angle    Proper Dih.  Improper Dih.          LJ-14
    3.39982e+03    1.00114e+02    1.35137e+02    2.10214e+00    1.20027e+04
     Coulomb-14        LJ (SR)   Coulomb (SR)   Coul. recip.      Potential
   -2.19724e+02   -2.69635e+03   -3.54352e+03    3.74871e+03    1.29290e+04
 Pressure (bar)
    0.00000e+00

           Step           Time         Lambda
            753      753.00000        0.00000

   Energies (kJ/mol)
        G96Bond       G96Angle    Proper Dih.  Improper Dih.          LJ-14
    3.40115e+03    1.00344e+02    1.35146e+02    2.10214e+00    1.20013e+04
     Coulomb-14        LJ (SR)   Coulomb (SR)   Coul. recip.      Potential
   -2.19852e+02   -2.69640e+03   -3.54345e+03    3.74841e+03    1.29287e+04
 Pressure (bar)
    0.00000e+00

           Step           Time         Lambda
            754      754.00000        0.00000

   Energies (kJ/mol)
        G96Bond       G96Angle    Proper Dih.  Improper Dih.          LJ-14
    3.40174e+03    1.00071e+02    1.35114e+02    2.10210e+00    1.20006e+04
     Coulomb-14        LJ (SR)   Coulomb (SR)   Coul. recip.      Potential
   -2.19753e+02   -2.69642e+03   -3.54343e+03    3.74832e+03    1.29283e+04
 Pressure (bar)
    0.00000e+00

           Step           Time         Lambda
            755      755.00000        0.00000

   Energies (kJ/mol)
        G96Bond       G96Angle    Proper Dih.  Improper Dih.          LJ-14
    3.40295e+03    1.00421e+02    1.35134e+02    2.10211e+00    1.19994e+04
     Coulomb-14        LJ (SR)   Coulomb (SR)   Coul. recip.      Potential
   -2.19917e+02   -2.69647e+03   -3.54337e+03    3.74805e+03    1.29283e+04
 Pressure (bar)
    0.00000e+00

           Step           Time         Lambda
            756      756.00000        0.00000

   Energies (kJ/mol)
        G96Bond       G96Angle    Proper Dih.  Improper Dih.          LJ-14
    3.40360e+03    1.00047e+02    1.35090e+02    2.10209e+00    1.19987e+04
     Coulomb-14        LJ (SR)   Coulomb (SR)   Coul. recip.      Potential
   -2.19769e+02   -2.69649e+03   -3.54335e+03    3.74797e+03    1.29279e+04
 Pressure (bar)
    0.00000e+00

           Step           Time         Lambda
            757      757.00000        0.00000

           Step           Time         Lambda
            758      758.00000        0.00000

   Energies (kJ/mol)
        G96Bond       G96Angle    Proper Dih.  Improper Dih.          LJ-14
    3.40380e+03    1.00141e+02    1.35106e+02    2.10207e+00    1.19981e+04
     Coulomb-14        LJ (SR)   Coulomb (SR)   Coul. recip.      Potential
   -2.19881e+02   -2.69651e+03   -3.54332e+03    3.74783e+03    1.29274e+04
 Pressure (bar)
    0.00000e+00

           Step           Time         Lambda
            759      759.00000        0.00000

   Energies (kJ/mol)
        G96Bond       G96Angle    Proper Dih.  Improper Dih.          LJ-14
    3.40607e+03    1.00026e+02    1.35062e+02    2.10207e+00    1.19960e+04
     Coulomb-14        LJ (SR)   Coulomb (SR)   Coul. recip.      Potential
   -2.19808e+02   -2.69658e+03   -3.54323e+03    3.74748e+03    1.29271e+04
 Pressure (bar)
    0.00000e+00

           Step           Time         Lambda
            760      760.00000        0.00000

   Energies (kJ/mol)
        G96Bond       G96Angle    Proper Dih.  Improper Dih.          LJ-14
    3.40623e+03    1.00173e+02    1.35087e+02    2.10205e+00    1.19954e+04
     Coulomb-14        LJ (SR)   Coulomb (SR)   Coul. recip.      Potential
   -2.19967e+02   -2.69661e+03   -3.54320e+03    3.74731e+03    1.29265e+04
 Pressure (bar)
    0.00000e+00

           Step           Time         Lambda
            761      761.00000        0.00000

           Step           Time         Lambda
            762      762.00000        0.00000

   Energies (kJ/mol)
        G96Bond       G96Angle    Proper Dih.  Improper Dih.          LJ-14
    3.40690e+03    9.99813e+01    1.35061e+02    2.10207e+00    1.19947e+04
     Coulomb-14        LJ (SR)   Coulomb (SR)   Coul. recip.      Potential
   -2.19896e+02   -2.69664e+03   -3.54317e+03    3.74720e+03    1.29262e+04
 Pressure (bar)
    0.00000e+00

           Step           Time         Lambda
            763      763.00000        0.00000

   Energies (kJ/mol)
        G96Bond       G96Angle    Proper Dih.  Improper Dih.          LJ-14
    3.40787e+03    1.00210e+02    1.35073e+02    2.10206e+00    1.19936e+04
     Coulomb-14        LJ (SR)   Coulomb (SR)   Coul. recip.      Potential
   -2.20023e+02   -2.69668e+03   -3.54312e+03    3.74696e+03    1.29260e+04
 Pressure (bar)
    0.00000e+00

           Step           Time         Lambda
            764      764.00000        0.00000

   Energies (kJ/mol)
        G96Bond       G96Angle    Proper Dih.  Improper Dih.          LJ-14
    3.40860e+03    9.99488e+01    1.35039e+02    2.10203e+00    1.19929e+04
     Coulomb-14        LJ (SR)   Coulomb (SR)   Coul. recip.      Potential
   -2.19917e+02   -2.69670e+03   -3.54309e+03    3.74686e+03    1.29257e+04
 Pressure (bar)
    0.00000e+00

           Step           Time         Lambda
            765      765.00000        0.00000

   Energies (kJ/mol)
        G96Bond       G96Angle    Proper Dih.  Improper Dih.          LJ-14
    3.40954e+03    1.00294e+02    1.35062e+02    2.10204e+00    1.19918e+04
     Coulomb-14        LJ (SR)   Coulomb (SR)   Coul. recip.      Potential
   -2.20088e+02   -2.69674e+03   -3.54304e+03    3.74662e+03    1.29256e+04
 Pressure (bar)
    0.00000e+00

           Step           Time         Lambda
            766      766.00000        0.00000

   Energies (kJ/mol)
        G96Bond       G96Angle    Proper Dih.  Improper Dih.          LJ-14
    3.41035e+03    9.99422e+01    1.35016e+02    2.10202e+00    1.19911e+04
     Coulomb-14        LJ (SR)   Coulomb (SR)   Coul. recip.      Potential
   -2.19928e+02   -2.69677e+03   -3.54302e+03    3.74653e+03    1.29253e+04
 Pressure (bar)
    0.00000e+00

           Step           Time         Lambda
            767      767.00000        0.00000

           Step           Time         Lambda
            768      768.00000        0.00000

   Energies (kJ/mol)
        G96Bond       G96Angle    Proper Dih.  Improper Dih.          LJ-14
    3.41039e+03    1.00005e+02    1.35033e+02    2.10205e+00    1.19906e+04
     Coulomb-14        LJ (SR)   Coulomb (SR)   Coul. recip.      Potential
   -2.20046e+02   -2.69679e+03   -3.54299e+03    3.74640e+03    1.29247e+04
 Pressure (bar)
    0.00000e+00

           Step           Time         Lambda
            769      769.00000        0.00000

   Energies (kJ/mol)
        G96Bond       G96Angle    Proper Dih.  Improper Dih.          LJ-14
    3.41368e+03    9.99175e+01    1.34977e+02    2.10202e+00    1.19875e+04
     Coulomb-14        LJ (SR)   Coulomb (SR)   Coul. recip.      Potential
   -2.19986e+02   -2.69690e+03   -3.54286e+03    3.74584e+03    1.29243e+04
 Pressure (bar)
    0.00000e+00

           Step           Time         Lambda
            770      770.00000        0.00000

   Energies (kJ/mol)
        G96Bond       G96Angle    Proper Dih.  Improper Dih.          LJ-14
    3.41363e+03    1.00022e+02    1.35003e+02    2.10206e+00    1.19870e+04
     Coulomb-14        LJ (SR)   Coulomb (SR)   Coul. recip.      Potential
   -2.20154e+02   -2.69693e+03   -3.54283e+03    3.74569e+03    1.29235e+04
 Pressure (bar)
    0.00000e+00

           Step           Time         Lambda
            771      771.00000        0.00000

           Step           Time         Lambda
            772      772.00000        0.00000

   Energies (kJ/mol)
        G96Bond       G96Angle    Proper Dih.  Improper Dih.          LJ-14
    3.41447e+03    9.98427e+01    1.34974e+02    2.10208e+00    1.19861e+04
     Coulomb-14        LJ (SR)   Coulomb (SR)   Coul. recip.      Potential
   -2.20081e+02   -2.69696e+03   -3.54280e+03    3.74555e+03    1.29232e+04
 Pressure (bar)
    0.00000e+00

           Step           Time         Lambda
            773      773.00000        0.00000

   Energies (kJ/mol)
        G96Bond       G96Angle    Proper Dih.  Improper Dih.          LJ-14
    3.41518e+03    1.00063e+02    1.34990e+02    2.10209e+00    1.19853e+04
     Coulomb-14        LJ (SR)   Coulomb (SR)   Coul. recip.      Potential
   -2.20211e+02   -2.69700e+03   -3.54275e+03    3.74534e+03    1.29230e+04
 Pressure (bar)
    0.00000e+00

           Step           Time         Lambda
            774      774.00000        0.00000

   Energies (kJ/mol)
        G96Bond       G96Angle    Proper Dih.  Improper Dih.          LJ-14
    3.41608e+03    9.98210e+01    1.34953e+02    2.10207e+00    1.19844e+04
     Coulomb-14        LJ (SR)   Coulomb (SR)   Coul. recip.      Potential
   -2.20097e+02   -2.69703e+03   -3.54272e+03    3.74522e+03    1.29228e+04
 Pressure (bar)
    0.00000e+00

           Step           Time         Lambda
            775      775.00000        0.00000

   Energies (kJ/mol)
        G96Bond       G96Angle    Proper Dih.  Improper Dih.          LJ-14
    3.41680e+03    1.00153e+02    1.34979e+02    2.10211e+00    1.19836e+04
     Coulomb-14        LJ (SR)   Coulomb (SR)   Coul. recip.      Potential
   -2.20276e+02   -2.69706e+03   -3.54268e+03    3.74500e+03    1.29226e+04
 Pressure (bar)
    0.00000e+00

           Step           Time         Lambda
            776      776.00000        0.00000

   Energies (kJ/mol)
        G96Bond       G96Angle    Proper Dih.  Improper Dih.          LJ-14
    3.41779e+03    9.98324e+01    1.34929e+02    2.10210e+00    1.19828e+04
     Coulomb-14        LJ (SR)   Coulomb (SR)   Coul. recip.      Potential
   -2.20105e+02   -2.69709e+03   -3.54265e+03    3.74490e+03    1.29225e+04
 Pressure (bar)
    0.00000e+00

           Step           Time         Lambda
            777      777.00000        0.00000

   Energies (kJ/mol)
        G96Bond       G96Angle    Proper Dih.  Improper Dih.          LJ-14
    3.41856e+03    1.00340e+02    1.34971e+02    2.10214e+00    1.19819e+04
     Coulomb-14        LJ (SR)   Coulomb (SR)   Coul. recip.      Potential
   -2.20353e+02   -2.69713e+03   -3.54260e+03    3.74466e+03    1.29224e+04
 Pressure (bar)
    0.00000e+00

           Step           Time         Lambda
            778      778.00000        0.00000

           Step           Time         Lambda
            779      779.00000        0.00000

   Energies (kJ/mol)
        G96Bond       G96Angle    Proper Dih.  Improper Dih.          LJ-14
    3.41838e+03    9.97992e+01    1.34934e+02    2.10212e+00    1.19815e+04
     Coulomb-14        LJ (SR)   Coulomb (SR)   Coul. recip.      Potential
   -2.20225e+02   -2.69714e+03   -3.54259e+03    3.74462e+03    1.29214e+04
 Pressure (bar)
    0.00000e+00

           Step           Time         Lambda
            780      780.00000        0.00000

   Energies (kJ/mol)
        G96Bond       G96Angle    Proper Dih.  Improper Dih.          LJ-14
    3.42297e+03    1.00440e+02    1.34929e+02    2.10219e+00    1.19772e+04
     Coulomb-14        LJ (SR)   Coulomb (SR)   Coul. recip.      Potential
   -2.20483e+02   -2.69732e+03   -3.54239e+03    3.74371e+03    1.29211e+04
 Pressure (bar)
    0.00000e+00

           Step           Time         Lambda
            781      781.00000        0.00000

   Energies (kJ/mol)
        G96Bond       G96Angle    Proper Dih.  Improper Dih.          LJ-14
    3.42267e+03    9.96963e+01    1.34877e+02    2.10215e+00    1.19768e+04
     Coulomb-14        LJ (SR)   Coulomb (SR)   Coul. recip.      Potential
   -2.20302e+02   -2.69733e+03   -3.54237e+03    3.74368e+03    1.29198e+04
 Pressure (bar)
    0.00000e+00

           Step           Time         Lambda
            782      782.00000        0.00000

           Step           Time         Lambda
            783      783.00000        0.00000

   Energies (kJ/mol)
        G96Bond       G96Angle    Proper Dih.  Improper Dih.          LJ-14
    3.42351e+03    9.99580e+01    1.34893e+02    2.10218e+00    1.19758e+04
     Coulomb-14        LJ (SR)   Coulomb (SR)   Coul. recip.      Potential
   -2.20439e+02   -2.69737e+03   -3.54233e+03    3.74345e+03    1.29196e+04
 Pressure (bar)
    0.00000e+00

           Step           Time         Lambda
            784      784.00000        0.00000

   Energies (kJ/mol)
        G96Bond       G96Angle    Proper Dih.  Improper Dih.          LJ-14
    3.42424e+03    9.96713e+01    1.34854e+02    2.10218e+00    1.19752e+04
     Coulomb-14        LJ (SR)   Coulomb (SR)   Coul. recip.      Potential
   -2.20314e+02   -2.69740e+03   -3.54230e+03    3.74335e+03    1.29194e+04
 Pressure (bar)
    0.00000e+00

           Step           Time         Lambda
            785      785.00000        0.00000

   Energies (kJ/mol)
        G96Bond       G96Angle    Proper Dih.  Improper Dih.          LJ-14
    3.42509e+03    1.00071e+02    1.34882e+02    2.10221e+00    1.19742e+04
     Coulomb-14        LJ (SR)   Coulomb (SR)   Coul. recip.      Potential
   -2.20507e+02   -2.69744e+03   -3.54225e+03    3.74311e+03    1.29193e+04
 Pressure (bar)
    0.00000e+00

           Step           Time         Lambda
            786      786.00000        0.00000

   Energies (kJ/mol)
        G96Bond       G96Angle    Proper Dih.  Improper Dih.          LJ-14
    3.42591e+03    9.96864e+01    1.34829e+02    2.10218e+00    1.19736e+04
     Coulomb-14        LJ (SR)   Coulomb (SR)   Coul. recip.      Potential
   -2.20317e+02   -2.69747e+03   -3.54223e+03    3.74303e+03    1.29191e+04
 Pressure (bar)
    0.00000e+00

           Step           Time         Lambda
            787      787.00000        0.00000

           Step           Time         Lambda
            788      788.00000        0.00000

   Energies (kJ/mol)
        G96Bond       G96Angle    Proper Dih.  Improper Dih.          LJ-14
    3.42576e+03    9.97253e+01    1.34850e+02    2.10223e+00    1.19731e+04
     Coulomb-14        LJ (SR)   Coulomb (SR)   Coul. recip.      Potential
   -2.20450e+02   -2.69749e+03   -3.54221e+03    3.74290e+03    1.29183e+04
 Pressure (bar)
    0.00000e+00

           Step           Time         Lambda
            789      789.00000        0.00000

   Energies (kJ/mol)
        G96Bond       G96Angle    Proper Dih.  Improper Dih.          LJ-14
    3.42943e+03    9.96777e+01    1.34785e+02    2.10223e+00    1.19699e+04
     Coulomb-14        LJ (SR)   Coulomb (SR)   Coul. recip.      Potential
   -2.20372e+02   -2.69762e+03   -3.54207e+03    3.74228e+03    1.29181e+04
 Pressure (bar)
    0.00000e+00

           Step           Time         Lambda
            790      790.00000        0.00000

   Energies (kJ/mol)
        G96Bond       G96Angle    Proper Dih.  Improper Dih.          LJ-14
    3.42912e+03    9.97536e+01    1.34814e+02    2.10224e+00    1.19693e+04
     Coulomb-14        LJ (SR)   Coulomb (SR)   Coul. recip.      Potential
   -2.20567e+02   -2.69765e+03   -3.54203e+03    3.74212e+03    1.29170e+04
 Pressure (bar)
    0.00000e+00

           Step           Time         Lambda
            791      791.00000        0.00000

           Step           Time         Lambda
            792      792.00000        0.00000

   Energies (kJ/mol)
        G96Bond       G96Angle    Proper Dih.  Improper Dih.          LJ-14
    3.42998e+03    9.95583e+01    1.34782e+02    2.10221e+00    1.19685e+04
     Coulomb-14        LJ (SR)   Coulomb (SR)   Coul. recip.      Potential
   -2.20477e+02   -2.69768e+03   -3.54200e+03    3.74198e+03    1.29168e+04
 Pressure (bar)
    0.00000e+00

           Step           Time         Lambda
            793      793.00000        0.00000

   Energies (kJ/mol)
        G96Bond       G96Angle    Proper Dih.  Improper Dih.          LJ-14
    3.43057e+03    9.98085e+01    1.34801e+02    2.10224e+00    1.19678e+04
     Coulomb-14        LJ (SR)   Coulomb (SR)   Coul. recip.      Potential
   -2.20623e+02   -2.69772e+03   -3.54196e+03    3.74179e+03    1.29166e+04
 Pressure (bar)
    0.00000e+00

           Step           Time         Lambda
            794      794.00000        0.00000

   Energies (kJ/mol)
        G96Bond       G96Angle    Proper Dih.  Improper Dih.          LJ-14
    3.43149e+03    9.95492e+01    1.34759e+02    2.10225e+00    1.19670e+04
     Coulomb-14        LJ (SR)   Coulomb (SR)   Coul. recip.      Potential
   -2.20486e+02   -2.69775e+03   -3.54193e+03    3.74167e+03    1.29164e+04
 Pressure (bar)
    0.00000e+00

           Step           Time         Lambda
            795      795.00000        0.00000

   Energies (kJ/mol)
        G96Bond       G96Angle    Proper Dih.  Improper Dih.          LJ-14
    3.43210e+03    9.99292e+01    1.34789e+02    2.10228e+00    1.19662e+04
     Coulomb-14        LJ (SR)   Coulomb (SR)   Coul. recip.      Potential
   -2.20689e+02   -2.69779e+03   -3.54189e+03    3.74145e+03    1.29162e+04
 Pressure (bar)
    0.00000e+00

           Step           Time         Lambda
            796      796.00000        0.00000

           Step           Time         Lambda
            797      797.00000        0.00000

   Energies (kJ/mol)
        G96Bond       G96Angle    Proper Dih.  Improper Dih.          LJ-14
    3.43213e+03    9.95454e+01    1.34760e+02    2.10227e+00    1.19659e+04
     Coulomb-14        LJ (SR)   Coulomb (SR)   Coul. recip.      Potential
   -2.20587e+02   -2.69780e+03   -3.54188e+03    3.74140e+03    1.29156e+04
 Pressure (bar)
    0.00000e+00

           Step           Time         Lambda
            798      798.00000        0.00000

   Energies (kJ/mol)
        G96Bond       G96Angle    Proper Dih.  Improper Dih.          LJ-14
    3.43542e+03    9.99901e+01    1.34753e+02    2.10236e+00    1.19627e+04
     Coulomb-14        LJ (SR)   Coulomb (SR)   Coul. recip.      Potential
   -2.20790e+02   -2.69795e+03   -3.54172e+03    3.74068e+03    1.29152e+04
 Pressure (bar)
    0.00000e+00

           Step           Time         Lambda
            799      799.00000        0.00000

   Energies (kJ/mol)
        G96Bond       G96Angle    Proper Dih.  Improper Dih.          LJ-14
    3.43540e+03    9.94589e+01    1.34711e+02    2.10233e+00    1.19623e+04
     Coulomb-14        LJ (SR)   Coulomb (SR)   Coul. recip.      Potential
   -2.20642e+02   -2.69796e+03   -3.54171e+03    3.74064e+03    1.29143e+04
 Pressure (bar)
    0.00000e+00

           Step           Time         Lambda
            800      800.00000        0.00000

           Step           Time         Lambda
            801      801.00000        0.00000

   Energies (kJ/mol)
        G96Bond       G96Angle    Proper Dih.  Improper Dih.          LJ-14
    3.43608e+03    9.96525e+01    1.34722e+02    2.10234e+00    1.19615e+04
     Coulomb-14        LJ (SR)   Coulomb (SR)   Coul. recip.      Potential
   -2.20756e+02   -2.69800e+03   -3.54167e+03    3.74044e+03    1.29140e+04
 Pressure (bar)
    0.00000e+00

           Step           Time         Lambda
            802      802.00000        0.00000

   Energies (kJ/mol)
        G96Bond       G96Angle    Proper Dih.  Improper Dih.          LJ-14
    3.43680e+03    9.94290e+01    1.34689e+02    2.10235e+00    1.19608e+04
     Coulomb-14        LJ (SR)   Coulomb (SR)   Coul. recip.      Potential
   -2.20656e+02   -2.69803e+03   -3.54164e+03    3.74033e+03    1.29138e+04
 Pressure (bar)
    0.00000e+00

           Step           Time         Lambda
            803      803.00000        0.00000

   Energies (kJ/mol)
        G96Bond       G96Angle    Proper Dih.  Improper Dih.          LJ-14
    3.43748e+03    9.97246e+01    1.34709e+02    2.10237e+00    1.19600e+04
     Coulomb-14        LJ (SR)   Coulomb (SR)   Coul. recip.      Potential
   -2.20813e+02   -2.69807e+03   -3.54160e+03    3.74011e+03    1.29136e+04
 Pressure (bar)
    0.00000e+00

           Step           Time         Lambda
            804      804.00000        0.00000

   Energies (kJ/mol)
        G96Bond       G96Angle    Proper Dih.  Improper Dih.          LJ-14
    3.43827e+03    9.94226e+01    1.34665e+02    2.10236e+00    1.19593e+04
     Coulomb-14        LJ (SR)   Coulomb (SR)   Coul. recip.      Potential
   -2.20662e+02   -2.69810e+03   -3.54158e+03    3.74002e+03    1.29135e+04
 Pressure (bar)
    0.00000e+00

           Step           Time         Lambda
            805      805.00000        0.00000

   Energies (kJ/mol)
        G96Bond       G96Angle    Proper Dih.  Improper Dih.          LJ-14
    3.43899e+03    9.98713e+01    1.34698e+02    2.10239e+00    1.19585e+04
     Coulomb-14        LJ (SR)   Coulomb (SR)   Coul. recip.      Potential
   -2.20881e+02   -2.69814e+03   -3.54153e+03    3.73978e+03    1.29134e+04
 Pressure (bar)
    0.00000e+00

           Step           Time         Lambda
            806      806.00000        0.00000

   Energies (kJ/mol)
        G96Bond       G96Angle    Proper Dih.  Improper Dih.          LJ-14
    3.43992e+03    9.94708e+01    1.34639e+02    2.10241e+00    1.19579e+04
     Coulomb-14        LJ (SR)   Coulomb (SR)   Coul. recip.      Potential
   -2.20657e+02   -2.69817e+03   -3.54151e+03    3.73971e+03    1.29134e+04
 Pressure (bar)
    0.00000e+00

           Step           Time         Lambda
            807      807.00000        0.00000

           Step           Time         Lambda
            808      808.00000        0.00000

   Energies (kJ/mol)
        G96Bond       G96Angle    Proper Dih.  Improper Dih.          LJ-14
    3.43950e+03    9.94605e+01    1.34662e+02    2.10241e+00    1.19575e+04
     Coulomb-14        LJ (SR)   Coulomb (SR)   Coul. recip.      Potential
   -2.20809e+02   -2.69819e+03   -3.54149e+03    3.73958e+03    1.29123e+04
 Pressure (bar)
    0.00000e+00

           Step           Time         Lambda
            809      809.00000        0.00000

   Energies (kJ/mol)
        G96Bond       G96Angle    Proper Dih.  Improper Dih.          LJ-14
    3.44417e+03    9.94731e+01    1.34580e+02    2.10252e+00    1.19535e+04
     Coulomb-14        LJ (SR)   Coulomb (SR)   Coul. recip.      Potential
   -2.20721e+02   -2.69837e+03   -3.54131e+03    3.73875e+03    1.29122e+04
 Pressure (bar)
    0.00000e+00

           Step           Time         Lambda
            810      810.00000        0.00000

   Energies (kJ/mol)
        G96Bond       G96Angle    Proper Dih.  Improper Dih.          LJ-14
    3.44350e+03    9.94852e+01    1.34612e+02    2.10256e+00    1.19530e+04
     Coulomb-14        LJ (SR)   Coulomb (SR)   Coul. recip.      Potential
   -2.20946e+02   -2.69840e+03   -3.54127e+03    3.73858e+03    1.29107e+04
 Pressure (bar)
    0.00000e+00

           Step           Time         Lambda
            811      811.00000        0.00000

           Step           Time         Lambda
            812      812.00000        0.00000

   Energies (kJ/mol)
        G96Bond       G96Angle    Proper Dih.  Improper Dih.          LJ-14
    3.44444e+03    9.92869e+01    1.34576e+02    2.10260e+00    1.19522e+04
     Coulomb-14        LJ (SR)   Coulomb (SR)   Coul. recip.      Potential
   -2.20837e+02   -2.69844e+03   -3.54124e+03    3.73844e+03    1.29106e+04
 Pressure (bar)
    0.00000e+00

           Step           Time         Lambda
            813      813.00000        0.00000

   Energies (kJ/mol)
        G96Bond       G96Angle    Proper Dih.  Improper Dih.          LJ-14
    3.44488e+03    9.95582e+01    1.34599e+02    2.10259e+00    1.19516e+04
     Coulomb-14        LJ (SR)   Coulomb (SR)   Coul. recip.      Potential
   -2.21003e+02   -2.69847e+03   -3.54120e+03    3.73825e+03    1.29103e+04
 Pressure (bar)
    0.00000e+00

           Step           Time         Lambda
            814      814.00000        0.00000

           Step           Time         Lambda
            815      815.00000        0.00000

   Energies (kJ/mol)
        G96Bond       G96Angle    Proper Dih.  Improper Dih.          LJ-14
    3.44507e+03    9.92911e+01    1.34574e+02    2.10257e+00    1.19512e+04
     Coulomb-14        LJ (SR)   Coulomb (SR)   Coul. recip.      Potential
   -2.20921e+02   -2.69849e+03   -3.54119e+03    3.73819e+03    1.29098e+04
 Pressure (bar)
    0.00000e+00

           Step           Time         Lambda
            816      816.00000        0.00000

   Energies (kJ/mol)
        G96Bond       G96Angle    Proper Dih.  Improper Dih.          LJ-14
    3.44701e+03    9.95999e+01    1.34572e+02    2.10266e+00    1.19493e+04
     Coulomb-14        LJ (SR)   Coulomb (SR)   Coul. recip.      Potential
   -2.21074e+02   -2.69859e+03   -3.54109e+03    3.73773e+03    1.29095e+04
 Pressure (bar)
    0.00000e+00

           Step           Time         Lambda
            817      817.00000        0.00000

   Energies (kJ/mol)
        G96Bond       G96Angle    Proper Dih.  Improper Dih.          LJ-14
    3.44720e+03    9.92291e+01    1.34538e+02    2.10268e+00    1.19489e+04
     Coulomb-14        LJ (SR)   Coulomb (SR)   Coul. recip.      Potential
   -2.20955e+02   -2.69861e+03   -3.54108e+03    3.73767e+03    1.29090e+04
 Pressure (bar)
    0.00000e+00

           Step           Time         Lambda
            818      818.00000        0.00000

           Step           Time         Lambda
            819      819.00000        0.00000

   Energies (kJ/mol)
        G96Bond       G96Angle    Proper Dih.  Improper Dih.          LJ-14
    3.44769e+03    9.93671e+01    1.34546e+02    2.10270e+00    1.19482e+04
     Coulomb-14        LJ (SR)   Coulomb (SR)   Coul. recip.      Potential
   -2.21046e+02   -2.69864e+03   -3.54105e+03    3.73750e+03    1.29087e+04
 Pressure (bar)
    0.00000e+00

           Step           Time         Lambda
            820      820.00000        0.00000

   Energies (kJ/mol)
        G96Bond       G96Angle    Proper Dih.  Improper Dih.          LJ-14
    3.44847e+03    9.91989e+01    1.34517e+02    2.10269e+00    1.19475e+04
     Coulomb-14        LJ (SR)   Coulomb (SR)   Coul. recip.      Potential
   -2.20971e+02   -2.69867e+03   -3.54102e+03    3.73736e+03    1.29085e+04
 Pressure (bar)
    0.00000e+00

           Step           Time         Lambda
            821      821.00000        0.00000

   Energies (kJ/mol)
        G96Bond       G96Angle    Proper Dih.  Improper Dih.          LJ-14
    3.44896e+03    9.94079e+01    1.34531e+02    2.10274e+00    1.19469e+04
     Coulomb-14        LJ (SR)   Coulomb (SR)   Coul. recip.      Potential
   -2.21097e+02   -2.69871e+03   -3.54098e+03    3.73718e+03    1.29082e+04
 Pressure (bar)
    0.00000e+00

           Step           Time         Lambda
            822      822.00000        0.00000

   Energies (kJ/mol)
        G96Bond       G96Angle    Proper Dih.  Improper Dih.          LJ-14
    3.44978e+03    9.91822e+01    1.34494e+02    2.10278e+00    1.19462e+04
     Coulomb-14        LJ (SR)   Coulomb (SR)   Coul. recip.      Potential
   -2.20979e+02   -2.69874e+03   -3.54095e+03    3.73706e+03    1.29081e+04
 Pressure (bar)
    0.00000e+00

           Step           Time         Lambda
            823      823.00000        0.00000

   Energies (kJ/mol)
        G96Bond       G96Angle    Proper Dih.  Improper Dih.          LJ-14
    3.45028e+03    9.94981e+01    1.34518e+02    2.10282e+00    1.19455e+04
     Coulomb-14        LJ (SR)   Coulomb (SR)   Coul. recip.      Potential
   -2.21155e+02   -2.69878e+03   -3.54091e+03    3.73686e+03    1.29079e+04
 Pressure (bar)
    0.00000e+00

           Step           Time         Lambda
            824      824.00000        0.00000

           Step           Time         Lambda
            825      825.00000        0.00000

   Energies (kJ/mol)
        G96Bond       G96Angle    Proper Dih.  Improper Dih.          LJ-14
    3.45038e+03    9.91898e+01    1.34492e+02    2.10283e+00    1.19452e+04
     Coulomb-14        LJ (SR)   Coulomb (SR)   Coul. recip.      Potential
   -2.21066e+02   -2.69880e+03   -3.54090e+03    3.73681e+03    1.29074e+04
 Pressure (bar)
    0.00000e+00

           Step           Time         Lambda
            826      826.00000        0.00000

   Energies (kJ/mol)
        G96Bond       G96Angle    Proper Dih.  Improper Dih.          LJ-14
    3.45288e+03    9.95437e+01    1.34484e+02    2.10297e+00    1.19427e+04
     Coulomb-14        LJ (SR)   Coulomb (SR)   Coul. recip.      Potential
   -2.21239e+02   -2.69893e+03   -3.54078e+03    3.73620e+03    1.29069e+04
 Pressure (bar)
    0.00000e+00

           Step           Time         Lambda
            827      827.00000        0.00000

   Energies (kJ/mol)
        G96Bond       G96Angle    Proper Dih.  Improper Dih.          LJ-14
    3.45296e+03    9.91152e+01    1.34448e+02    2.10300e+00    1.19423e+04
     Coulomb-14        LJ (SR)   Coulomb (SR)   Coul. recip.      Potential
   -2.21109e+02   -2.69894e+03   -3.54077e+03    3.73615e+03    1.29063e+04
 Pressure (bar)
    0.00000e+00

           Step           Time         Lambda
            828      828.00000        0.00000

           Step           Time         Lambda
            829      829.00000        0.00000

   Energies (kJ/mol)
        G96Bond       G96Angle    Proper Dih.  Improper Dih.          LJ-14
    3.45351e+03    9.92757e+01    1.34455e+02    2.10303e+00    1.19416e+04
     Coulomb-14        LJ (SR)   Coulomb (SR)   Coul. recip.      Potential
   -2.21207e+02   -2.69898e+03   -3.54073e+03    3.73597e+03    1.29060e+04
 Pressure (bar)
    0.00000e+00

           Step           Time         Lambda
            830      830.00000        0.00000

   Energies (kJ/mol)
        G96Bond       G96Angle    Proper Dih.  Improper Dih.          LJ-14
    3.45417e+03    9.90850e+01    1.34426e+02    2.10305e+00    1.19410e+04
     Coulomb-14        LJ (SR)   Coulomb (SR)   Coul. recip.      Potential
   -2.21123e+02   -2.69901e+03   -3.54070e+03    3.73585e+03    1.29058e+04
 Pressure (bar)
    0.00000e+00

           Step           Time         Lambda
            831      831.00000        0.00000

   Energies (kJ/mol)
        G96Bond       G96Angle    Proper Dih.  Improper Dih.          LJ-14
    3.45472e+03    9.93294e+01    1.34441e+02    2.10309e+00    1.19403e+04
     Coulomb-14        LJ (SR)   Coulomb (SR)   Coul. recip.      Potential
   -2.21258e+02   -2.69905e+03   -3.54067e+03    3.73565e+03    1.29056e+04
 Pressure (bar)
    0.00000e+00

           Step           Time         Lambda
            832      832.00000        0.00000

   Energies (kJ/mol)
        G96Bond       G96Angle    Proper Dih.  Improper Dih.          LJ-14
    3.45545e+03    9.90695e+01    1.34402e+02    2.10309e+00    1.19397e+04
     Coulomb-14        LJ (SR)   Coulomb (SR)   Coul. recip.      Potential
   -2.21128e+02   -2.69908e+03   -3.54064e+03    3.73555e+03    1.29055e+04
 Pressure (bar)
    0.00000e+00

           Step           Time         Lambda
            833      833.00000        0.00000

   Energies (kJ/mol)
        G96Bond       G96Angle    Proper Dih.  Improper Dih.          LJ-14
    3.45602e+03    9.94401e+01    1.34428e+02    2.10315e+00    1.19391e+04
     Coulomb-14        LJ (SR)   Coulomb (SR)   Coul. recip.      Potential
   -2.21316e+02   -2.69912e+03   -3.54060e+03    3.73535e+03    1.29053e+04
 Pressure (bar)
    0.00000e+00

           Step           Time         Lambda
            834      834.00000        0.00000

   Energies (kJ/mol)
        G96Bond       G96Angle    Proper Dih.  Improper Dih.          LJ-14
    3.45685e+03    9.90931e+01    1.34377e+02    2.10316e+00    1.19385e+04
     Coulomb-14        LJ (SR)   Coulomb (SR)   Coul. recip.      Potential
   -2.21123e+02   -2.69915e+03   -3.54058e+03    3.73527e+03    1.29053e+04
 Pressure (bar)
    0.00000e+00

           Step           Time         Lambda
            835      835.00000        0.00000

           Step           Time         Lambda
            836      836.00000        0.00000

   Energies (kJ/mol)
        G96Bond       G96Angle    Proper Dih.  Improper Dih.          LJ-14
    3.45656e+03    9.91107e+01    1.34396e+02    2.10320e+00    1.19381e+04
     Coulomb-14        LJ (SR)   Coulomb (SR)   Coul. recip.      Potential
   -2.21255e+02   -2.69917e+03   -3.54056e+03    3.73514e+03    1.29044e+04
 Pressure (bar)
    0.00000e+00

           Step           Time         Lambda
            837      837.00000        0.00000

   Energies (kJ/mol)
        G96Bond       G96Angle    Proper Dih.  Improper Dih.          LJ-14
    3.46111e+03    9.90662e+01    1.34307e+02    2.10347e+00    1.19340e+04
     Coulomb-14        LJ (SR)   Coulomb (SR)   Coul. recip.      Potential
   -2.21193e+02   -2.69940e+03   -3.54036e+03    3.73419e+03    1.29038e+04
 Pressure (bar)
    0.00000e+00

           Step           Time         Lambda
            838      838.00000        0.00000

   Energies (kJ/mol)
        G96Bond       G96Angle    Proper Dih.  Improper Dih.          LJ-14
    3.46062e+03    9.91113e+01    1.34334e+02    2.10350e+00    1.19336e+04
     Coulomb-14        LJ (SR)   Coulomb (SR)   Coul. recip.      Potential
   -2.21390e+02   -2.69942e+03   -3.54033e+03    3.73404e+03    1.29026e+04
 Pressure (bar)
    0.00000e+00

           Step           Time         Lambda
            839      839.00000        0.00000

           Step           Time         Lambda
            840      840.00000        0.00000

   Energies (kJ/mol)
        G96Bond       G96Angle    Proper Dih.  Improper Dih.          LJ-14
    3.46147e+03    9.89364e+01    1.34301e+02    2.10350e+00    1.19328e+04
     Coulomb-14        LJ (SR)   Coulomb (SR)   Coul. recip.      Potential
   -2.21297e+02   -2.69946e+03   -3.54030e+03    3.73389e+03    1.29025e+04
 Pressure (bar)
    0.00000e+00

           Step           Time         Lambda
            841      841.00000        0.00000

   Energies (kJ/mol)
        G96Bond       G96Angle    Proper Dih.  Improper Dih.          LJ-14
    3.46182e+03    9.91646e+01    1.34318e+02    2.10352e+00    1.19323e+04
     Coulomb-14        LJ (SR)   Coulomb (SR)   Coul. recip.      Potential
   -2.21441e+02   -2.69950e+03   -3.54027e+03    3.73371e+03    1.29022e+04
 Pressure (bar)
    0.00000e+00

           Step           Time         Lambda
            842      842.00000        0.00000

   Energies (kJ/mol)
        G96Bond       G96Angle    Proper Dih.  Improper Dih.          LJ-14
    3.46274e+03    9.89347e+01    1.34277e+02    2.10357e+00    1.19316e+04
     Coulomb-14        LJ (SR)   Coulomb (SR)   Coul. recip.      Potential
   -2.21301e+02   -2.69953e+03   -3.54025e+03    3.73359e+03    1.29022e+04
 Pressure (bar)
    0.00000e+00

           Step           Time         Lambda
            843      843.00000        0.00000

   Energies (kJ/mol)
        G96Bond       G96Angle    Proper Dih.  Improper Dih.          LJ-14
    3.46310e+03    9.92809e+01    1.34306e+02    2.10362e+00    1.19310e+04
     Coulomb-14        LJ (SR)   Coulomb (SR)   Coul. recip.      Potential
   -2.21503e+02   -2.69957e+03   -3.54021e+03    3.73339e+03    1.29019e+04
 Pressure (bar)
    0.00000e+00

           Step           Time         Lambda
            844      844.00000        0.00000

           Step           Time         Lambda
            845      845.00000        0.00000

   Energies (kJ/mol)
        G96Bond       G96Angle    Proper Dih.  Improper Dih.          LJ-14
    3.46313e+03    9.89201e+01    1.34277e+02    2.10364e+00    1.19307e+04
     Coulomb-14        LJ (SR)   Coulomb (SR)   Coul. recip.      Potential
   -2.21397e+02   -2.69958e+03   -3.54020e+03    3.73335e+03    1.29013e+04
 Pressure (bar)
    0.00000e+00

           Step           Time         Lambda
            846      846.00000        0.00000

   Energies (kJ/mol)
        G96Bond       G96Angle    Proper Dih.  Improper Dih.          LJ-14
    3.46511e+03    9.93606e+01    1.34279e+02    2.10377e+00    1.19289e+04
     Coulomb-14        LJ (SR)   Coulomb (SR)   Coul. recip.      Potential
   -2.21572e+02   -2.69969e+03   -3.54010e+03    3.73286e+03    1.29012e+04
 Pressure (bar)
    0.00000e+00

           Step           Time         Lambda
            847      847.00000        0.00000

   Energies (kJ/mol)
        G96Bond       G96Angle    Proper Dih.  Improper Dih.          LJ-14
    3.46511e+03    9.88596e+01    1.34238e+02    2.10377e+00    1.19286e+04
     Coulomb-14        LJ (SR)   Coulomb (SR)   Coul. recip.      Potential
   -2.21419e+02   -2.69971e+03   -3.54009e+03    3.73283e+03    1.29005e+04
 Pressure (bar)
    0.00000e+00

           Step           Time         Lambda
            848      848.00000        0.00000

           Step           Time         Lambda
            849      849.00000        0.00000

   Energies (kJ/mol)
        G96Bond       G96Angle    Proper Dih.  Improper Dih.          LJ-14
    3.46554e+03    9.90391e+01    1.34249e+02    2.10384e+00    1.19280e+04
     Coulomb-14        LJ (SR)   Coulomb (SR)   Coul. recip.      Potential
   -2.21528e+02   -2.69974e+03   -3.54006e+03    3.73266e+03    1.29003e+04
 Pressure (bar)
    0.00000e+00

           Step           Time         Lambda
            850      850.00000        0.00000

   Energies (kJ/mol)
        G96Bond       G96Angle    Proper Dih.  Improper Dih.          LJ-14
    3.46625e+03    9.88365e+01    1.34216e+02    2.10387e+00    1.19274e+04
     Coulomb-14        LJ (SR)   Coulomb (SR)   Coul. recip.      Potential
   -2.21427e+02   -2.69978e+03   -3.54003e+03    3.73254e+03    1.29001e+04
 Pressure (bar)
    0.00000e+00

           Step           Time         Lambda
            851      851.00000        0.00000

   Energies (kJ/mol)
        G96Bond       G96Angle    Proper Dih.  Improper Dih.          LJ-14
    3.46668e+03    9.91086e+01    1.34235e+02    2.10391e+00    1.19268e+04
     Coulomb-14        LJ (SR)   Coulomb (SR)   Coul. recip.      Potential
   -2.21579e+02   -2.69982e+03   -3.54000e+03    3.73234e+03    1.28999e+04
 Pressure (bar)
    0.00000e+00

           Step           Time         Lambda
            852      852.00000        0.00000

   Energies (kJ/mol)
        G96Bond       G96Angle    Proper Dih.  Improper Dih.          LJ-14
    3.46747e+03    9.88364e+01    1.34192e+02    2.10394e+00    1.19262e+04
     Coulomb-14        LJ (SR)   Coulomb (SR)   Coul. recip.      Potential
   -2.21426e+02   -2.69985e+03   -3.53998e+03    3.73225e+03    1.28998e+04
 Pressure (bar)
    0.00000e+00

           Step           Time         Lambda
            853      853.00000        0.00000

   Energies (kJ/mol)
        G96Bond       G96Angle    Proper Dih.  Improper Dih.          LJ-14
    3.46793e+03    9.92504e+01    1.34224e+02    2.10399e+00    1.19256e+04
     Coulomb-14        LJ (SR)   Coulomb (SR)   Coul. recip.      Potential
   -2.21641e+02   -2.69989e+03   -3.53994e+03    3.73204e+03    1.28997e+04
 Pressure (bar)
    0.00000e+00

           Step           Time         Lambda
            854      854.00000        0.00000

           Step           Time         Lambda
            855      855.00000        0.00000

   Energies (kJ/mol)
        G96Bond       G96Angle    Proper Dih.  Improper Dih.          LJ-14
    3.46783e+03    9.88262e+01    1.34193e+02    2.10399e+00    1.19254e+04
     Coulomb-14        LJ (SR)   Coulomb (SR)   Coul. recip.      Potential
   -2.21527e+02   -2.69990e+03   -3.53993e+03    3.73200e+03    1.28990e+04
 Pressure (bar)
    0.00000e+00

           Step           Time         Lambda
            856      856.00000        0.00000

   Energies (kJ/mol)
        G96Bond       G96Angle    Proper Dih.  Improper Dih.          LJ-14
    3.47049e+03    9.93367e+01    1.34185e+02    2.10424e+00    1.19229e+04
     Coulomb-14        LJ (SR)   Coulomb (SR)   Coul. recip.      Potential
   -2.21724e+02   -2.70005e+03   -3.53980e+03    3.73134e+03    1.28988e+04
 Pressure (bar)
    0.00000e+00

           Step           Time         Lambda
            857      857.00000        0.00000

   Energies (kJ/mol)
        G96Bond       G96Angle    Proper Dih.  Improper Dih.          LJ-14
    3.47032e+03    9.87488e+01    1.34142e+02    2.10423e+00    1.19226e+04
     Coulomb-14        LJ (SR)   Coulomb (SR)   Coul. recip.      Potential
   -2.21560e+02   -2.70007e+03   -3.53979e+03    3.73131e+03    1.28978e+04
 Pressure (bar)
    0.00000e+00

           Step           Time         Lambda
            858      858.00000        0.00000

           Step           Time         Lambda
            859      859.00000        0.00000

   Energies (kJ/mol)
        G96Bond       G96Angle    Proper Dih.  Improper Dih.          LJ-14
    3.47084e+03    9.89631e+01    1.34153e+02    2.10430e+00    1.19220e+04
     Coulomb-14        LJ (SR)   Coulomb (SR)   Coul. recip.      Potential
   -2.21678e+02   -2.70011e+03   -3.53976e+03    3.73112e+03    1.28977e+04
 Pressure (bar)
    0.00000e+00

           Step           Time         Lambda
            860      860.00000        0.00000

   Energies (kJ/mol)
        G96Bond       G96Angle    Proper Dih.  Improper Dih.          LJ-14
    3.47142e+03    9.87237e+01    1.34119e+02    2.10435e+00    1.19215e+04
     Coulomb-14        LJ (SR)   Coulomb (SR)   Coul. recip.      Potential
   -2.21564e+02   -2.70014e+03   -3.53974e+03    3.73102e+03    1.28975e+04
 Pressure (bar)
    0.00000e+00

           Step           Time         Lambda
            861      861.00000        0.00000

   Energies (kJ/mol)
        G96Bond       G96Angle    Proper Dih.  Improper Dih.          LJ-14
    3.47195e+03    9.90495e+01    1.34139e+02    2.10442e+00    1.19209e+04
     Coulomb-14        LJ (SR)   Coulomb (SR)   Coul. recip.      Potential
   -2.21729e+02   -2.70018e+03   -3.53970e+03    3.73082e+03    1.28973e+04
 Pressure (bar)
    0.00000e+00

           Step           Time         Lambda
            862      862.00000        0.00000

   Energies (kJ/mol)
        G96Bond       G96Angle    Proper Dih.  Improper Dih.          LJ-14
    3.47261e+03    9.87258e+01    1.34094e+02    2.10446e+00    1.19204e+04
     Coulomb-14        LJ (SR)   Coulomb (SR)   Coul. recip.      Potential
   -2.21561e+02   -2.70021e+03   -3.53968e+03    3.73074e+03    1.28972e+04
 Pressure (bar)
    0.00000e+00

           Step           Time         Lambda
            863      863.00000        0.00000

           Step           Time         Lambda
            864      864.00000        0.00000

   Energies (kJ/mol)
        G96Bond       G96Angle    Proper Dih.  Improper Dih.          LJ-14
    3.47244e+03    9.87764e+01    1.34109e+02    2.10449e+00    1.19201e+04
     Coulomb-14        LJ (SR)   Coulomb (SR)   Coul. recip.      Potential
   -2.21676e+02   -2.70023e+03   -3.53966e+03    3.73063e+03    1.28966e+04
 Pressure (bar)
    0.00000e+00

           Step           Time         Lambda
            865      865.00000        0.00000

   Energies (kJ/mol)
        G96Bond       G96Angle    Proper Dih.  Improper Dih.          LJ-14
    3.47569e+03    9.86985e+01    1.34036e+02    2.10473e+00    1.19171e+04
     Coulomb-14        LJ (SR)   Coulomb (SR)   Coul. recip.      Potential
   -2.21610e+02   -2.70041e+03   -3.53952e+03    3.72989e+03    1.28960e+04
 Pressure (bar)
    0.00000e+00

           Step           Time         Lambda
            866      866.00000        0.00000

   Energies (kJ/mol)
        G96Bond       G96Angle    Proper Dih.  Improper Dih.          LJ-14
    3.47539e+03    9.87851e+01    1.34058e+02    2.10478e+00    1.19168e+04
     Coulomb-14        LJ (SR)   Coulomb (SR)   Coul. recip.      Potential
   -2.21779e+02   -2.70044e+03   -3.53949e+03    3.72975e+03    1.28952e+04
 Pressure (bar)
    0.00000e+00

           Step           Time         Lambda
            867      867.00000        0.00000

           Step           Time         Lambda
            868      868.00000        0.00000

   Energies (kJ/mol)
        G96Bond       G96Angle    Proper Dih.  Improper Dih.          LJ-14
    3.47607e+03    9.86188e+01    1.34029e+02    2.10483e+00    1.19162e+04
     Coulomb-14        LJ (SR)   Coulomb (SR)   Coul. recip.      Potential
   -2.21698e+02   -2.70048e+03   -3.53947e+03    3.72961e+03    1.28950e+04
 Pressure (bar)
    0.00000e+00

           Step           Time         Lambda
            869      869.00000        0.00000

   Energies (kJ/mol)
        G96Bond       G96Angle    Proper Dih.  Improper Dih.          LJ-14
    3.47642e+03    9.88263e+01    1.34042e+02    2.10487e+00    1.19157e+04
     Coulomb-14        LJ (SR)   Coulomb (SR)   Coul. recip.      Potential
   -2.21823e+02   -2.70051e+03   -3.53943e+03    3.72944e+03    1.28947e+04
 Pressure (bar)
    0.00000e+00

           Step           Time         Lambda
            870      870.00000        0.00000

   Energies (kJ/mol)
        G96Bond       G96Angle    Proper Dih.  Improper Dih.          LJ-14
    3.47715e+03    9.86065e+01    1.34005e+02    2.10495e+00    1.19151e+04
     Coulomb-14        LJ (SR)   Coulomb (SR)   Coul. recip.      Potential
   -2.21700e+02   -2.70055e+03   -3.53941e+03    3.72933e+03    1.28946e+04
 Pressure (bar)
    0.00000e+00

           Step           Time         Lambda
            871      871.00000        0.00000

   Energies (kJ/mol)
        G96Bond       G96Angle    Proper Dih.  Improper Dih.          LJ-14
    3.47751e+03    9.89180e+01    1.34028e+02    2.10500e+00    1.19146e+04
     Coulomb-14        LJ (SR)   Coulomb (SR)   Coul. recip.      Potential
   -2.21877e+02   -2.70059e+03   -3.53937e+03    3.72914e+03    1.28944e+04
 Pressure (bar)
    0.00000e+00

           Step           Time         Lambda
            872      872.00000        0.00000

           Step           Time         Lambda
            873      873.00000        0.00000

   Energies (kJ/mol)
        G96Bond       G96Angle    Proper Dih.  Improper Dih.          LJ-14
    3.47756e+03    9.86145e+01    1.34003e+02    2.10503e+00    1.19143e+04
     Coulomb-14        LJ (SR)   Coulomb (SR)   Coul. recip.      Potential
   -2.21785e+02   -2.70060e+03   -3.53937e+03    3.72910e+03    1.28939e+04
 Pressure (bar)
    0.00000e+00

           Step           Time         Lambda
            874      874.00000        0.00000

   Energies (kJ/mol)
        G96Bond       G96Angle    Proper Dih.  Improper Dih.          LJ-14
    3.47943e+03    9.89714e+01    1.33996e+02    2.10522e+00    1.19125e+04
     Coulomb-14        LJ (SR)   Coulomb (SR)   Coul. recip.      Potential
   -2.21942e+02   -2.70072e+03   -3.53927e+03    3.72858e+03    1.28937e+04
 Pressure (bar)
    0.00000e+00

           Step           Time         Lambda
            875      875.00000        0.00000

   Energies (kJ/mol)
        G96Bond       G96Angle    Proper Dih.  Improper Dih.          LJ-14
    3.47946e+03    9.85491e+01    1.33961e+02    2.10527e+00    1.19122e+04
     Coulomb-14        LJ (SR)   Coulomb (SR)   Coul. recip.      Potential
   -2.21809e+02   -2.70074e+03   -3.53926e+03    3.72854e+03    1.28930e+04
 Pressure (bar)
    0.00000e+00

           Step           Time         Lambda
            876      876.00000        0.00000

           Step           Time         Lambda
            877      877.00000        0.00000

   Energies (kJ/mol)
        G96Bond       G96Angle    Proper Dih.  Improper Dih.          LJ-14
    3.47987e+03    9.87097e+01    1.33968e+02    2.10533e+00    1.19117e+04
     Coulomb-14        LJ (SR)   Coulomb (SR)   Coul. recip.      Potential
   -2.21906e+02   -2.70078e+03   -3.53923e+03    3.72837e+03    1.28928e+04
 Pressure (bar)
    0.00000e+00

           Step           Time         Lambda
            878      878.00000        0.00000

   Energies (kJ/mol)
        G96Bond       G96Angle    Proper Dih.  Improper Dih.          LJ-14
    3.48045e+03    9.85219e+01    1.33939e+02    2.10537e+00    1.19112e+04
     Coulomb-14        LJ (SR)   Coulomb (SR)   Coul. recip.      Potential
   -2.21817e+02   -2.70081e+03   -3.53921e+03    3.72826e+03    1.28926e+04
 Pressure (bar)
    0.00000e+00

           Step           Time         Lambda
            879      879.00000        0.00000

   Energies (kJ/mol)
        G96Bond       G96Angle    Proper Dih.  Improper Dih.          LJ-14
    3.48086e+03    9.87639e+01    1.33953e+02    2.10542e+00    1.19107e+04
     Coulomb-14        LJ (SR)   Coulomb (SR)   Coul. recip.      Potential
   -2.21950e+02   -2.70085e+03   -3.53917e+03    3.72807e+03    1.28924e+04
 Pressure (bar)
    0.00000e+00

           Step           Time         Lambda
            880      880.00000        0.00000

   Energies (kJ/mol)
        G96Bond       G96Angle    Proper Dih.  Improper Dih.          LJ-14
    3.48149e+03    9.85096e+01    1.33916e+02    2.10547e+00    1.19102e+04
     Coulomb-14        LJ (SR)   Coulomb (SR)   Coul. recip.      Potential
   -2.21816e+02   -2.70088e+03   -3.53916e+03    3.72798e+03    1.28923e+04
 Pressure (bar)
    0.00000e+00

           Step           Time         Lambda
            881      881.00000        0.00000

   Energies (kJ/mol)
        G96Bond       G96Angle    Proper Dih.  Improper Dih.          LJ-14
    3.48192e+03    9.88760e+01    1.33940e+02    2.10554e+00    1.19096e+04
     Coulomb-14        LJ (SR)   Coulomb (SR)   Coul. recip.      Potential
   -2.22002e+02   -2.70092e+03   -3.53912e+03    3.72778e+03    1.28922e+04
 Pressure (bar)
    0.00000e+00

           Step           Time         Lambda
            882      882.00000        0.00000

           Step           Time         Lambda
            883      883.00000        0.00000

   Energies (kJ/mol)
        G96Bond       G96Angle    Proper Dih.  Improper Dih.          LJ-14
    3.48187e+03    9.85226e+01    1.33914e+02    2.10558e+00    1.19094e+04
     Coulomb-14        LJ (SR)   Coulomb (SR)   Coul. recip.      Potential
   -2.21903e+02   -2.70094e+03   -3.53911e+03    3.72775e+03    1.28916e+04
 Pressure (bar)
    0.00000e+00

           Step           Time         Lambda
            884      884.00000        0.00000

   Energies (kJ/mol)
        G96Bond       G96Angle    Proper Dih.  Improper Dih.          LJ-14
    3.48442e+03    9.89299e+01    1.33896e+02    2.10591e+00    1.19070e+04
     Coulomb-14        LJ (SR)   Coulomb (SR)   Coul. recip.      Potential
   -2.22083e+02   -2.70111e+03   -3.53898e+03    3.72702e+03    1.28912e+04
 Pressure (bar)
    0.00000e+00

           Step           Time         Lambda
            885      885.00000        0.00000

   Energies (kJ/mol)
        G96Bond       G96Angle    Proper Dih.  Improper Dih.          LJ-14
    3.48432e+03    9.84407e+01    1.33859e+02    2.10591e+00    1.19067e+04
     Coulomb-14        LJ (SR)   Coulomb (SR)   Coul. recip.      Potential
   -2.21940e+02   -2.70112e+03   -3.53897e+03    3.72699e+03    1.28904e+04
 Pressure (bar)
    0.00000e+00

           Step           Time         Lambda
            886      886.00000        0.00000

           Step           Time         Lambda
            887      887.00000        0.00000

   Energies (kJ/mol)
        G96Bond       G96Angle    Proper Dih.  Improper Dih.          LJ-14
    3.48480e+03    9.86282e+01    1.33866e+02    2.10599e+00    1.19061e+04
     Coulomb-14        LJ (SR)   Coulomb (SR)   Coul. recip.      Potential
   -2.22042e+02   -2.70117e+03   -3.53894e+03    3.72680e+03    1.28902e+04
 Pressure (bar)
    0.00000e+00

           Step           Time         Lambda
            888      888.00000        0.00000

   Energies (kJ/mol)
        G96Bond       G96Angle    Proper Dih.  Improper Dih.          LJ-14
    3.48527e+03    9.84125e+01    1.33836e+02    2.10603e+00    1.19057e+04
     Coulomb-14        LJ (SR)   Coulomb (SR)   Coul. recip.      Potential
   -2.21945e+02   -2.70120e+03   -3.53892e+03    3.72671e+03    1.28900e+04
 Pressure (bar)
    0.00000e+00

           Step           Time         Lambda
            889      889.00000        0.00000

   Energies (kJ/mol)
        G96Bond       G96Angle    Proper Dih.  Improper Dih.          LJ-14
    3.48576e+03    9.86952e+01    1.33851e+02    2.10613e+00    1.19051e+04
     Coulomb-14        LJ (SR)   Coulomb (SR)   Coul. recip.      Potential
   -2.22088e+02   -2.70124e+03   -3.53888e+03    3.72651e+03    1.28899e+04
 Pressure (bar)
    0.00000e+00

           Step           Time         Lambda
            890      890.00000        0.00000

   Energies (kJ/mol)
        G96Bond       G96Angle    Proper Dih.  Improper Dih.          LJ-14
    3.48630e+03    9.84004e+01    1.33813e+02    2.10619e+00    1.19047e+04
     Coulomb-14        LJ (SR)   Coulomb (SR)   Coul. recip.      Potential
   -2.21941e+02   -2.70127e+03   -3.53887e+03    3.72644e+03    1.28897e+04
 Pressure (bar)
    0.00000e+00

           Step           Time         Lambda
            891      891.00000        0.00000

   Energies (kJ/mol)
        G96Bond       G96Angle    Proper Dih.  Improper Dih.          LJ-14
    3.48681e+03    9.88297e+01    1.33839e+02    2.10628e+00    1.19042e+04
     Coulomb-14        LJ (SR)   Coulomb (SR)   Coul. recip.      Potential
   -2.22142e+02   -2.70131e+03   -3.53883e+03    3.72623e+03    1.28897e+04
 Pressure (bar)
    0.00000e+00

           Step           Time         Lambda
            892      892.00000        0.00000

   Energies (kJ/mol)
        G96Bond       G96Angle    Proper Dih.  Improper Dih.          LJ-14
    3.48747e+03    9.84335e+01    1.33788e+02    2.10630e+00    1.19038e+04
     Coulomb-14        LJ (SR)   Coulomb (SR)   Coul. recip.      Potential
   -2.21925e+02   -2.70134e+03   -3.53882e+03    3.72617e+03    1.28897e+04
 Pressure (bar)
    0.00000e+00

           Step           Time         Lambda
            893      893.00000        0.00000

           Step           Time         Lambda
            894      894.00000        0.00000

   Energies (kJ/mol)
        G96Bond       G96Angle    Proper Dih.  Improper Dih.          LJ-14
    3.48707e+03    9.84575e+01    1.33806e+02    2.10636e+00    1.19035e+04
     Coulomb-14        LJ (SR)   Coulomb (SR)   Coul. recip.      Potential
   -2.22068e+02   -2.70136e+03   -3.53880e+03    3.72605e+03    1.28887e+04
 Pressure (bar)
    0.00000e+00

           Step           Time         Lambda
            895      895.00000        0.00000

           Step           Time         Lambda
            896      896.00000        0.00000

   Energies (kJ/mol)
        G96Bond       G96Angle    Proper Dih.  Improper Dih.          LJ-14
    3.48834e+03    9.83402e+01    1.33768e+02    2.10649e+00    1.19023e+04
     Coulomb-14        LJ (SR)   Coulomb (SR)   Coul. recip.      Potential
   -2.22011e+02   -2.70145e+03   -3.53874e+03    3.72573e+03    1.28884e+04
 Pressure (bar)
    0.00000e+00

           Step           Time         Lambda
            897      897.00000        0.00000

   Energies (kJ/mol)
        G96Bond       G96Angle    Proper Dih.  Improper Dih.          LJ-14
    3.48843e+03    9.84702e+01    1.33779e+02    2.10652e+00    1.19019e+04
     Coulomb-14        LJ (SR)   Coulomb (SR)   Coul. recip.      Potential
   -2.22120e+02   -2.70147e+03   -3.53871e+03    3.72560e+03    1.28880e+04
 Pressure (bar)
    0.00000e+00

           Step           Time         Lambda
            898      898.00000        0.00000

   Energies (kJ/mol)
        G96Bond       G96Angle    Proper Dih.  Improper Dih.          LJ-14
    3.48948e+03    9.83294e+01    1.33741e+02    2.10667e+00    1.19011e+04
     Coulomb-14        LJ (SR)   Coulomb (SR)   Coul. recip.      Potential
   -2.22019e+02   -2.70153e+03   -3.53868e+03    3.72540e+03    1.28880e+04
 Pressure (bar)
    0.00000e+00

           Step           Time         Lambda
            899      899.00000        0.00000

   Energies (kJ/mol)
        G96Bond       G96Angle    Proper Dih.  Improper Dih.          LJ-14
    3.48953e+03    9.85230e+01    1.33760e+02    2.10675e+00    1.19008e+04
     Coulomb-14        LJ (SR)   Coulomb (SR)   Coul. recip.      Potential
   -2.22171e+02   -2.70156e+03   -3.53865e+03    3.72524e+03    1.28875e+04
 Pressure (bar)
    0.00000e+00

           Step           Time         Lambda
            900      900.00000        0.00000

           Step           Time         Lambda
            901      901.00000        0.00000

   Energies (kJ/mol)
        G96Bond       G96Angle    Proper Dih.  Improper Dih.          LJ-14
    3.48979e+03    9.83175e+01    1.33737e+02    2.10679e+00    1.19004e+04
     Coulomb-14        LJ (SR)   Coulomb (SR)   Coul. recip.      Potential
   -2.22092e+02   -2.70159e+03   -3.53864e+03    3.72518e+03    1.28873e+04
 Pressure (bar)
    0.00000e+00

           Step           Time         Lambda
            902      902.00000        0.00000

   Energies (kJ/mol)
        G96Bond       G96Angle    Proper Dih.  Improper Dih.          LJ-14
    3.49051e+03    9.85690e+01    1.33743e+02    2.10688e+00    1.18997e+04
     Coulomb-14        LJ (SR)   Coulomb (SR)   Coul. recip.      Potential
   -2.22211e+02   -2.70164e+03   -3.53859e+03    3.72493e+03    1.28871e+04
 Pressure (bar)
    0.00000e+00

           Step           Time         Lambda
            903      903.00000        0.00000

   Energies (kJ/mol)
        G96Bond       G96Angle    Proper Dih.  Improper Dih.          LJ-14
    3.49081e+03    9.82843e+01    1.33712e+02    2.10693e+00    1.18994e+04
     Coulomb-14        LJ (SR)   Coulomb (SR)   Coul. recip.      Potential
   -2.22097e+02   -2.70167e+03   -3.53858e+03    3.72486e+03    1.28868e+04
 Pressure (bar)
    0.00000e+00

           Step           Time         Lambda
            904      904.00000        0.00000

           Step           Time         Lambda
            905      905.00000        0.00000

   Energies (kJ/mol)
        G96Bond       G96Angle    Proper Dih.  Improper Dih.          LJ-14
    3.49095e+03    9.83848e+01    1.33719e+02    2.10697e+00    1.18991e+04
     Coulomb-14        LJ (SR)   Coulomb (SR)   Coul. recip.      Potential
   -2.22178e+02   -2.70169e+03   -3.53856e+03    3.72475e+03    1.28865e+04
 Pressure (bar)
    0.00000e+00

           Step           Time         Lambda
            906      906.00000        0.00000

   Energies (kJ/mol)
        G96Bond       G96Angle    Proper Dih.  Improper Dih.          LJ-14
    3.49190e+03    9.82597e+01    1.33685e+02    2.10708e+00    1.18982e+04
     Coulomb-14        LJ (SR)   Coulomb (SR)   Coul. recip.      Potential
   -2.22109e+02   -2.70176e+03   -3.53852e+03    3.72452e+03    1.28863e+04
 Pressure (bar)
    0.00000e+00

           Step           Time         Lambda
            907      907.00000        0.00000

   Energies (kJ/mol)
        G96Bond       G96Angle    Proper Dih.  Improper Dih.          LJ-14
    3.49203e+03    9.84114e+01    1.33698e+02    2.10716e+00    1.18979e+04
     Coulomb-14        LJ (SR)   Coulomb (SR)   Coul. recip.      Potential
   -2.22225e+02   -2.70179e+03   -3.53850e+03    3.72439e+03    1.28860e+04
 Pressure (bar)
    0.00000e+00

           Step           Time         Lambda
            908      908.00000        0.00000

           Step           Time         Lambda
            909      909.00000        0.00000

   Energies (kJ/mol)
        G96Bond       G96Angle    Proper Dih.  Improper Dih.          LJ-14
    3.49233e+03    9.82644e+01    1.33679e+02    2.10723e+00    1.18975e+04
     Coulomb-14        LJ (SR)   Coulomb (SR)   Coul. recip.      Potential
   -2.22168e+02   -2.70181e+03   -3.53848e+03    3.72431e+03    1.28858e+04
 Pressure (bar)
    0.00000e+00

           Step           Time         Lambda
            910      910.00000        0.00000

   Energies (kJ/mol)
        G96Bond       G96Angle    Proper Dih.  Improper Dih.          LJ-14
    3.49293e+03    9.84332e+01    1.33680e+02    2.10734e+00    1.18969e+04
     Coulomb-14        LJ (SR)   Coulomb (SR)   Coul. recip.      Potential
   -2.22261e+02   -2.70186e+03   -3.53844e+03    3.72409e+03    1.28856e+04
 Pressure (bar)
    0.00000e+00

           Step           Time         Lambda
            911      911.00000        0.00000

   Energies (kJ/mol)
        G96Bond       G96Angle    Proper Dih.  Improper Dih.          LJ-14
    3.49326e+03    9.82297e+01    1.33655e+02    2.10743e+00    1.18965e+04
     Coulomb-14        LJ (SR)   Coulomb (SR)   Coul. recip.      Potential
   -2.22176e+02   -2.70189e+03   -3.53843e+03    3.72401e+03    1.28853e+04
 Pressure (bar)
    0.00000e+00

           Step           Time         Lambda
            912      912.00000        0.00000

   Energies (kJ/mol)
        G96Bond       G96Angle    Proper Dih.  Improper Dih.          LJ-14
    3.49381e+03    9.84838e+01    1.33664e+02    2.10753e+00    1.18959e+04
     Coulomb-14        LJ (SR)   Coulomb (SR)   Coul. recip.      Potential
   -2.22299e+02   -2.70193e+03   -3.53839e+03    3.72380e+03    1.28852e+04
 Pressure (bar)
    0.00000e+00

           Step           Time         Lambda
            913      913.00000        0.00000

   Energies (kJ/mol)
        G96Bond       G96Angle    Proper Dih.  Improper Dih.          LJ-14
    3.49419e+03    9.82026e+01    1.33631e+02    2.10761e+00    1.18956e+04
     Coulomb-14        LJ (SR)   Coulomb (SR)   Coul. recip.      Potential
   -2.22175e+02   -2.70196e+03   -3.53838e+03    3.72373e+03    1.28849e+04
 Pressure (bar)
    0.00000e+00

           Step           Time         Lambda
            914      914.00000        0.00000

           Step           Time         Lambda
            915      915.00000        0.00000

   Energies (kJ/mol)
        G96Bond       G96Angle    Proper Dih.  Improper Dih.          LJ-14
    3.49424e+03    9.82926e+01    1.33640e+02    2.10767e+00    1.18953e+04
     Coulomb-14        LJ (SR)   Coulomb (SR)   Coul. recip.      Potential
   -2.22262e+02   -2.70198e+03   -3.53836e+03    3.72362e+03    1.28846e+04
 Pressure (bar)
    0.00000e+00

           Step           Time         Lambda
            916      916.00000        0.00000

   Energies (kJ/mol)
        G96Bond       G96Angle    Proper Dih.  Improper Dih.          LJ-14
    3.49554e+03    9.81777e+01    1.33599e+02    2.10788e+00    1.18942e+04
     Coulomb-14        LJ (SR)   Coulomb (SR)   Coul. recip.      Potential
   -2.22193e+02   -2.70208e+03   -3.53830e+03    3.72330e+03    1.28843e+04
 Pressure (bar)
    0.00000e+00

           Step           Time         Lambda
            917      917.00000        0.00000

   Energies (kJ/mol)
        G96Bond       G96Angle    Proper Dih.  Improper Dih.          LJ-14
    3.49555e+03    9.83137e+01    1.33613e+02    2.10793e+00    1.18938e+04
     Coulomb-14        LJ (SR)   Coulomb (SR)   Coul. recip.      Potential
   -2.22314e+02   -2.70210e+03   -3.53828e+03    3.72316e+03    1.28839e+04
 Pressure (bar)
    0.00000e+00

           Step           Time         Lambda
            918      918.00000        0.00000

           Step           Time         Lambda
            919      919.00000        0.00000

   Energies (kJ/mol)
        G96Bond       G96Angle    Proper Dih.  Improper Dih.          LJ-14
    3.49593e+03    9.81690e+01    1.33592e+02    2.10800e+00    1.18935e+04
     Coulomb-14        LJ (SR)   Coulomb (SR)   Coul. recip.      Potential
   -2.22255e+02   -2.70213e+03   -3.53826e+03    3.72307e+03    1.28837e+04
 Pressure (bar)
    0.00000e+00

           Step           Time         Lambda
            920      920.00000        0.00000

   Energies (kJ/mol)
        G96Bond       G96Angle    Proper Dih.  Improper Dih.          LJ-14
    3.49636e+03    9.83390e+01    1.33596e+02    2.10809e+00    1.18930e+04
     Coulomb-14        LJ (SR)   Coulomb (SR)   Coul. recip.      Potential
   -2.22349e+02   -2.70217e+03   -3.53823e+03    3.72289e+03    1.28835e+04
 Pressure (bar)
    0.00000e+00

           Step           Time         Lambda
            921      921.00000        0.00000

   Energies (kJ/mol)
        G96Bond       G96Angle    Proper Dih.  Improper Dih.          LJ-14
    3.49677e+03    9.81400e+01    1.33570e+02    2.10815e+00    1.18926e+04
     Coulomb-14        LJ (SR)   Coulomb (SR)   Coul. recip.      Potential
   -2.22259e+02   -2.70220e+03   -3.53821e+03    3.72280e+03    1.28833e+04
 Pressure (bar)
    0.00000e+00

           Step           Time         Lambda
            922      922.00000        0.00000

   Energies (kJ/mol)
        G96Bond       G96Angle    Proper Dih.  Improper Dih.          LJ-14
    3.49720e+03    9.83951e+01    1.33582e+02    2.10824e+00    1.18921e+04
     Coulomb-14        LJ (SR)   Coulomb (SR)   Coul. recip.      Potential
   -2.22389e+02   -2.70225e+03   -3.53818e+03    3.72261e+03    1.28832e+04
 Pressure (bar)
    0.00000e+00

           Step           Time         Lambda
            923      923.00000        0.00000

   Energies (kJ/mol)
        G96Bond       G96Angle    Proper Dih.  Improper Dih.          LJ-14
    3.49767e+03    9.81240e+01    1.33546e+02    2.10830e+00    1.18917e+04
     Coulomb-14        LJ (SR)   Coulomb (SR)   Coul. recip.      Potential
   -2.22255e+02   -2.70228e+03   -3.53817e+03    3.72253e+03    1.28830e+04
 Pressure (bar)
    0.00000e+00

           Step           Time         Lambda
            924      924.00000        0.00000

   Energies (kJ/mol)
        G96Bond       G96Angle    Proper Dih.  Improper Dih.          LJ-14
    3.49812e+03    9.85071e+01    1.33569e+02    2.10842e+00    1.18912e+04
     Coulomb-14        LJ (SR)   Coulomb (SR)   Coul. recip.      Potential
   -2.22437e+02   -2.70232e+03   -3.53813e+03    3.72233e+03    1.28830e+04
 Pressure (bar)
    0.00000e+00

           Step           Time         Lambda
            925      925.00000        0.00000

   Energies (kJ/mol)
        G96Bond       G96Angle    Proper Dih.  Improper Dih.          LJ-14
    3.49868e+03    9.81391e+01    1.33523e+02    2.10847e+00    1.18909e+04
     Coulomb-14        LJ (SR)   Coulomb (SR)   Coul. recip.      Potential
   -2.22241e+02   -2.70235e+03   -3.53812e+03    3.72227e+03    1.28829e+04
 Pressure (bar)
    0.00000e+00

           Step           Time         Lambda
            926      926.00000        0.00000

           Step           Time         Lambda
            927      927.00000        0.00000

   Energies (kJ/mol)
        G96Bond       G96Angle    Proper Dih.  Improper Dih.          LJ-14
    3.49838e+03    9.81867e+01    1.33538e+02    2.10858e+00    1.18906e+04
     Coulomb-14        LJ (SR)   Coulomb (SR)   Coul. recip.      Potential
   -2.22370e+02   -2.70237e+03   -3.53810e+03    3.72217e+03    1.28821e+04
 Pressure (bar)
    0.00000e+00

           Step           Time         Lambda
            928      928.00000        0.00000

   Energies (kJ/mol)
        G96Bond       G96Angle    Proper Dih.  Improper Dih.          LJ-14
    3.50091e+03    9.81353e+01    1.33470e+02    2.10892e+00    1.18886e+04
     Coulomb-14        LJ (SR)   Coulomb (SR)   Coul. recip.      Potential
   -2.22262e+02   -2.70254e+03   -3.53800e+03    3.72157e+03    1.28820e+04
 Pressure (bar)
    0.00000e+00

           Step           Time         Lambda
            929      929.00000        0.00000

   Energies (kJ/mol)
        G96Bond       G96Angle    Proper Dih.  Improper Dih.          LJ-14
    3.50044e+03    9.82213e+01    1.33494e+02    2.10899e+00    1.18883e+04
     Coulomb-14        LJ (SR)   Coulomb (SR)   Coul. recip.      Potential
   -2.22451e+02   -2.70256e+03   -3.53797e+03    3.72142e+03    1.28810e+04
 Pressure (bar)
    0.00000e+00

           Step           Time         Lambda
            930      930.00000        0.00000

           Step           Time         Lambda
            931      931.00000        0.00000

   Energies (kJ/mol)
        G96Bond       G96Angle    Proper Dih.  Improper Dih.          LJ-14
    3.50099e+03    9.80359e+01    1.33464e+02    2.10908e+00    1.18879e+04
     Coulomb-14        LJ (SR)   Coulomb (SR)   Coul. recip.      Potential
   -2.22354e+02   -2.70260e+03   -3.53795e+03    3.72131e+03    1.28809e+04
 Pressure (bar)
    0.00000e+00

           Step           Time         Lambda
            932      932.00000        0.00000

   Energies (kJ/mol)
        G96Bond       G96Angle    Proper Dih.  Improper Dih.          LJ-14
    3.50126e+03    9.82790e+01    1.33479e+02    2.10917e+00    1.18874e+04
     Coulomb-14        LJ (SR)   Coulomb (SR)   Coul. recip.      Potential
   -2.22492e+02   -2.70264e+03   -3.53792e+03    3.72114e+03    1.28807e+04
 Pressure (bar)
    0.00000e+00

           Step           Time         Lambda
            933      933.00000        0.00000

   Energies (kJ/mol)
        G96Bond       G96Angle    Proper Dih.  Improper Dih.          LJ-14
    3.50187e+03    9.80316e+01    1.33441e+02    2.10924e+00    1.18870e+04
     Coulomb-14        LJ (SR)   Coulomb (SR)   Coul. recip.      Potential
   -2.22347e+02   -2.70267e+03   -3.53791e+03    3.72106e+03    1.28806e+04
 Pressure (bar)
    0.00000e+00

           Step           Time         Lambda
            934      934.00000        0.00000

   Energies (kJ/mol)
        G96Bond       G96Angle    Proper Dih.  Improper Dih.          LJ-14
    3.50216e+03    9.83979e+01    1.33466e+02    2.10934e+00    1.18866e+04
     Coulomb-14        LJ (SR)   Coulomb (SR)   Coul. recip.      Potential
   -2.22542e+02   -2.70271e+03   -3.53788e+03    3.72086e+03    1.28805e+04
 Pressure (bar)
    0.00000e+00

           Step           Time         Lambda
            935      935.00000        0.00000

           Step           Time         Lambda
            936      936.00000        0.00000

   Energies (kJ/mol)
        G96Bond       G96Angle    Proper Dih.  Improper Dih.          LJ-14
    3.50208e+03    9.80386e+01    1.33440e+02    2.10939e+00    1.18864e+04
     Coulomb-14        LJ (SR)   Coulomb (SR)   Coul. recip.      Potential
   -2.22436e+02   -2.70273e+03   -3.53787e+03    3.72083e+03    1.28799e+04
 Pressure (bar)
    0.00000e+00

           Step           Time         Lambda
            937      937.00000        0.00000

   Energies (kJ/mol)
        G96Bond       G96Angle    Proper Dih.  Improper Dih.          LJ-14
    3.50384e+03    9.84710e+01    1.33431e+02    2.10979e+00    1.18848e+04
     Coulomb-14        LJ (SR)   Coulomb (SR)   Coul. recip.      Potential
   -2.22601e+02   -2.70286e+03   -3.53778e+03    3.72029e+03    1.28797e+04
 Pressure (bar)
    0.00000e+00

           Step           Time         Lambda
            938      938.00000        0.00000

   Energies (kJ/mol)
        G96Bond       G96Angle    Proper Dih.  Improper Dih.          LJ-14
    3.50371e+03    9.79733e+01    1.33394e+02    2.10982e+00    1.18847e+04
     Coulomb-14        LJ (SR)   Coulomb (SR)   Coul. recip.      Potential
   -2.22450e+02   -2.70288e+03   -3.53778e+03    3.72026e+03    1.28790e+04
 Pressure (bar)
    0.00000e+00

           Step           Time         Lambda
            939      939.00000        0.00000

           Step           Time         Lambda
            940      940.00000        0.00000

   Energies (kJ/mol)
        G96Bond       G96Angle    Proper Dih.  Improper Dih.          LJ-14
    3.50405e+03    9.81621e+01    1.33402e+02    2.10992e+00    1.18842e+04
     Coulomb-14        LJ (SR)   Coulomb (SR)   Coul. recip.      Potential
   -2.22554e+02   -2.70292e+03   -3.53775e+03    3.72009e+03    1.28788e+04
 Pressure (bar)
    0.00000e+00

           Step           Time         Lambda
            941      941.00000        0.00000

   Energies (kJ/mol)
        G96Bond       G96Angle    Proper Dih.  Improper Dih.          LJ-14
    3.50450e+03    9.79497e+01    1.33372e+02    2.11000e+00    1.18839e+04
     Coulomb-14        LJ (SR)   Coulomb (SR)   Coul. recip.      Potential
   -2.22449e+02   -2.70295e+03   -3.53773e+03    3.72000e+03    1.28787e+04
 Pressure (bar)
    0.00000e+00

           Step           Time         Lambda
            942      942.00000        0.00000

   Energies (kJ/mol)
        G96Bond       G96Angle    Proper Dih.  Improper Dih.          LJ-14
    3.50484e+03    9.82351e+01    1.33388e+02    2.11011e+00    1.18834e+04
     Coulomb-14        LJ (SR)   Coulomb (SR)   Coul. recip.      Potential
   -2.22596e+02   -2.70299e+03   -3.53770e+03    3.71982e+03    1.28785e+04
 Pressure (bar)
    0.00000e+00

           Step           Time         Lambda
            943      943.00000        0.00000

   Energies (kJ/mol)
        G96Bond       G96Angle    Proper Dih.  Improper Dih.          LJ-14
    3.50536e+03    9.79461e+01    1.33349e+02    2.11017e+00    1.18831e+04
     Coulomb-14        LJ (SR)   Coulomb (SR)   Coul. recip.      Potential
   -2.22440e+02   -2.70302e+03   -3.53769e+03    3.71975e+03    1.28784e+04
 Pressure (bar)
    0.00000e+00

           Step           Time         Lambda
            944      944.00000        0.00000

   Energies (kJ/mol)
        G96Bond       G96Angle    Proper Dih.  Improper Dih.          LJ-14
    3.50574e+03    9.83772e+01    1.33376e+02    2.11031e+00    1.18826e+04
     Coulomb-14        LJ (SR)   Coulomb (SR)   Coul. recip.      Potential
   -2.22648e+02   -2.70307e+03   -3.53765e+03    3.71955e+03    1.28784e+04
 Pressure (bar)
    0.00000e+00

           Step           Time         Lambda
            945      945.00000        0.00000

           Step           Time         Lambda
            946      946.00000        0.00000

   Energies (kJ/mol)
        G96Bond       G96Angle    Proper Dih.  Improper Dih.          LJ-14
    3.50554e+03    9.79585e+01    1.33348e+02    2.11036e+00    1.18825e+04
     Coulomb-14        LJ (SR)   Coulomb (SR)   Coul. recip.      Potential
   -2.22533e+02   -2.70308e+03   -3.53765e+03    3.71952e+03    1.28777e+04
 Pressure (bar)
    0.00000e+00

           Step           Time         Lambda
            947      947.00000        0.00000

   Energies (kJ/mol)
        G96Bond       G96Angle    Proper Dih.  Improper Dih.          LJ-14
    3.50804e+03    9.84529e+01    1.33325e+02    2.11086e+00    1.18802e+04
     Coulomb-14        LJ (SR)   Coulomb (SR)   Coul. recip.      Potential
   -2.22723e+02   -2.70329e+03   -3.53751e+03    3.71873e+03    1.28773e+04
 Pressure (bar)
    0.00000e+00

           Step           Time         Lambda
            948      948.00000        0.00000

   Energies (kJ/mol)
        G96Bond       G96Angle    Proper Dih.  Improper Dih.          LJ-14
    3.50775e+03    9.78734e+01    1.33285e+02    2.11093e+00    1.18800e+04
     Coulomb-14        LJ (SR)   Coulomb (SR)   Coul. recip.      Potential
   -2.22560e+02   -2.70330e+03   -3.53751e+03    3.71871e+03    1.28764e+04
 Pressure (bar)
    0.00000e+00

           Step           Time         Lambda
            949      949.00000        0.00000

           Step           Time         Lambda
            950      950.00000        0.00000

   Energies (kJ/mol)
        G96Bond       G96Angle    Proper Dih.  Improper Dih.          LJ-14
    3.50816e+03    9.80970e+01    1.33293e+02    2.11105e+00    1.18796e+04
     Coulomb-14        LJ (SR)   Coulomb (SR)   Coul. recip.      Potential
   -2.22672e+02   -2.70335e+03   -3.53748e+03    3.71853e+03    1.28762e+04
 Pressure (bar)
    0.00000e+00

           Step           Time         Lambda
            951      951.00000        0.00000

   Energies (kJ/mol)
        G96Bond       G96Angle    Proper Dih.  Improper Dih.          LJ-14
    3.50852e+03    9.78480e+01    1.33263e+02    2.11115e+00    1.18793e+04
     Coulomb-14        LJ (SR)   Coulomb (SR)   Coul. recip.      Potential
   -2.22557e+02   -2.70338e+03   -3.53747e+03    3.71845e+03    1.28760e+04
 Pressure (bar)
    0.00000e+00

           Step           Time         Lambda
            952      952.00000        0.00000

   Energies (kJ/mol)
        G96Bond       G96Angle    Proper Dih.  Improper Dih.          LJ-14
    3.50895e+03    9.81842e+01    1.33280e+02    2.11125e+00    1.18788e+04
     Coulomb-14        LJ (SR)   Coulomb (SR)   Coul. recip.      Potential
   -2.22714e+02   -2.70342e+03   -3.53744e+03    3.71825e+03    1.28760e+04
 Pressure (bar)
    0.00000e+00

           Step           Time         Lambda
            953      953.00000        0.00000

   Energies (kJ/mol)
        G96Bond       G96Angle    Proper Dih.  Improper Dih.          LJ-14
    3.50938e+03    9.78455e+01    1.33239e+02    2.11132e+00    1.18785e+04
     Coulomb-14        LJ (SR)   Coulomb (SR)   Coul. recip.      Potential
   -2.22544e+02   -2.70345e+03   -3.53743e+03    3.71820e+03    1.28759e+04
 Pressure (bar)
    0.00000e+00

           Step           Time         Lambda
            954      954.00000        0.00000

           Step           Time         Lambda
            955      955.00000        0.00000

   Energies (kJ/mol)
        G96Bond       G96Angle    Proper Dih.  Improper Dih.          LJ-14
    3.50920e+03    9.79186e+01    1.33252e+02    2.11139e+00    1.18783e+04
     Coulomb-14        LJ (SR)   Coulomb (SR)   Coul. recip.      Potential
   -2.22657e+02   -2.70347e+03   -3.53741e+03    3.71809e+03    1.28753e+04
 Pressure (bar)
    0.00000e+00

           Step           Time         Lambda
            956      956.00000        0.00000

   Energies (kJ/mol)
        G96Bond       G96Angle    Proper Dih.  Improper Dih.          LJ-14
    3.51101e+03    9.78355e+01    1.33196e+02    2.11173e+00    1.18768e+04
     Coulomb-14        LJ (SR)   Coulomb (SR)   Coul. recip.      Potential
   -2.22557e+02   -2.70361e+03   -3.53734e+03    3.71763e+03    1.28751e+04
 Pressure (bar)
    0.00000e+00

           Step           Time         Lambda
            957      957.00000        0.00000

   Energies (kJ/mol)
        G96Bond       G96Angle    Proper Dih.  Improper Dih.          LJ-14
    3.51071e+03    9.79527e+01    1.33215e+02    2.11179e+00    1.18766e+04
     Coulomb-14        LJ (SR)   Coulomb (SR)   Coul. recip.      Potential
   -2.22719e+02   -2.70363e+03   -3.53731e+03    3.71749e+03    1.28744e+04
 Pressure (bar)
    0.00000e+00

           Step           Time         Lambda
            958      958.00000        0.00000

           Step           Time         Lambda
            959      959.00000        0.00000

   Energies (kJ/mol)
        G96Bond       G96Angle    Proper Dih.  Improper Dih.          LJ-14
    3.51114e+03    9.77802e+01    1.33189e+02    2.11191e+00    1.18762e+04
     Coulomb-14        LJ (SR)   Coulomb (SR)   Coul. recip.      Potential
   -2.22635e+02   -2.70367e+03   -3.53730e+03    3.71739e+03    1.28742e+04
 Pressure (bar)
    0.00000e+00

           Step           Time         Lambda
            960      960.00000        0.00000

   Energies (kJ/mol)
        G96Bond       G96Angle    Proper Dih.  Improper Dih.          LJ-14
    3.51142e+03    9.79992e+01    1.33200e+02    2.11202e+00    1.18758e+04
     Coulomb-14        LJ (SR)   Coulomb (SR)   Coul. recip.      Potential
   -2.22755e+02   -2.70371e+03   -3.53727e+03    3.71723e+03    1.28740e+04
 Pressure (bar)
    0.00000e+00

           Step           Time         Lambda
            961      961.00000        0.00000

   Energies (kJ/mol)
        G96Bond       G96Angle    Proper Dih.  Improper Dih.          LJ-14
    3.51189e+03    9.77660e+01    1.33167e+02    2.11213e+00    1.18755e+04
     Coulomb-14        LJ (SR)   Coulomb (SR)   Coul. recip.      Potential
   -2.22631e+02   -2.70374e+03   -3.53726e+03    3.71714e+03    1.28739e+04
 Pressure (bar)
    0.00000e+00

           Step           Time         Lambda
            962      962.00000        0.00000

   Energies (kJ/mol)
        G96Bond       G96Angle    Proper Dih.  Improper Dih.          LJ-14
    3.51218e+03    9.80936e+01    1.33186e+02    2.11222e+00    1.18751e+04
     Coulomb-14        LJ (SR)   Coulomb (SR)   Coul. recip.      Potential
   -2.22799e+02   -2.70378e+03   -3.53723e+03    3.71696e+03    1.28738e+04
 Pressure (bar)
    0.00000e+00

           Step           Time         Lambda
            963      963.00000        0.00000

           Step           Time         Lambda
            964      964.00000        0.00000

   Energies (kJ/mol)
        G96Bond       G96Angle    Proper Dih.  Improper Dih.          LJ-14
    3.51213e+03    9.77909e+01    1.33163e+02    2.11227e+00    1.18749e+04
     Coulomb-14        LJ (SR)   Coulomb (SR)   Coul. recip.      Potential
   -2.22707e+02   -2.70379e+03   -3.53722e+03    3.71693e+03    1.28733e+04
 Pressure (bar)
    0.00000e+00

           Step           Time         Lambda
            965      965.00000        0.00000

   Energies (kJ/mol)
        G96Bond       G96Angle    Proper Dih.  Improper Dih.          LJ-14
    3.51392e+03    9.81402e+01    1.33144e+02    2.11278e+00    1.18732e+04
     Coulomb-14        LJ (SR)   Coulomb (SR)   Coul. recip.      Potential
   -2.22856e+02   -2.70396e+03   -3.53712e+03    3.71629e+03    1.28729e+04
 Pressure (bar)
    0.00000e+00

           Step           Time         Lambda
            966      966.00000        0.00000

   Energies (kJ/mol)
        G96Bond       G96Angle    Proper Dih.  Improper Dih.          LJ-14
    3.51382e+03    9.77200e+01    1.33113e+02    2.11286e+00    1.18731e+04
     Coulomb-14        LJ (SR)   Coulomb (SR)   Coul. recip.      Potential
   -2.22726e+02   -2.70398e+03   -3.53712e+03    3.71626e+03    1.28723e+04
 Pressure (bar)
    0.00000e+00

           Step           Time         Lambda
            967      967.00000        0.00000

           Step           Time         Lambda
            968      968.00000        0.00000

   Energies (kJ/mol)
        G96Bond       G96Angle    Proper Dih.  Improper Dih.          LJ-14
    3.51415e+03    9.78877e+01    1.33118e+02    2.11296e+00    1.18727e+04
     Coulomb-14        LJ (SR)   Coulomb (SR)   Coul. recip.      Potential
   -2.22817e+02   -2.70402e+03   -3.53709e+03    3.71610e+03    1.28721e+04
 Pressure (bar)
    0.00000e+00

           Step           Time         Lambda
            969      969.00000        0.00000

   Energies (kJ/mol)
        G96Bond       G96Angle    Proper Dih.  Improper Dih.          LJ-14
    3.51451e+03    9.76922e+01    1.33092e+02    2.11306e+00    1.18724e+04
     Coulomb-14        LJ (SR)   Coulomb (SR)   Coul. recip.      Potential
   -2.22726e+02   -2.70405e+03   -3.53708e+03    3.71601e+03    1.28719e+04
 Pressure (bar)
    0.00000e+00

           Step           Time         Lambda
            970      970.00000        0.00000

   Energies (kJ/mol)
        G96Bond       G96Angle    Proper Dih.  Improper Dih.          LJ-14
    3.51484e+03    9.79445e+01    1.33103e+02    2.11319e+00    1.18720e+04
     Coulomb-14        LJ (SR)   Coulomb (SR)   Coul. recip.      Potential
   -2.22853e+02   -2.70409e+03   -3.53704e+03    3.71583e+03    1.28718e+04
 Pressure (bar)
    0.00000e+00

           Step           Time         Lambda
            971      971.00000        0.00000

   Energies (kJ/mol)
        G96Bond       G96Angle    Proper Dih.  Improper Dih.          LJ-14
    3.51524e+03    9.76772e+01    1.33070e+02    2.11329e+00    1.18717e+04
     Coulomb-14        LJ (SR)   Coulomb (SR)   Coul. recip.      Potential
   -2.22718e+02   -2.70412e+03   -3.53704e+03    3.71576e+03    1.28717e+04
 Pressure (bar)
    0.00000e+00

           Step           Time         Lambda
            972      972.00000        0.00000

   Energies (kJ/mol)
        G96Bond       G96Angle    Proper Dih.  Improper Dih.          LJ-14
    3.51560e+03    9.80566e+01    1.33091e+02    2.11340e+00    1.18713e+04
     Coulomb-14        LJ (SR)   Coulomb (SR)   Coul. recip.      Potential
   -2.22898e+02   -2.70417e+03   -3.53700e+03    3.71557e+03    1.28716e+04
 Pressure (bar)
    0.00000e+00

           Step           Time         Lambda
            973      973.00000        0.00000

   Energies (kJ/mol)
        G96Bond       G96Angle    Proper Dih.  Improper Dih.          LJ-14
    3.51610e+03    9.76948e+01    1.33047e+02    2.11349e+00    1.18710e+04
     Coulomb-14        LJ (SR)   Coulomb (SR)   Coul. recip.      Potential
   -2.22700e+02   -2.70420e+03   -3.53700e+03    3.71553e+03    1.28716e+04
 Pressure (bar)
    0.00000e+00

           Step           Time         Lambda
            974      974.00000        0.00000

           Step           Time         Lambda
            975      975.00000        0.00000

   Energies (kJ/mol)
        G96Bond       G96Angle    Proper Dih.  Improper Dih.          LJ-14
    3.51575e+03    9.77421e+01    1.33062e+02    2.11354e+00    1.18708e+04
     Coulomb-14        LJ (SR)   Coulomb (SR)   Coul. recip.      Potential
   -2.22828e+02   -2.70422e+03   -3.53698e+03    3.71541e+03    1.28708e+04
 Pressure (bar)
    0.00000e+00

           Step           Time         Lambda
            976      976.00000        0.00000

   Energies (kJ/mol)
        G96Bond       G96Angle    Proper Dih.  Improper Dih.          LJ-14
    3.51804e+03    9.76944e+01    1.32993e+02    2.11415e+00    1.18691e+04
     Coulomb-14        LJ (SR)   Coulomb (SR)   Coul. recip.      Potential
   -2.22715e+02   -2.70440e+03   -3.53689e+03    3.71481e+03    1.28707e+04
 Pressure (bar)
    0.00000e+00

           Step           Time         Lambda
            977      977.00000        0.00000

   Energies (kJ/mol)
        G96Bond       G96Angle    Proper Dih.  Improper Dih.          LJ-14
    3.51751e+03    9.77798e+01    1.33015e+02    2.11420e+00    1.18688e+04
     Coulomb-14        LJ (SR)   Coulomb (SR)   Coul. recip.      Potential
   -2.22903e+02   -2.70442e+03   -3.53686e+03    3.71467e+03    1.28697e+04
 Pressure (bar)
    0.00000e+00

           Step           Time         Lambda
            978      978.00000        0.00000

           Step           Time         Lambda
            979      979.00000        0.00000

   Energies (kJ/mol)
        G96Bond       G96Angle    Proper Dih.  Improper Dih.          LJ-14
    3.51800e+03    9.75972e+01    1.32986e+02    2.11432e+00    1.18684e+04
     Coulomb-14        LJ (SR)   Coulomb (SR)   Coul. recip.      Potential
   -2.22803e+02   -2.70446e+03   -3.53685e+03    3.71456e+03    1.28696e+04
 Pressure (bar)
    0.00000e+00

           Step           Time         Lambda
            980      980.00000        0.00000

   Energies (kJ/mol)
        G96Bond       G96Angle    Proper Dih.  Improper Dih.          LJ-14
    3.51819e+03    9.78381e+01    1.33000e+02    2.11444e+00    1.18681e+04
     Coulomb-14        LJ (SR)   Coulomb (SR)   Coul. recip.      Potential
   -2.22939e+02   -2.70450e+03   -3.53682e+03    3.71441e+03    1.28694e+04
 Pressure (bar)
    0.00000e+00

           Step           Time         Lambda
            981      981.00000        0.00000

   Energies (kJ/mol)
        G96Bond       G96Angle    Proper Dih.  Improper Dih.          LJ-14
    3.51874e+03    9.75951e+01    1.32964e+02    2.11459e+00    1.18678e+04
     Coulomb-14        LJ (SR)   Coulomb (SR)   Coul. recip.      Potential
   -2.22792e+02   -2.70453e+03   -3.53681e+03    3.71433e+03    1.28694e+04
 Pressure (bar)
    0.00000e+00

           Step           Time         Lambda
            982      982.00000        0.00000

   Energies (kJ/mol)
        G96Bond       G96Angle    Proper Dih.  Improper Dih.          LJ-14
    3.51894e+03    9.79572e+01    1.32988e+02    2.11472e+00    1.18674e+04
     Coulomb-14        LJ (SR)   Coulomb (SR)   Coul. recip.      Potential
   -2.22986e+02   -2.70457e+03   -3.53678e+03    3.71414e+03    1.28692e+04
 Pressure (bar)
    0.00000e+00

           Step           Time         Lambda
            983      983.00000        0.00000

           Step           Time         Lambda
            984      984.00000        0.00000

   Energies (kJ/mol)
        G96Bond       G96Angle    Proper Dih.  Improper Dih.          LJ-14
    3.51883e+03    9.76032e+01    1.32963e+02    2.11478e+00    1.18673e+04
     Coulomb-14        LJ (SR)   Coulomb (SR)   Coul. recip.      Potential
   -2.22878e+02   -2.70459e+03   -3.53678e+03    3.71411e+03    1.28687e+04
 Pressure (bar)
    0.00000e+00

           Step           Time         Lambda
            985      985.00000        0.00000

   Energies (kJ/mol)
        G96Bond       G96Angle    Proper Dih.  Improper Dih.          LJ-14
    3.52025e+03    9.80374e+01    1.32957e+02    2.11520e+00    1.18661e+04
     Coulomb-14        LJ (SR)   Coulomb (SR)   Coul. recip.      Potential
   -2.23034e+02   -2.70472e+03   -3.53670e+03    3.71363e+03    1.28686e+04
 Pressure (bar)
    0.00000e+00

           Step           Time         Lambda
            986      986.00000        0.00000

   Energies (kJ/mol)
        G96Bond       G96Angle    Proper Dih.  Improper Dih.          LJ-14
    3.52008e+03    9.75445e+01    1.32922e+02    2.11528e+00    1.18659e+04
     Coulomb-14        LJ (SR)   Coulomb (SR)   Coul. recip.      Potential
   -2.22881e+02   -2.70474e+03   -3.53670e+03    3.71361e+03    1.28679e+04
 Pressure (bar)
    0.00000e+00

           Step           Time         Lambda
            987      987.00000        0.00000

           Step           Time         Lambda
            988      988.00000        0.00000

   Energies (kJ/mol)
        G96Bond       G96Angle    Proper Dih.  Improper Dih.          LJ-14
    3.52033e+03    9.77324e+01    1.32929e+02    2.11539e+00    1.18656e+04
     Coulomb-14        LJ (SR)   Coulomb (SR)   Coul. recip.      Potential
   -2.22984e+02   -2.70477e+03   -3.53667e+03    3.71345e+03    1.28677e+04
 Pressure (bar)
    0.00000e+00

           Step           Time         Lambda
            989      989.00000        0.00000

   Energies (kJ/mol)
        G96Bond       G96Angle    Proper Dih.  Improper Dih.          LJ-14
    3.52072e+03    9.75243e+01    1.32901e+02    2.11551e+00    1.18653e+04
     Coulomb-14        LJ (SR)   Coulomb (SR)   Coul. recip.      Potential
   -2.22877e+02   -2.70481e+03   -3.53666e+03    3.71337e+03    1.28676e+04
 Pressure (bar)
    0.00000e+00

           Step           Time         Lambda
            990      990.00000        0.00000

   Energies (kJ/mol)
        G96Bond       G96Angle    Proper Dih.  Improper Dih.          LJ-14
    3.52099e+03    9.78076e+01    1.32916e+02    2.11563e+00    1.18649e+04
     Coulomb-14        LJ (SR)   Coulomb (SR)   Coul. recip.      Potential
   -2.23021e+02   -2.70485e+03   -3.53663e+03    3.71320e+03    1.28675e+04
 Pressure (bar)
    0.00000e+00

           Step           Time         Lambda
            991      991.00000        0.00000

   Energies (kJ/mol)
        G96Bond       G96Angle    Proper Dih.  Improper Dih.          LJ-14
    3.52145e+03    9.75224e+01    1.32879e+02    2.11573e+00    1.18647e+04
     Coulomb-14        LJ (SR)   Coulomb (SR)   Coul. recip.      Potential
   -2.22863e+02   -2.70488e+03   -3.53663e+03    3.71313e+03    1.28674e+04
 Pressure (bar)
    0.00000e+00

           Step           Time         Lambda
            992      992.00000        0.00000

   Energies (kJ/mol)
        G96Bond       G96Angle    Proper Dih.  Improper Dih.          LJ-14
    3.52174e+03    9.79508e+01    1.32905e+02    2.11587e+00    1.18643e+04
     Coulomb-14        LJ (SR)   Coulomb (SR)   Coul. recip.      Potential
   -2.23070e+02   -2.70492e+03   -3.53659e+03    3.71294e+03    1.28674e+04
 Pressure (bar)
    0.00000e+00

           Step           Time         Lambda
            993      993.00000        0.00000

           Step           Time         Lambda
            994      994.00000        0.00000

   Energies (kJ/mol)
        G96Bond       G96Angle    Proper Dih.  Improper Dih.          LJ-14
    3.52152e+03    9.75363e+01    1.32878e+02    2.11592e+00    1.18642e+04
     Coulomb-14        LJ (SR)   Coulomb (SR)   Coul. recip.      Potential
   -2.22953e+02   -2.70493e+03   -3.53659e+03    3.71291e+03    1.28667e+04
 Pressure (bar)
    0.00000e+00

           Step           Time         Lambda
            995      995.00000        0.00000

   Energies (kJ/mol)
        G96Bond       G96Angle    Proper Dih.  Improper Dih.          LJ-14
    3.52351e+03    9.80345e+01    1.32858e+02    2.11659e+00    1.18625e+04
     Coulomb-14        LJ (SR)   Coulomb (SR)   Coul. recip.      Potential
   -2.23132e+02   -2.70513e+03   -3.53648e+03    3.71222e+03    1.28665e+04
 Pressure (bar)
    0.00000e+00

           Step           Time         Lambda
            996      996.00000        0.00000

   Energies (kJ/mol)
        G96Bond       G96Angle    Proper Dih.  Improper Dih.          LJ-14
    3.52320e+03    9.74599e+01    1.32821e+02    2.11665e+00    1.18623e+04
     Coulomb-14        LJ (SR)   Coulomb (SR)   Coul. recip.      Potential
   -2.22966e+02   -2.70514e+03   -3.53648e+03    3.71220e+03    1.28656e+04
 Pressure (bar)
    0.00000e+00

           Step           Time         Lambda
            997      997.00000        0.00000

           Step           Time         Lambda
            998      998.00000        0.00000

   Energies (kJ/mol)
        G96Bond       G96Angle    Proper Dih.  Improper Dih.          LJ-14
    3.52352e+03    9.76824e+01    1.32828e+02    2.11679e+00    1.18620e+04
     Coulomb-14        LJ (SR)   Coulomb (SR)   Coul. recip.      Potential
   -2.23076e+02   -2.70519e+03   -3.53646e+03    3.71203e+03    1.28654e+04
 Pressure (bar)
    0.00000e+00

           Step           Time         Lambda
            999      999.00000        0.00000

   Energies (kJ/mol)
        G96Bond       G96Angle    Proper Dih.  Improper Dih.          LJ-14
    3.52383e+03    9.74371e+01    1.32799e+02    2.11687e+00    1.18617e+04
     Coulomb-14        LJ (SR)   Coulomb (SR)   Coul. recip.      Potential
   -2.22958e+02   -2.70522e+03   -3.53645e+03    3.71196e+03    1.28653e+04
 Pressure (bar)
    0.00000e+00

           Step           Time         Lambda
           1000     1000.00000        0.00000

   Energies (kJ/mol)
        G96Bond       G96Angle    Proper Dih.  Improper Dih.          LJ-14
    3.52417e+03    9.77723e+01    1.32816e+02    2.11701e+00    1.18613e+04
     Coulomb-14        LJ (SR)   Coulomb (SR)   Coul. recip.      Potential
   -2.23114e+02   -2.70526e+03   -3.53642e+03    3.71178e+03    1.28652e+04
 Pressure (bar)
    0.00000e+00

           Step           Time         Lambda
           1001     1001.00000        0.00000

   Energies (kJ/mol)
        G96Bond       G96Angle    Proper Dih.  Improper Dih.          LJ-14
    3.52455e+03    9.74361e+01    1.32777e+02    2.11717e+00    1.18611e+04
     Coulomb-14        LJ (SR)   Coulomb (SR)   Coul. recip.      Potential
   -2.22941e+02   -2.70529e+03   -3.53642e+03    3.71173e+03    1.28651e+04
 Pressure (bar)
    0.00000e+00

           Step           Time         Lambda
           1002     1002.00000        0.00000

           Step           Time         Lambda
           1003     1003.00000        0.00000

   Energies (kJ/mol)
        G96Bond       G96Angle    Proper Dih.  Improper Dih.          LJ-14
    3.52433e+03    9.75101e+01    1.32790e+02    2.11723e+00    1.18609e+04
     Coulomb-14        LJ (SR)   Coulomb (SR)   Coul. recip.      Potential
   -2.23053e+02   -2.70531e+03   -3.53640e+03    3.71162e+03    1.28645e+04
 Pressure (bar)
    0.00000e+00

           Step           Time         Lambda
           1004     1004.00000        0.00000

   Energies (kJ/mol)
        G96Bond       G96Angle    Proper Dih.  Improper Dih.          LJ-14
    3.52594e+03    9.74290e+01    1.32734e+02    2.11769e+00    1.18597e+04
     Coulomb-14        LJ (SR)   Coulomb (SR)   Coul. recip.      Potential
   -2.22947e+02   -2.70545e+03   -3.53633e+03    3.71117e+03    1.28644e+04
 Pressure (bar)
    0.00000e+00

           Step           Time         Lambda
           1005     1005.00000        0.00000

   Energies (kJ/mol)
        G96Bond       G96Angle    Proper Dih.  Improper Dih.          LJ-14
    3.52560e+03    9.75474e+01    1.32753e+02    2.11778e+00    1.18595e+04
     Coulomb-14        LJ (SR)   Coulomb (SR)   Coul. recip.      Potential
   -2.23109e+02   -2.70548e+03   -3.53631e+03    3.71104e+03    1.28637e+04
 Pressure (bar)
    0.00000e+00

           Step           Time         Lambda
           1006     1006.00000        0.00000

           Step           Time         Lambda
           1007     1007.00000        0.00000

   Energies (kJ/mol)
        G96Bond       G96Angle    Proper Dih.  Improper Dih.          LJ-14
    3.52596e+03    9.73776e+01    1.32728e+02    2.11789e+00    1.18592e+04
     Coulomb-14        LJ (SR)   Coulomb (SR)   Coul. recip.      Potential
   -2.23022e+02   -2.70551e+03   -3.53630e+03    3.71094e+03    1.28635e+04
 Pressure (bar)
    0.00000e+00

           Step           Time         Lambda
           1008     1008.00000        0.00000

   Energies (kJ/mol)
        G96Bond       G96Angle    Proper Dih.  Improper Dih.          LJ-14
    3.52617e+03    9.75957e+01    1.32738e+02    2.11804e+00    1.18589e+04
     Coulomb-14        LJ (SR)   Coulomb (SR)   Coul. recip.      Potential
   -2.23141e+02   -2.70555e+03   -3.53627e+03    3.71079e+03    1.28634e+04
 Pressure (bar)
    0.00000e+00

           Step           Time         Lambda
           1009     1009.00000        0.00000

   Energies (kJ/mol)
        G96Bond       G96Angle    Proper Dih.  Improper Dih.          LJ-14
    3.52659e+03    9.73649e+01    1.32707e+02    2.11817e+00    1.18586e+04
     Coulomb-14        LJ (SR)   Coulomb (SR)   Coul. recip.      Potential
   -2.23013e+02   -2.70559e+03   -3.53627e+03    3.71071e+03    1.28633e+04
 Pressure (bar)
    0.00000e+00

           Step           Time         Lambda
           1010     1010.00000        0.00000

   Energies (kJ/mol)
        G96Bond       G96Angle    Proper Dih.  Improper Dih.          LJ-14
    3.52680e+03    9.76920e+01    1.32726e+02    2.11834e+00    1.18583e+04
     Coulomb-14        LJ (SR)   Coulomb (SR)   Coul. recip.      Potential
   -2.23182e+02   -2.70563e+03   -3.53624e+03    3.71054e+03    1.28631e+04
 Pressure (bar)
    0.00000e+00

           Step           Time         Lambda
           1011     1011.00000        0.00000

           Step           Time         Lambda
           1012     1012.00000        0.00000

   Energies (kJ/mol)
        G96Bond       G96Angle    Proper Dih.  Improper Dih.          LJ-14
    3.52673e+03    9.73914e+01    1.32704e+02    2.11839e+00    1.18582e+04
     Coulomb-14        LJ (SR)   Coulomb (SR)   Coul. recip.      Potential
   -2.23088e+02   -2.70564e+03   -3.53624e+03    3.71051e+03    1.28627e+04
 Pressure (bar)
    0.00000e+00

           Step           Time         Lambda
           1013     1013.00000        0.00000

   Energies (kJ/mol)
        G96Bond       G96Angle    Proper Dih.  Improper Dih.          LJ-14
    3.52815e+03    9.77450e+01    1.32687e+02    2.11895e+00    1.18569e+04
     Coulomb-14        LJ (SR)   Coulomb (SR)   Coul. recip.      Potential
   -2.23229e+02   -2.70580e+03   -3.53615e+03    3.70994e+03    1.28624e+04
 Pressure (bar)
    0.00000e+00

           Step           Time         Lambda
           1014     1014.00000        0.00000

   Energies (kJ/mol)
        G96Bond       G96Angle    Proper Dih.  Improper Dih.          LJ-14
    3.52803e+03    9.73277e+01    1.32657e+02    2.11901e+00    1.18568e+04
     Coulomb-14        LJ (SR)   Coulomb (SR)   Coul. recip.      Potential
   -2.23096e+02   -2.70582e+03   -3.53615e+03    3.70991e+03    1.28617e+04
 Pressure (bar)
    0.00000e+00

           Step           Time         Lambda
           1015     1015.00000        0.00000

           Step           Time         Lambda
           1016     1016.00000        0.00000

   Energies (kJ/mol)
        G96Bond       G96Angle    Proper Dih.  Improper Dih.          LJ-14
    3.52828e+03    9.74959e+01    1.32662e+02    2.11915e+00    1.18564e+04
     Coulomb-14        LJ (SR)   Coulomb (SR)   Coul. recip.      Potential
   -2.23186e+02   -2.70586e+03   -3.53612e+03    3.70976e+03    1.28616e+04
 Pressure (bar)
    0.00000e+00

           Step           Time         Lambda
           1017     1017.00000        0.00000

   Energies (kJ/mol)
        G96Bond       G96Angle    Proper Dih.  Improper Dih.          LJ-14
    3.52858e+03    9.73030e+01    1.32638e+02    2.11930e+00    1.18562e+04
     Coulomb-14        LJ (SR)   Coulomb (SR)   Coul. recip.      Potential
   -2.23093e+02   -2.70589e+03   -3.53612e+03    3.70968e+03    1.28614e+04
 Pressure (bar)
    0.00000e+00

           Step           Time         Lambda
           1018     1018.00000        0.00000

   Energies (kJ/mol)
        G96Bond       G96Angle    Proper Dih.  Improper Dih.          LJ-14
    3.52884e+03    9.75559e+01    1.32649e+02    2.11947e+00    1.18559e+04
     Coulomb-14        LJ (SR)   Coulomb (SR)   Coul. recip.      Potential
   -2.23219e+02   -2.70593e+03   -3.53609e+03    3.70951e+03    1.28613e+04
 Pressure (bar)
    0.00000e+00

           Step           Time         Lambda
           1019     1019.00000        0.00000

   Energies (kJ/mol)
        G96Bond       G96Angle    Proper Dih.  Improper Dih.          LJ-14
    3.52920e+03    9.72903e+01    1.32617e+02    2.11961e+00    1.18557e+04
     Coulomb-14        LJ (SR)   Coulomb (SR)   Coul. recip.      Potential
   -2.23081e+02   -2.70596e+03   -3.53608e+03    3.70945e+03    1.28612e+04
 Pressure (bar)
    0.00000e+00

           Step           Time         Lambda
           1020     1020.00000        0.00000

   Energies (kJ/mol)
        G96Bond       G96Angle    Proper Dih.  Improper Dih.          LJ-14
    3.52948e+03    9.76699e+01    1.32637e+02    2.11973e+00    1.18553e+04
     Coulomb-14        LJ (SR)   Coulomb (SR)   Coul. recip.      Potential
   -2.23260e+02   -2.70600e+03   -3.53605e+03    3.70926e+03    1.28612e+04
 Pressure (bar)
    0.00000e+00

           Step           Time         Lambda
           1021     1021.00000        0.00000

   Energies (kJ/mol)
        G96Bond       G96Angle    Proper Dih.  Improper Dih.          LJ-14
    3.52993e+03    9.73106e+01    1.32595e+02    2.11985e+00    1.18551e+04
     Coulomb-14        LJ (SR)   Coulomb (SR)   Coul. recip.      Potential
   -2.23058e+02   -2.70603e+03   -3.53605e+03    3.70922e+03    1.28611e+04
 Pressure (bar)
    0.00000e+00

           Step           Time         Lambda
           1022     1022.00000        0.00000

           Step           Time         Lambda
           1023     1023.00000        0.00000

   Energies (kJ/mol)
        G96Bond       G96Angle    Proper Dih.  Improper Dih.          LJ-14
    3.52955e+03    9.73583e+01    1.32609e+02    2.11992e+00    1.18549e+04
     Coulomb-14        LJ (SR)   Coulomb (SR)   Coul. recip.      Potential
   -2.23186e+02   -2.70605e+03   -3.53603e+03    3.70912e+03    1.28604e+04
 Pressure (bar)
    0.00000e+00

           Step           Time         Lambda
           1024     1024.00000        0.00000

   Energies (kJ/mol)
        G96Bond       G96Angle    Proper Dih.  Improper Dih.          LJ-14
    3.53159e+03    9.73119e+01    1.32541e+02    2.12069e+00    1.18535e+04
     Coulomb-14        LJ (SR)   Coulomb (SR)   Coul. recip.      Potential
   -2.23064e+02   -2.70624e+03   -3.53596e+03    3.70853e+03    1.28603e+04
 Pressure (bar)
    0.00000e+00

           Step           Time         Lambda
           1025     1025.00000        0.00000

   Energies (kJ/mol)
        G96Bond       G96Angle    Proper Dih.  Improper Dih.          LJ-14
    3.53103e+03    9.73988e+01    1.32562e+02    2.12079e+00    1.18533e+04
     Coulomb-14        LJ (SR)   Coulomb (SR)   Coul. recip.      Potential
   -2.23251e+02   -2.70627e+03   -3.53593e+03    3.70839e+03    1.28593e+04
 Pressure (bar)
    0.00000e+00

           Step           Time         Lambda
           1026     1026.00000        0.00000

           Step           Time         Lambda
           1027     1027.00000        0.00000

   Energies (kJ/mol)
        G96Bond       G96Angle    Proper Dih.  Improper Dih.          LJ-14
    3.53144e+03    9.72188e+01    1.32535e+02    2.12092e+00    1.18530e+04
     Coulomb-14        LJ (SR)   Coulomb (SR)   Coul. recip.      Potential
   -2.23149e+02   -2.70631e+03   -3.53592e+03    3.70829e+03    1.28592e+04
 Pressure (bar)
    0.00000e+00

           Step           Time         Lambda
           1028     1028.00000        0.00000

   Energies (kJ/mol)
        G96Bond       G96Angle    Proper Dih.  Improper Dih.          LJ-14
    3.53158e+03    9.74607e+01    1.32549e+02    2.12101e+00    1.18527e+04
     Coulomb-14        LJ (SR)   Coulomb (SR)   Coul. recip.      Potential
   -2.23286e+02   -2.70634e+03   -3.53589e+03    3.70814e+03    1.28590e+04
 Pressure (bar)
    0.00000e+00

           Step           Time         Lambda
           1029     1029.00000        0.00000

           Step           Time         Lambda
           1030     1030.00000        0.00000

   Energies (kJ/mol)
        G96Bond       G96Angle    Proper Dih.  Improper Dih.          LJ-14
    3.53160e+03    9.72466e+01    1.32530e+02    2.12108e+00    1.18526e+04
     Coulomb-14        LJ (SR)   Coulomb (SR)   Coul. recip.      Potential
   -2.23211e+02   -2.70636e+03   -3.53589e+03    3.70810e+03    1.28587e+04
 Pressure (bar)
    0.00000e+00

           Step           Time         Lambda
           1031     1031.00000        0.00000

   Energies (kJ/mol)
        G96Bond       G96Angle    Proper Dih.  Improper Dih.          LJ-14
    3.53245e+03    9.74968e+01    1.32522e+02    2.12153e+00    1.18518e+04
     Coulomb-14        LJ (SR)   Coulomb (SR)   Coul. recip.      Potential
   -2.23321e+02   -2.70647e+03   -3.53584e+03    3.70773e+03    1.28585e+04
 Pressure (bar)
    0.00000e+00

           Step           Time         Lambda
           1032     1032.00000        0.00000

   Energies (kJ/mol)
        G96Bond       G96Angle    Proper Dih.  Improper Dih.          LJ-14
    3.53247e+03    9.71995e+01    1.32497e+02    2.12162e+00    1.18516e+04
     Coulomb-14        LJ (SR)   Coulomb (SR)   Coul. recip.      Potential
   -2.23213e+02   -2.70649e+03   -3.53584e+03    3.70769e+03    1.28581e+04
 Pressure (bar)
    0.00000e+00

           Step           Time         Lambda
           1033     1033.00000        0.00000

           Step           Time         Lambda
           1034     1034.00000        0.00000

   Energies (kJ/mol)
        G96Bond       G96Angle    Proper Dih.  Improper Dih.          LJ-14
    3.53264e+03    9.73232e+01    1.32500e+02    2.12177e+00    1.18514e+04
     Coulomb-14        LJ (SR)   Coulomb (SR)   Coul. recip.      Potential
   -2.23286e+02   -2.70652e+03   -3.53581e+03    3.70755e+03    1.28579e+04
 Pressure (bar)
    0.00000e+00

           Step           Time         Lambda
           1035     1035.00000        0.00000

   Energies (kJ/mol)
        G96Bond       G96Angle    Proper Dih.  Improper Dih.          LJ-14
    3.53297e+03    9.71764e+01    1.32478e+02    2.12194e+00    1.18511e+04
     Coulomb-14        LJ (SR)   Coulomb (SR)   Coul. recip.      Potential
   -2.23212e+02   -2.70656e+03   -3.53580e+03    3.70746e+03    1.28578e+04
 Pressure (bar)
    0.00000e+00

           Step           Time         Lambda
           1036     1036.00000        0.00000

   Energies (kJ/mol)
        G96Bond       G96Angle    Proper Dih.  Improper Dih.          LJ-14
    3.53314e+03    9.73611e+01    1.32486e+02    2.12208e+00    1.18509e+04
     Coulomb-14        LJ (SR)   Coulomb (SR)   Coul. recip.      Potential
   -2.23313e+02   -2.70659e+03   -3.53578e+03    3.70731e+03    1.28576e+04
 Pressure (bar)
    0.00000e+00

           Step           Time         Lambda
           1037     1037.00000        0.00000

   Energies (kJ/mol)
        G96Bond       G96Angle    Proper Dih.  Improper Dih.          LJ-14
    3.53351e+03    9.71596e+01    1.32458e+02    2.12223e+00    1.18506e+04
     Coulomb-14        LJ (SR)   Coulomb (SR)   Coul. recip.      Potential
   -2.23203e+02   -2.70663e+03   -3.53577e+03    3.70723e+03    1.28575e+04
 Pressure (bar)
    0.00000e+00

           Step           Time         Lambda
           1038     1038.00000        0.00000

   Energies (kJ/mol)
        G96Bond       G96Angle    Proper Dih.  Improper Dih.          LJ-14
    3.53368e+03    9.74359e+01    1.32473e+02    2.12238e+00    1.18503e+04
     Coulomb-14        LJ (SR)   Coulomb (SR)   Coul. recip.      Potential
   -2.23348e+02   -2.70667e+03   -3.53575e+03    3.70706e+03    1.28573e+04
 Pressure (bar)
    0.00000e+00

           Step           Time         Lambda
           1039     1039.00000        0.00000

   Energies (kJ/mol)
        G96Bond       G96Angle    Proper Dih.  Improper Dih.          LJ-14
    3.53412e+03    9.71617e+01    1.32437e+02    2.12254e+00    1.18501e+04
     Coulomb-14        LJ (SR)   Coulomb (SR)   Coul. recip.      Potential
   -2.23185e+02   -2.70670e+03   -3.53574e+03    3.70700e+03    1.28573e+04
 Pressure (bar)
    0.00000e+00

           Step           Time         Lambda
           1040     1040.00000        0.00000

   Energies (kJ/mol)
        G96Bond       G96Angle    Proper Dih.  Improper Dih.          LJ-14
    3.53432e+03    9.75788e+01    1.32462e+02    2.12271e+00    1.18498e+04
     Coulomb-14        LJ (SR)   Coulomb (SR)   Coul. recip.      Potential
   -2.23393e+02   -2.70674e+03   -3.53571e+03    3.70682e+03    1.28573e+04
 Pressure (bar)
    0.00000e+00

           Step           Time         Lambda
           1041     1041.00000        0.00000

           Step           Time         Lambda
           1042     1042.00000        0.00000

   Energies (kJ/mol)
        G96Bond       G96Angle    Proper Dih.  Improper Dih.          LJ-14
    3.53410e+03    9.71730e+01    1.32436e+02    2.12279e+00    1.18497e+04
     Coulomb-14        LJ (SR)   Coulomb (SR)   Coul. recip.      Potential
   -2.23275e+02   -2.70675e+03   -3.53571e+03    3.70681e+03    1.28566e+04
 Pressure (bar)
    0.00000e+00

           Step           Time         Lambda
           1043     1043.00000        0.00000

           Step           Time         Lambda
           1044     1044.00000        0.00000

   Energies (kJ/mol)
        G96Bond       G96Angle    Proper Dih.  Improper Dih.          LJ-14
    3.53466e+03    9.73432e+01    1.32430e+02    2.12310e+00    1.18491e+04
     Coulomb-14        LJ (SR)   Coulomb (SR)   Coul. recip.      Potential
   -2.23357e+02   -2.70683e+03   -3.53567e+03    3.70653e+03    1.28563e+04
 Pressure (bar)
    0.00000e+00

           Step           Time         Lambda
           1045     1045.00000        0.00000

   Energies (kJ/mol)
        G96Bond       G96Angle    Proper Dih.  Improper Dih.          LJ-14
    3.53476e+03    9.71351e+01    1.32410e+02    2.12321e+00    1.18490e+04
     Coulomb-14        LJ (SR)   Coulomb (SR)   Coul. recip.      Potential
   -2.23275e+02   -2.70686e+03   -3.53567e+03    3.70648e+03    1.28561e+04
 Pressure (bar)
    0.00000e+00

           Step           Time         Lambda
           1046     1046.00000        0.00000

   Energies (kJ/mol)
        G96Bond       G96Angle    Proper Dih.  Improper Dih.          LJ-14
    3.53522e+03    9.73966e+01    1.32414e+02    2.12341e+00    1.18485e+04
     Coulomb-14        LJ (SR)   Coulomb (SR)   Coul. recip.      Potential
   -2.23387e+02   -2.70692e+03   -3.53564e+03    3.70625e+03    1.28560e+04
 Pressure (bar)
    0.00000e+00

           Step           Time         Lambda
           1047     1047.00000        0.00000

   Energies (kJ/mol)
        G96Bond       G96Angle    Proper Dih.  Improper Dih.          LJ-14
    3.53534e+03    9.71047e+01    1.32387e+02    2.12353e+00    1.18484e+04
     Coulomb-14        LJ (SR)   Coulomb (SR)   Coul. recip.      Potential
   -2.23266e+02   -2.70694e+03   -3.53564e+03    3.70621e+03    1.28557e+04
 Pressure (bar)
    0.00000e+00

           Step           Time         Lambda
           1048     1048.00000        0.00000

           Step           Time         Lambda
           1049     1049.00000        0.00000

   Energies (kJ/mol)
        G96Bond       G96Angle    Proper Dih.  Improper Dih.          LJ-14
    3.53538e+03    9.72147e+01    1.32393e+02    2.12361e+00    1.18482e+04
     Coulomb-14        LJ (SR)   Coulomb (SR)   Coul. recip.      Potential
   -2.23344e+02   -2.70696e+03   -3.53562e+03    3.70611e+03    1.28555e+04
 Pressure (bar)
    0.00000e+00

           Step           Time         Lambda
           1050     1050.00000        0.00000

   Energies (kJ/mol)
        G96Bond       G96Angle    Proper Dih.  Improper Dih.          LJ-14
    3.53592e+03    9.70864e+01    1.32365e+02    2.12386e+00    1.18478e+04
     Coulomb-14        LJ (SR)   Coulomb (SR)   Coul. recip.      Potential
   -2.23264e+02   -2.70702e+03   -3.53560e+03    3.70594e+03    1.28554e+04
 Pressure (bar)
    0.00000e+00

           Step           Time         Lambda
           1051     1051.00000        0.00000

   Energies (kJ/mol)
        G96Bond       G96Angle    Proper Dih.  Improper Dih.          LJ-14
    3.53594e+03    9.72515e+01    1.32376e+02    2.12395e+00    1.18476e+04
     Coulomb-14        LJ (SR)   Coulomb (SR)   Coul. recip.      Potential
   -2.23376e+02   -2.70705e+03   -3.53558e+03    3.70582e+03    1.28551e+04
 Pressure (bar)
    0.00000e+00

           Step           Time         Lambda
           1052     1052.00000        0.00000

           Step           Time         Lambda
           1053     1053.00000        0.00000

   Energies (kJ/mol)
        G96Bond       G96Angle    Proper Dih.  Improper Dih.          LJ-14
    3.53607e+03    9.71024e+01    1.32359e+02    2.12406e+00    1.18474e+04
     Coulomb-14        LJ (SR)   Coulomb (SR)   Coul. recip.      Potential
   -2.23315e+02   -2.70708e+03   -3.53557e+03    3.70576e+03    1.28549e+04
 Pressure (bar)
    0.00000e+00

           Step           Time         Lambda
           1054     1054.00000        0.00000

   Energies (kJ/mol)
        G96Bond       G96Angle    Proper Dih.  Improper Dih.          LJ-14
    3.53645e+03    9.72812e+01    1.32359e+02    2.12430e+00    1.18470e+04
     Coulomb-14        LJ (SR)   Coulomb (SR)   Coul. recip.      Potential
   -2.23400e+02   -2.70713e+03   -3.53554e+03    3.70555e+03    1.28547e+04
 Pressure (bar)
    0.00000e+00

           Step           Time         Lambda
           1055     1055.00000        0.00000

   Energies (kJ/mol)
        G96Bond       G96Angle    Proper Dih.  Improper Dih.          LJ-14
    3.53660e+03    9.70726e+01    1.32337e+02    2.12442e+00    1.18469e+04
     Coulomb-14        LJ (SR)   Coulomb (SR)   Coul. recip.      Potential
   -2.23311e+02   -2.70716e+03   -3.53554e+03    3.70550e+03    1.28545e+04
 Pressure (bar)
    0.00000e+00

           Step           Time         Lambda
           1056     1056.00000        0.00000

   Energies (kJ/mol)
        G96Bond       G96Angle    Proper Dih.  Improper Dih.          LJ-14
    3.53696e+03    9.73394e+01    1.32345e+02    2.12464e+00    1.18465e+04
     Coulomb-14        LJ (SR)   Coulomb (SR)   Coul. recip.      Potential
   -2.23430e+02   -2.70721e+03   -3.53551e+03    3.70531e+03    1.28545e+04
 Pressure (bar)
    0.00000e+00

           Step           Time         Lambda
           1057     1057.00000        0.00000

   Energies (kJ/mol)
        G96Bond       G96Angle    Proper Dih.  Improper Dih.          LJ-14
    3.53714e+03    9.70499e+01    1.32316e+02    2.12477e+00    1.18464e+04
     Coulomb-14        LJ (SR)   Coulomb (SR)   Coul. recip.      Potential
   -2.23300e+02   -2.70723e+03   -3.53551e+03    3.70526e+03    1.28542e+04
 Pressure (bar)
    0.00000e+00

           Step           Time         Lambda
           1058     1058.00000        0.00000

           Step           Time         Lambda
           1059     1059.00000        0.00000

   Energies (kJ/mol)
        G96Bond       G96Angle    Proper Dih.  Improper Dih.          LJ-14
    3.53711e+03    9.71500e+01    1.32323e+02    2.12490e+00    1.18462e+04
     Coulomb-14        LJ (SR)   Coulomb (SR)   Coul. recip.      Potential
   -2.23384e+02   -2.70726e+03   -3.53549e+03    3.70516e+03    1.28539e+04
 Pressure (bar)
    0.00000e+00

           Step           Time         Lambda
           1060     1060.00000        0.00000

   Energies (kJ/mol)
        G96Bond       G96Angle    Proper Dih.  Improper Dih.          LJ-14
    3.53784e+03    9.70337e+01    1.32289e+02    2.12522e+00    1.18457e+04
     Coulomb-14        LJ (SR)   Coulomb (SR)   Coul. recip.      Potential
   -2.23297e+02   -2.70734e+03   -3.53547e+03    3.70493e+03    1.28538e+04
 Pressure (bar)
    0.00000e+00

           Step           Time         Lambda
           1061     1061.00000        0.00000

   Energies (kJ/mol)
        G96Bond       G96Angle    Proper Dih.  Improper Dih.          LJ-14
    3.53776e+03    9.71854e+01    1.32301e+02    2.12534e+00    1.18455e+04
     Coulomb-14        LJ (SR)   Coulomb (SR)   Coul. recip.      Potential
   -2.23418e+02   -2.70736e+03   -3.53545e+03    3.70481e+03    1.28534e+04
 Pressure (bar)
    0.00000e+00

           Step           Time         Lambda
           1062     1062.00000        0.00000

           Step           Time         Lambda
           1063     1063.00000        0.00000

   Energies (kJ/mol)
        G96Bond       G96Angle    Proper Dih.  Improper Dih.          LJ-14
    3.53795e+03    9.70369e+01    1.32284e+02    2.12546e+00    1.18453e+04
     Coulomb-14        LJ (SR)   Coulomb (SR)   Coul. recip.      Potential
   -2.23351e+02   -2.70739e+03   -3.53544e+03    3.70474e+03    1.28532e+04
 Pressure (bar)
    0.00000e+00

           Step           Time         Lambda
           1064     1064.00000        0.00000

   Energies (kJ/mol)
        G96Bond       G96Angle    Proper Dih.  Improper Dih.          LJ-14
    3.53821e+03    9.72184e+01    1.32288e+02    2.12565e+00    1.18450e+04
     Coulomb-14        LJ (SR)   Coulomb (SR)   Coul. recip.      Potential
   -2.23442e+02   -2.70744e+03   -3.53542e+03    3.70458e+03    1.28531e+04
 Pressure (bar)
    0.00000e+00

           Step           Time         Lambda
           1065     1065.00000        0.00000

   Energies (kJ/mol)
        G96Bond       G96Angle    Proper Dih.  Improper Dih.          LJ-14
    3.53843e+03    9.70116e+01    1.32264e+02    2.12578e+00    1.18448e+04
     Coulomb-14        LJ (SR)   Coulomb (SR)   Coul. recip.      Potential
   -2.23344e+02   -2.70746e+03   -3.53541e+03    3.70451e+03    1.28529e+04
 Pressure (bar)
    0.00000e+00

           Step           Time         Lambda
           1066     1066.00000        0.00000

   Energies (kJ/mol)
        G96Bond       G96Angle    Proper Dih.  Improper Dih.          LJ-14
    3.53869e+03    9.72814e+01    1.32274e+02    2.12596e+00    1.18445e+04
     Coulomb-14        LJ (SR)   Coulomb (SR)   Coul. recip.      Potential
   -2.23472e+02   -2.70751e+03   -3.53538e+03    3.70434e+03    1.28529e+04
 Pressure (bar)
    0.00000e+00

           Step           Time         Lambda
           1067     1067.00000        0.00000

   Energies (kJ/mol)
        G96Bond       G96Angle    Proper Dih.  Improper Dih.          LJ-14
    3.53895e+03    9.69968e+01    1.32243e+02    2.12611e+00    1.18443e+04
     Coulomb-14        LJ (SR)   Coulomb (SR)   Coul. recip.      Potential
   -2.23331e+02   -2.70753e+03   -3.53538e+03    3.70428e+03    1.28527e+04
 Pressure (bar)
    0.00000e+00

           Step           Time         Lambda
           1068     1068.00000        0.00000

           Step           Time         Lambda
           1069     1069.00000        0.00000

   Energies (kJ/mol)
        G96Bond       G96Angle    Proper Dih.  Improper Dih.          LJ-14
    3.53884e+03    9.70840e+01    1.32252e+02    2.12620e+00    1.18442e+04
     Coulomb-14        LJ (SR)   Coulomb (SR)   Coul. recip.      Potential
   -2.23422e+02   -2.70756e+03   -3.53537e+03    3.70419e+03    1.28523e+04
 Pressure (bar)
    0.00000e+00

           Step           Time         Lambda
           1070     1070.00000        0.00000

   Energies (kJ/mol)
        G96Bond       G96Angle    Proper Dih.  Improper Dih.          LJ-14
    3.53988e+03    9.69804e+01    1.32208e+02    2.12674e+00    1.18434e+04
     Coulomb-14        LJ (SR)   Coulomb (SR)   Coul. recip.      Potential
   -2.23330e+02   -2.70768e+03   -3.53533e+03    3.70383e+03    1.28521e+04
 Pressure (bar)
    0.00000e+00

           Step           Time         Lambda
           1071     1071.00000        0.00000

   Energies (kJ/mol)
        G96Bond       G96Angle    Proper Dih.  Improper Dih.          LJ-14
    3.53969e+03    9.71135e+01    1.32221e+02    2.12690e+00    1.18432e+04
     Coulomb-14        LJ (SR)   Coulomb (SR)   Coul. recip.      Potential
   -2.23463e+02   -2.70770e+03   -3.53531e+03    3.70372e+03    1.28516e+04
 Pressure (bar)
    0.00000e+00

           Step           Time         Lambda
           1072     1072.00000        0.00000

           Step           Time         Lambda
           1073     1073.00000        0.00000

   Energies (kJ/mol)
        G96Bond       G96Angle    Proper Dih.  Improper Dih.          LJ-14
    3.53994e+03    9.69689e+01    1.32201e+02    2.12708e+00    1.18430e+04
     Coulomb-14        LJ (SR)   Coulomb (SR)   Coul. recip.      Potential
   -2.23391e+02   -2.70774e+03   -3.53530e+03    3.70363e+03    1.28515e+04
 Pressure (bar)
    0.00000e+00

           Step           Time         Lambda
           1074     1074.00000        0.00000

   Energies (kJ/mol)
        G96Bond       G96Angle    Proper Dih.  Improper Dih.          LJ-14
    3.54011e+03    9.71482e+01    1.32208e+02    2.12724e+00    1.18428e+04
     Coulomb-14        LJ (SR)   Coulomb (SR)   Coul. recip.      Potential
   -2.23487e+02   -2.70777e+03   -3.53527e+03    3.70348e+03    1.28513e+04
 Pressure (bar)
    0.00000e+00

           Step           Time         Lambda
           1075     1075.00000        0.00000

   Energies (kJ/mol)
        G96Bond       G96Angle    Proper Dih.  Improper Dih.          LJ-14
    3.54040e+03    9.69486e+01    1.32182e+02    2.12741e+00    1.18426e+04
     Coulomb-14        LJ (SR)   Coulomb (SR)   Coul. recip.      Potential
   -2.23382e+02   -2.70781e+03   -3.53527e+03    3.70341e+03    1.28512e+04
 Pressure (bar)
    0.00000e+00

           Step           Time         Lambda
           1076     1076.00000        0.00000

   Energies (kJ/mol)
        G96Bond       G96Angle    Proper Dih.  Improper Dih.          LJ-14
    3.54058e+03    9.72160e+01    1.32195e+02    2.12756e+00    1.18423e+04
     Coulomb-14        LJ (SR)   Coulomb (SR)   Coul. recip.      Potential
   -2.23517e+02   -2.70785e+03   -3.53525e+03    3.70325e+03    1.28511e+04
 Pressure (bar)
    0.00000e+00

           Step           Time         Lambda
           1077     1077.00000        0.00000

   Energies (kJ/mol)
        G96Bond       G96Angle    Proper Dih.  Improper Dih.          LJ-14
    3.54094e+03    9.69436e+01    1.32162e+02    2.12769e+00    1.18421e+04
     Coulomb-14        LJ (SR)   Coulomb (SR)   Coul. recip.      Potential
   -2.23364e+02   -2.70788e+03   -3.53525e+03    3.70319e+03    1.28510e+04
 Pressure (bar)
    0.00000e+00

           Step           Time         Lambda
           1078     1078.00000        0.00000

   Energies (kJ/mol)
        G96Bond       G96Angle    Proper Dih.  Improper Dih.          LJ-14
    3.54114e+03    9.73453e+01    1.32184e+02    2.12787e+00    1.18419e+04
     Coulomb-14        LJ (SR)   Coulomb (SR)   Coul. recip.      Potential
   -2.23558e+02   -2.70792e+03   -3.53521e+03    3.70302e+03    1.28510e+04
 Pressure (bar)
    0.00000e+00

           Step           Time         Lambda
           1079     1079.00000        0.00000

           Step           Time         Lambda
           1080     1080.00000        0.00000

   Energies (kJ/mol)
        G96Bond       G96Angle    Proper Dih.  Improper Dih.          LJ-14
    3.54093e+03    9.69698e+01    1.32161e+02    2.12795e+00    1.18418e+04
     Coulomb-14        LJ (SR)   Coulomb (SR)   Coul. recip.      Potential
   -2.23446e+02   -2.70793e+03   -3.53522e+03    3.70300e+03    1.28504e+04
 Pressure (bar)
    0.00000e+00

           Step           Time         Lambda
           1081     1081.00000        0.00000

   Energies (kJ/mol)
        G96Bond       G96Angle    Proper Dih.  Improper Dih.          LJ-14
    3.54243e+03    9.74234e+01    1.32142e+02    2.12886e+00    1.18405e+04
     Coulomb-14        LJ (SR)   Coulomb (SR)   Coul. recip.      Potential
   -2.23604e+02   -2.70813e+03   -3.53513e+03    3.70234e+03    1.28501e+04
 Pressure (bar)
    0.00000e+00

           Step           Time         Lambda
           1082     1082.00000        0.00000

   Energies (kJ/mol)
        G96Bond       G96Angle    Proper Dih.  Improper Dih.          LJ-14
    3.54214e+03    9.69024e+01    1.32109e+02    2.12896e+00    1.18405e+04
     Coulomb-14        LJ (SR)   Coulomb (SR)   Coul. recip.      Potential
   -2.23447e+02   -2.70814e+03   -3.53513e+03    3.70233e+03    1.28493e+04
 Pressure (bar)
    0.00000e+00

           Step           Time         Lambda
           1083     1083.00000        0.00000

           Step           Time         Lambda
           1084     1084.00000        0.00000

   Energies (kJ/mol)
        G96Bond       G96Angle    Proper Dih.  Improper Dih.          LJ-14
    3.54237e+03    9.71113e+01    1.32115e+02    2.12913e+00    1.18402e+04
     Coulomb-14        LJ (SR)   Coulomb (SR)   Coul. recip.      Potential
   -2.23550e+02   -2.70819e+03   -3.53511e+03    3.70217e+03    1.28492e+04
 Pressure (bar)
    0.00000e+00

           Step           Time         Lambda
           1085     1085.00000        0.00000

   Energies (kJ/mol)
        G96Bond       G96Angle    Proper Dih.  Improper Dih.          LJ-14
    3.54259e+03    9.68808e+01    1.32090e+02    2.12927e+00    1.18400e+04
     Coulomb-14        LJ (SR)   Coulomb (SR)   Coul. recip.      Potential
   -2.23437e+02   -2.70821e+03   -3.53511e+03    3.70211e+03    1.28491e+04
 Pressure (bar)
    0.00000e+00

           Step           Time         Lambda
           1086     1086.00000        0.00000

   Energies (kJ/mol)
        G96Bond       G96Angle    Proper Dih.  Improper Dih.          LJ-14
    3.54284e+03    9.71937e+01    1.32103e+02    2.12944e+00    1.18397e+04
     Coulomb-14        LJ (SR)   Coulomb (SR)   Coul. recip.      Potential
   -2.23583e+02   -2.70826e+03   -3.53508e+03    3.70194e+03    1.28490e+04
 Pressure (bar)
    0.00000e+00

           Step           Time         Lambda
           1087     1087.00000        0.00000

   Energies (kJ/mol)
        G96Bond       G96Angle    Proper Dih.  Improper Dih.          LJ-14
    3.54312e+03    9.68753e+01    1.32070e+02    2.12958e+00    1.18396e+04
     Coulomb-14        LJ (SR)   Coulomb (SR)   Coul. recip.      Potential
   -2.23417e+02   -2.70829e+03   -3.53508e+03    3.70190e+03    1.28489e+04
 Pressure (bar)
    0.00000e+00

           Step           Time         Lambda
           1088     1088.00000        0.00000

           Step           Time         Lambda
           1089     1089.00000        0.00000

   Energies (kJ/mol)
        G96Bond       G96Angle    Proper Dih.  Improper Dih.          LJ-14
    3.54291e+03    9.69567e+01    1.32080e+02    2.12968e+00    1.18395e+04
     Coulomb-14        LJ (SR)   Coulomb (SR)   Coul. recip.      Potential
   -2.23521e+02   -2.70831e+03   -3.53507e+03    3.70180e+03    1.28484e+04
 Pressure (bar)
    0.00000e+00

           Step           Time         Lambda
           1090     1090.00000        0.00000

   Energies (kJ/mol)
        G96Bond       G96Angle    Proper Dih.  Improper Dih.          LJ-14
    3.54410e+03    9.68687e+01    1.32031e+02    2.13033e+00    1.18386e+04
     Coulomb-14        LJ (SR)   Coulomb (SR)   Coul. recip.      Potential
   -2.23414e+02   -2.70844e+03   -3.53502e+03    3.70140e+03    1.28483e+04
 Pressure (bar)
    0.00000e+00

           Step           Time         Lambda
           1091     1091.00000        0.00000

   Energies (kJ/mol)
        G96Bond       G96Angle    Proper Dih.  Improper Dih.          LJ-14
    3.54378e+03    9.69967e+01    1.32047e+02    2.13045e+00    1.18385e+04
     Coulomb-14        LJ (SR)   Coulomb (SR)   Coul. recip.      Potential
   -2.23566e+02   -2.70847e+03   -3.53500e+03    3.70128e+03    1.28477e+04
 Pressure (bar)
    0.00000e+00

           Step           Time         Lambda
           1092     1092.00000        0.00000

           Step           Time         Lambda
           1093     1093.00000        0.00000

   Energies (kJ/mol)
        G96Bond       G96Angle    Proper Dih.  Improper Dih.          LJ-14
    3.54405e+03    9.68352e+01    1.32025e+02    2.13064e+00    1.18383e+04
     Coulomb-14        LJ (SR)   Coulomb (SR)   Coul. recip.      Potential
   -2.23481e+02   -2.70850e+03   -3.53499e+03    3.70119e+03    1.28475e+04
 Pressure (bar)
    0.00000e+00

           Step           Time         Lambda
           1094     1094.00000        0.00000

   Energies (kJ/mol)
        G96Bond       G96Angle    Proper Dih.  Improper Dih.          LJ-14
    3.54419e+03    9.70419e+01    1.32034e+02    2.13082e+00    1.18380e+04
     Coulomb-14        LJ (SR)   Coulomb (SR)   Coul. recip.      Potential
   -2.23591e+02   -2.70854e+03   -3.53497e+03    3.70105e+03    1.28474e+04
 Pressure (bar)
    0.00000e+00

           Step           Time         Lambda
           1095     1095.00000        0.00000

   Energies (kJ/mol)
        G96Bond       G96Angle    Proper Dih.  Improper Dih.          LJ-14
    3.54450e+03    9.68216e+01    1.32006e+02    2.13098e+00    1.18379e+04
     Coulomb-14        LJ (SR)   Coulomb (SR)   Coul. recip.      Potential
   -2.23469e+02   -2.70857e+03   -3.53497e+03    3.70098e+03    1.28473e+04
 Pressure (bar)
    0.00000e+00

           Step           Time         Lambda
           1096     1096.00000        0.00000

   Energies (kJ/mol)
        G96Bond       G96Angle    Proper Dih.  Improper Dih.          LJ-14
    3.54465e+03    9.71292e+01    1.32023e+02    2.13113e+00    1.18376e+04
     Coulomb-14        LJ (SR)   Coulomb (SR)   Coul. recip.      Potential
   -2.23625e+02   -2.70861e+03   -3.53494e+03    3.70082e+03    1.28472e+04
 Pressure (bar)
    0.00000e+00

           Step           Time         Lambda
           1097     1097.00000        0.00000

           Step           Time         Lambda
           1098     1098.00000        0.00000

   Energies (kJ/mol)
        G96Bond       G96Angle    Proper Dih.  Improper Dih.          LJ-14
    3.54456e+03    9.68564e+01    1.32003e+02    2.13124e+00    1.18376e+04
     Coulomb-14        LJ (SR)   Coulomb (SR)   Coul. recip.      Potential
   -2.23536e+02   -2.70863e+03   -3.53495e+03    3.70080e+03    1.28468e+04
 Pressure (bar)
    0.00000e+00

           Step           Time         Lambda
           1099     1099.00000        0.00000

   Energies (kJ/mol)
        G96Bond       G96Angle    Proper Dih.  Improper Dih.          LJ-14
    3.54563e+03    9.71802e+01    1.31986e+02    2.13213e+00    1.18366e+04
     Coulomb-14        LJ (SR)   Coulomb (SR)   Coul. recip.      Potential
   -2.23661e+02   -2.70879e+03   -3.53488e+03    3.70026e+03    1.28465e+04
 Pressure (bar)
    0.00000e+00

           Step           Time         Lambda
           1100     1100.00000        0.00000

   Energies (kJ/mol)
        G96Bond       G96Angle    Proper Dih.  Improper Dih.          LJ-14
    3.54550e+03    9.67993e+01    1.31960e+02    2.13223e+00    1.18365e+04
     Coulomb-14        LJ (SR)   Coulomb (SR)   Coul. recip.      Potential
   -2.23535e+02   -2.70881e+03   -3.53488e+03    3.70024e+03    1.28459e+04
 Pressure (bar)
    0.00000e+00

           Step           Time         Lambda
           1101     1101.00000        0.00000

           Step           Time         Lambda
           1102     1102.00000        0.00000

   Energies (kJ/mol)
        G96Bond       G96Angle    Proper Dih.  Improper Dih.          LJ-14
    3.54568e+03    9.69581e+01    1.31964e+02    2.13242e+00    1.18363e+04
     Coulomb-14        LJ (SR)   Coulomb (SR)   Coul. recip.      Potential
   -2.23617e+02   -2.70885e+03   -3.53486e+03    3.70010e+03    1.28458e+04
 Pressure (bar)
    0.00000e+00

           Step           Time         Lambda
           1103     1103.00000        0.00000

   Energies (kJ/mol)
        G96Bond       G96Angle    Proper Dih.  Improper Dih.          LJ-14
    3.54590e+03    9.67768e+01    1.31942e+02    2.13256e+00    1.18361e+04
     Coulomb-14        LJ (SR)   Coulomb (SR)   Coul. recip.      Potential
   -2.23527e+02   -2.70888e+03   -3.53486e+03    3.70003e+03    1.28456e+04
 Pressure (bar)
    0.00000e+00

           Step           Time         Lambda
           1104     1104.00000        0.00000

   Energies (kJ/mol)
        G96Bond       G96Angle    Proper Dih.  Improper Dih.          LJ-14
    3.54608e+03    9.70140e+01    1.31951e+02    2.13274e+00    1.18359e+04
     Coulomb-14        LJ (SR)   Coulomb (SR)   Coul. recip.      Potential
   -2.23644e+02   -2.70892e+03   -3.53483e+03    3.69987e+03    1.28455e+04
 Pressure (bar)
    0.00000e+00

           Step           Time         Lambda
           1105     1105.00000        0.00000

   Energies (kJ/mol)
        G96Bond       G96Angle    Proper Dih.  Improper Dih.          LJ-14
    3.54635e+03    9.67631e+01    1.31923e+02    2.13290e+00    1.18357e+04
     Coulomb-14        LJ (SR)   Coulomb (SR)   Coul. recip.      Potential
   -2.23512e+02   -2.70895e+03   -3.53483e+03    3.69982e+03    1.28454e+04
 Pressure (bar)
    0.00000e+00

           Step           Time         Lambda
           1106     1106.00000        0.00000

   Energies (kJ/mol)
        G96Bond       G96Angle    Proper Dih.  Improper Dih.          LJ-14
    3.54655e+03    9.71169e+01    1.31941e+02    2.13309e+00    1.18355e+04
     Coulomb-14        LJ (SR)   Coulomb (SR)   Coul. recip.      Potential
   -2.23680e+02   -2.70899e+03   -3.53481e+03    3.69965e+03    1.28454e+04
 Pressure (bar)
    0.00000e+00

           Step           Time         Lambda
           1107     1107.00000        0.00000

   Energies (kJ/mol)
        G96Bond       G96Angle    Proper Dih.  Improper Dih.          LJ-14
    3.54690e+03    9.67746e+01    1.31904e+02    2.13322e+00    1.18353e+04
     Coulomb-14        LJ (SR)   Coulomb (SR)   Coul. recip.      Potential
   -2.23489e+02   -2.70902e+03   -3.53481e+03    3.69961e+03    1.28454e+04
 Pressure (bar)
    0.00000e+00

           Step           Time         Lambda
           1108     1108.00000        0.00000

           Step           Time         Lambda
           1109     1109.00000        0.00000

   Energies (kJ/mol)
        G96Bond       G96Angle    Proper Dih.  Improper Dih.          LJ-14
    3.54655e+03    9.68367e+01    1.31916e+02    2.13332e+00    1.18352e+04
     Coulomb-14        LJ (SR)   Coulomb (SR)   Coul. recip.      Potential
   -2.23607e+02   -2.70904e+03   -3.53479e+03    3.69951e+03    1.28447e+04
 Pressure (bar)
    0.00000e+00

           Step           Time         Lambda
           1110     1110.00000        0.00000

   Energies (kJ/mol)
        G96Bond       G96Angle    Proper Dih.  Improper Dih.          LJ-14
    3.54806e+03    9.67788e+01    1.31857e+02    2.13423e+00    1.18342e+04
     Coulomb-14        LJ (SR)   Coulomb (SR)   Coul. recip.      Potential
   -2.23484e+02   -2.70922e+03   -3.53474e+03    3.69900e+03    1.28446e+04
 Pressure (bar)
    0.00000e+00

           Step           Time         Lambda
           1111     1111.00000        0.00000

   Energies (kJ/mol)
        G96Bond       G96Angle    Proper Dih.  Improper Dih.          LJ-14
    3.54756e+03    9.68815e+01    1.31875e+02    2.13436e+00    1.18341e+04
     Coulomb-14        LJ (SR)   Coulomb (SR)   Coul. recip.      Potential
   -2.23659e+02   -2.70924e+03   -3.53471e+03    3.69887e+03    1.28438e+04
 Pressure (bar)
    0.00000e+00

           Step           Time         Lambda
           1112     1112.00000        0.00000

           Step           Time         Lambda
           1113     1113.00000        0.00000

   Energies (kJ/mol)
        G96Bond       G96Angle    Proper Dih.  Improper Dih.          LJ-14
    3.54787e+03    9.67099e+01    1.31851e+02    2.13457e+00    1.18339e+04
     Coulomb-14        LJ (SR)   Coulomb (SR)   Coul. recip.      Potential
   -2.23560e+02   -2.70928e+03   -3.53471e+03    3.69879e+03    1.28437e+04
 Pressure (bar)
    0.00000e+00

           Step           Time         Lambda
           1114     1114.00000        0.00000

   Energies (kJ/mol)
        G96Bond       G96Angle    Proper Dih.  Improper Dih.          LJ-14
    3.54795e+03    9.69388e+01    1.31863e+02    2.13473e+00    1.18337e+04
     Coulomb-14        LJ (SR)   Coulomb (SR)   Coul. recip.      Potential
   -2.23686e+02   -2.70932e+03   -3.53469e+03    3.69865e+03    1.28435e+04
 Pressure (bar)
    0.00000e+00

           Step           Time         Lambda
           1115     1115.00000        0.00000

   Energies (kJ/mol)
        G96Bond       G96Angle    Proper Dih.  Improper Dih.          LJ-14
    3.54833e+03    9.67067e+01    1.31833e+02    2.13491e+00    1.18335e+04
     Coulomb-14        LJ (SR)   Coulomb (SR)   Coul. recip.      Potential
   -2.23544e+02   -2.70935e+03   -3.53469e+03    3.69858e+03    1.28435e+04
 Pressure (bar)
    0.00000e+00

           Step           Time         Lambda
           1116     1116.00000        0.00000

   Energies (kJ/mol)
        G96Bond       G96Angle    Proper Dih.  Improper Dih.          LJ-14
    3.54841e+03    9.70489e+01    1.31853e+02    2.13510e+00    1.18333e+04
     Coulomb-14        LJ (SR)   Coulomb (SR)   Coul. recip.      Potential
   -2.23723e+02   -2.70939e+03   -3.53466e+03    3.69842e+03    1.28434e+04
 Pressure (bar)
    0.00000e+00

           Step           Time         Lambda
           1117     1117.00000        0.00000

           Step           Time         Lambda
           1118     1118.00000        0.00000

   Energies (kJ/mol)
        G96Bond       G96Angle    Proper Dih.  Improper Dih.          LJ-14
    3.54828e+03    9.67287e+01    1.31831e+02    2.13520e+00    1.18332e+04
     Coulomb-14        LJ (SR)   Coulomb (SR)   Coul. recip.      Potential
   -2.23619e+02   -2.70940e+03   -3.53466e+03    3.69840e+03    1.28429e+04
 Pressure (bar)
    0.00000e+00

           Step           Time         Lambda
           1119     1119.00000        0.00000

   Energies (kJ/mol)
        G96Bond       G96Angle    Proper Dih.  Improper Dih.          LJ-14
    3.54919e+03    9.71258e+01    1.31826e+02    2.13585e+00    1.18325e+04
     Coulomb-14        LJ (SR)   Coulomb (SR)   Coul. recip.      Potential
   -2.23756e+02   -2.70953e+03   -3.53461e+03    3.69798e+03    1.28429e+04
 Pressure (bar)
    0.00000e+00

           Step           Time         Lambda
           1120     1120.00000        0.00000

   Energies (kJ/mol)
        G96Bond       G96Angle    Proper Dih.  Improper Dih.          LJ-14
    3.54900e+03    9.66801e+01    1.31796e+02    2.13595e+00    1.18325e+04
     Coulomb-14        LJ (SR)   Coulomb (SR)   Coul. recip.      Potential
   -2.23609e+02   -2.70955e+03   -3.53462e+03    3.69796e+03    1.28423e+04
 Pressure (bar)
    0.00000e+00

           Step           Time         Lambda
           1121     1121.00000        0.00000

           Step           Time         Lambda
           1122     1122.00000        0.00000

   Energies (kJ/mol)
        G96Bond       G96Angle    Proper Dih.  Improper Dih.          LJ-14
    3.54913e+03    9.68585e+01    1.31803e+02    2.13614e+00    1.18322e+04
     Coulomb-14        LJ (SR)   Coulomb (SR)   Coul. recip.      Potential
   -2.23703e+02   -2.70958e+03   -3.53460e+03    3.69782e+03    1.28421e+04
 Pressure (bar)
    0.00000e+00

           Step           Time         Lambda
           1123     1123.00000        0.00000

   Energies (kJ/mol)
        G96Bond       G96Angle    Proper Dih.  Improper Dih.          LJ-14
    3.54939e+03    9.66613e+01    1.31779e+02    2.13630e+00    1.18321e+04
     Coulomb-14        LJ (SR)   Coulomb (SR)   Coul. recip.      Potential
   -2.23596e+02   -2.70961e+03   -3.53460e+03    3.69775e+03    1.28420e+04
 Pressure (bar)
    0.00000e+00

           Step           Time         Lambda
           1124     1124.00000        0.00000

   Energies (kJ/mol)
        G96Bond       G96Angle    Proper Dih.  Improper Dih.          LJ-14
    3.54952e+03    9.69281e+01    1.31792e+02    2.13655e+00    1.18319e+04
     Coulomb-14        LJ (SR)   Coulomb (SR)   Coul. recip.      Potential
   -2.23731e+02   -2.70965e+03   -3.53457e+03    3.69761e+03    1.28419e+04
 Pressure (bar)
    0.00000e+00

           Step           Time         Lambda
           1125     1125.00000        0.00000

   Energies (kJ/mol)
        G96Bond       G96Angle    Proper Dih.  Improper Dih.          LJ-14
    3.54984e+03    9.66581e+01    1.31761e+02    2.13671e+00    1.18317e+04
     Coulomb-14        LJ (SR)   Coulomb (SR)   Coul. recip.      Potential
   -2.23577e+02   -2.70968e+03   -3.53457e+03    3.69755e+03    1.28418e+04
 Pressure (bar)
    0.00000e+00

           Step           Time         Lambda
           1126     1126.00000        0.00000

   Energies (kJ/mol)
        G96Bond       G96Angle    Proper Dih.  Improper Dih.          LJ-14
    3.55000e+03    9.70585e+01    1.31782e+02    2.13689e+00    1.18315e+04
     Coulomb-14        LJ (SR)   Coulomb (SR)   Coul. recip.      Potential
   -2.23769e+02   -2.70972e+03   -3.53455e+03    3.69738e+03    1.28418e+04
 Pressure (bar)
    0.00000e+00

           Step           Time         Lambda
           1127     1127.00000        0.00000

           Step           Time         Lambda
           1128     1128.00000        0.00000

   Energies (kJ/mol)
        G96Bond       G96Angle    Proper Dih.  Improper Dih.          LJ-14
    3.54978e+03    9.66859e+01    1.31759e+02    2.13700e+00    1.18314e+04
     Coulomb-14        LJ (SR)   Coulomb (SR)   Coul. recip.      Potential
   -2.23657e+02   -2.70974e+03   -3.53455e+03    3.69736e+03    1.28412e+04
 Pressure (bar)
    0.00000e+00

           Step           Time         Lambda
           1129     1129.00000        0.00000

   Energies (kJ/mol)
        G96Bond       G96Angle    Proper Dih.  Improper Dih.          LJ-14
    3.55104e+03    9.71449e+01    1.31743e+02    2.13798e+00    1.18305e+04
     Coulomb-14        LJ (SR)   Coulomb (SR)   Coul. recip.      Potential
   -2.23809e+02   -2.70992e+03   -3.53447e+03    3.69676e+03    1.28411e+04
 Pressure (bar)
    0.00000e+00

           Step           Time         Lambda
           1130     1130.00000        0.00000

   Energies (kJ/mol)
        G96Bond       G96Angle    Proper Dih.  Improper Dih.          LJ-14
    3.55073e+03    9.66254e+01    1.31711e+02    2.13809e+00    1.18304e+04
     Coulomb-14        LJ (SR)   Coulomb (SR)   Coul. recip.      Potential
   -2.23650e+02   -2.70994e+03   -3.53448e+03    3.69676e+03    1.28403e+04
 Pressure (bar)
    0.00000e+00

           Step           Time         Lambda
           1131     1131.00000        0.00000

           Step           Time         Lambda
           1132     1132.00000        0.00000

   Energies (kJ/mol)
        G96Bond       G96Angle    Proper Dih.  Improper Dih.          LJ-14
    3.55092e+03    9.68348e+01    1.31718e+02    2.13835e+00    1.18302e+04
     Coulomb-14        LJ (SR)   Coulomb (SR)   Coul. recip.      Potential
   -2.23750e+02   -2.70998e+03   -3.53446e+03    3.69660e+03    1.28402e+04
 Pressure (bar)
    0.00000e+00

           Step           Time         Lambda
           1133     1133.00000        0.00000

   Energies (kJ/mol)
        G96Bond       G96Angle    Proper Dih.  Improper Dih.          LJ-14
    3.55111e+03    9.66059e+01    1.31693e+02    2.13852e+00    1.18301e+04
     Coulomb-14        LJ (SR)   Coulomb (SR)   Coul. recip.      Potential
   -2.23636e+02   -2.71001e+03   -3.53446e+03    3.69655e+03    1.28400e+04
 Pressure (bar)
    0.00000e+00

           Step           Time         Lambda
           1134     1134.00000        0.00000

   Energies (kJ/mol)
        G96Bond       G96Angle    Proper Dih.  Improper Dih.          LJ-14
    3.55131e+03    9.69178e+01    1.31707e+02    2.13875e+00    1.18298e+04
     Coulomb-14        LJ (SR)   Coulomb (SR)   Coul. recip.      Potential
   -2.23781e+02   -2.71005e+03   -3.53444e+03    3.69639e+03    1.28400e+04
 Pressure (bar)
    0.00000e+00

           Step           Time         Lambda
           1135     1135.00000        0.00000

   Energies (kJ/mol)
        G96Bond       G96Angle    Proper Dih.  Improper Dih.          LJ-14
    3.55157e+03    9.66024e+01    1.31675e+02    2.13891e+00    1.18297e+04
     Coulomb-14        LJ (SR)   Coulomb (SR)   Coul. recip.      Potential
   -2.23615e+02   -2.71008e+03   -3.53444e+03    3.69635e+03    1.28399e+04
 Pressure (bar)
    0.00000e+00

           Step           Time         Lambda
           1136     1136.00000        0.00000

           Step           Time         Lambda
           1137     1137.00000        0.00000

   Energies (kJ/mol)
        G96Bond       G96Angle    Proper Dih.  Improper Dih.          LJ-14
    3.55133e+03    9.66850e+01    1.31685e+02    2.13901e+00    1.18296e+04
     Coulomb-14        LJ (SR)   Coulomb (SR)   Coul. recip.      Potential
   -2.23719e+02   -2.71010e+03   -3.53443e+03    3.69626e+03    1.28395e+04
 Pressure (bar)
    0.00000e+00

           Step           Time         Lambda
           1138     1138.00000        0.00000

   Energies (kJ/mol)
        G96Bond       G96Angle    Proper Dih.  Improper Dih.          LJ-14
    3.55239e+03    9.65977e+01    1.31638e+02    2.13977e+00    1.18289e+04
     Coulomb-14        LJ (SR)   Coulomb (SR)   Coul. recip.      Potential
   -2.23608e+02   -2.71024e+03   -3.53439e+03    3.69587e+03    1.28393e+04
 Pressure (bar)
    0.00000e+00

           Step           Time         Lambda
           1139     1139.00000        0.00000

   Energies (kJ/mol)
        G96Bond       G96Angle    Proper Dih.  Improper Dih.          LJ-14
    3.55205e+03    9.67270e+01    1.31653e+02    2.13990e+00    1.18288e+04
     Coulomb-14        LJ (SR)   Coulomb (SR)   Coul. recip.      Potential
   -2.23759e+02   -2.71026e+03   -3.53437e+03    3.69576e+03    1.28387e+04
 Pressure (bar)
    0.00000e+00

           Step           Time         Lambda
           1140     1140.00000        0.00000

           Step           Time         Lambda
           1141     1141.00000        0.00000

   Energies (kJ/mol)
        G96Bond       G96Angle    Proper Dih.  Improper Dih.          LJ-14
    3.55229e+03    9.65661e+01    1.31633e+02    2.14011e+00    1.18286e+04
     Coulomb-14        LJ (SR)   Coulomb (SR)   Coul. recip.      Potential
   -2.23673e+02   -2.71030e+03   -3.53437e+03    3.69567e+03    1.28386e+04
 Pressure (bar)
    0.00000e+00

           Step           Time         Lambda
           1142     1142.00000        0.00000

   Energies (kJ/mol)
        G96Bond       G96Angle    Proper Dih.  Improper Dih.          LJ-14
    3.55239e+03    9.67735e+01    1.31642e+02    2.14032e+00    1.18284e+04
     Coulomb-14        LJ (SR)   Coulomb (SR)   Coul. recip.      Potential
   -2.23782e+02   -2.71033e+03   -3.53435e+03    3.69554e+03    1.28385e+04
 Pressure (bar)
    0.00000e+00

           Step           Time         Lambda
           1143     1143.00000        0.00000

   Energies (kJ/mol)
        G96Bond       G96Angle    Proper Dih.  Improper Dih.          LJ-14
    3.55267e+03    9.65555e+01    1.31616e+02    2.14051e+00    1.18283e+04
     Coulomb-14        LJ (SR)   Coulomb (SR)   Coul. recip.      Potential
   -2.23658e+02   -2.71037e+03   -3.53435e+03    3.69548e+03    1.28384e+04
 Pressure (bar)
    0.00000e+00

           Step           Time         Lambda
           1144     1144.00000        0.00000

   Energies (kJ/mol)
        G96Bond       G96Angle    Proper Dih.  Improper Dih.          LJ-14
    3.55278e+03    9.68630e+01    1.31631e+02    2.14071e+00    1.18281e+04
     Coulomb-14        LJ (SR)   Coulomb (SR)   Coul. recip.      Potential
   -2.23814e+02   -2.71040e+03   -3.53432e+03    3.69532e+03    1.28383e+04
 Pressure (bar)
    0.00000e+00

           Step           Time         Lambda
           1145     1145.00000        0.00000

           Step           Time         Lambda
           1146     1146.00000        0.00000

   Energies (kJ/mol)
        G96Bond       G96Angle    Proper Dih.  Improper Dih.          LJ-14
    3.55268e+03    9.65915e+01    1.31613e+02    2.14085e+00    1.18280e+04
     Coulomb-14        LJ (SR)   Coulomb (SR)   Coul. recip.      Potential
   -2.23724e+02   -2.71042e+03   -3.53433e+03    3.69530e+03    1.28379e+04
 Pressure (bar)
    0.00000e+00

           Step           Time         Lambda
           1147     1147.00000        0.00000

   Energies (kJ/mol)
        G96Bond       G96Angle    Proper Dih.  Improper Dih.          LJ-14
    3.55357e+03    9.69200e+01    1.31598e+02    2.14167e+00    1.18273e+04
     Coulomb-14        LJ (SR)   Coulomb (SR)   Coul. recip.      Potential
   -2.23846e+02   -2.71057e+03   -3.53427e+03    3.69480e+03    1.28376e+04
 Pressure (bar)
    0.00000e+00

           Step           Time         Lambda
           1148     1148.00000        0.00000

   Energies (kJ/mol)
        G96Bond       G96Angle    Proper Dih.  Improper Dih.          LJ-14
    3.55343e+03    9.65401e+01    1.31573e+02    2.14177e+00    1.18272e+04
     Coulomb-14        LJ (SR)   Coulomb (SR)   Coul. recip.      Potential
   -2.23718e+02   -2.71059e+03   -3.53427e+03    3.69478e+03    1.28371e+04
 Pressure (bar)
    0.00000e+00

           Step           Time         Lambda
           1149     1149.00000        0.00000

           Step           Time         Lambda
           1150     1150.00000        0.00000

   Energies (kJ/mol)
        G96Bond       G96Angle    Proper Dih.  Improper Dih.          LJ-14
    3.55357e+03    9.67000e+01    1.31578e+02    2.14200e+00    1.18270e+04
     Coulomb-14        LJ (SR)   Coulomb (SR)   Coul. recip.      Potential
   -2.23799e+02   -2.71063e+03   -3.53425e+03    3.69465e+03    1.28370e+04
 Pressure (bar)
    0.00000e+00

           Step           Time         Lambda
           1151     1151.00000        0.00000

   Energies (kJ/mol)
        G96Bond       G96Angle    Proper Dih.  Improper Dih.          LJ-14
    3.55376e+03    9.65185e+01    1.31557e+02    2.14223e+00    1.18269e+04
     Coulomb-14        LJ (SR)   Coulomb (SR)   Coul. recip.      Potential
   -2.23707e+02   -2.71066e+03   -3.53425e+03    3.69458e+03    1.28368e+04
 Pressure (bar)
    0.00000e+00

           Step           Time         Lambda
           1152     1152.00000        0.00000

   Energies (kJ/mol)
        G96Bond       G96Angle    Proper Dih.  Improper Dih.          LJ-14
    3.55390e+03    9.67571e+01    1.31566e+02    2.14246e+00    1.18267e+04
     Coulomb-14        LJ (SR)   Coulomb (SR)   Coul. recip.      Potential
   -2.23824e+02   -2.71070e+03   -3.53423e+03    3.69443e+03    1.28367e+04
 Pressure (bar)
    0.00000e+00

           Step           Time         Lambda
           1153     1153.00000        0.00000

   Energies (kJ/mol)
        G96Bond       G96Angle    Proper Dih.  Improper Dih.          LJ-14
    3.55413e+03    9.65066e+01    1.31539e+02    2.14264e+00    1.18266e+04
     Coulomb-14        LJ (SR)   Coulomb (SR)   Coul. recip.      Potential
   -2.23691e+02   -2.71073e+03   -3.53423e+03    3.69438e+03    1.28366e+04
 Pressure (bar)
    0.00000e+00

           Step           Time         Lambda
           1154     1154.00000        0.00000

   Energies (kJ/mol)
        G96Bond       G96Angle    Proper Dih.  Improper Dih.          LJ-14
    3.55430e+03    9.68615e+01    1.31556e+02    2.14287e+00    1.18264e+04
     Coulomb-14        LJ (SR)   Coulomb (SR)   Coul. recip.      Potential
   -2.23857e+02   -2.71077e+03   -3.53421e+03    3.69422e+03    1.28366e+04
 Pressure (bar)
    0.00000e+00

           Step           Time         Lambda
           1155     1155.00000        0.00000

   Energies (kJ/mol)
        G96Bond       G96Angle    Proper Dih.  Improper Dih.          LJ-14
    3.55462e+03    9.65195e+01    1.31521e+02    2.14306e+00    1.18263e+04
     Coulomb-14        LJ (SR)   Coulomb (SR)   Coul. recip.      Potential
   -2.23663e+02   -2.71080e+03   -3.53422e+03    3.69419e+03    1.28366e+04
 Pressure (bar)
    0.00000e+00

           Step           Time         Lambda
           1156     1156.00000        0.00000

           Step           Time         Lambda
           1157     1157.00000        0.00000

   Energies (kJ/mol)
        G96Bond       G96Angle    Proper Dih.  Improper Dih.          LJ-14
    3.55426e+03    9.65827e+01    1.31533e+02    2.14319e+00    1.18261e+04
     Coulomb-14        LJ (SR)   Coulomb (SR)   Coul. recip.      Potential
   -2.23782e+02   -2.71082e+03   -3.53420e+03    3.69410e+03    1.28360e+04
 Pressure (bar)
    0.00000e+00

           Step           Time         Lambda
           1158     1158.00000        0.00000

   Energies (kJ/mol)
        G96Bond       G96Angle    Proper Dih.  Improper Dih.          LJ-14
    3.55560e+03    9.65300e+01    1.31477e+02    2.14419e+00    1.18254e+04
     Coulomb-14        LJ (SR)   Coulomb (SR)   Coul. recip.      Potential
   -2.23654e+02   -2.71099e+03   -3.53416e+03    3.69360e+03    1.28359e+04
 Pressure (bar)
    0.00000e+00

           Step           Time         Lambda
           1159     1159.00000        0.00000

   Energies (kJ/mol)
        G96Bond       G96Angle    Proper Dih.  Improper Dih.          LJ-14
    3.55508e+03    9.66337e+01    1.31495e+02    2.14437e+00    1.18252e+04
     Coulomb-14        LJ (SR)   Coulomb (SR)   Coul. recip.      Potential
   -2.23828e+02   -2.71102e+03   -3.53413e+03    3.69348e+03    1.28351e+04
 Pressure (bar)
    0.00000e+00

           Step           Time         Lambda
           1160     1160.00000        0.00000

           Step           Time         Lambda
           1161     1161.00000        0.00000

   Energies (kJ/mol)
        G96Bond       G96Angle    Proper Dih.  Improper Dih.          LJ-14
    3.55536e+03    9.64625e+01    1.31472e+02    2.14462e+00    1.18251e+04
     Coulomb-14        LJ (SR)   Coulomb (SR)   Coul. recip.      Potential
   -2.23728e+02   -2.71106e+03   -3.53413e+03    3.69340e+03    1.28350e+04
 Pressure (bar)
    0.00000e+00

           Step           Time         Lambda
           1162     1162.00000        0.00000

   Energies (kJ/mol)
        G96Bond       G96Angle    Proper Dih.  Improper Dih.          LJ-14
    3.55541e+03    9.66917e+01    1.31483e+02    2.14483e+00    1.18249e+04
     Coulomb-14        LJ (SR)   Coulomb (SR)   Coul. recip.      Potential
   -2.23853e+02   -2.71109e+03   -3.53411e+03    3.69326e+03    1.28348e+04
 Pressure (bar)
    0.00000e+00

           Step           Time         Lambda
           1163     1163.00000        0.00000

           Step           Time         Lambda
           1164     1164.00000        0.00000

   Energies (kJ/mol)
        G96Bond       G96Angle    Proper Dih.  Improper Dih.          LJ-14
    3.55540e+03    9.64966e+01    1.31468e+02    2.14494e+00    1.18248e+04
     Coulomb-14        LJ (SR)   Coulomb (SR)   Coul. recip.      Potential
   -2.23781e+02   -2.71111e+03   -3.53411e+03    3.69324e+03    1.28346e+04
 Pressure (bar)
    0.00000e+00

           Step           Time         Lambda
           1165     1165.00000        0.00000

   Energies (kJ/mol)
        G96Bond       G96Angle    Proper Dih.  Improper Dih.          LJ-14
    3.55593e+03    9.67308e+01    1.31461e+02    2.14551e+00    1.18243e+04
     Coulomb-14        LJ (SR)   Coulomb (SR)   Coul. recip.      Potential
   -2.23876e+02   -2.71121e+03   -3.53408e+03    3.69290e+03    1.28343e+04
 Pressure (bar)
    0.00000e+00

           Step           Time         Lambda
           1166     1166.00000        0.00000

   Energies (kJ/mol)
        G96Bond       G96Angle    Proper Dih.  Improper Dih.          LJ-14
    3.55590e+03    9.64584e+01    1.31440e+02    2.14563e+00    1.18243e+04
     Coulomb-14        LJ (SR)   Coulomb (SR)   Coul. recip.      Potential
   -2.23772e+02   -2.71123e+03   -3.53408e+03    3.69287e+03    1.28340e+04
 Pressure (bar)
    0.00000e+00

           Step           Time         Lambda
           1167     1167.00000        0.00000

           Step           Time         Lambda
           1168     1168.00000        0.00000

   Energies (kJ/mol)
        G96Bond       G96Angle    Proper Dih.  Improper Dih.          LJ-14
    3.55599e+03    9.65761e+01    1.31443e+02    2.14584e+00    1.18241e+04
     Coulomb-14        LJ (SR)   Coulomb (SR)   Coul. recip.      Potential
   -2.23839e+02   -2.71126e+03   -3.53406e+03    3.69276e+03    1.28339e+04
 Pressure (bar)
    0.00000e+00

           Step           Time         Lambda
           1169     1169.00000        0.00000

   Energies (kJ/mol)
        G96Bond       G96Angle    Proper Dih.  Improper Dih.          LJ-14
    3.55619e+03    9.64386e+01    1.31425e+02    2.14607e+00    1.18240e+04
     Coulomb-14        LJ (SR)   Coulomb (SR)   Coul. recip.      Potential
   -2.23766e+02   -2.71130e+03   -3.53406e+03    3.69267e+03    1.28337e+04
 Pressure (bar)
    0.00000e+00

           Step           Time         Lambda
           1170     1170.00000        0.00000

   Energies (kJ/mol)
        G96Bond       G96Angle    Proper Dih.  Improper Dih.          LJ-14
    3.55628e+03    9.66134e+01    1.31431e+02    2.14627e+00    1.18238e+04
     Coulomb-14        LJ (SR)   Coulomb (SR)   Coul. recip.      Potential
   -2.23859e+02   -2.71133e+03   -3.53404e+03    3.69254e+03    1.28336e+04
 Pressure (bar)
    0.00000e+00

           Step           Time         Lambda
           1171     1171.00000        0.00000

   Energies (kJ/mol)
        G96Bond       G96Angle    Proper Dih.  Improper Dih.          LJ-14
    3.55652e+03    9.64224e+01    1.31409e+02    2.14648e+00    1.18237e+04
     Coulomb-14        LJ (SR)   Coulomb (SR)   Coul. recip.      Potential
   -2.23753e+02   -2.71137e+03   -3.53404e+03    3.69248e+03    1.28335e+04
 Pressure (bar)
    0.00000e+00

           Step           Time         Lambda
           1172     1172.00000        0.00000

   Energies (kJ/mol)
        G96Bond       G96Angle    Proper Dih.  Improper Dih.          LJ-14
    3.55660e+03    9.66839e+01    1.31421e+02    2.14669e+00    1.18235e+04
     Coulomb-14        LJ (SR)   Coulomb (SR)   Coul. recip.      Potential
   -2.23887e+02   -2.71140e+03   -3.53402e+03    3.69234e+03    1.28334e+04
 Pressure (bar)
    0.00000e+00

           Step           Time         Lambda
           1173     1173.00000        0.00000

   Energies (kJ/mol)
        G96Bond       G96Angle    Proper Dih.  Improper Dih.          LJ-14
    3.55692e+03    9.64226e+01    1.31392e+02    2.14691e+00    1.18234e+04
     Coulomb-14        LJ (SR)   Coulomb (SR)   Coul. recip.      Potential
   -2.23732e+02   -2.71143e+03   -3.53403e+03    3.69229e+03    1.28334e+04
 Pressure (bar)
    0.00000e+00

           Step           Time         Lambda
           1174     1174.00000        0.00000

   Energies (kJ/mol)
        G96Bond       G96Angle    Proper Dih.  Improper Dih.          LJ-14
    3.55702e+03    9.68132e+01    1.31412e+02    2.14713e+00    1.18232e+04
     Coulomb-14        LJ (SR)   Coulomb (SR)   Coul. recip.      Potential
   -2.23924e+02   -2.71147e+03   -3.53400e+03    3.69212e+03    1.28333e+04
 Pressure (bar)
    0.00000e+00

           Step           Time         Lambda
           1175     1175.00000        0.00000

           Step           Time         Lambda
           1176     1176.00000        0.00000

   Energies (kJ/mol)
        G96Bond       G96Angle    Proper Dih.  Improper Dih.          LJ-14
    3.55680e+03    9.64480e+01    1.31391e+02    2.14725e+00    1.18232e+04
     Coulomb-14        LJ (SR)   Coulomb (SR)   Coul. recip.      Potential
   -2.23811e+02   -2.71149e+03   -3.53400e+03    3.69211e+03    1.28328e+04
 Pressure (bar)
    0.00000e+00

           Step           Time         Lambda
           1177     1177.00000        0.00000

   Energies (kJ/mol)
        G96Bond       G96Angle    Proper Dih.  Improper Dih.          LJ-14
    3.55779e+03    9.69065e+01    1.31382e+02    2.14819e+00    1.18225e+04
     Coulomb-14        LJ (SR)   Coulomb (SR)   Coul. recip.      Potential
   -2.23956e+02   -2.71164e+03   -3.53395e+03    3.69161e+03    1.28327e+04
 Pressure (bar)
    0.00000e+00

           Step           Time         Lambda
           1178     1178.00000        0.00000

   Energies (kJ/mol)
        G96Bond       G96Angle    Proper Dih.  Improper Dih.          LJ-14
    3.55749e+03    9.63966e+01    1.31352e+02    2.14830e+00    1.18224e+04
     Coulomb-14        LJ (SR)   Coulomb (SR)   Coul. recip.      Potential
   -2.23796e+02   -2.71166e+03   -3.53396e+03    3.69160e+03    1.28320e+04
 Pressure (bar)
    0.00000e+00

           Step           Time         Lambda
           1179     1179.00000        0.00000

           Step           Time         Lambda
           1180     1180.00000        0.00000

   Energies (kJ/mol)
        G96Bond       G96Angle    Proper Dih.  Improper Dih.          LJ-14
    3.55763e+03    9.66013e+01    1.31359e+02    2.14852e+00    1.18222e+04
     Coulomb-14        LJ (SR)   Coulomb (SR)   Coul. recip.      Potential
   -2.23895e+02   -2.71170e+03   -3.53394e+03    3.69147e+03    1.28319e+04
 Pressure (bar)
    0.00000e+00

           Step           Time         Lambda
           1181     1181.00000        0.00000

   Energies (kJ/mol)
        G96Bond       G96Angle    Proper Dih.  Improper Dih.          LJ-14
    3.55782e+03    9.63789e+01    1.31335e+02    2.14874e+00    1.18221e+04
     Coulomb-14        LJ (SR)   Coulomb (SR)   Coul. recip.      Potential
   -2.23780e+02   -2.71173e+03   -3.53394e+03    3.69141e+03    1.28318e+04
 Pressure (bar)
    0.00000e+00

           Step           Time         Lambda
           1182     1182.00000        0.00000

   Energies (kJ/mol)
        G96Bond       G96Angle    Proper Dih.  Improper Dih.          LJ-14
    3.55796e+03    9.66862e+01    1.31349e+02    2.14896e+00    1.18219e+04
     Coulomb-14        LJ (SR)   Coulomb (SR)   Coul. recip.      Potential
   -2.23924e+02   -2.71177e+03   -3.53392e+03    3.69125e+03    1.28317e+04
 Pressure (bar)
    0.00000e+00

           Step           Time         Lambda
           1183     1183.00000        0.00000

   Energies (kJ/mol)
        G96Bond       G96Angle    Proper Dih.  Improper Dih.          LJ-14
    3.55821e+03    9.63787e+01    1.31318e+02    2.14914e+00    1.18219e+04
     Coulomb-14        LJ (SR)   Coulomb (SR)   Coul. recip.      Potential
   -2.23756e+02   -2.71179e+03   -3.53392e+03    3.69122e+03    1.28317e+04
 Pressure (bar)
    0.00000e+00

           Step           Time         Lambda
           1184     1184.00000        0.00000

           Step           Time         Lambda
           1185     1185.00000        0.00000

   Energies (kJ/mol)
        G96Bond       G96Angle    Proper Dih.  Improper Dih.          LJ-14
    3.55796e+03    9.64570e+01    1.31328e+02    2.14924e+00    1.18218e+04
     Coulomb-14        LJ (SR)   Coulomb (SR)   Coul. recip.      Potential
   -2.23860e+02   -2.71182e+03   -3.53391e+03    3.69113e+03    1.28312e+04
 Pressure (bar)
    0.00000e+00

           Step           Time         Lambda
           1186     1186.00000        0.00000

   Energies (kJ/mol)
        G96Bond       G96Angle    Proper Dih.  Improper Dih.          LJ-14
    3.55898e+03    9.63747e+01    1.31280e+02    2.15028e+00    1.18211e+04
     Coulomb-14        LJ (SR)   Coulomb (SR)   Coul. recip.      Potential
   -2.23745e+02   -2.71197e+03   -3.53388e+03    3.69071e+03    1.28310e+04
 Pressure (bar)
    0.00000e+00

           Step           Time         Lambda
           1187     1187.00000        0.00000

   Energies (kJ/mol)
        G96Bond       G96Angle    Proper Dih.  Improper Dih.          LJ-14
    3.55861e+03    9.64995e+01    1.31295e+02    2.15041e+00    1.18210e+04
     Coulomb-14        LJ (SR)   Coulomb (SR)   Coul. recip.      Potential
   -2.23897e+02   -2.71200e+03   -3.53386e+03    3.69060e+03    1.28304e+04
 Pressure (bar)
    0.00000e+00

           Step           Time         Lambda
           1188     1188.00000        0.00000

           Step           Time         Lambda
           1189     1189.00000        0.00000

   Energies (kJ/mol)
        G96Bond       G96Angle    Proper Dih.  Improper Dih.          LJ-14
    3.55883e+03    9.63439e+01    1.31275e+02    2.15063e+00    1.18209e+04
     Coulomb-14        LJ (SR)   Coulomb (SR)   Coul. recip.      Potential
   -2.23810e+02   -2.71203e+03   -3.53385e+03    3.69052e+03    1.28303e+04
 Pressure (bar)
    0.00000e+00

           Step           Time         Lambda
           1190     1190.00000        0.00000

   Energies (kJ/mol)
        G96Bond       G96Angle    Proper Dih.  Improper Dih.          LJ-14
    3.55889e+03    9.65473e+01    1.31284e+02    2.15081e+00    1.18207e+04
     Coulomb-14        LJ (SR)   Coulomb (SR)   Coul. recip.      Potential
   -2.23919e+02   -2.71206e+03   -3.53384e+03    3.69039e+03    1.28302e+04
 Pressure (bar)
    0.00000e+00

           Step           Time         Lambda
           1191     1191.00000        0.00000

   Energies (kJ/mol)
        G96Bond       G96Angle    Proper Dih.  Improper Dih.          LJ-14
    3.55916e+03    9.63344e+01    1.31259e+02    2.15105e+00    1.18206e+04
     Coulomb-14        LJ (SR)   Coulomb (SR)   Coul. recip.      Potential
   -2.23794e+02   -2.71210e+03   -3.53384e+03    3.69033e+03    1.28301e+04
 Pressure (bar)
    0.00000e+00

           Step           Time         Lambda
           1192     1192.00000        0.00000

   Energies (kJ/mol)
        G96Bond       G96Angle    Proper Dih.  Improper Dih.          LJ-14
    3.55922e+03    9.66355e+01    1.31275e+02    2.15129e+00    1.18204e+04
     Coulomb-14        LJ (SR)   Coulomb (SR)   Coul. recip.      Potential
   -2.23950e+02   -2.71213e+03   -3.53381e+03    3.69018e+03    1.28300e+04
 Pressure (bar)
    0.00000e+00

           Step           Time         Lambda
           1193     1193.00000        0.00000

           Step           Time         Lambda
           1194     1194.00000        0.00000

   Energies (kJ/mol)
        G96Bond       G96Angle    Proper Dih.  Improper Dih.          LJ-14
    3.55912e+03    9.63696e+01    1.31257e+02    2.15141e+00    1.18204e+04
     Coulomb-14        LJ (SR)   Coulomb (SR)   Coul. recip.      Potential
   -2.23859e+02   -2.71215e+03   -3.53382e+03    3.69016e+03    1.28296e+04
 Pressure (bar)
    0.00000e+00

           Step           Time         Lambda
           1195     1195.00000        0.00000

   Energies (kJ/mol)
        G96Bond       G96Angle    Proper Dih.  Improper Dih.          LJ-14
    3.55981e+03    9.66984e+01    1.31248e+02    2.15221e+00    1.18198e+04
     Coulomb-14        LJ (SR)   Coulomb (SR)   Coul. recip.      Potential
   -2.23975e+02   -2.71228e+03   -3.53377e+03    3.68975e+03    1.28295e+04
 Pressure (bar)
    0.00000e+00

           Step           Time         Lambda
           1196     1196.00000        0.00000

   Energies (kJ/mol)
        G96Bond       G96Angle    Proper Dih.  Improper Dih.          LJ-14
    3.55967e+03    9.63270e+01    1.31224e+02    2.15232e+00    1.18198e+04
     Coulomb-14        LJ (SR)   Coulomb (SR)   Coul. recip.      Potential
   -2.23847e+02   -2.71230e+03   -3.53378e+03    3.68974e+03    1.28290e+04
 Pressure (bar)
    0.00000e+00

           Step           Time         Lambda
           1197     1197.00000        0.00000

           Step           Time         Lambda
           1198     1198.00000        0.00000

   Energies (kJ/mol)
        G96Bond       G96Angle    Proper Dih.  Improper Dih.          LJ-14
    3.55977e+03    9.64827e+01    1.31228e+02    2.15256e+00    1.18196e+04
     Coulomb-14        LJ (SR)   Coulomb (SR)   Coul. recip.      Potential
   -2.23927e+02   -2.71233e+03   -3.53376e+03    3.68961e+03    1.28289e+04
 Pressure (bar)
    0.00000e+00

           Step           Time         Lambda
           1199     1199.00000        0.00000

   Energies (kJ/mol)
        G96Bond       G96Angle    Proper Dih.  Improper Dih.          LJ-14
    3.55995e+03    9.63075e+01    1.31208e+02    2.15281e+00    1.18195e+04
     Coulomb-14        LJ (SR)   Coulomb (SR)   Coul. recip.      Potential
   -2.23834e+02   -2.71236e+03   -3.53377e+03    3.68954e+03    1.28287e+04
 Pressure (bar)
    0.00000e+00

           Step           Time         Lambda
           1200     1200.00000        0.00000

   Energies (kJ/mol)
        G96Bond       G96Angle    Proper Dih.  Improper Dih.          LJ-14
    3.56005e+03    9.65405e+01    1.31218e+02    2.15304e+00    1.18194e+04
     Coulomb-14        LJ (SR)   Coulomb (SR)   Coul. recip.      Potential
   -2.23950e+02   -2.71240e+03   -3.53375e+03    3.68940e+03    1.28286e+04
 Pressure (bar)
    0.00000e+00

           Step           Time         Lambda
           1201     1201.00000        0.00000

   Energies (kJ/mol)
        G96Bond       G96Angle    Proper Dih.  Improper Dih.          LJ-14
    3.56027e+03    9.62969e+01    1.31192e+02    2.15323e+00    1.18193e+04
     Coulomb-14        LJ (SR)   Coulomb (SR)   Coul. recip.      Potential
   -2.23815e+02   -2.71243e+03   -3.53375e+03    3.68936e+03    1.28286e+04
 Pressure (bar)
    0.00000e+00

           Step           Time         Lambda
           1202     1202.00000        0.00000

   Energies (kJ/mol)
        G96Bond       G96Angle    Proper Dih.  Improper Dih.          LJ-14
    3.56039e+03    9.66441e+01    1.31209e+02    2.15346e+00    1.18191e+04
     Coulomb-14        LJ (SR)   Coulomb (SR)   Coul. recip.      Potential
   -2.23981e+02   -2.71247e+03   -3.53373e+03    3.68920e+03    1.28285e+04
 Pressure (bar)
    0.00000e+00

           Step           Time         Lambda
           1203     1203.00000        0.00000

           Step           Time         Lambda
           1204     1204.00000        0.00000

   Energies (kJ/mol)
        G96Bond       G96Angle    Proper Dih.  Improper Dih.          LJ-14
    3.56022e+03    9.63377e+01    1.31190e+02    2.15354e+00    1.18191e+04
     Coulomb-14        LJ (SR)   Coulomb (SR)   Coul. recip.      Potential
   -2.23884e+02   -2.71248e+03   -3.53373e+03    3.68919e+03    1.28281e+04
 Pressure (bar)
    0.00000e+00

           Step           Time         Lambda
           1205     1205.00000        0.00000

   Energies (kJ/mol)
        G96Bond       G96Angle    Proper Dih.  Improper Dih.          LJ-14
    3.56120e+03    9.67116e+01    1.31170e+02    2.15500e+00    1.18183e+04
     Coulomb-14        LJ (SR)   Coulomb (SR)   Coul. recip.      Potential
   -2.24013e+02   -2.71269e+03   -3.53367e+03    3.68857e+03    1.28277e+04
 Pressure (bar)
    0.00000e+00

           Step           Time         Lambda
           1206     1206.00000        0.00000

   Energies (kJ/mol)
        G96Bond       G96Angle    Proper Dih.  Improper Dih.          LJ-14
    3.56097e+03    9.62828e+01    1.31143e+02    2.15512e+00    1.18182e+04
     Coulomb-14        LJ (SR)   Coulomb (SR)   Coul. recip.      Potential
   -2.23874e+02   -2.71270e+03   -3.53368e+03    3.68856e+03    1.28271e+04
 Pressure (bar)
    0.00000e+00

           Step           Time         Lambda
           1207     1207.00000        0.00000

           Step           Time         Lambda
           1208     1208.00000        0.00000

   Energies (kJ/mol)
        G96Bond       G96Angle    Proper Dih.  Improper Dih.          LJ-14
    3.56111e+03    9.64637e+01    1.31148e+02    2.15538e+00    1.18181e+04
     Coulomb-14        LJ (SR)   Coulomb (SR)   Coul. recip.      Potential
   -2.23960e+02   -2.71274e+03   -3.53366e+03    3.68842e+03    1.28270e+04
 Pressure (bar)
    0.00000e+00

           Step           Time         Lambda
           1209     1209.00000        0.00000

   Energies (kJ/mol)
        G96Bond       G96Angle    Proper Dih.  Improper Dih.          LJ-14
    3.56125e+03    9.62627e+01    1.31127e+02    2.15555e+00    1.18180e+04
     Coulomb-14        LJ (SR)   Coulomb (SR)   Coul. recip.      Potential
   -2.23860e+02   -2.71277e+03   -3.53366e+03    3.68837e+03    1.28269e+04
 Pressure (bar)
    0.00000e+00

           Step           Time         Lambda
           1210     1210.00000        0.00000

   Energies (kJ/mol)
        G96Bond       G96Angle    Proper Dih.  Improper Dih.          LJ-14
    3.56139e+03    9.65326e+01    1.31137e+02    2.15580e+00    1.18178e+04
     Coulomb-14        LJ (SR)   Coulomb (SR)   Coul. recip.      Potential
   -2.23985e+02   -2.71281e+03   -3.53364e+03    3.68822e+03    1.28268e+04
 Pressure (bar)
    0.00000e+00

           Step           Time         Lambda
           1211     1211.00000        0.00000

   Energies (kJ/mol)
        G96Bond       G96Angle    Proper Dih.  Improper Dih.          LJ-14
    3.56158e+03    9.62529e+01    1.31111e+02    2.15602e+00    1.18177e+04
     Coulomb-14        LJ (SR)   Coulomb (SR)   Coul. recip.      Potential
   -2.23840e+02   -2.71284e+03   -3.53365e+03    3.68818e+03    1.28267e+04
 Pressure (bar)
    0.00000e+00

           Step           Time         Lambda
           1212     1212.00000        0.00000

           Step           Time         Lambda
           1213     1213.00000        0.00000

   Energies (kJ/mol)
        G96Bond       G96Angle    Proper Dih.  Improper Dih.          LJ-14
    3.56140e+03    9.63416e+01    1.31119e+02    2.15615e+00    1.18176e+04
     Coulomb-14        LJ (SR)   Coulomb (SR)   Coul. recip.      Potential
   -2.23929e+02   -2.71286e+03   -3.53363e+03    3.68810e+03    1.28263e+04
 Pressure (bar)
    0.00000e+00

           Step           Time         Lambda
           1214     1214.00000        0.00000

   Energies (kJ/mol)
        G96Bond       G96Angle    Proper Dih.  Improper Dih.          LJ-14
    3.56213e+03    9.62449e+01    1.31081e+02    2.15698e+00    1.18172e+04
     Coulomb-14        LJ (SR)   Coulomb (SR)   Coul. recip.      Potential
   -2.23828e+02   -2.71298e+03   -3.53361e+03    3.68777e+03    1.28262e+04
 Pressure (bar)
    0.00000e+00

           Step           Time         Lambda
           1215     1215.00000        0.00000

   Energies (kJ/mol)
        G96Bond       G96Angle    Proper Dih.  Improper Dih.          LJ-14
    3.56188e+03    9.63792e+01    1.31093e+02    2.15713e+00    1.18171e+04
     Coulomb-14        LJ (SR)   Coulomb (SR)   Coul. recip.      Potential
   -2.23958e+02   -2.71300e+03   -3.53360e+03    3.68767e+03    1.28257e+04
 Pressure (bar)
    0.00000e+00

           Step           Time         Lambda
           1216     1216.00000        0.00000

           Step           Time         Lambda
           1217     1217.00000        0.00000

   Energies (kJ/mol)
        G96Bond       G96Angle    Proper Dih.  Improper Dih.          LJ-14
    3.56204e+03    9.62379e+01    1.31076e+02    2.15741e+00    1.18170e+04
     Coulomb-14        LJ (SR)   Coulomb (SR)   Coul. recip.      Potential
   -2.23883e+02   -2.71304e+03   -3.53359e+03    3.68760e+03    1.28256e+04
 Pressure (bar)
    0.00000e+00

           Step           Time         Lambda
           1218     1218.00000        0.00000

   Energies (kJ/mol)
        G96Bond       G96Angle    Proper Dih.  Improper Dih.          LJ-14
    3.56212e+03    9.64194e+01    1.31083e+02    2.15765e+00    1.18168e+04
     Coulomb-14        LJ (SR)   Coulomb (SR)   Coul. recip.      Potential
   -2.23977e+02   -2.71307e+03   -3.53358e+03    3.68747e+03    1.28255e+04
 Pressure (bar)
    0.00000e+00

           Step           Time         Lambda
           1219     1219.00000        0.00000

   Energies (kJ/mol)
        G96Bond       G96Angle    Proper Dih.  Improper Dih.          LJ-14
    3.56232e+03    9.62229e+01    1.31061e+02    2.15783e+00    1.18168e+04
     Coulomb-14        LJ (SR)   Coulomb (SR)   Coul. recip.      Potential
   -2.23868e+02   -2.71310e+03   -3.53358e+03    3.68741e+03    1.28254e+04
 Pressure (bar)
    0.00000e+00

           Step           Time         Lambda
           1220     1220.00000        0.00000

   Energies (kJ/mol)
        G96Bond       G96Angle    Proper Dih.  Improper Dih.          LJ-14
    3.56239e+03    9.64913e+01    1.31073e+02    2.15807e+00    1.18166e+04
     Coulomb-14        LJ (SR)   Coulomb (SR)   Coul. recip.      Potential
   -2.24002e+02   -2.71314e+03   -3.53356e+03    3.68727e+03    1.28253e+04
 Pressure (bar)
    0.00000e+00

           Step           Time         Lambda
           1221     1221.00000        0.00000

   Energies (kJ/mol)
        G96Bond       G96Angle    Proper Dih.  Improper Dih.          LJ-14
    3.56266e+03    9.62216e+01    1.31045e+02    2.15828e+00    1.18165e+04
     Coulomb-14        LJ (SR)   Coulomb (SR)   Coul. recip.      Potential
   -2.23846e+02   -2.71317e+03   -3.53357e+03    3.68723e+03    1.28253e+04
 Pressure (bar)
    0.00000e+00

           Step           Time         Lambda
           1222     1222.00000        0.00000

   Energies (kJ/mol)
        G96Bond       G96Angle    Proper Dih.  Improper Dih.          LJ-14
    3.56276e+03    9.66235e+01    1.31065e+02    2.15854e+00    1.18163e+04
     Coulomb-14        LJ (SR)   Coulomb (SR)   Coul. recip.      Potential
   -2.24037e+02   -2.71321e+03   -3.53354e+03    3.68706e+03    1.28252e+04
 Pressure (bar)
    0.00000e+00

           Step           Time         Lambda
           1223     1223.00000        0.00000

           Step           Time         Lambda
           1224     1224.00000        0.00000

   Energies (kJ/mol)
        G96Bond       G96Angle    Proper Dih.  Improper Dih.          LJ-14
    3.56252e+03    9.62534e+01    1.31044e+02    2.15866e+00    1.18163e+04
     Coulomb-14        LJ (SR)   Coulomb (SR)   Coul. recip.      Potential
   -2.23924e+02   -2.71322e+03   -3.53355e+03    3.68706e+03    1.28247e+04
 Pressure (bar)
    0.00000e+00

           Step           Time         Lambda
           1225     1225.00000        0.00000

   Energies (kJ/mol)
        G96Bond       G96Angle    Proper Dih.  Improper Dih.          LJ-14
    3.56347e+03    9.67185e+01    1.31033e+02    2.15985e+00    1.18157e+04
     Coulomb-14        LJ (SR)   Coulomb (SR)   Coul. recip.      Potential
   -2.24065e+02   -2.71339e+03   -3.53349e+03    3.68652e+03    1.28246e+04
 Pressure (bar)
    0.00000e+00

           Step           Time         Lambda
           1226     1226.00000        0.00000

   Energies (kJ/mol)
        G96Bond       G96Angle    Proper Dih.  Improper Dih.          LJ-14
    3.56314e+03    9.62027e+01    1.31004e+02    2.15995e+00    1.18157e+04
     Coulomb-14        LJ (SR)   Coulomb (SR)   Coul. recip.      Potential
   -2.23906e+02   -2.71341e+03   -3.53350e+03    3.68653e+03    1.28239e+04
 Pressure (bar)
    0.00000e+00

           Step           Time         Lambda
           1227     1227.00000        0.00000

           Step           Time         Lambda
           1228     1228.00000        0.00000

   Energies (kJ/mol)
        G96Bond       G96Angle    Proper Dih.  Improper Dih.          LJ-14
    3.56327e+03    9.64131e+01    1.31011e+02    2.16022e+00    1.18155e+04
     Coulomb-14        LJ (SR)   Coulomb (SR)   Coul. recip.      Potential
   -2.24005e+02   -2.71345e+03   -3.53349e+03    3.68639e+03    1.28238e+04
 Pressure (bar)
    0.00000e+00

           Step           Time         Lambda
           1229     1229.00000        0.00000

   Energies (kJ/mol)
        G96Bond       G96Angle    Proper Dih.  Improper Dih.          LJ-14
    3.56341e+03    9.61851e+01    1.30988e+02    2.16046e+00    1.18154e+04
     Coulomb-14        LJ (SR)   Coulomb (SR)   Coul. recip.      Potential
   -2.23888e+02   -2.71348e+03   -3.53349e+03    3.68634e+03    1.28237e+04
 Pressure (bar)
    0.00000e+00

           Step           Time         Lambda
           1230     1230.00000        0.00000

   Energies (kJ/mol)
        G96Bond       G96Angle    Proper Dih.  Improper Dih.          LJ-14
    3.56355e+03    9.64995e+01    1.31001e+02    2.16073e+00    1.18153e+04
     Coulomb-14        LJ (SR)   Coulomb (SR)   Coul. recip.      Potential
   -2.24032e+02   -2.71352e+03   -3.53347e+03    3.68619e+03    1.28236e+04
 Pressure (bar)
    0.00000e+00

           Step           Time         Lambda
           1231     1231.00000        0.00000

   Energies (kJ/mol)
        G96Bond       G96Angle    Proper Dih.  Improper Dih.          LJ-14
    3.56376e+03    9.61841e+01    1.30972e+02    2.16096e+00    1.18152e+04
     Coulomb-14        LJ (SR)   Coulomb (SR)   Coul. recip.      Potential
   -2.23863e+02   -2.71354e+03   -3.53348e+03    3.68616e+03    1.28236e+04
 Pressure (bar)
    0.00000e+00

           Step           Time         Lambda
           1232     1232.00000        0.00000

           Step           Time         Lambda
           1233     1233.00000        0.00000

   Energies (kJ/mol)
        G96Bond       G96Angle    Proper Dih.  Improper Dih.          LJ-14
    3.56351e+03    9.62692e+01    1.30982e+02    2.16109e+00    1.18151e+04
     Coulomb-14        LJ (SR)   Coulomb (SR)   Coul. recip.      Potential
   -2.23967e+02   -2.71356e+03   -3.53347e+03    3.68607e+03    1.28231e+04
 Pressure (bar)
    0.00000e+00

           Step           Time         Lambda
           1234     1234.00000        0.00000

   Energies (kJ/mol)
        G96Bond       G96Angle    Proper Dih.  Improper Dih.          LJ-14
    3.56436e+03    9.61877e+01    1.30941e+02    2.16201e+00    1.18147e+04
     Coulomb-14        LJ (SR)   Coulomb (SR)   Coul. recip.      Potential
   -2.23848e+02   -2.71370e+03   -3.53345e+03    3.68573e+03    1.28231e+04
 Pressure (bar)
    0.00000e+00

           Step           Time         Lambda
           1235     1235.00000        0.00000

   Energies (kJ/mol)
        G96Bond       G96Angle    Proper Dih.  Improper Dih.          LJ-14
    3.56399e+03    9.63195e+01    1.30955e+02    2.16217e+00    1.18146e+04
     Coulomb-14        LJ (SR)   Coulomb (SR)   Coul. recip.      Potential
   -2.23999e+02   -2.71372e+03   -3.53343e+03    3.68562e+03    1.28225e+04
 Pressure (bar)
    0.00000e+00

           Step           Time         Lambda
           1236     1236.00000        0.00000

           Step           Time         Lambda
           1237     1237.00000        0.00000

   Energies (kJ/mol)
        G96Bond       G96Angle    Proper Dih.  Improper Dih.          LJ-14
    3.56417e+03    9.61611e+01    1.30936e+02    2.16243e+00    1.18145e+04
     Coulomb-14        LJ (SR)   Coulomb (SR)   Coul. recip.      Potential
   -2.23911e+02   -2.71375e+03   -3.53343e+03    3.68554e+03    1.28223e+04
 Pressure (bar)
    0.00000e+00

           Step           Time         Lambda
           1238     1238.00000        0.00000

   Energies (kJ/mol)
        G96Bond       G96Angle    Proper Dih.  Improper Dih.          LJ-14
    3.56422e+03    9.63690e+01    1.30945e+02    2.16269e+00    1.18143e+04
     Coulomb-14        LJ (SR)   Coulomb (SR)   Coul. recip.      Potential
   -2.24019e+02   -2.71379e+03   -3.53341e+03    3.68542e+03    1.28222e+04
 Pressure (bar)
    0.00000e+00

           Step           Time         Lambda
           1239     1239.00000        0.00000

   Energies (kJ/mol)
        G96Bond       G96Angle    Proper Dih.  Improper Dih.          LJ-14
    3.56445e+03    9.61509e+01    1.30921e+02    2.16292e+00    1.18142e+04
     Coulomb-14        LJ (SR)   Coulomb (SR)   Coul. recip.      Potential
   -2.23892e+02   -2.71382e+03   -3.53342e+03    3.68537e+03    1.28222e+04
 Pressure (bar)
    0.00000e+00

           Step           Time         Lambda
           1240     1240.00000        0.00000

   Energies (kJ/mol)
        G96Bond       G96Angle    Proper Dih.  Improper Dih.          LJ-14
    3.56451e+03    9.64603e+01    1.30936e+02    2.16319e+00    1.18141e+04
     Coulomb-14        LJ (SR)   Coulomb (SR)   Coul. recip.      Potential
   -2.24047e+02   -2.71385e+03   -3.53339e+03    3.68522e+03    1.28221e+04
 Pressure (bar)
    0.00000e+00

           Step           Time         Lambda
           1241     1241.00000        0.00000

           Step           Time         Lambda
           1242     1242.00000        0.00000

   Energies (kJ/mol)
        G96Bond       G96Angle    Proper Dih.  Improper Dih.          LJ-14
    3.56439e+03    9.61905e+01    1.30919e+02    2.16334e+00    1.18141e+04
     Coulomb-14        LJ (SR)   Coulomb (SR)   Coul. recip.      Potential
   -2.23955e+02   -2.71387e+03   -3.53340e+03    3.68521e+03    1.28217e+04
 Pressure (bar)
    0.00000e+00

           Step           Time         Lambda
           1243     1243.00000        0.00000

   Energies (kJ/mol)
        G96Bond       G96Angle    Proper Dih.  Improper Dih.          LJ-14
    3.56505e+03    9.65228e+01    1.30910e+02    2.16434e+00    1.18135e+04
     Coulomb-14        LJ (SR)   Coulomb (SR)   Coul. recip.      Potential
   -2.24072e+02   -2.71402e+03   -3.53335e+03    3.68476e+03    1.28215e+04
 Pressure (bar)
    0.00000e+00

           Step           Time         Lambda
           1244     1244.00000        0.00000

   Energies (kJ/mol)
        G96Bond       G96Angle    Proper Dih.  Improper Dih.          LJ-14
    3.56488e+03    9.61461e+01    1.30886e+02    2.16451e+00    1.18135e+04
     Coulomb-14        LJ (SR)   Coulomb (SR)   Coul. recip.      Potential
   -2.23941e+02   -2.71403e+03   -3.53336e+03    3.68475e+03    1.28210e+04
 Pressure (bar)
    0.00000e+00

           Step           Time         Lambda
           1245     1245.00000        0.00000

           Step           Time         Lambda
           1246     1246.00000        0.00000

   Energies (kJ/mol)
        G96Bond       G96Angle    Proper Dih.  Improper Dih.          LJ-14
    3.56497e+03    9.63079e+01    1.30890e+02    2.16475e+00    1.18134e+04
     Coulomb-14        LJ (SR)   Coulomb (SR)   Coul. recip.      Potential
   -2.24022e+02   -2.71407e+03   -3.53335e+03    3.68462e+03    1.28209e+04
 Pressure (bar)
    0.00000e+00

           Step           Time         Lambda
           1247     1247.00000        0.00000

   Energies (kJ/mol)
        G96Bond       G96Angle    Proper Dih.  Improper Dih.          LJ-14
    3.56511e+03    9.61288e+01    1.30871e+02    2.16500e+00    1.18133e+04
     Coulomb-14        LJ (SR)   Coulomb (SR)   Coul. recip.      Potential
   -2.23928e+02   -2.71410e+03   -3.53335e+03    3.68456e+03    1.28208e+04
 Pressure (bar)
    0.00000e+00

           Step           Time         Lambda
           1248     1248.00000        0.00000

   Energies (kJ/mol)
        G96Bond       G96Angle    Proper Dih.  Improper Dih.          LJ-14
    3.56521e+03    9.63679e+01    1.30881e+02    2.16524e+00    1.18132e+04
     Coulomb-14        LJ (SR)   Coulomb (SR)   Coul. recip.      Potential
   -2.24044e+02   -2.71414e+03   -3.53333e+03    3.68443e+03    1.28207e+04
 Pressure (bar)
    0.00000e+00

           Step           Time         Lambda
           1249     1249.00000        0.00000

   Energies (kJ/mol)
        G96Bond       G96Angle    Proper Dih.  Improper Dih.          LJ-14
    3.56540e+03    9.61178e+01    1.30856e+02    2.16551e+00    1.18131e+04
     Coulomb-14        LJ (SR)   Coulomb (SR)   Coul. recip.      Potential
   -2.23908e+02   -2.71416e+03   -3.53334e+03    3.68439e+03    1.28206e+04
 Pressure (bar)
    0.00000e+00

           Step           Time         Lambda
           1250     1250.00000        0.00000

   Energies (kJ/mol)
        G96Bond       G96Angle    Proper Dih.  Improper Dih.          LJ-14
    3.56551e+03    9.64752e+01    1.30872e+02    2.16576e+00    1.18129e+04
     Coulomb-14        LJ (SR)   Coulomb (SR)   Coul. recip.      Potential
   -2.24073e+02   -2.71420e+03   -3.53332e+03    3.68424e+03    1.28206e+04
 Pressure (bar)
    0.00000e+00

           Step           Time         Lambda
           1251     1251.00000        0.00000

   Energies (kJ/mol)
        G96Bond       G96Angle    Proper Dih.  Improper Dih.          LJ-14
    3.56578e+03    9.61330e+01    1.30840e+02    2.16595e+00    1.18129e+04
     Coulomb-14        LJ (SR)   Coulomb (SR)   Coul. recip.      Potential
   -2.23878e+02   -2.71423e+03   -3.53333e+03    3.68422e+03    1.28206e+04
 Pressure (bar)
    0.00000e+00

           Step           Time         Lambda
           1252     1252.00000        0.00000

           Step           Time         Lambda
           1253     1253.00000        0.00000

   Energies (kJ/mol)
        G96Bond       G96Angle    Proper Dih.  Improper Dih.          LJ-14
    3.56540e+03    9.62005e+01    1.30851e+02    2.16609e+00    1.18128e+04
     Coulomb-14        LJ (SR)   Coulomb (SR)   Coul. recip.      Potential
   -2.23997e+02   -2.71425e+03   -3.53331e+03    3.68413e+03    1.28200e+04
 Pressure (bar)
    0.00000e+00

           Step           Time         Lambda
           1254     1254.00000        0.00000

           Step           Time         Lambda
           1255     1255.00000        0.00000

   Energies (kJ/mol)
        G96Bond       G96Angle    Proper Dih.  Improper Dih.          LJ-14
    3.56578e+03    9.61006e+01    1.30826e+02    2.16678e+00    1.18126e+04
     Coulomb-14        LJ (SR)   Coulomb (SR)   Coul. recip.      Potential
   -2.23928e+02   -2.71433e+03   -3.53330e+03    3.68391e+03    1.28198e+04
 Pressure (bar)
    0.00000e+00

           Step           Time         Lambda
           1256     1256.00000        0.00000

   Energies (kJ/mol)
        G96Bond       G96Angle    Proper Dih.  Improper Dih.          LJ-14
    3.56570e+03    9.62263e+01    1.30833e+02    2.16693e+00    1.18125e+04
     Coulomb-14        LJ (SR)   Coulomb (SR)   Coul. recip.      Potential
   -2.24015e+02   -2.71436e+03   -3.53329e+03    3.68381e+03    1.28195e+04
 Pressure (bar)
    0.00000e+00

           Step           Time         Lambda
           1257     1257.00000        0.00000

   Energies (kJ/mol)
        G96Bond       G96Angle    Proper Dih.  Improper Dih.          LJ-14
    3.56607e+03    9.60959e+01    1.30809e+02    2.16736e+00    1.18123e+04
     Coulomb-14        LJ (SR)   Coulomb (SR)   Coul. recip.      Potential
   -2.23914e+02   -2.71441e+03   -3.53329e+03    3.68368e+03    1.28195e+04
 Pressure (bar)
    0.00000e+00

           Step           Time         Lambda
           1258     1258.00000        0.00000

   Energies (kJ/mol)
        G96Bond       G96Angle    Proper Dih.  Improper Dih.          LJ-14
    3.56595e+03    9.62784e+01    1.30821e+02    2.16756e+00    1.18122e+04
     Coulomb-14        LJ (SR)   Coulomb (SR)   Coul. recip.      Potential
   -2.24039e+02   -2.71444e+03   -3.53327e+03    3.68358e+03    1.28192e+04
 Pressure (bar)
    0.00000e+00

           Step           Time         Lambda
           1259     1259.00000        0.00000

           Step           Time         Lambda
           1260     1260.00000        0.00000

   Energies (kJ/mol)
        G96Bond       G96Angle    Proper Dih.  Improper Dih.          LJ-14
    3.56600e+03    9.61132e+01    1.30806e+02    2.16771e+00    1.18121e+04
     Coulomb-14        LJ (SR)   Coulomb (SR)   Coul. recip.      Potential
   -2.23967e+02   -2.71446e+03   -3.53327e+03    3.68354e+03    1.28191e+04
 Pressure (bar)
    0.00000e+00

           Step           Time         Lambda
           1261     1261.00000        0.00000

   Energies (kJ/mol)
        G96Bond       G96Angle    Proper Dih.  Improper Dih.          LJ-14
    3.56618e+03    9.63225e+01    1.30810e+02    2.16810e+00    1.18120e+04
     Coulomb-14        LJ (SR)   Coulomb (SR)   Coul. recip.      Potential
   -2.24056e+02   -2.71451e+03   -3.53325e+03    3.68337e+03    1.28190e+04
 Pressure (bar)
    0.00000e+00

           Step           Time         Lambda
           1262     1262.00000        0.00000

   Energies (kJ/mol)
        G96Bond       G96Angle    Proper Dih.  Improper Dih.          LJ-14
    3.56624e+03    9.60914e+01    1.30790e+02    2.16830e+00    1.18119e+04
     Coulomb-14        LJ (SR)   Coulomb (SR)   Coul. recip.      Potential
   -2.23952e+02   -2.71453e+03   -3.53326e+03    3.68334e+03    1.28188e+04
 Pressure (bar)
    0.00000e+00

           Step           Time         Lambda
           1263     1263.00000        0.00000

           Step           Time         Lambda
           1264     1264.00000        0.00000

   Energies (kJ/mol)
        G96Bond       G96Angle    Proper Dih.  Improper Dih.          LJ-14
    3.56621e+03    9.61878e+01    1.30795e+02    2.16844e+00    1.18118e+04
     Coulomb-14        LJ (SR)   Coulomb (SR)   Coul. recip.      Potential
   -2.24017e+02   -2.71456e+03   -3.53325e+03    3.68326e+03    1.28186e+04
 Pressure (bar)
    0.00000e+00

           Step           Time         Lambda
           1265     1265.00000        0.00000

   Energies (kJ/mol)
        G96Bond       G96Angle    Proper Dih.  Improper Dih.          LJ-14
    3.56651e+03    9.60780e+01    1.30773e+02    2.16893e+00    1.18117e+04
     Coulomb-14        LJ (SR)   Coulomb (SR)   Coul. recip.      Potential
   -2.23942e+02   -2.71462e+03   -3.53324e+03    3.68311e+03    1.28185e+04
 Pressure (bar)
    0.00000e+00

           Step           Time         Lambda
           1266     1266.00000        0.00000

   Energies (kJ/mol)
        G96Bond       G96Angle    Proper Dih.  Improper Dih.          LJ-14
    3.56645e+03    9.62202e+01    1.30781e+02    2.16914e+00    1.18116e+04
     Coulomb-14        LJ (SR)   Coulomb (SR)   Coul. recip.      Potential
   -2.24035e+02   -2.71464e+03   -3.53323e+03    3.68301e+03    1.28183e+04
 Pressure (bar)
    0.00000e+00

           Step           Time         Lambda
           1267     1267.00000        0.00000

           Step           Time         Lambda
           1268     1268.00000        0.00000

   Energies (kJ/mol)
        G96Bond       G96Angle    Proper Dih.  Improper Dih.          LJ-14
    3.56652e+03    9.61018e+01    1.30769e+02    2.16933e+00    1.18115e+04
     Coulomb-14        LJ (SR)   Coulomb (SR)   Coul. recip.      Potential
   -2.23980e+02   -2.71466e+03   -3.53323e+03    3.68296e+03    1.28181e+04
 Pressure (bar)
    0.00000e+00

           Step           Time         Lambda
           1269     1269.00000        0.00000

   Energies (kJ/mol)
        G96Bond       G96Angle    Proper Dih.  Improper Dih.          LJ-14
    3.56665e+03    9.62471e+01    1.30770e+02    2.16967e+00    1.18113e+04
     Coulomb-14        LJ (SR)   Coulomb (SR)   Coul. recip.      Potential
   -2.24048e+02   -2.71471e+03   -3.53321e+03    3.68282e+03    1.28180e+04
 Pressure (bar)
    0.00000e+00

           Step           Time         Lambda
           1270     1270.00000        0.00000

   Energies (kJ/mol)
        G96Bond       G96Angle    Proper Dih.  Improper Dih.          LJ-14
    3.56673e+03    9.60816e+01    1.30755e+02    2.16983e+00    1.18113e+04
     Coulomb-14        LJ (SR)   Coulomb (SR)   Coul. recip.      Potential
   -2.23969e+02   -2.71474e+03   -3.53322e+03    3.68277e+03    1.28179e+04
 Pressure (bar)
    0.00000e+00

           Step           Time         Lambda
           1271     1271.00000        0.00000

   Energies (kJ/mol)
        G96Bond       G96Angle    Proper Dih.  Improper Dih.          LJ-14
    3.56686e+03    9.62945e+01    1.30760e+02    2.17015e+00    1.18111e+04
     Coulomb-14        LJ (SR)   Coulomb (SR)   Coul. recip.      Potential
   -2.24066e+02   -2.71478e+03   -3.53320e+03    3.68262e+03    1.28178e+04
 Pressure (bar)
    0.00000e+00

           Step           Time         Lambda
           1272     1272.00000        0.00000

   Energies (kJ/mol)
        G96Bond       G96Angle    Proper Dih.  Improper Dih.          LJ-14
    3.56697e+03    9.60630e+01    1.30739e+02    2.17038e+00    1.18111e+04
     Coulomb-14        LJ (SR)   Coulomb (SR)   Coul. recip.      Potential
   -2.23953e+02   -2.71480e+03   -3.53320e+03    3.68258e+03    1.28177e+04
 Pressure (bar)
    0.00000e+00

           Step           Time         Lambda
           1273     1273.00000        0.00000

           Step           Time         Lambda
           1274     1274.00000        0.00000

   Energies (kJ/mol)
        G96Bond       G96Angle    Proper Dih.  Improper Dih.          LJ-14
    3.56689e+03    9.61543e+01    1.30745e+02    2.17052e+00    1.18110e+04
     Coulomb-14        LJ (SR)   Coulomb (SR)   Coul. recip.      Potential
   -2.24022e+02   -2.71482e+03   -3.53319e+03    3.68250e+03    1.28174e+04
 Pressure (bar)
    0.00000e+00

           Step           Time         Lambda
           1275     1275.00000        0.00000

   Energies (kJ/mol)
        G96Bond       G96Angle    Proper Dih.  Improper Dih.          LJ-14
    3.56730e+03    9.60508e+01    1.30718e+02    2.17118e+00    1.18108e+04
     Coulomb-14        LJ (SR)   Coulomb (SR)   Coul. recip.      Potential
   -2.23941e+02   -2.71491e+03   -3.53319e+03    3.68229e+03    1.28173e+04
 Pressure (bar)
    0.00000e+00

           Step           Time         Lambda
           1276     1276.00000        0.00000

   Energies (kJ/mol)
        G96Bond       G96Angle    Proper Dih.  Improper Dih.          LJ-14
    3.56718e+03    9.61863e+01    1.30727e+02    2.17134e+00    1.18107e+04
     Coulomb-14        LJ (SR)   Coulomb (SR)   Coul. recip.      Potential
   -2.24042e+02   -2.71493e+03   -3.53317e+03    3.68220e+03    1.28170e+04
 Pressure (bar)
    0.00000e+00

           Step           Time         Lambda
           1277     1277.00000        0.00000

           Step           Time         Lambda
           1278     1278.00000        0.00000

   Energies (kJ/mol)
        G96Bond       G96Angle    Proper Dih.  Improper Dih.          LJ-14
    3.56727e+03    9.60683e+01    1.30714e+02    2.17157e+00    1.18106e+04
     Coulomb-14        LJ (SR)   Coulomb (SR)   Coul. recip.      Potential
   -2.23984e+02   -2.71496e+03   -3.53317e+03    3.68214e+03    1.28169e+04
 Pressure (bar)
    0.00000e+00

           Step           Time         Lambda
           1279     1279.00000        0.00000

   Energies (kJ/mol)
        G96Bond       G96Angle    Proper Dih.  Improper Dih.          LJ-14
    3.56736e+03    9.62157e+01    1.30717e+02    2.17186e+00    1.18105e+04
     Coulomb-14        LJ (SR)   Coulomb (SR)   Coul. recip.      Potential
   -2.24056e+02   -2.71500e+03   -3.53316e+03    3.68201e+03    1.28167e+04
 Pressure (bar)
    0.00000e+00

           Step           Time         Lambda
           1280     1280.00000        0.00000

   Energies (kJ/mol)
        G96Bond       G96Angle    Proper Dih.  Improper Dih.          LJ-14
    3.56747e+03    9.60504e+01    1.30701e+02    2.17212e+00    1.18104e+04
     Coulomb-14        LJ (SR)   Coulomb (SR)   Coul. recip.      Potential
   -2.23972e+02   -2.71502e+03   -3.53316e+03    3.68196e+03    1.28166e+04
 Pressure (bar)
    0.00000e+00

           Step           Time         Lambda
           1281     1281.00000        0.00000

   Energies (kJ/mol)
        G96Bond       G96Angle    Proper Dih.  Improper Dih.          LJ-14
    3.56756e+03    9.62672e+01    1.30708e+02    2.17239e+00    1.18103e+04
     Coulomb-14        LJ (SR)   Coulomb (SR)   Coul. recip.      Potential
   -2.24075e+02   -2.71506e+03   -3.53314e+03    3.68183e+03    1.28165e+04
 Pressure (bar)
    0.00000e+00

           Step           Time         Lambda
           1282     1282.00000        0.00000

   Energies (kJ/mol)
        G96Bond       G96Angle    Proper Dih.  Improper Dih.          LJ-14
    3.56771e+03    9.60377e+01    1.30687e+02    2.17258e+00    1.18102e+04
     Coulomb-14        LJ (SR)   Coulomb (SR)   Coul. recip.      Potential
   -2.23953e+02   -2.71509e+03   -3.53315e+03    3.68179e+03    1.28164e+04
 Pressure (bar)
    0.00000e+00

           Step           Time         Lambda
           1283     1283.00000        0.00000

   Energies (kJ/mol)
        G96Bond       G96Angle    Proper Dih.  Improper Dih.          LJ-14
    3.56782e+03    9.63584e+01    1.30701e+02    2.17287e+00    1.18101e+04
     Coulomb-14        LJ (SR)   Coulomb (SR)   Coul. recip.      Potential
   -2.24102e+02   -2.71513e+03   -3.53313e+03    3.68164e+03    1.28164e+04
 Pressure (bar)
    0.00000e+00

           Step           Time         Lambda
           1284     1284.00000        0.00000

   Energies (kJ/mol)
        G96Bond       G96Angle    Proper Dih.  Improper Dih.          LJ-14
    3.56804e+03    9.60409e+01    1.30672e+02    2.17311e+00    1.18100e+04
     Coulomb-14        LJ (SR)   Coulomb (SR)   Coul. recip.      Potential
   -2.23925e+02   -2.71515e+03   -3.53314e+03    3.68162e+03    1.28164e+04
 Pressure (bar)
    0.00000e+00

           Step           Time         Lambda
           1285     1285.00000        0.00000

           Step           Time         Lambda
           1286     1286.00000        0.00000

   Energies (kJ/mol)
        G96Bond       G96Angle    Proper Dih.  Improper Dih.          LJ-14
    3.56774e+03    9.61205e+01    1.30682e+02    2.17323e+00    1.18100e+04
     Coulomb-14        LJ (SR)   Coulomb (SR)   Coul. recip.      Potential
   -2.24032e+02   -2.71517e+03   -3.53313e+03    3.68153e+03    1.28159e+04
 Pressure (bar)
    0.00000e+00

           Step           Time         Lambda
           1287     1287.00000        0.00000

   Energies (kJ/mol)
        G96Bond       G96Angle    Proper Dih.  Improper Dih.          LJ-14
    3.56860e+03    9.60493e+01    1.30639e+02    2.17445e+00    1.18096e+04
     Coulomb-14        LJ (SR)   Coulomb (SR)   Coul. recip.      Potential
   -2.23906e+02   -2.71532e+03   -3.53311e+03    3.68115e+03    1.28158e+04
 Pressure (bar)
    0.00000e+00

           Step           Time         Lambda
           1288     1288.00000        0.00000

   Energies (kJ/mol)
        G96Bond       G96Angle    Proper Dih.  Improper Dih.          LJ-14
    3.56818e+03    9.61756e+01    1.30654e+02    2.17463e+00    1.18094e+04
     Coulomb-14        LJ (SR)   Coulomb (SR)   Coul. recip.      Potential
   -2.24062e+02   -2.71535e+03   -3.53309e+03    3.68104e+03    1.28152e+04
 Pressure (bar)
    0.00000e+00

           Step           Time         Lambda
           1289     1289.00000        0.00000

           Step           Time         Lambda
           1290     1290.00000        0.00000

   Energies (kJ/mol)
        G96Bond       G96Angle    Proper Dih.  Improper Dih.          LJ-14
    3.56836e+03    9.60161e+01    1.30635e+02    2.17490e+00    1.18094e+04
     Coulomb-14        LJ (SR)   Coulomb (SR)   Coul. recip.      Potential
   -2.23971e+02   -2.71538e+03   -3.53309e+03    3.68097e+03    1.28151e+04
 Pressure (bar)
    0.00000e+00

           Step           Time         Lambda
           1291     1291.00000        0.00000

   Energies (kJ/mol)
        G96Bond       G96Angle    Proper Dih.  Improper Dih.          LJ-14
    3.56839e+03    9.62277e+01    1.30645e+02    2.17516e+00    1.18092e+04
     Coulomb-14        LJ (SR)   Coulomb (SR)   Coul. recip.      Potential
   -2.24082e+02   -2.71541e+03   -3.53308e+03    3.68085e+03    1.28150e+04
 Pressure (bar)
    0.00000e+00

           Step           Time         Lambda
           1292     1292.00000        0.00000

   Energies (kJ/mol)
        G96Bond       G96Angle    Proper Dih.  Improper Dih.          LJ-14
    3.56862e+03    9.60090e+01    1.30622e+02    2.17545e+00    1.18092e+04
     Coulomb-14        LJ (SR)   Coulomb (SR)   Coul. recip.      Potential
   -2.23950e+02   -2.71544e+03   -3.53308e+03    3.68080e+03    1.28150e+04
 Pressure (bar)
    0.00000e+00

           Step           Time         Lambda
           1293     1293.00000        0.00000

   Energies (kJ/mol)
        G96Bond       G96Angle    Proper Dih.  Improper Dih.          LJ-14
    3.56864e+03    9.63237e+01    1.30637e+02    2.17566e+00    1.18091e+04
     Coulomb-14        LJ (SR)   Coulomb (SR)   Coul. recip.      Potential
   -2.24111e+02   -2.71548e+03   -3.53306e+03    3.68067e+03    1.28149e+04
 Pressure (bar)
    0.00000e+00

           Step           Time         Lambda
           1294     1294.00000        0.00000

           Step           Time         Lambda
           1295     1295.00000        0.00000

   Energies (kJ/mol)
        G96Bond       G96Angle    Proper Dih.  Improper Dih.          LJ-14
    3.56851e+03    9.60458e+01    1.30621e+02    2.17579e+00    1.18090e+04
     Coulomb-14        LJ (SR)   Coulomb (SR)   Coul. recip.      Potential
   -2.24016e+02   -2.71549e+03   -3.53307e+03    3.68065e+03    1.28145e+04
 Pressure (bar)
    0.00000e+00

           Step           Time         Lambda
           1296     1296.00000        0.00000

   Energies (kJ/mol)
        G96Bond       G96Angle    Proper Dih.  Improper Dih.          LJ-14
    3.56906e+03    9.63973e+01    1.30616e+02    2.17686e+00    1.18087e+04
     Coulomb-14        LJ (SR)   Coulomb (SR)   Coul. recip.      Potential
   -2.24131e+02   -2.71562e+03   -3.53303e+03    3.68027e+03    1.28144e+04
 Pressure (bar)
    0.00000e+00

           Step           Time         Lambda
           1297     1297.00000        0.00000

   Energies (kJ/mol)
        G96Bond       G96Angle    Proper Dih.  Improper Dih.          LJ-14
    3.56888e+03    9.60090e+01    1.30593e+02    2.17701e+00    1.18087e+04
     Coulomb-14        LJ (SR)   Coulomb (SR)   Coul. recip.      Potential
   -2.23996e+02   -2.71563e+03   -3.53305e+03    3.68026e+03    1.28139e+04
 Pressure (bar)
    0.00000e+00

           Step           Time         Lambda
           1298     1298.00000        0.00000

           Step           Time         Lambda
           1299     1299.00000        0.00000

   Energies (kJ/mol)
        G96Bond       G96Angle    Proper Dih.  Improper Dih.          LJ-14
    3.56894e+03    9.61735e+01    1.30598e+02    2.17729e+00    1.18085e+04
     Coulomb-14        LJ (SR)   Coulomb (SR)   Coul. recip.      Potential
   -2.24078e+02   -2.71567e+03   -3.53303e+03    3.68014e+03    1.28138e+04
 Pressure (bar)
    0.00000e+00

           Step           Time         Lambda
           1300     1300.00000        0.00000

   Energies (kJ/mol)
        G96Bond       G96Angle    Proper Dih.  Improper Dih.          LJ-14
    3.56909e+03    9.59936e+01    1.30579e+02    2.17753e+00    1.18085e+04
     Coulomb-14        LJ (SR)   Coulomb (SR)   Coul. recip.      Potential
   -2.23981e+02   -2.71570e+03   -3.53304e+03    3.68009e+03    1.28137e+04
 Pressure (bar)
    0.00000e+00

           Step           Time         Lambda
           1301     1301.00000        0.00000

   Energies (kJ/mol)
        G96Bond       G96Angle    Proper Dih.  Improper Dih.          LJ-14
    3.56915e+03    9.62377e+01    1.30589e+02    2.17780e+00    1.18084e+04
     Coulomb-14        LJ (SR)   Coulomb (SR)   Coul. recip.      Potential
   -2.24101e+02   -2.71573e+03   -3.53302e+03    3.67996e+03    1.28136e+04
 Pressure (bar)
    0.00000e+00

           Step           Time         Lambda
           1302     1302.00000        0.00000

   Energies (kJ/mol)
        G96Bond       G96Angle    Proper Dih.  Improper Dih.          LJ-14
    3.56934e+03    9.59867e+01    1.30565e+02    2.17808e+00    1.18083e+04
     Coulomb-14        LJ (SR)   Coulomb (SR)   Coul. recip.      Potential
   -2.23959e+02   -2.71576e+03   -3.53303e+03    3.67993e+03    1.28136e+04
 Pressure (bar)
    0.00000e+00

           Step           Time         Lambda
           1303     1303.00000        0.00000

   Energies (kJ/mol)
        G96Bond       G96Angle    Proper Dih.  Improper Dih.          LJ-14
    3.56943e+03    9.63505e+01    1.30582e+02    2.17832e+00    1.18082e+04
     Coulomb-14        LJ (SR)   Coulomb (SR)   Coul. recip.      Potential
   -2.24130e+02   -2.71580e+03   -3.53300e+03    3.67978e+03    1.28136e+04
 Pressure (bar)
    0.00000e+00

           Step           Time         Lambda
           1304     1304.00000        0.00000

           Step           Time         Lambda
           1305     1305.00000        0.00000

   Energies (kJ/mol)
        G96Bond       G96Angle    Proper Dih.  Improper Dih.          LJ-14
    3.56922e+03    9.60296e+01    1.30565e+02    2.17845e+00    1.18082e+04
     Coulomb-14        LJ (SR)   Coulomb (SR)   Coul. recip.      Potential
   -2.24028e+02   -2.71581e+03   -3.53301e+03    3.67977e+03    1.28131e+04
 Pressure (bar)
    0.00000e+00

           Step           Time         Lambda
           1306     1306.00000        0.00000

   Energies (kJ/mol)
        G96Bond       G96Angle    Proper Dih.  Improper Dih.          LJ-14
    3.57001e+03    9.64327e+01    1.30549e+02    2.17998e+00    1.18076e+04
     Coulomb-14        LJ (SR)   Coulomb (SR)   Coul. recip.      Potential
   -2.24155e+02   -2.71600e+03   -3.53296e+03    3.67920e+03    1.28128e+04
 Pressure (bar)
    0.00000e+00

           Step           Time         Lambda
           1307     1307.00000        0.00000

   Energies (kJ/mol)
        G96Bond       G96Angle    Proper Dih.  Improper Dih.          LJ-14
    3.56973e+03    9.59839e+01    1.30524e+02    2.18015e+00    1.18076e+04
     Coulomb-14        LJ (SR)   Coulomb (SR)   Coul. recip.      Potential
   -2.24009e+02   -2.71602e+03   -3.53298e+03    3.67920e+03    1.28122e+04
 Pressure (bar)
    0.00000e+00

           Step           Time         Lambda
           1308     1308.00000        0.00000

           Step           Time         Lambda
           1309     1309.00000        0.00000

   Energies (kJ/mol)
        G96Bond       G96Angle    Proper Dih.  Improper Dih.          LJ-14
    3.56983e+03    9.61738e+01    1.30530e+02    2.18049e+00    1.18075e+04
     Coulomb-14        LJ (SR)   Coulomb (SR)   Coul. recip.      Potential
   -2.24097e+02   -2.71606e+03   -3.53296e+03    3.67907e+03    1.28121e+04
 Pressure (bar)
    0.00000e+00

           Step           Time         Lambda
           1310     1310.00000        0.00000

   Energies (kJ/mol)
        G96Bond       G96Angle    Proper Dih.  Improper Dih.          LJ-14
    3.56994e+03    9.59654e+01    1.30511e+02    2.18071e+00    1.18074e+04
     Coulomb-14        LJ (SR)   Coulomb (SR)   Coul. recip.      Potential
   -2.23993e+02   -2.71608e+03   -3.53297e+03    3.67903e+03    1.28120e+04
 Pressure (bar)
    0.00000e+00

           Step           Time         Lambda
           1311     1311.00000        0.00000

   Energies (kJ/mol)
        G96Bond       G96Angle    Proper Dih.  Improper Dih.          LJ-14
    3.57005e+03    9.62483e+01    1.30523e+02    2.18100e+00    1.18073e+04
     Coulomb-14        LJ (SR)   Coulomb (SR)   Coul. recip.      Potential
   -2.24122e+02   -2.71612e+03   -3.53295e+03    3.67889e+03    1.28120e+04
 Pressure (bar)
    0.00000e+00

           Step           Time         Lambda
           1312     1312.00000        0.00000

   Energies (kJ/mol)
        G96Bond       G96Angle    Proper Dih.  Improper Dih.          LJ-14
    3.57020e+03    9.59586e+01    1.30498e+02    2.18126e+00    1.18073e+04
     Coulomb-14        LJ (SR)   Coulomb (SR)   Coul. recip.      Potential
   -2.23969e+02   -2.71615e+03   -3.53296e+03    3.67886e+03    1.28119e+04
 Pressure (bar)
    0.00000e+00

           Step           Time         Lambda
           1313     1313.00000        0.00000

           Step           Time         Lambda
           1314     1314.00000        0.00000

   Energies (kJ/mol)
        G96Bond       G96Angle    Proper Dih.  Improper Dih.          LJ-14
    3.57000e+03    9.60498e+01    1.30506e+02    2.18143e+00    1.18072e+04
     Coulomb-14        LJ (SR)   Coulomb (SR)   Coul. recip.      Potential
   -2.24060e+02   -2.71617e+03   -3.53295e+03    3.67878e+03    1.28115e+04
 Pressure (bar)
    0.00000e+00

           Step           Time         Lambda
           1315     1315.00000        0.00000

   Energies (kJ/mol)
        G96Bond       G96Angle    Proper Dih.  Improper Dih.          LJ-14
    3.57060e+03    9.59576e+01    1.30472e+02    2.18239e+00    1.18069e+04
     Coulomb-14        LJ (SR)   Coulomb (SR)   Coul. recip.      Potential
   -2.23951e+02   -2.71628e+03   -3.53294e+03    3.67850e+03    1.28115e+04
 Pressure (bar)
    0.00000e+00

           Step           Time         Lambda
           1316     1316.00000        0.00000

   Energies (kJ/mol)
        G96Bond       G96Angle    Proper Dih.  Improper Dih.          LJ-14
    3.57032e+03    9.60984e+01    1.30484e+02    2.18260e+00    1.18068e+04
     Coulomb-14        LJ (SR)   Coulomb (SR)   Coul. recip.      Potential
   -2.24086e+02   -2.71630e+03   -3.53292e+03    3.67840e+03    1.28110e+04
 Pressure (bar)
    0.00000e+00

           Step           Time         Lambda
           1317     1317.00000        0.00000

           Step           Time         Lambda
           1318     1318.00000        0.00000

   Energies (kJ/mol)
        G96Bond       G96Angle    Proper Dih.  Improper Dih.          LJ-14
    3.57044e+03    9.59522e+01    1.30468e+02    2.18287e+00    1.18068e+04
     Coulomb-14        LJ (SR)   Coulomb (SR)   Coul. recip.      Potential
   -2.24007e+02   -2.71633e+03   -3.53293e+03    3.67833e+03    1.28109e+04
 Pressure (bar)
    0.00000e+00

           Step           Time         Lambda
           1319     1319.00000        0.00000

   Energies (kJ/mol)
        G96Bond       G96Angle    Proper Dih.  Improper Dih.          LJ-14
    3.57049e+03    9.61430e+01    1.30475e+02    2.18315e+00    1.18066e+04
     Coulomb-14        LJ (SR)   Coulomb (SR)   Coul. recip.      Potential
   -2.24103e+02   -2.71637e+03   -3.53291e+03    3.67821e+03    1.28108e+04
 Pressure (bar)
    0.00000e+00

           Step           Time         Lambda
           1320     1320.00000        0.00000

   Energies (kJ/mol)
        G96Bond       G96Angle    Proper Dih.  Improper Dih.          LJ-14
    3.57065e+03    9.59404e+01    1.30455e+02    2.18344e+00    1.18066e+04
     Coulomb-14        LJ (SR)   Coulomb (SR)   Coul. recip.      Potential
   -2.23989e+02   -2.71640e+03   -3.53292e+03    3.67817e+03    1.28107e+04
 Pressure (bar)
    0.00000e+00

           Step           Time         Lambda
           1321     1321.00000        0.00000

   Energies (kJ/mol)
        G96Bond       G96Angle    Proper Dih.  Improper Dih.          LJ-14
    3.57070e+03    9.62220e+01    1.30468e+02    2.18372e+00    1.18065e+04
     Coulomb-14        LJ (SR)   Coulomb (SR)   Coul. recip.      Potential
   -2.24127e+02   -2.71643e+03   -3.53290e+03    3.67804e+03    1.28106e+04
 Pressure (bar)
    0.00000e+00

           Step           Time         Lambda
           1322     1322.00000        0.00000

           Step           Time         Lambda
           1323     1323.00000        0.00000

   Energies (kJ/mol)
        G96Bond       G96Angle    Proper Dih.  Improper Dih.          LJ-14
    3.57060e+03    9.59856e+01    1.30454e+02    2.18384e+00    1.18065e+04
     Coulomb-14        LJ (SR)   Coulomb (SR)   Coul. recip.      Potential
   -2.24044e+02   -2.71644e+03   -3.53290e+03    3.67802e+03    1.28103e+04
 Pressure (bar)
    0.00000e+00

           Step           Time         Lambda
           1324     1324.00000        0.00000

   Energies (kJ/mol)
        G96Bond       G96Angle    Proper Dih.  Improper Dih.          LJ-14
    3.57114e+03    9.62776e+01    1.30440e+02    2.18511e+00    1.18060e+04
     Coulomb-14        LJ (SR)   Coulomb (SR)   Coul. recip.      Potential
   -2.24144e+02   -2.71661e+03   -3.53287e+03    3.67755e+03    1.28100e+04
 Pressure (bar)
    0.00000e+00

           Step           Time         Lambda
           1325     1325.00000        0.00000

   Energies (kJ/mol)
        G96Bond       G96Angle    Proper Dih.  Improper Dih.          LJ-14
    3.57100e+03    9.59475e+01    1.30420e+02    2.18527e+00    1.18060e+04
     Coulomb-14        LJ (SR)   Coulomb (SR)   Coul. recip.      Potential
   -2.24027e+02   -2.71662e+03   -3.53288e+03    3.67754e+03    1.28096e+04
 Pressure (bar)
    0.00000e+00

           Step           Time         Lambda
           1326     1326.00000        0.00000

           Step           Time         Lambda
           1327     1327.00000        0.00000

   Energies (kJ/mol)
        G96Bond       G96Angle    Proper Dih.  Improper Dih.          LJ-14
    3.57107e+03    9.60938e+01    1.30424e+02    2.18558e+00    1.18059e+04
     Coulomb-14        LJ (SR)   Coulomb (SR)   Coul. recip.      Potential
   -2.24098e+02   -2.71666e+03   -3.53286e+03    3.67742e+03    1.28095e+04
 Pressure (bar)
    0.00000e+00

           Step           Time         Lambda
           1328     1328.00000        0.00000

   Energies (kJ/mol)
        G96Bond       G96Angle    Proper Dih.  Improper Dih.          LJ-14
    3.57117e+03    9.59288e+01    1.30408e+02    2.18587e+00    1.18059e+04
     Coulomb-14        LJ (SR)   Coulomb (SR)   Coul. recip.      Potential
   -2.24014e+02   -2.71669e+03   -3.53287e+03    3.67737e+03    1.28093e+04
 Pressure (bar)
    0.00000e+00

           Step           Time         Lambda
           1329     1329.00000        0.00000

   Energies (kJ/mol)
        G96Bond       G96Angle    Proper Dih.  Improper Dih.          LJ-14
    3.57124e+03    9.61461e+01    1.30416e+02    2.18616e+00    1.18057e+04
     Coulomb-14        LJ (SR)   Coulomb (SR)   Coul. recip.      Potential
   -2.24116e+02   -2.71672e+03   -3.53285e+03    3.67724e+03    1.28093e+04
 Pressure (bar)
    0.00000e+00

           Step           Time         Lambda
           1330     1330.00000        0.00000

   Energies (kJ/mol)
        G96Bond       G96Angle    Proper Dih.  Improper Dih.          LJ-14
    3.57138e+03    9.59163e+01    1.30395e+02    2.18641e+00    1.18057e+04
     Coulomb-14        LJ (SR)   Coulomb (SR)   Coul. recip.      Potential
   -2.23995e+02   -2.71675e+03   -3.53286e+03    3.67721e+03    1.28092e+04
 Pressure (bar)
    0.00000e+00

           Step           Time         Lambda
           1331     1331.00000        0.00000

   Energies (kJ/mol)
        G96Bond       G96Angle    Proper Dih.  Improper Dih.          LJ-14
    3.57147e+03    9.62381e+01    1.30409e+02    2.18667e+00    1.18056e+04
     Coulomb-14        LJ (SR)   Coulomb (SR)   Coul. recip.      Potential
   -2.24143e+02   -2.71679e+03   -3.53284e+03    3.67707e+03    1.28092e+04
 Pressure (bar)
    0.00000e+00

           Step           Time         Lambda
           1332     1332.00000        0.00000

   Energies (kJ/mol)
        G96Bond       G96Angle    Proper Dih.  Improper Dih.          LJ-14
    3.57168e+03    9.59218e+01    1.30381e+02    2.18697e+00    1.18056e+04
     Coulomb-14        LJ (SR)   Coulomb (SR)   Coul. recip.      Potential
   -2.23966e+02   -2.71681e+03   -3.53286e+03    3.67704e+03    1.28091e+04
 Pressure (bar)
    0.00000e+00

           Step           Time         Lambda
           1333     1333.00000        0.00000

           Step           Time         Lambda
           1334     1334.00000        0.00000

   Energies (kJ/mol)
        G96Bond       G96Angle    Proper Dih.  Improper Dih.          LJ-14
    3.57137e+03    9.60025e+01    1.30391e+02    2.18713e+00    1.18055e+04
     Coulomb-14        LJ (SR)   Coulomb (SR)   Coul. recip.      Potential
   -2.24072e+02   -2.71683e+03   -3.53284e+03    3.67696e+03    1.28086e+04
 Pressure (bar)
    0.00000e+00

           Step           Time         Lambda
           1335     1335.00000        0.00000

   Energies (kJ/mol)
        G96Bond       G96Angle    Proper Dih.  Improper Dih.          LJ-14
    3.57216e+03    9.59317e+01    1.30350e+02    2.18842e+00    1.18052e+04
     Coulomb-14        LJ (SR)   Coulomb (SR)   Coul. recip.      Potential
   -2.23943e+02   -2.71698e+03   -3.53283e+03    3.67660e+03    1.28086e+04
 Pressure (bar)
    0.00000e+00

           Step           Time         Lambda
           1336     1336.00000        0.00000

   Energies (kJ/mol)
        G96Bond       G96Angle    Proper Dih.  Improper Dih.          LJ-14
    3.57174e+03    9.60601e+01    1.30365e+02    2.18859e+00    1.18051e+04
     Coulomb-14        LJ (SR)   Coulomb (SR)   Coul. recip.      Potential
   -2.24100e+02   -2.71700e+03   -3.53281e+03    3.67649e+03    1.28080e+04
 Pressure (bar)
    0.00000e+00

           Step           Time         Lambda
           1337     1337.00000        0.00000

           Step           Time         Lambda
           1338     1338.00000        0.00000

   Energies (kJ/mol)
        G96Bond       G96Angle    Proper Dih.  Improper Dih.          LJ-14
    3.57190e+03    9.59016e+01    1.30347e+02    2.18889e+00    1.18050e+04
     Coulomb-14        LJ (SR)   Coulomb (SR)   Coul. recip.      Potential
   -2.24007e+02   -2.71703e+03   -3.53282e+03    3.67643e+03    1.28079e+04
 Pressure (bar)
    0.00000e+00

           Step           Time         Lambda
           1339     1339.00000        0.00000

   Energies (kJ/mol)
        G96Bond       G96Angle    Proper Dih.  Improper Dih.          LJ-14
    3.57191e+03    9.61145e+01    1.30357e+02    2.18917e+00    1.18049e+04
     Coulomb-14        LJ (SR)   Coulomb (SR)   Coul. recip.      Potential
   -2.24118e+02   -2.71706e+03   -3.53280e+03    3.67631e+03    1.28078e+04
 Pressure (bar)
    0.00000e+00

           Step           Time         Lambda
           1340     1340.00000        0.00000

   Energies (kJ/mol)
        G96Bond       G96Angle    Proper Dih.  Improper Dih.          LJ-14
    3.57213e+03    9.58962e+01    1.30335e+02    2.18946e+00    1.18049e+04
     Coulomb-14        LJ (SR)   Coulomb (SR)   Coul. recip.      Potential
   -2.23986e+02   -2.71709e+03   -3.53281e+03    3.67627e+03    1.28078e+04
 Pressure (bar)
    0.00000e+00

           Step           Time         Lambda
           1341     1341.00000        0.00000

   Energies (kJ/mol)
        G96Bond       G96Angle    Proper Dih.  Improper Dih.          LJ-14
    3.57214e+03    9.62126e+01    1.30350e+02    2.18976e+00    1.18047e+04
     Coulomb-14        LJ (SR)   Coulomb (SR)   Coul. recip.      Potential
   -2.24146e+02   -2.71713e+03   -3.53279e+03    3.67613e+03    1.28077e+04
 Pressure (bar)
    0.00000e+00

           Step           Time         Lambda
           1342     1342.00000        0.00000

           Step           Time         Lambda
           1343     1343.00000        0.00000

   Energies (kJ/mol)
        G96Bond       G96Angle    Proper Dih.  Improper Dih.          LJ-14
    3.57200e+03    9.59352e+01    1.30334e+02    2.18989e+00    1.18047e+04
     Coulomb-14        LJ (SR)   Coulomb (SR)   Coul. recip.      Potential
   -2.24050e+02   -2.71714e+03   -3.53280e+03    3.67612e+03    1.28073e+04
 Pressure (bar)
    0.00000e+00

           Step           Time         Lambda
           1344     1344.00000        0.00000

   Energies (kJ/mol)
        G96Bond       G96Angle    Proper Dih.  Improper Dih.          LJ-14
    3.57250e+03    9.62875e+01    1.30331e+02    2.19089e+00    1.18044e+04
     Coulomb-14        LJ (SR)   Coulomb (SR)   Coul. recip.      Potential
   -2.24164e+02   -2.71726e+03   -3.53277e+03    3.67576e+03    1.28073e+04
 Pressure (bar)
    0.00000e+00

           Step           Time         Lambda
           1345     1345.00000        0.00000

   Energies (kJ/mol)
        G96Bond       G96Angle    Proper Dih.  Improper Dih.          LJ-14
    3.57231e+03    9.59001e+01    1.30309e+02    2.19107e+00    1.18044e+04
     Coulomb-14        LJ (SR)   Coulomb (SR)   Coul. recip.      Potential
   -2.24027e+02   -2.71728e+03   -3.53278e+03    3.67575e+03    1.28068e+04
 Pressure (bar)
    0.00000e+00

           Step           Time         Lambda
           1346     1346.00000        0.00000

           Step           Time         Lambda
           1347     1347.00000        0.00000

   Energies (kJ/mol)
        G96Bond       G96Angle    Proper Dih.  Improper Dih.          LJ-14
    3.57236e+03    9.60662e+01    1.30314e+02    2.19138e+00    1.18043e+04
     Coulomb-14        LJ (SR)   Coulomb (SR)   Coul. recip.      Potential
   -2.24111e+02   -2.71731e+03   -3.53277e+03    3.67564e+03    1.28067e+04
 Pressure (bar)
    0.00000e+00

           Step           Time         Lambda
           1348     1348.00000        0.00000

   Energies (kJ/mol)
        G96Bond       G96Angle    Proper Dih.  Improper Dih.          LJ-14
    3.57248e+03    9.58853e+01    1.30296e+02    2.19164e+00    1.18043e+04
     Coulomb-14        LJ (SR)   Coulomb (SR)   Coul. recip.      Potential
   -2.24013e+02   -2.71734e+03   -3.53277e+03    3.67559e+03    1.28066e+04
 Pressure (bar)
    0.00000e+00

           Step           Time         Lambda
           1349     1349.00000        0.00000

   Energies (kJ/mol)
        G96Bond       G96Angle    Proper Dih.  Improper Dih.          LJ-14
    3.57253e+03    9.61309e+01    1.30307e+02    2.19197e+00    1.18042e+04
     Coulomb-14        LJ (SR)   Coulomb (SR)   Coul. recip.      Potential
   -2.24131e+02   -2.71738e+03   -3.53276e+03    3.67546e+03    1.28065e+04
 Pressure (bar)
    0.00000e+00

           Step           Time         Lambda
           1350     1350.00000        0.00000

   Energies (kJ/mol)
        G96Bond       G96Angle    Proper Dih.  Improper Dih.          LJ-14
    3.57271e+03    9.58788e+01    1.30284e+02    2.19224e+00    1.18041e+04
     Coulomb-14        LJ (SR)   Coulomb (SR)   Coul. recip.      Potential
   -2.23990e+02   -2.71740e+03   -3.53277e+03    3.67542e+03    1.28065e+04
 Pressure (bar)
    0.00000e+00

           Step           Time         Lambda
           1351     1351.00000        0.00000

   Energies (kJ/mol)
        G96Bond       G96Angle    Proper Dih.  Improper Dih.          LJ-14
    3.57278e+03    9.62452e+01    1.30301e+02    2.19255e+00    1.18040e+04
     Coulomb-14        LJ (SR)   Coulomb (SR)   Coul. recip.      Potential
   -2.24160e+02   -2.71744e+03   -3.53275e+03    3.67528e+03    1.28065e+04
 Pressure (bar)
    0.00000e+00

           Step           Time         Lambda
           1352     1352.00000        0.00000

           Step           Time         Lambda
           1353     1353.00000        0.00000

   Energies (kJ/mol)
        G96Bond       G96Angle    Proper Dih.  Improper Dih.          LJ-14
    3.57257e+03    9.59250e+01    1.30284e+02    2.19268e+00    1.18040e+04
     Coulomb-14        LJ (SR)   Coulomb (SR)   Coul. recip.      Potential
   -2.24058e+02   -2.71745e+03   -3.53276e+03    3.67528e+03    1.28060e+04
 Pressure (bar)
    0.00000e+00

           Step           Time         Lambda
           1354     1354.00000        0.00000

   Energies (kJ/mol)
        G96Bond       G96Angle    Proper Dih.  Improper Dih.          LJ-14
    3.57328e+03    9.63285e+01    1.30270e+02    2.19431e+00    1.18035e+04
     Coulomb-14        LJ (SR)   Coulomb (SR)   Coul. recip.      Potential
   -2.24179e+02   -2.71764e+03   -3.53272e+03    3.67473e+03    1.28058e+04
 Pressure (bar)
    0.00000e+00

           Step           Time         Lambda
           1355     1355.00000        0.00000

   Energies (kJ/mol)
        G96Bond       G96Angle    Proper Dih.  Improper Dih.          LJ-14
    3.57300e+03    9.58825e+01    1.30246e+02    2.19449e+00    1.18035e+04
     Coulomb-14        LJ (SR)   Coulomb (SR)   Coul. recip.      Potential
   -2.24034e+02   -2.71765e+03   -3.53273e+03    3.67473e+03    1.28052e+04
 Pressure (bar)
    0.00000e+00

           Step           Time         Lambda
           1356     1356.00000        0.00000

           Step           Time         Lambda
           1357     1357.00000        0.00000

   Energies (kJ/mol)
        G96Bond       G96Angle    Proper Dih.  Improper Dih.          LJ-14
    3.57308e+03    9.60742e+01    1.30252e+02    2.19485e+00    1.18034e+04
     Coulomb-14        LJ (SR)   Coulomb (SR)   Coul. recip.      Potential
   -2.24124e+02   -2.71769e+03   -3.53272e+03    3.67460e+03    1.28051e+04
 Pressure (bar)
    0.00000e+00

           Step           Time         Lambda
           1358     1358.00000        0.00000

   Energies (kJ/mol)
        G96Bond       G96Angle    Proper Dih.  Improper Dih.          LJ-14
    3.57318e+03    9.58658e+01    1.30233e+02    2.19511e+00    1.18034e+04
     Coulomb-14        LJ (SR)   Coulomb (SR)   Coul. recip.      Potential
   -2.24018e+02   -2.71772e+03   -3.53272e+03    3.67457e+03    1.28050e+04
 Pressure (bar)
    0.00000e+00

           Step           Time         Lambda
           1359     1359.00000        0.00000

   Energies (kJ/mol)
        G96Bond       G96Angle    Proper Dih.  Improper Dih.          LJ-14
    3.57327e+03    9.61498e+01    1.30244e+02    2.19544e+00    1.18033e+04
     Coulomb-14        LJ (SR)   Coulomb (SR)   Coul. recip.      Potential
   -2.24145e+02   -2.71776e+03   -3.53270e+03    3.67443e+03    1.28050e+04
 Pressure (bar)
    0.00000e+00

           Step           Time         Lambda
           1360     1360.00000        0.00000

   Energies (kJ/mol)
        G96Bond       G96Angle    Proper Dih.  Improper Dih.          LJ-14
    3.57341e+03    9.58598e+01    1.30220e+02    2.19569e+00    1.18033e+04
     Coulomb-14        LJ (SR)   Coulomb (SR)   Coul. recip.      Potential
   -2.23993e+02   -2.71778e+03   -3.53272e+03    3.67441e+03    1.28049e+04
 Pressure (bar)
    0.00000e+00

           Step           Time         Lambda
           1361     1361.00000        0.00000

           Step           Time         Lambda
           1362     1362.00000        0.00000

   Energies (kJ/mol)
        G96Bond       G96Angle    Proper Dih.  Improper Dih.          LJ-14
    3.57320e+03    9.59531e+01    1.30228e+02    2.19586e+00    1.18032e+04
     Coulomb-14        LJ (SR)   Coulomb (SR)   Coul. recip.      Potential
   -2.24085e+02   -2.71780e+03   -3.53271e+03    3.67434e+03    1.28045e+04
 Pressure (bar)
    0.00000e+00

           Step           Time         Lambda
           1363     1363.00000        0.00000

   Energies (kJ/mol)
        G96Bond       G96Angle    Proper Dih.  Improper Dih.          LJ-14
    3.57375e+03    9.58617e+01    1.30197e+02    2.19693e+00    1.18030e+04
     Coulomb-14        LJ (SR)   Coulomb (SR)   Coul. recip.      Potential
   -2.23971e+02   -2.71791e+03   -3.53270e+03    3.67407e+03    1.28045e+04
 Pressure (bar)
    0.00000e+00

           Step           Time         Lambda
           1364     1364.00000        0.00000

   Energies (kJ/mol)
        G96Bond       G96Angle    Proper Dih.  Improper Dih.          LJ-14
    3.57346e+03    9.60042e+01    1.30210e+02    2.19715e+00    1.18029e+04
     Coulomb-14        LJ (SR)   Coulomb (SR)   Coul. recip.      Potential
   -2.24107e+02   -2.71793e+03   -3.53269e+03    3.67397e+03    1.28040e+04
 Pressure (bar)
    0.00000e+00

           Step           Time         Lambda
           1365     1365.00000        0.00000

           Step           Time         Lambda
           1366     1366.00000        0.00000

   Energies (kJ/mol)
        G96Bond       G96Angle    Proper Dih.  Improper Dih.          LJ-14
    3.57358e+03    9.58571e+01    1.30195e+02    2.19742e+00    1.18028e+04
     Coulomb-14        LJ (SR)   Coulomb (SR)   Coul. recip.      Potential
   -2.24027e+02   -2.71796e+03   -3.53269e+03    3.67391e+03    1.28039e+04
 Pressure (bar)
    0.00000e+00

           Step           Time         Lambda
           1367     1367.00000        0.00000

   Energies (kJ/mol)
        G96Bond       G96Angle    Proper Dih.  Improper Dih.          LJ-14
    3.57361e+03    9.60492e+01    1.30202e+02    2.19770e+00    1.18028e+04
     Coulomb-14        LJ (SR)   Coulomb (SR)   Coul. recip.      Potential
   -2.24124e+02   -2.71799e+03   -3.53268e+03    3.67380e+03    1.28038e+04
 Pressure (bar)
    0.00000e+00

           Step           Time         Lambda
           1368     1368.00000        0.00000

   Energies (kJ/mol)
        G96Bond       G96Angle    Proper Dih.  Improper Dih.          LJ-14
    3.57376e+03    9.58457e+01    1.30183e+02    2.19800e+00    1.18027e+04
     Coulomb-14        LJ (SR)   Coulomb (SR)   Coul. recip.      Potential
   -2.24009e+02   -2.71802e+03   -3.53269e+03    3.67375e+03    1.28037e+04
 Pressure (bar)
    0.00000e+00

           Step           Time         Lambda
           1369     1369.00000        0.00000

   Energies (kJ/mol)
        G96Bond       G96Angle    Proper Dih.  Improper Dih.          LJ-14
    3.57379e+03    9.61300e+01    1.30196e+02    2.19829e+00    1.18026e+04
     Coulomb-14        LJ (SR)   Coulomb (SR)   Coul. recip.      Potential
   -2.24147e+02   -2.71806e+03   -3.53267e+03    3.67362e+03    1.28037e+04
 Pressure (bar)
    0.00000e+00

           Step           Time         Lambda
           1370     1370.00000        0.00000

           Step           Time         Lambda
           1371     1371.00000        0.00000

   Energies (kJ/mol)
        G96Bond       G96Angle    Proper Dih.  Improper Dih.          LJ-14
    3.57368e+03    9.58944e+01    1.30182e+02    2.19844e+00    1.18026e+04
     Coulomb-14        LJ (SR)   Coulomb (SR)   Coul. recip.      Potential
   -2.24064e+02   -2.71807e+03   -3.53267e+03    3.67362e+03    1.28034e+04
 Pressure (bar)
    0.00000e+00

           Step           Time         Lambda
           1372     1372.00000        0.00000

   Energies (kJ/mol)
        G96Bond       G96Angle    Proper Dih.  Improper Dih.          LJ-14
    3.57418e+03    9.61880e+01    1.30170e+02    2.19991e+00    1.18022e+04
     Coulomb-14        LJ (SR)   Coulomb (SR)   Coul. recip.      Potential
   -2.24162e+02   -2.71823e+03   -3.53264e+03    3.67315e+03    1.28031e+04
 Pressure (bar)
    0.00000e+00

           Step           Time         Lambda
           1373     1373.00000        0.00000

   Energies (kJ/mol)
        G96Bond       G96Angle    Proper Dih.  Improper Dih.          LJ-14
    3.57402e+03    9.58579e+01    1.30150e+02    2.20009e+00    1.18022e+04
     Coulomb-14        LJ (SR)   Coulomb (SR)   Coul. recip.      Potential
   -2.24045e+02   -2.71825e+03   -3.53265e+03    3.67314e+03    1.28027e+04
 Pressure (bar)
    0.00000e+00

           Step           Time         Lambda
           1374     1374.00000        0.00000

           Step           Time         Lambda
           1375     1375.00000        0.00000

   Energies (kJ/mol)
        G96Bond       G96Angle    Proper Dih.  Improper Dih.          LJ-14
    3.57408e+03    9.60063e+01    1.30154e+02    2.20043e+00    1.18021e+04
     Coulomb-14        LJ (SR)   Coulomb (SR)   Coul. recip.      Potential
   -2.24116e+02   -2.71828e+03   -3.53264e+03    3.67302e+03    1.28026e+04
 Pressure (bar)
    0.00000e+00

           Step           Time         Lambda
           1376     1376.00000        0.00000

   Energies (kJ/mol)
        G96Bond       G96Angle    Proper Dih.  Improper Dih.          LJ-14
    3.57417e+03    9.58419e+01    1.30139e+02    2.20069e+00    1.18021e+04
     Coulomb-14        LJ (SR)   Coulomb (SR)   Coul. recip.      Potential
   -2.24031e+02   -2.71831e+03   -3.53265e+03    3.67298e+03    1.28024e+04
 Pressure (bar)
    0.00000e+00

           Step           Time         Lambda
           1377     1377.00000        0.00000

   Energies (kJ/mol)
        G96Bond       G96Angle    Proper Dih.  Improper Dih.          LJ-14
    3.57423e+03    9.60600e+01    1.30147e+02    2.20102e+00    1.18020e+04
     Coulomb-14        LJ (SR)   Coulomb (SR)   Coul. recip.      Potential
   -2.24133e+02   -2.71834e+03   -3.53263e+03    3.67285e+03    1.28024e+04
 Pressure (bar)
    0.00000e+00

           Step           Time         Lambda
           1378     1378.00000        0.00000

   Energies (kJ/mol)
        G96Bond       G96Angle    Proper Dih.  Improper Dih.          LJ-14
    3.57435e+03    9.58302e+01    1.30126e+02    2.20128e+00    1.18020e+04
     Coulomb-14        LJ (SR)   Coulomb (SR)   Coul. recip.      Potential
   -2.24011e+02   -2.71837e+03   -3.53264e+03    3.67282e+03    1.28023e+04
 Pressure (bar)
    0.00000e+00

           Step           Time         Lambda
           1379     1379.00000        0.00000

           Step           Time         Lambda
           1380     1380.00000        0.00000

   Energies (kJ/mol)
        G96Bond       G96Angle    Proper Dih.  Improper Dih.          LJ-14
    3.57422e+03    9.59159e+01    1.30132e+02    2.20147e+00    1.18019e+04
     Coulomb-14        LJ (SR)   Coulomb (SR)   Coul. recip.      Potential
   -2.24084e+02   -2.71839e+03   -3.53263e+03    3.67275e+03    1.28020e+04
 Pressure (bar)
    0.00000e+00

           Step           Time         Lambda
           1381     1381.00000        0.00000

   Energies (kJ/mol)
        G96Bond       G96Angle    Proper Dih.  Improper Dih.          LJ-14
    3.57467e+03    9.58247e+01    1.30102e+02    2.20260e+00    1.18017e+04
     Coulomb-14        LJ (SR)   Coulomb (SR)   Coul. recip.      Potential
   -2.23996e+02   -2.71851e+03   -3.53263e+03    3.67244e+03    1.28018e+04
 Pressure (bar)
    0.00000e+00

           Step           Time         Lambda
           1382     1382.00000        0.00000

   Energies (kJ/mol)
        G96Bond       G96Angle    Proper Dih.  Improper Dih.          LJ-14
    3.57447e+03    9.59534e+01    1.30112e+02    2.20279e+00    1.18016e+04
     Coulomb-14        LJ (SR)   Coulomb (SR)   Coul. recip.      Potential
   -2.24103e+02   -2.71853e+03   -3.53261e+03    3.67236e+03    1.28015e+04
 Pressure (bar)
    0.00000e+00

           Step           Time         Lambda
           1383     1383.00000        0.00000

           Step           Time         Lambda
           1384     1384.00000        0.00000

   Energies (kJ/mol)
        G96Bond       G96Angle    Proper Dih.  Improper Dih.          LJ-14
    3.57457e+03    9.58359e+01    1.30098e+02    2.20314e+00    1.18016e+04
     Coulomb-14        LJ (SR)   Coulomb (SR)   Coul. recip.      Potential
   -2.24039e+02   -2.71856e+03   -3.53262e+03    3.67229e+03    1.28013e+04
 Pressure (bar)
    0.00000e+00

           Step           Time         Lambda
           1385     1385.00000        0.00000

   Energies (kJ/mol)
        G96Bond       G96Angle    Proper Dih.  Improper Dih.          LJ-14
    3.57459e+03    9.59859e+01    1.30103e+02    2.20341e+00    1.18015e+04
     Coulomb-14        LJ (SR)   Coulomb (SR)   Coul. recip.      Potential
   -2.24115e+02   -2.71859e+03   -3.53260e+03    3.67218e+03    1.28012e+04
 Pressure (bar)
    0.00000e+00

           Step           Time         Lambda
           1386     1386.00000        0.00000

   Energies (kJ/mol)
        G96Bond       G96Angle    Proper Dih.  Improper Dih.          LJ-14
    3.57472e+03    9.58233e+01    1.30087e+02    2.20371e+00    1.18014e+04
     Coulomb-14        LJ (SR)   Coulomb (SR)   Coul. recip.      Potential
   -2.24023e+02   -2.71862e+03   -3.53261e+03    3.67213e+03    1.28012e+04
 Pressure (bar)
    0.00000e+00

           Step           Time         Lambda
           1387     1387.00000        0.00000

   Energies (kJ/mol)
        G96Bond       G96Angle    Proper Dih.  Improper Dih.          LJ-14
    3.57474e+03    9.60441e+01    1.30097e+02    2.20399e+00    1.18013e+04
     Coulomb-14        LJ (SR)   Coulomb (SR)   Coul. recip.      Potential
   -2.24134e+02   -2.71866e+03   -3.53260e+03    3.67202e+03    1.28011e+04
 Pressure (bar)
    0.00000e+00

           Step           Time         Lambda
           1388     1388.00000        0.00000

   Energies (kJ/mol)
        G96Bond       G96Angle    Proper Dih.  Improper Dih.          LJ-14
    3.57492e+03    9.58180e+01    1.30076e+02    2.20431e+00    1.18013e+04
     Coulomb-14        LJ (SR)   Coulomb (SR)   Coul. recip.      Potential
   -2.24002e+02   -2.71868e+03   -3.53261e+03    3.67198e+03    1.28010e+04
 Pressure (bar)
    0.00000e+00

           Step           Time         Lambda
           1389     1389.00000        0.00000

   Energies (kJ/mol)
        G96Bond       G96Angle    Proper Dih.  Improper Dih.          LJ-14
    3.57494e+03    9.61447e+01    1.30091e+02    2.20460e+00    1.18012e+04
     Coulomb-14        LJ (SR)   Coulomb (SR)   Coul. recip.      Potential
   -2.24160e+02   -2.71872e+03   -3.53259e+03    3.67185e+03    1.28010e+04
 Pressure (bar)
    0.00000e+00

           Step           Time         Lambda
           1390     1390.00000        0.00000

           Step           Time         Lambda
           1391     1391.00000        0.00000

   Energies (kJ/mol)
        G96Bond       G96Angle    Proper Dih.  Improper Dih.          LJ-14
    3.57479e+03    9.58628e+01    1.30076e+02    2.20476e+00    1.18012e+04
     Coulomb-14        LJ (SR)   Coulomb (SR)   Coul. recip.      Potential
   -2.24066e+02   -2.71873e+03   -3.53259e+03    3.67184e+03    1.28006e+04
 Pressure (bar)
    0.00000e+00

           Step           Time         Lambda
           1392     1392.00000        0.00000

   Energies (kJ/mol)
        G96Bond       G96Angle    Proper Dih.  Improper Dih.          LJ-14
    3.57530e+03    9.62207e+01    1.30069e+02    2.20608e+00    1.18009e+04
     Coulomb-14        LJ (SR)   Coulomb (SR)   Coul. recip.      Potential
   -2.24177e+02   -2.71887e+03   -3.53257e+03    3.67143e+03    1.28005e+04
 Pressure (bar)
    0.00000e+00

           Step           Time         Lambda
           1393     1393.00000        0.00000

   Energies (kJ/mol)
        G96Bond       G96Angle    Proper Dih.  Improper Dih.          LJ-14
    3.57508e+03    9.58258e+01    1.30047e+02    2.20624e+00    1.18009e+04
     Coulomb-14        LJ (SR)   Coulomb (SR)   Coul. recip.      Potential
   -2.24040e+02   -2.71889e+03   -3.53258e+03    3.67142e+03    1.28000e+04
 Pressure (bar)
    0.00000e+00

           Step           Time         Lambda
           1394     1394.00000        0.00000

           Step           Time         Lambda
           1395     1395.00000        0.00000

   Energies (kJ/mol)
        G96Bond       G96Angle    Proper Dih.  Improper Dih.          LJ-14
    3.57513e+03    9.59981e+01    1.30052e+02    2.20657e+00    1.18008e+04
     Coulomb-14        LJ (SR)   Coulomb (SR)   Coul. recip.      Potential
   -2.24123e+02   -2.71892e+03   -3.53257e+03    3.67131e+03    1.27999e+04
 Pressure (bar)
    0.00000e+00

           Step           Time         Lambda
           1396     1396.00000        0.00000

   Energies (kJ/mol)
        G96Bond       G96Angle    Proper Dih.  Improper Dih.          LJ-14
    3.57523e+03    9.58113e+01    1.30036e+02    2.20684e+00    1.18008e+04
     Coulomb-14        LJ (SR)   Coulomb (SR)   Coul. recip.      Potential
   -2.24024e+02   -2.71895e+03   -3.53257e+03    3.67127e+03    1.27998e+04
 Pressure (bar)
    0.00000e+00

           Step           Time         Lambda
           1397     1397.00000        0.00000

   Energies (kJ/mol)
        G96Bond       G96Angle    Proper Dih.  Improper Dih.          LJ-14
    3.57529e+03    9.60653e+01    1.30046e+02    2.20720e+00    1.18007e+04
     Coulomb-14        LJ (SR)   Coulomb (SR)   Coul. recip.      Potential
   -2.24142e+02   -2.71898e+03   -3.53256e+03    3.67114e+03    1.27997e+04
 Pressure (bar)
    0.00000e+00

           Step           Time         Lambda
           1398     1398.00000        0.00000

   Energies (kJ/mol)
        G96Bond       G96Angle    Proper Dih.  Improper Dih.          LJ-14
    3.57543e+03    9.58050e+01    1.30024e+02    2.20749e+00    1.18007e+04
     Coulomb-14        LJ (SR)   Coulomb (SR)   Coul. recip.      Potential
   -2.24000e+02   -2.71901e+03   -3.53257e+03    3.67111e+03    1.27997e+04
 Pressure (bar)
    0.00000e+00

           Step           Time         Lambda
           1399     1399.00000        0.00000

           Step           Time         Lambda
           1400     1400.00000        0.00000

   Energies (kJ/mol)
        G96Bond       G96Angle    Proper Dih.  Improper Dih.          LJ-14
    3.57524e+03    9.58918e+01    1.30031e+02    2.20764e+00    1.18006e+04
     Coulomb-14        LJ (SR)   Coulomb (SR)   Coul. recip.      Potential
   -2.24086e+02   -2.71903e+03   -3.53256e+03    3.67104e+03    1.27994e+04
 Pressure (bar)
    0.00000e+00

           Step           Time         Lambda
           1401     1401.00000        0.00000

   Energies (kJ/mol)
        G96Bond       G96Angle    Proper Dih.  Improper Dih.          LJ-14
    3.57577e+03    9.58060e+01    1.29999e+02    2.20896e+00    1.18004e+04
     Coulomb-14        LJ (SR)   Coulomb (SR)   Coul. recip.      Potential
   -2.23980e+02   -2.71916e+03   -3.53256e+03    3.67072e+03    1.27992e+04
 Pressure (bar)
    0.00000e+00

           Step           Time         Lambda
           1402     1402.00000        0.00000

   Energies (kJ/mol)
        G96Bond       G96Angle    Proper Dih.  Improper Dih.          LJ-14
    3.57549e+03    9.59389e+01    1.30010e+02    2.20918e+00    1.18003e+04
     Coulomb-14        LJ (SR)   Coulomb (SR)   Coul. recip.      Potential
   -2.24107e+02   -2.71918e+03   -3.53254e+03    3.67063e+03    1.27988e+04
 Pressure (bar)
    0.00000e+00

           Step           Time         Lambda
           1403     1403.00000        0.00000

           Step           Time         Lambda
           1404     1404.00000        0.00000

   Energies (kJ/mol)
        G96Bond       G96Angle    Proper Dih.  Improper Dih.          LJ-14
    3.57561e+03    9.58070e+01    1.29995e+02    2.20950e+00    1.18003e+04
     Coulomb-14        LJ (SR)   Coulomb (SR)   Coul. recip.      Potential
   -2.24031e+02   -2.71921e+03   -3.53255e+03    3.67057e+03    1.27987e+04
 Pressure (bar)
    0.00000e+00

           Step           Time         Lambda
           1405     1405.00000        0.00000

   Energies (kJ/mol)
        G96Bond       G96Angle    Proper Dih.  Improper Dih.          LJ-14
    3.57562e+03    9.59795e+01    1.30002e+02    2.20978e+00    1.18002e+04
     Coulomb-14        LJ (SR)   Coulomb (SR)   Coul. recip.      Potential
   -2.24120e+02   -2.71924e+03   -3.53254e+03    3.67046e+03    1.27986e+04
 Pressure (bar)
    0.00000e+00

           Step           Time         Lambda
           1406     1406.00000        0.00000

   Energies (kJ/mol)
        G96Bond       G96Angle    Proper Dih.  Improper Dih.          LJ-14
    3.57577e+03    9.57963e+01    1.29984e+02    2.21005e+00    1.18002e+04
     Coulomb-14        LJ (SR)   Coulomb (SR)   Coul. recip.      Potential
   -2.24014e+02   -2.71927e+03   -3.53254e+03    3.67041e+03    1.27985e+04
 Pressure (bar)
    0.00000e+00

           Step           Time         Lambda
           1407     1407.00000        0.00000

   Energies (kJ/mol)
        G96Bond       G96Angle    Proper Dih.  Improper Dih.          LJ-14
    3.57577e+03    9.60511e+01    1.29995e+02    2.21034e+00    1.18001e+04
     Coulomb-14        LJ (SR)   Coulomb (SR)   Coul. recip.      Potential
   -2.24141e+02   -2.71930e+03   -3.53253e+03    3.67029e+03    1.27984e+04
 Pressure (bar)
    0.00000e+00

           Step           Time         Lambda
           1408     1408.00000        0.00000

           Step           Time         Lambda
           1409     1409.00000        0.00000

   Energies (kJ/mol)
        G96Bond       G96Angle    Proper Dih.  Improper Dih.          LJ-14
    3.57569e+03    9.58425e+01    1.29983e+02    2.21052e+00    1.18001e+04
     Coulomb-14        LJ (SR)   Coulomb (SR)   Coul. recip.      Potential
   -2.24065e+02   -2.71932e+03   -3.53253e+03    3.67028e+03    1.27981e+04
 Pressure (bar)
    0.00000e+00

           Step           Time         Lambda
           1410     1410.00000        0.00000

   Energies (kJ/mol)
        G96Bond       G96Angle    Proper Dih.  Improper Dih.          LJ-14
    3.57604e+03    9.61040e+01    1.29977e+02    2.21171e+00    1.17998e+04
     Coulomb-14        LJ (SR)   Coulomb (SR)   Coul. recip.      Potential
   -2.24154e+02   -2.71944e+03   -3.53251e+03    3.66993e+03    1.27980e+04
 Pressure (bar)
    0.00000e+00

           Step           Time         Lambda
           1411     1411.00000        0.00000

   Energies (kJ/mol)
        G96Bond       G96Angle    Proper Dih.  Improper Dih.          LJ-14
    3.57593e+03    9.58121e+01    1.29959e+02    2.21187e+00    1.17998e+04
     Coulomb-14        LJ (SR)   Coulomb (SR)   Coul. recip.      Potential
   -2.24045e+02   -2.71945e+03   -3.53252e+03    3.66992e+03    1.27976e+04
 Pressure (bar)
    0.00000e+00

           Step           Time         Lambda
           1412     1412.00000        0.00000

           Step           Time         Lambda
           1413     1413.00000        0.00000

   Energies (kJ/mol)
        G96Bond       G96Angle    Proper Dih.  Improper Dih.          LJ-14
    3.57596e+03    9.59459e+01    1.29963e+02    2.21220e+00    1.17997e+04
     Coulomb-14        LJ (SR)   Coulomb (SR)   Coul. recip.      Potential
   -2.24110e+02   -2.71949e+03   -3.53251e+03    3.66982e+03    1.27975e+04
 Pressure (bar)
    0.00000e+00

           Step           Time         Lambda
           1414     1414.00000        0.00000

   Energies (kJ/mol)
        G96Bond       G96Angle    Proper Dih.  Improper Dih.          LJ-14
    3.57606e+03    9.57987e+01    1.29949e+02    2.21250e+00    1.17997e+04
     Coulomb-14        LJ (SR)   Coulomb (SR)   Coul. recip.      Potential
   -2.24031e+02   -2.71951e+03   -3.53252e+03    3.66976e+03    1.27974e+04
 Pressure (bar)
    0.00000e+00

           Step           Time         Lambda
           1415     1415.00000        0.00000

   Energies (kJ/mol)
        G96Bond       G96Angle    Proper Dih.  Improper Dih.          LJ-14
    3.57609e+03    9.59941e+01    1.29956e+02    2.21282e+00    1.17996e+04
     Coulomb-14        LJ (SR)   Coulomb (SR)   Coul. recip.      Potential
   -2.24127e+02   -2.71955e+03   -3.53250e+03    3.66965e+03    1.27973e+04
 Pressure (bar)
    0.00000e+00

           Step           Time         Lambda
           1416     1416.00000        0.00000

   Energies (kJ/mol)
        G96Bond       G96Angle    Proper Dih.  Improper Dih.          LJ-14
    3.57622e+03    9.57872e+01    1.29938e+02    2.21310e+00    1.17996e+04
     Coulomb-14        LJ (SR)   Coulomb (SR)   Coul. recip.      Potential
   -2.24011e+02   -2.71957e+03   -3.53251e+03    3.66961e+03    1.27973e+04
 Pressure (bar)
    0.00000e+00

           Step           Time         Lambda
           1417     1417.00000        0.00000

   Energies (kJ/mol)
        G96Bond       G96Angle    Proper Dih.  Improper Dih.          LJ-14
    3.57626e+03    9.60764e+01    1.29951e+02    2.21348e+00    1.17995e+04
     Coulomb-14        LJ (SR)   Coulomb (SR)   Coul. recip.      Potential
   -2.24149e+02   -2.71961e+03   -3.53250e+03    3.66949e+03    1.27972e+04
 Pressure (bar)
    0.00000e+00

           Step           Time         Lambda
           1418     1418.00000        0.00000

   Energies (kJ/mol)
        G96Bond       G96Angle    Proper Dih.  Improper Dih.          LJ-14
    3.57645e+03    9.57914e+01    1.29926e+02    2.21375e+00    1.17995e+04
     Coulomb-14        LJ (SR)   Coulomb (SR)   Coul. recip.      Potential
   -2.23983e+02   -2.71963e+03   -3.53251e+03    3.66947e+03    1.27972e+04
 Pressure (bar)
    0.00000e+00

           Step           Time         Lambda
           1419     1419.00000        0.00000

           Step           Time         Lambda
           1420     1420.00000        0.00000

   Energies (kJ/mol)
        G96Bond       G96Angle    Proper Dih.  Improper Dih.          LJ-14
    3.57617e+03    9.58706e+01    1.29935e+02    2.21394e+00    1.17994e+04
     Coulomb-14        LJ (SR)   Coulomb (SR)   Coul. recip.      Potential
   -2.24083e+02   -2.71965e+03   -3.53250e+03    3.66939e+03    1.27968e+04
 Pressure (bar)
    0.00000e+00

           Step           Time         Lambda
           1421     1421.00000        0.00000

   Energies (kJ/mol)
        G96Bond       G96Angle    Proper Dih.  Improper Dih.          LJ-14
    3.57686e+03    9.57973e+01    1.29896e+02    2.21570e+00    1.17992e+04
     Coulomb-14        LJ (SR)   Coulomb (SR)   Coul. recip.      Potential
   -2.23958e+02   -2.71982e+03   -3.53250e+03    3.66898e+03    1.27966e+04
 Pressure (bar)
    0.00000e+00

           Step           Time         Lambda
           1422     1422.00000        0.00000

   Energies (kJ/mol)
        G96Bond       G96Angle    Proper Dih.  Improper Dih.          LJ-14
    3.57646e+03    9.59228e+01    1.29909e+02    2.21590e+00    1.17991e+04
     Coulomb-14        LJ (SR)   Coulomb (SR)   Coul. recip.      Potential
   -2.24104e+02   -2.71984e+03   -3.53248e+03    3.66888e+03    1.27960e+04
 Pressure (bar)
    0.00000e+00

           Step           Time         Lambda
           1423     1423.00000        0.00000

           Step           Time         Lambda
           1424     1424.00000        0.00000

   Energies (kJ/mol)
        G96Bond       G96Angle    Proper Dih.  Improper Dih.          LJ-14
    3.57661e+03    9.57812e+01    1.29893e+02    2.21629e+00    1.17990e+04
     Coulomb-14        LJ (SR)   Coulomb (SR)   Coul. recip.      Potential
   -2.24018e+02   -2.71987e+03   -3.53249e+03    3.66882e+03    1.27960e+04
 Pressure (bar)
    0.00000e+00

           Step           Time         Lambda
           1425     1425.00000        0.00000

   Energies (kJ/mol)
        G96Bond       G96Angle    Proper Dih.  Improper Dih.          LJ-14
    3.57659e+03    9.59739e+01    1.29901e+02    2.21657e+00    1.17990e+04
     Coulomb-14        LJ (SR)   Coulomb (SR)   Coul. recip.      Potential
   -2.24122e+02   -2.71990e+03   -3.53247e+03    3.66871e+03    1.27958e+04
 Pressure (bar)
    0.00000e+00

           Step           Time         Lambda
           1426     1426.00000        0.00000

           Step           Time         Lambda
           1427     1427.00000        0.00000

   Energies (kJ/mol)
        G96Bond       G96Angle    Proper Dih.  Improper Dih.          LJ-14
    3.57657e+03    9.58213e+01    1.29891e+02    2.21673e+00    1.17989e+04
     Coulomb-14        LJ (SR)   Coulomb (SR)   Coul. recip.      Potential
   -2.24059e+02   -2.71992e+03   -3.53248e+03    3.66869e+03    1.27957e+04
 Pressure (bar)
    0.00000e+00

           Step           Time         Lambda
           1428     1428.00000        0.00000

   Energies (kJ/mol)
        G96Bond       G96Angle    Proper Dih.  Improper Dih.          LJ-14
    3.57676e+03    9.60129e+01    1.29888e+02    2.21758e+00    1.17988e+04
     Coulomb-14        LJ (SR)   Coulomb (SR)   Coul. recip.      Potential
   -2.24132e+02   -2.72000e+03   -3.53246e+03    3.66845e+03    1.27955e+04
 Pressure (bar)
    0.00000e+00

           Step           Time         Lambda
           1429     1429.00000        0.00000

   Energies (kJ/mol)
        G96Bond       G96Angle    Proper Dih.  Improper Dih.          LJ-14
    3.57673e+03    9.57992e+01    1.29874e+02    2.21777e+00    1.17988e+04
     Coulomb-14        LJ (SR)   Coulomb (SR)   Coul. recip.      Potential
   -2.24044e+02   -2.72002e+03   -3.53247e+03    3.66843e+03    1.27953e+04
 Pressure (bar)
    0.00000e+00

           Step           Time         Lambda
           1430     1430.00000        0.00000

           Step           Time         Lambda
           1431     1431.00000        0.00000

   Energies (kJ/mol)
        G96Bond       G96Angle    Proper Dih.  Improper Dih.          LJ-14
    3.57674e+03    9.59000e+01    1.29876e+02    2.21804e+00    1.17987e+04
     Coulomb-14        LJ (SR)   Coulomb (SR)   Coul. recip.      Potential
   -2.24096e+02   -2.72004e+03   -3.53246e+03    3.66834e+03    1.27952e+04
 Pressure (bar)
    0.00000e+00

           Step           Time         Lambda
           1432     1432.00000        0.00000

   Energies (kJ/mol)
        G96Bond       G96Angle    Proper Dih.  Improper Dih.          LJ-14
    3.57684e+03    9.57864e+01    1.29864e+02    2.21837e+00    1.17987e+04
     Coulomb-14        LJ (SR)   Coulomb (SR)   Coul. recip.      Potential
   -2.24032e+02   -2.72008e+03   -3.53247e+03    3.66828e+03    1.27951e+04
 Pressure (bar)
    0.00000e+00

           Step           Time         Lambda
           1433     1433.00000        0.00000

   Energies (kJ/mol)
        G96Bond       G96Angle    Proper Dih.  Improper Dih.          LJ-14
    3.57685e+03    9.59344e+01    1.29869e+02    2.21866e+00    1.17986e+04
     Coulomb-14        LJ (SR)   Coulomb (SR)   Coul. recip.      Potential
   -2.24108e+02   -2.72011e+03   -3.53246e+03    3.66818e+03    1.27950e+04
 Pressure (bar)
    0.00000e+00

           Step           Time         Lambda
           1434     1434.00000        0.00000

   Energies (kJ/mol)
        G96Bond       G96Angle    Proper Dih.  Improper Dih.          LJ-14
    3.57697e+03    9.57749e+01    1.29854e+02    2.21902e+00    1.17986e+04
     Coulomb-14        LJ (SR)   Coulomb (SR)   Coul. recip.      Potential
   -2.24015e+02   -2.72013e+03   -3.53246e+03    3.66813e+03    1.27949e+04
 Pressure (bar)
    0.00000e+00

           Step           Time         Lambda
           1435     1435.00000        0.00000

   Energies (kJ/mol)
        G96Bond       G96Angle    Proper Dih.  Improper Dih.          LJ-14
    3.57697e+03    9.59932e+01    1.29863e+02    2.21929e+00    1.17985e+04
     Coulomb-14        LJ (SR)   Coulomb (SR)   Coul. recip.      Potential
   -2.24126e+02   -2.72017e+03   -3.53245e+03    3.66802e+03    1.27948e+04
 Pressure (bar)
    0.00000e+00

           Step           Time         Lambda
           1436     1436.00000        0.00000

   Energies (kJ/mol)
        G96Bond       G96Angle    Proper Dih.  Improper Dih.          LJ-14
    3.57715e+03    9.57709e+01    1.29843e+02    2.21963e+00    1.17985e+04
     Coulomb-14        LJ (SR)   Coulomb (SR)   Coul. recip.      Potential
   -2.23992e+02   -2.72019e+03   -3.53246e+03    3.66798e+03    1.27948e+04
 Pressure (bar)
    0.00000e+00

           Step           Time         Lambda
           1437     1437.00000        0.00000

   Energies (kJ/mol)
        G96Bond       G96Angle    Proper Dih.  Improper Dih.          LJ-14
    3.57716e+03    9.60934e+01    1.29858e+02    2.21992e+00    1.17984e+04
     Coulomb-14        LJ (SR)   Coulomb (SR)   Coul. recip.      Potential
   -2.24152e+02   -2.72023e+03   -3.53244e+03    3.66785e+03    1.27947e+04
 Pressure (bar)
    0.00000e+00

           Step           Time         Lambda
           1438     1438.00000        0.00000

           Step           Time         Lambda
           1439     1439.00000        0.00000

   Energies (kJ/mol)
        G96Bond       G96Angle    Proper Dih.  Improper Dih.          LJ-14
    3.57700e+03    9.58142e+01    1.29844e+02    2.22008e+00    1.17984e+04
     Coulomb-14        LJ (SR)   Coulomb (SR)   Coul. recip.      Potential
   -2.24057e+02   -2.72024e+03   -3.53245e+03    3.66784e+03    1.27943e+04
 Pressure (bar)
    0.00000e+00

           Step           Time         Lambda
           1440     1440.00000        0.00000

   Energies (kJ/mol)
        G96Bond       G96Angle    Proper Dih.  Improper Dih.          LJ-14
    3.57745e+03    9.61738e+01    1.29841e+02    2.22136e+00    1.17981e+04
     Coulomb-14        LJ (SR)   Coulomb (SR)   Coul. recip.      Potential
   -2.24167e+02   -2.72037e+03   -3.53243e+03    3.66747e+03    1.27943e+04
 Pressure (bar)
    0.00000e+00

           Step           Time         Lambda
           1441     1441.00000        0.00000

   Energies (kJ/mol)
        G96Bond       G96Angle    Proper Dih.  Improper Dih.          LJ-14
    3.57724e+03    9.57829e+01    1.29820e+02    2.22153e+00    1.17981e+04
     Coulomb-14        LJ (SR)   Coulomb (SR)   Coul. recip.      Potential
   -2.24031e+02   -2.72038e+03   -3.53244e+03    3.66748e+03    1.27938e+04
 Pressure (bar)
    0.00000e+00

           Step           Time         Lambda
           1442     1442.00000        0.00000

           Step           Time         Lambda
           1443     1443.00000        0.00000

   Energies (kJ/mol)
        G96Bond       G96Angle    Proper Dih.  Improper Dih.          LJ-14
    3.57727e+03    9.59522e+01    1.29826e+02    2.22185e+00    1.17981e+04
     Coulomb-14        LJ (SR)   Coulomb (SR)   Coul. recip.      Potential
   -2.24113e+02   -2.72041e+03   -3.53243e+03    3.66737e+03    1.27937e+04
 Pressure (bar)
    0.00000e+00

           Step           Time         Lambda
           1444     1444.00000        0.00000

   Energies (kJ/mol)
        G96Bond       G96Angle    Proper Dih.  Improper Dih.          LJ-14
    3.57737e+03    9.57692e+01    1.29810e+02    2.22216e+00    1.17980e+04
     Coulomb-14        LJ (SR)   Coulomb (SR)   Coul. recip.      Potential
   -2.24014e+02   -2.72044e+03   -3.53244e+03    3.66733e+03    1.27937e+04
 Pressure (bar)
    0.00000e+00

           Step           Time         Lambda
           1445     1445.00000        0.00000

   Energies (kJ/mol)
        G96Bond       G96Angle    Proper Dih.  Improper Dih.          LJ-14
    3.57741e+03    9.60202e+01    1.29820e+02    2.22251e+00    1.17979e+04
     Coulomb-14        LJ (SR)   Coulomb (SR)   Coul. recip.      Potential
   -2.24131e+02   -2.72047e+03   -3.53242e+03    3.66721e+03    1.27936e+04
 Pressure (bar)
    0.00000e+00

           Step           Time         Lambda
           1446     1446.00000        0.00000

   Energies (kJ/mol)
        G96Bond       G96Angle    Proper Dih.  Improper Dih.          LJ-14
    3.57756e+03    9.57645e+01    1.29799e+02    2.22282e+00    1.17979e+04
     Coulomb-14        LJ (SR)   Coulomb (SR)   Coul. recip.      Potential
   -2.23988e+02   -2.72050e+03   -3.53244e+03    3.66719e+03    1.27936e+04
 Pressure (bar)
    0.00000e+00

           Step           Time         Lambda
           1447     1447.00000        0.00000

           Step           Time         Lambda
           1448     1448.00000        0.00000

   Energies (kJ/mol)
        G96Bond       G96Angle    Proper Dih.  Improper Dih.          LJ-14
    3.57735e+03    9.58494e+01    1.29806e+02    2.22300e+00    1.17979e+04
     Coulomb-14        LJ (SR)   Coulomb (SR)   Coul. recip.      Potential
   -2.24074e+02   -2.72051e+03   -3.53243e+03    3.66711e+03    1.27932e+04
 Pressure (bar)
    0.00000e+00

           Step           Time         Lambda
           1449     1449.00000        0.00000

   Energies (kJ/mol)
        G96Bond       G96Angle    Proper Dih.  Improper Dih.          LJ-14
    3.57787e+03    9.57666e+01    1.29774e+02    2.22455e+00    1.17977e+04
     Coulomb-14        LJ (SR)   Coulomb (SR)   Coul. recip.      Potential
   -2.23967e+02   -2.72066e+03   -3.53243e+03    3.66677e+03    1.27930e+04
 Pressure (bar)
    0.00000e+00

           Step           Time         Lambda
           1450     1450.00000        0.00000

   Energies (kJ/mol)
        G96Bond       G96Angle    Proper Dih.  Improper Dih.          LJ-14
    3.57759e+03    9.58971e+01    1.29784e+02    2.22473e+00    1.17976e+04
     Coulomb-14        LJ (SR)   Coulomb (SR)   Coul. recip.      Potential
   -2.24094e+02   -2.72068e+03   -3.53241e+03    3.66668e+03    1.27926e+04
 Pressure (bar)
    0.00000e+00

           Step           Time         Lambda
           1451     1451.00000        0.00000

           Step           Time         Lambda
           1452     1452.00000        0.00000

   Energies (kJ/mol)
        G96Bond       G96Angle    Proper Dih.  Improper Dih.          LJ-14
    3.57770e+03    9.57679e+01    1.29771e+02    2.22511e+00    1.17976e+04
     Coulomb-14        LJ (SR)   Coulomb (SR)   Coul. recip.      Potential
   -2.24018e+02   -2.72071e+03   -3.53242e+03    3.66662e+03    1.27925e+04
 Pressure (bar)
    0.00000e+00

           Step           Time         Lambda
           1453     1453.00000        0.00000

   Energies (kJ/mol)
        G96Bond       G96Angle    Proper Dih.  Improper Dih.          LJ-14
    3.57769e+03    9.59387e+01    1.29778e+02    2.22541e+00    1.17975e+04
     Coulomb-14        LJ (SR)   Coulomb (SR)   Coul. recip.      Potential
   -2.24108e+02   -2.72074e+03   -3.53240e+03    3.66652e+03    1.27924e+04
 Pressure (bar)
    0.00000e+00

           Step           Time         Lambda
           1454     1454.00000        0.00000

   Energies (kJ/mol)
        G96Bond       G96Angle    Proper Dih.  Improper Dih.          LJ-14
    3.57784e+03    9.57588e+01    1.29761e+02    2.22574e+00    1.17975e+04
     Coulomb-14        LJ (SR)   Coulomb (SR)   Coul. recip.      Potential
   -2.24000e+02   -2.72077e+03   -3.53242e+03    3.66647e+03    1.27924e+04
 Pressure (bar)
    0.00000e+00

           Step           Time         Lambda
           1455     1455.00000        0.00000

   Energies (kJ/mol)
        G96Bond       G96Angle    Proper Dih.  Improper Dih.          LJ-14
    3.57783e+03    9.60109e+01    1.29772e+02    2.22608e+00    1.17974e+04
     Coulomb-14        LJ (SR)   Coulomb (SR)   Coul. recip.      Potential
   -2.24128e+02   -2.72080e+03   -3.53240e+03    3.66635e+03    1.27923e+04
 Pressure (bar)
    0.00000e+00

           Step           Time         Lambda
           1456     1456.00000        0.00000

           Step           Time         Lambda
           1457     1457.00000        0.00000

   Energies (kJ/mol)
        G96Bond       G96Angle    Proper Dih.  Improper Dih.          LJ-14
    3.57775e+03    9.58047e+01    1.29760e+02    2.22622e+00    1.17974e+04
     Coulomb-14        LJ (SR)   Coulomb (SR)   Coul. recip.      Potential
   -2.24050e+02   -2.72081e+03   -3.53241e+03    3.66634e+03    1.27920e+04
 Pressure (bar)
    0.00000e+00

           Step           Time         Lambda
           1458     1458.00000        0.00000

   Energies (kJ/mol)
        G96Bond       G96Angle    Proper Dih.  Improper Dih.          LJ-14
    3.57804e+03    9.60675e+01    1.29757e+02    2.22738e+00    1.17972e+04
     Coulomb-14        LJ (SR)   Coulomb (SR)   Coul. recip.      Potential
   -2.24141e+02   -2.72092e+03   -3.53239e+03    3.66603e+03    1.27919e+04
 Pressure (bar)
    0.00000e+00

           Step           Time         Lambda
           1459     1459.00000        0.00000

   Energies (kJ/mol)
        G96Bond       G96Angle    Proper Dih.  Improper Dih.          LJ-14
    3.57793e+03    9.57779e+01    1.29740e+02    2.22755e+00    1.17972e+04
     Coulomb-14        LJ (SR)   Coulomb (SR)   Coul. recip.      Potential
   -2.24030e+02   -2.72093e+03   -3.53240e+03    3.66603e+03    1.27916e+04
 Pressure (bar)
    0.00000e+00

           Step           Time         Lambda
           1460     1460.00000        0.00000

           Step           Time         Lambda
           1461     1461.00000        0.00000

   Energies (kJ/mol)
        G96Bond       G96Angle    Proper Dih.  Improper Dih.          LJ-14
    3.57795e+03    9.59103e+01    1.29744e+02    2.22787e+00    1.17971e+04
     Coulomb-14        LJ (SR)   Coulomb (SR)   Coul. recip.      Potential
   -2.24095e+02   -2.72096e+03   -3.53239e+03    3.66593e+03    1.27915e+04
 Pressure (bar)
    0.00000e+00

           Step           Time         Lambda
           1462     1462.00000        0.00000

   Energies (kJ/mol)
        G96Bond       G96Angle    Proper Dih.  Improper Dih.          LJ-14
    3.57804e+03    9.57650e+01    1.29731e+02    2.22821e+00    1.17971e+04
     Coulomb-14        LJ (SR)   Coulomb (SR)   Coul. recip.      Potential
   -2.24015e+02   -2.72099e+03   -3.53240e+03    3.66588e+03    1.27914e+04
 Pressure (bar)
    0.00000e+00

           Step           Time         Lambda
           1463     1463.00000        0.00000

   Energies (kJ/mol)
        G96Bond       G96Angle    Proper Dih.  Improper Dih.          LJ-14
    3.57806e+03    9.59591e+01    1.29738e+02    2.22859e+00    1.17970e+04
     Coulomb-14        LJ (SR)   Coulomb (SR)   Coul. recip.      Potential
   -2.24109e+02   -2.72102e+03   -3.53239e+03    3.66577e+03    1.27913e+04
 Pressure (bar)
    0.00000e+00

           Step           Time         Lambda
           1464     1464.00000        0.00000

   Energies (kJ/mol)
        G96Bond       G96Angle    Proper Dih.  Improper Dih.          LJ-14
    3.57819e+03    9.57553e+01    1.29721e+02    2.22889e+00    1.17970e+04
     Coulomb-14        LJ (SR)   Coulomb (SR)   Coul. recip.      Potential
   -2.23993e+02   -2.72105e+03   -3.53240e+03    3.66574e+03    1.27912e+04
 Pressure (bar)
    0.00000e+00

           Step           Time         Lambda
           1465     1465.00000        0.00000

   Energies (kJ/mol)
        G96Bond       G96Angle    Proper Dih.  Improper Dih.          LJ-14
    3.57821e+03    9.60421e+01    1.29733e+02    2.22925e+00    1.17969e+04
     Coulomb-14        LJ (SR)   Coulomb (SR)   Coul. recip.      Potential
   -2.24132e+02   -2.72108e+03   -3.53238e+03    3.66561e+03    1.27912e+04
 Pressure (bar)
    0.00000e+00

           Step           Time         Lambda
           1466     1466.00000        0.00000

           Step           Time         Lambda
           1467     1467.00000        0.00000

   Energies (kJ/mol)
        G96Bond       G96Angle    Proper Dih.  Improper Dih.          LJ-14
    3.57809e+03    9.58061e+01    1.29721e+02    2.22942e+00    1.17969e+04
     Coulomb-14        LJ (SR)   Coulomb (SR)   Coul. recip.      Potential
   -2.24049e+02   -2.72109e+03   -3.53239e+03    3.66560e+03    1.27909e+04
 Pressure (bar)
    0.00000e+00

           Step           Time         Lambda
           1468     1468.00000        0.00000

   Energies (kJ/mol)
        G96Bond       G96Angle    Proper Dih.  Improper Dih.          LJ-14
    3.57850e+03    9.61066e+01    1.29711e+02    2.23100e+00    1.17967e+04
     Coulomb-14        LJ (SR)   Coulomb (SR)   Coul. recip.      Potential
   -2.24143e+02   -2.72126e+03   -3.53237e+03    3.66515e+03    1.27906e+04
 Pressure (bar)
    0.00000e+00

           Step           Time         Lambda
           1469     1469.00000        0.00000

   Energies (kJ/mol)
        G96Bond       G96Angle    Proper Dih.  Improper Dih.          LJ-14
    3.57834e+03    9.57765e+01    1.29693e+02    2.23123e+00    1.17967e+04
     Coulomb-14        LJ (SR)   Coulomb (SR)   Coul. recip.      Potential
   -2.24025e+02   -2.72127e+03   -3.53238e+03    3.66515e+03    1.27902e+04
 Pressure (bar)
    0.00000e+00

           Step           Time         Lambda
           1470     1470.00000        0.00000

           Step           Time         Lambda
           1471     1471.00000        0.00000

   Energies (kJ/mol)
        G96Bond       G96Angle    Proper Dih.  Improper Dih.          LJ-14
    3.57838e+03    9.59265e+01    1.29697e+02    2.23163e+00    1.17966e+04
     Coulomb-14        LJ (SR)   Coulomb (SR)   Coul. recip.      Potential
   -2.24097e+02   -2.72130e+03   -3.53237e+03    3.66504e+03    1.27901e+04
 Pressure (bar)
    0.00000e+00

           Step           Time         Lambda
           1472     1472.00000        0.00000

   Energies (kJ/mol)
        G96Bond       G96Angle    Proper Dih.  Improper Dih.          LJ-14
    3.57845e+03    9.57613e+01    1.29683e+02    2.23189e+00    1.17966e+04
     Coulomb-14        LJ (SR)   Coulomb (SR)   Coul. recip.      Potential
   -2.24011e+02   -2.72133e+03   -3.53238e+03    3.66500e+03    1.27900e+04
 Pressure (bar)
    0.00000e+00

           Step           Time         Lambda
           1473     1473.00000        0.00000

   Energies (kJ/mol)
        G96Bond       G96Angle    Proper Dih.  Improper Dih.          LJ-14
    3.57849e+03    9.59834e+01    1.29691e+02    2.23226e+00    1.17965e+04
     Coulomb-14        LJ (SR)   Coulomb (SR)   Coul. recip.      Potential
   -2.24114e+02   -2.72136e+03   -3.53236e+03    3.66488e+03    1.27900e+04
 Pressure (bar)
    0.00000e+00

           Step           Time         Lambda
           1474     1474.00000        0.00000

   Energies (kJ/mol)
        G96Bond       G96Angle    Proper Dih.  Improper Dih.          LJ-14
    3.57860e+03    9.57520e+01    1.29673e+02    2.23254e+00    1.17965e+04
     Coulomb-14        LJ (SR)   Coulomb (SR)   Coul. recip.      Potential
   -2.23989e+02   -2.72138e+03   -3.53237e+03    3.66486e+03    1.27899e+04
 Pressure (bar)
    0.00000e+00

           Step           Time         Lambda
           1475     1475.00000        0.00000

           Step           Time         Lambda
           1476     1476.00000        0.00000

   Energies (kJ/mol)
        G96Bond       G96Angle    Proper Dih.  Improper Dih.          LJ-14
    3.57846e+03    9.58397e+01    1.29679e+02    2.23272e+00    1.17965e+04
     Coulomb-14        LJ (SR)   Coulomb (SR)   Coul. recip.      Potential
   -2.24064e+02   -2.72140e+03   -3.53236e+03    3.66479e+03    1.27896e+04
 Pressure (bar)
    0.00000e+00

           Step           Time         Lambda
           1477     1477.00000        0.00000

   Energies (kJ/mol)
        G96Bond       G96Angle    Proper Dih.  Improper Dih.          LJ-14
    3.57883e+03    9.57491e+01    1.29654e+02    2.23404e+00    1.17963e+04
     Coulomb-14        LJ (SR)   Coulomb (SR)   Coul. recip.      Potential
   -2.23972e+02   -2.72151e+03   -3.53237e+03    3.66453e+03    1.27895e+04
 Pressure (bar)
    0.00000e+00

           Step           Time         Lambda
           1478     1478.00000        0.00000

   Energies (kJ/mol)
        G96Bond       G96Angle    Proper Dih.  Improper Dih.          LJ-14
    3.57863e+03    9.58817e+01    1.29663e+02    2.23425e+00    1.17962e+04
     Coulomb-14        LJ (SR)   Coulomb (SR)   Coul. recip.      Potential
   -2.24080e+02   -2.72153e+03   -3.53236e+03    3.66445e+03    1.27891e+04
 Pressure (bar)
    0.00000e+00

           Step           Time         Lambda
           1479     1479.00000        0.00000

           Step           Time         Lambda
           1480     1480.00000        0.00000

   Energies (kJ/mol)
        G96Bond       G96Angle    Proper Dih.  Improper Dih.          LJ-14
    3.57871e+03    9.57653e+01    1.29651e+02    2.23457e+00    1.17962e+04
     Coulomb-14        LJ (SR)   Coulomb (SR)   Coul. recip.      Potential
   -2.24014e+02   -2.72156e+03   -3.53236e+03    3.66439e+03    1.27890e+04
 Pressure (bar)
    0.00000e+00

           Step           Time         Lambda
           1481     1481.00000        0.00000

   Energies (kJ/mol)
        G96Bond       G96Angle    Proper Dih.  Improper Dih.          LJ-14
    3.57871e+03    9.59173e+01    1.29656e+02    2.23490e+00    1.17962e+04
     Coulomb-14        LJ (SR)   Coulomb (SR)   Coul. recip.      Potential
   -2.24091e+02   -2.72159e+03   -3.53235e+03    3.66429e+03    1.27889e+04
 Pressure (bar)
    0.00000e+00

           Step           Time         Lambda
           1482     1482.00000        0.00000

   Energies (kJ/mol)
        G96Bond       G96Angle    Proper Dih.  Improper Dih.          LJ-14
    3.57882e+03    9.57541e+01    1.29641e+02    2.23523e+00    1.17961e+04
     Coulomb-14        LJ (SR)   Coulomb (SR)   Coul. recip.      Potential
   -2.23998e+02   -2.72162e+03   -3.53236e+03    3.66426e+03    1.27889e+04
 Pressure (bar)
    0.00000e+00

           Step           Time         Lambda
           1483     1483.00000        0.00000

   Energies (kJ/mol)
        G96Bond       G96Angle    Proper Dih.  Improper Dih.          LJ-14
    3.57883e+03    9.59774e+01    1.29651e+02    2.23554e+00    1.17961e+04
     Coulomb-14        LJ (SR)   Coulomb (SR)   Coul. recip.      Potential
   -2.24108e+02   -2.72165e+03   -3.53235e+03    3.66414e+03    1.27888e+04
 Pressure (bar)
    0.00000e+00

           Step           Time         Lambda
           1484     1484.00000        0.00000

   Energies (kJ/mol)
        G96Bond       G96Angle    Proper Dih.  Improper Dih.          LJ-14
    3.57898e+03    9.57499e+01    1.29632e+02    2.23586e+00    1.17961e+04
     Coulomb-14        LJ (SR)   Coulomb (SR)   Coul. recip.      Potential
   -2.23974e+02   -2.72167e+03   -3.53236e+03    3.66412e+03    1.27888e+04
 Pressure (bar)
    0.00000e+00

           Step           Time         Lambda
           1485     1485.00000        0.00000

   Energies (kJ/mol)
        G96Bond       G96Angle    Proper Dih.  Improper Dih.          LJ-14
    3.57900e+03    9.60815e+01    1.29647e+02    2.23620e+00    1.17960e+04
     Coulomb-14        LJ (SR)   Coulomb (SR)   Coul. recip.      Potential
   -2.24134e+02   -2.72171e+03   -3.53234e+03    3.66398e+03    1.27887e+04
 Pressure (bar)
    0.00000e+00

           Step           Time         Lambda
           1486     1486.00000        0.00000

           Step           Time         Lambda
           1487     1487.00000        0.00000

   Energies (kJ/mol)
        G96Bond       G96Angle    Proper Dih.  Improper Dih.          LJ-14
    3.57883e+03    9.57983e+01    1.29633e+02    2.23636e+00    1.17960e+04
     Coulomb-14        LJ (SR)   Coulomb (SR)   Coul. recip.      Potential
   -2.24037e+02   -2.72172e+03   -3.53235e+03    3.66398e+03    1.27884e+04
 Pressure (bar)
    0.00000e+00

           Step           Time         Lambda
           1488     1488.00000        0.00000

   Energies (kJ/mol)
        G96Bond       G96Angle    Proper Dih.  Improper Dih.          LJ-14
    3.57928e+03    9.61614e+01    1.29627e+02    2.23799e+00    1.17957e+04
     Coulomb-14        LJ (SR)   Coulomb (SR)   Coul. recip.      Potential
   -2.24146e+02   -2.72186e+03   -3.53233e+03    3.66357e+03    1.27883e+04
 Pressure (bar)
    0.00000e+00

           Step           Time         Lambda
           1489     1489.00000        0.00000

   Energies (kJ/mol)
        G96Bond       G96Angle    Proper Dih.  Improper Dih.          LJ-14
    3.57905e+03    9.57661e+01    1.29607e+02    2.23817e+00    1.17958e+04
     Coulomb-14        LJ (SR)   Coulomb (SR)   Coul. recip.      Potential
   -2.24010e+02   -2.72188e+03   -3.53234e+03    3.66358e+03    1.27878e+04
 Pressure (bar)
    0.00000e+00

           Step           Time         Lambda
           1490     1490.00000        0.00000

           Step           Time         Lambda
           1491     1491.00000        0.00000

   Energies (kJ/mol)
        G96Bond       G96Angle    Proper Dih.  Improper Dih.          LJ-14
    3.57909e+03    9.59416e+01    1.29612e+02    2.23854e+00    1.17957e+04
     Coulomb-14        LJ (SR)   Coulomb (SR)   Coul. recip.      Potential
   -2.24092e+02   -2.72191e+03   -3.53233e+03    3.66347e+03    1.27877e+04
 Pressure (bar)
    0.00000e+00

           Step           Time         Lambda
           1492     1492.00000        0.00000

   Energies (kJ/mol)
        G96Bond       G96Angle    Proper Dih.  Improper Dih.          LJ-14
    3.57917e+03    9.57536e+01    1.29597e+02    2.23885e+00    1.17957e+04
     Coulomb-14        LJ (SR)   Coulomb (SR)   Coul. recip.      Potential
   -2.23993e+02   -2.72193e+03   -3.53234e+03    3.66344e+03    1.27876e+04
 Pressure (bar)
    0.00000e+00

           Step           Time         Lambda
           1493     1493.00000        0.00000

   Energies (kJ/mol)
        G96Bond       G96Angle    Proper Dih.  Improper Dih.          LJ-14
    3.57922e+03    9.60106e+01    1.29607e+02    2.23922e+00    1.17956e+04
     Coulomb-14        LJ (SR)   Coulomb (SR)   Coul. recip.      Potential
   -2.24111e+02   -2.72197e+03   -3.53233e+03    3.66332e+03    1.27876e+04
 Pressure (bar)
    0.00000e+00

           Step           Time         Lambda
           1494     1494.00000        0.00000

   Energies (kJ/mol)
        G96Bond       G96Angle    Proper Dih.  Improper Dih.          LJ-14
    3.57934e+03    9.57479e+01    1.29587e+02    2.23949e+00    1.17956e+04
     Coulomb-14        LJ (SR)   Coulomb (SR)   Coul. recip.      Potential
   -2.23968e+02   -2.72199e+03   -3.53234e+03    3.66330e+03    1.27875e+04
 Pressure (bar)
    0.00000e+00

           Step           Time         Lambda
           1495     1495.00000        0.00000

           Step           Time         Lambda
           1496     1496.00000        0.00000

   Energies (kJ/mol)
        G96Bond       G96Angle    Proper Dih.  Improper Dih.          LJ-14
    3.57914e+03    9.58382e+01    1.29595e+02    2.23964e+00    1.17956e+04
     Coulomb-14        LJ (SR)   Coulomb (SR)   Coul. recip.      Potential
   -2.24053e+02   -2.72201e+03   -3.53233e+03    3.66323e+03    1.27872e+04
 Pressure (bar)
    0.00000e+00

           Step           Time         Lambda
           1497     1497.00000        0.00000

   Energies (kJ/mol)
        G96Bond       G96Angle    Proper Dih.  Improper Dih.          LJ-14
    3.57959e+03    9.57521e+01    1.29568e+02    2.24102e+00    1.17954e+04
     Coulomb-14        LJ (SR)   Coulomb (SR)   Coul. recip.      Potential
   -2.23946e+02   -2.72212e+03   -3.53234e+03    3.66296e+03    1.27871e+04
 Pressure (bar)
    0.00000e+00

           Step           Time         Lambda
           1498     1498.00000        0.00000

   Energies (kJ/mol)
        G96Bond       G96Angle    Proper Dih.  Improper Dih.          LJ-14
    3.57931e+03    9.58896e+01    1.29578e+02    2.24124e+00    1.17953e+04
     Coulomb-14        LJ (SR)   Coulomb (SR)   Coul. recip.      Potential
   -2.24071e+02   -2.72214e+03   -3.53232e+03    3.66287e+03    1.27867e+04
 Pressure (bar)
    0.00000e+00

           Step           Time         Lambda
           1499     1499.00000        0.00000

           Step           Time         Lambda
           1500     1500.00000        0.00000

   Energies (kJ/mol)
        G96Bond       G96Angle    Proper Dih.  Improper Dih.          LJ-14
    3.57940e+03    9.57581e+01    1.29566e+02    2.24156e+00    1.17953e+04
     Coulomb-14        LJ (SR)   Coulomb (SR)   Coul. recip.      Potential
   -2.23995e+02   -2.72217e+03   -3.53233e+03    3.66282e+03    1.27866e+04
 Pressure (bar)
    0.00000e+00

           Step           Time         Lambda
           1501     1501.00000        0.00000

   Energies (kJ/mol)
        G96Bond       G96Angle    Proper Dih.  Improper Dih.          LJ-14
    3.57940e+03    9.59326e+01    1.29573e+02    2.24187e+00    1.17953e+04
     Coulomb-14        LJ (SR)   Coulomb (SR)   Coul. recip.      Potential
   -2.24085e+02   -2.72220e+03   -3.53232e+03    3.66272e+03    1.27865e+04
 Pressure (bar)
    0.00000e+00

           Step           Time         Lambda
           1502     1502.00000        0.00000

   Energies (kJ/mol)
        G96Bond       G96Angle    Proper Dih.  Improper Dih.          LJ-14
    3.57953e+03    9.57490e+01    1.29557e+02    2.24221e+00    1.17953e+04
     Coulomb-14        LJ (SR)   Coulomb (SR)   Coul. recip.      Potential
   -2.23977e+02   -2.72223e+03   -3.53233e+03    3.66268e+03    1.27865e+04
 Pressure (bar)
    0.00000e+00

           Step           Time         Lambda
           1503     1503.00000        0.00000

   Energies (kJ/mol)
        G96Bond       G96Angle    Proper Dih.  Improper Dih.          LJ-14
    3.57953e+03    9.60070e+01    1.29568e+02    2.24255e+00    1.17952e+04
     Coulomb-14        LJ (SR)   Coulomb (SR)   Coul. recip.      Potential
   -2.24104e+02   -2.72226e+03   -3.53232e+03    3.66256e+03    1.27864e+04
 Pressure (bar)
    0.00000e+00

           Step           Time         Lambda
           1504     1504.00000        0.00000

           Step           Time         Lambda
           1505     1505.00000        0.00000

   Energies (kJ/mol)
        G96Bond       G96Angle    Proper Dih.  Improper Dih.          LJ-14
    3.57943e+03    9.57979e+01    1.29557e+02    2.24275e+00    1.17952e+04
     Coulomb-14        LJ (SR)   Coulomb (SR)   Coul. recip.      Potential
   -2.24027e+02   -2.72227e+03   -3.53232e+03    3.66255e+03    1.27861e+04
 Pressure (bar)
    0.00000e+00

           Step           Time         Lambda
           1506     1506.00000        0.00000

   Energies (kJ/mol)
        G96Bond       G96Angle    Proper Dih.  Improper Dih.          LJ-14
    3.57973e+03    9.60671e+01    1.29552e+02    2.24425e+00    1.17950e+04
     Coulomb-14        LJ (SR)   Coulomb (SR)   Coul. recip.      Potential
   -2.24116e+02   -2.72239e+03   -3.53231e+03    3.66221e+03    1.27860e+04
 Pressure (bar)
    0.00000e+00

           Step           Time         Lambda
           1507     1507.00000        0.00000

   Energies (kJ/mol)
        G96Bond       G96Angle    Proper Dih.  Improper Dih.          LJ-14
    3.57961e+03    9.57730e+01    1.29536e+02    2.24438e+00    1.17950e+04
     Coulomb-14        LJ (SR)   Coulomb (SR)   Coul. recip.      Potential
   -2.24006e+02   -2.72241e+03   -3.53232e+03    3.66220e+03    1.27856e+04
 Pressure (bar)
    0.00000e+00

           Step           Time         Lambda
           1508     1508.00000        0.00000

           Step           Time         Lambda
           1509     1509.00000        0.00000

   Energies (kJ/mol)
        G96Bond       G96Angle    Proper Dih.  Improper Dih.          LJ-14
    3.57964e+03    9.59078e+01    1.29540e+02    2.24472e+00    1.17949e+04
     Coulomb-14        LJ (SR)   Coulomb (SR)   Coul. recip.      Potential
   -2.24071e+02   -2.72244e+03   -3.53231e+03    3.66210e+03    1.27855e+04
 Pressure (bar)
    0.00000e+00

           Step           Time         Lambda
           1510     1510.00000        0.00000

   Energies (kJ/mol)
        G96Bond       G96Angle    Proper Dih.  Improper Dih.          LJ-14
    3.57971e+03    9.57591e+01    1.29527e+02    2.24504e+00    1.17949e+04
     Coulomb-14        LJ (SR)   Coulomb (SR)   Coul. recip.      Potential
   -2.23990e+02   -2.72246e+03   -3.53232e+03    3.66206e+03    1.27854e+04
 Pressure (bar)
    0.00000e+00

           Step           Time         Lambda
           1511     1511.00000        0.00000

   Energies (kJ/mol)
        G96Bond       G96Angle    Proper Dih.  Improper Dih.          LJ-14
    3.57973e+03    9.59582e+01    1.29534e+02    2.24539e+00    1.17949e+04
     Coulomb-14        LJ (SR)   Coulomb (SR)   Coul. recip.      Potential
   -2.24085e+02   -2.72250e+03   -3.53230e+03    3.66195e+03    1.27854e+04
 Pressure (bar)
    0.00000e+00

           Step           Time         Lambda
           1512     1512.00000        0.00000

   Energies (kJ/mol)
        G96Bond       G96Angle    Proper Dih.  Improper Dih.          LJ-14
    3.57984e+03    9.57494e+01    1.29518e+02    2.24569e+00    1.17948e+04
     Coulomb-14        LJ (SR)   Coulomb (SR)   Coul. recip.      Potential
   -2.23970e+02   -2.72252e+03   -3.53232e+03    3.66193e+03    1.27853e+04
 Pressure (bar)
    0.00000e+00

           Step           Time         Lambda
           1513     1513.00000        0.00000

   Energies (kJ/mol)
        G96Bond       G96Angle    Proper Dih.  Improper Dih.          LJ-14
    3.57987e+03    9.60438e+01    1.29530e+02    2.24604e+00    1.17948e+04
     Coulomb-14        LJ (SR)   Coulomb (SR)   Coul. recip.      Potential
   -2.24107e+02   -2.72255e+03   -3.53230e+03    3.66180e+03    1.27853e+04
 Pressure (bar)
    0.00000e+00

           Step           Time         Lambda
           1514     1514.00000        0.00000

   Energies (kJ/mol)
        G96Bond       G96Angle    Proper Dih.  Improper Dih.          LJ-14
    3.58004e+03    9.57530e+01    1.29508e+02    2.24636e+00    1.17948e+04
     Coulomb-14        LJ (SR)   Coulomb (SR)   Coul. recip.      Potential
   -2.23942e+02   -2.72257e+03   -3.53232e+03    3.66179e+03    1.27853e+04
 Pressure (bar)
    0.00000e+00

           Step           Time         Lambda
           1515     1515.00000        0.00000

           Step           Time         Lambda
           1516     1516.00000        0.00000

   Energies (kJ/mol)
        G96Bond       G96Angle    Proper Dih.  Improper Dih.          LJ-14
    3.57976e+03    9.58369e+01    1.29516e+02    2.24655e+00    1.17947e+04
     Coulomb-14        LJ (SR)   Coulomb (SR)   Coul. recip.      Potential
   -2.24041e+02   -2.72259e+03   -3.53231e+03    3.66172e+03    1.27849e+04
 Pressure (bar)
    0.00000e+00

           Step           Time         Lambda
           1517     1517.00000        0.00000

   Energies (kJ/mol)
        G96Bond       G96Angle    Proper Dih.  Improper Dih.          LJ-14
    3.58034e+03    9.57691e+01    1.29484e+02    2.24842e+00    1.17946e+04
     Coulomb-14        LJ (SR)   Coulomb (SR)   Coul. recip.      Potential
   -2.23915e+02   -2.72274e+03   -3.53231e+03    3.66137e+03    1.27848e+04
 Pressure (bar)
    0.00000e+00

           Step           Time         Lambda
           1518     1518.00000        0.00000

   Energies (kJ/mol)
        G96Bond       G96Angle    Proper Dih.  Improper Dih.          LJ-14
    3.57995e+03    9.59007e+01    1.29497e+02    2.24863e+00    1.17945e+04
     Coulomb-14        LJ (SR)   Coulomb (SR)   Coul. recip.      Potential
   -2.24060e+02   -2.72276e+03   -3.53230e+03    3.66129e+03    1.27843e+04
 Pressure (bar)
    0.00000e+00

           Step           Time         Lambda
           1519     1519.00000        0.00000

           Step           Time         Lambda
           1520     1520.00000        0.00000

   Energies (kJ/mol)
        G96Bond       G96Angle    Proper Dih.  Improper Dih.          LJ-14
    3.58007e+03    9.57551e+01    1.29483e+02    2.24900e+00    1.17945e+04
     Coulomb-14        LJ (SR)   Coulomb (SR)   Coul. recip.      Potential
   -2.23973e+02   -2.72279e+03   -3.53231e+03    3.66123e+03    1.27842e+04
 Pressure (bar)
    0.00000e+00

           Step           Time         Lambda
           1521     1521.00000        0.00000

   Energies (kJ/mol)
        G96Bond       G96Angle    Proper Dih.  Improper Dih.          LJ-14
    3.58005e+03    9.59517e+01    1.29491e+02    2.24931e+00    1.17944e+04
     Coulomb-14        LJ (SR)   Coulomb (SR)   Coul. recip.      Potential
   -2.24076e+02   -2.72282e+03   -3.53229e+03    3.66113e+03    1.27841e+04
 Pressure (bar)
    0.00000e+00

           Step           Time         Lambda
           1522     1522.00000        0.00000

           Step           Time         Lambda
           1523     1523.00000        0.00000

   Energies (kJ/mol)
        G96Bond       G96Angle    Proper Dih.  Improper Dih.          LJ-14
    3.58001e+03    9.57993e+01    1.29482e+02    2.24951e+00    1.17944e+04
     Coulomb-14        LJ (SR)   Coulomb (SR)   Coul. recip.      Potential
   -2.24014e+02   -2.72283e+03   -3.53230e+03    3.66112e+03    1.27839e+04
 Pressure (bar)
    0.00000e+00

           Step           Time         Lambda
           1524     1524.00000        0.00000

   Energies (kJ/mol)
        G96Bond       G96Angle    Proper Dih.  Improper Dih.          LJ-14
    3.58019e+03    9.59937e+01    1.29480e+02    2.25049e+00    1.17943e+04
     Coulomb-14        LJ (SR)   Coulomb (SR)   Coul. recip.      Potential
   -2.24085e+02   -2.72291e+03   -3.53229e+03    3.66088e+03    1.27838e+04
 Pressure (bar)
    0.00000e+00

           Step           Time         Lambda
           1525     1525.00000        0.00000

   Energies (kJ/mol)
        G96Bond       G96Angle    Proper Dih.  Improper Dih.          LJ-14
    3.58014e+03    9.57795e+01    1.29466e+02    2.25066e+00    1.17943e+04
     Coulomb-14        LJ (SR)   Coulomb (SR)   Coul. recip.      Potential
   -2.23997e+02   -2.72293e+03   -3.53230e+03    3.66086e+03    1.27836e+04
 Pressure (bar)
    0.00000e+00

           Step           Time         Lambda
           1526     1526.00000        0.00000

           Step           Time         Lambda
           1527     1527.00000        0.00000

   Energies (kJ/mol)
        G96Bond       G96Angle    Proper Dih.  Improper Dih.          LJ-14
    3.58014e+03    9.58822e+01    1.29470e+02    2.25098e+00    1.17942e+04
     Coulomb-14        LJ (SR)   Coulomb (SR)   Coul. recip.      Potential
   -2.24049e+02   -2.72296e+03   -3.53229e+03    3.66078e+03    1.27835e+04
 Pressure (bar)
    0.00000e+00

           Step           Time         Lambda
           1528     1528.00000        0.00000

   Energies (kJ/mol)
        G96Bond       G96Angle    Proper Dih.  Improper Dih.          LJ-14
    3.58022e+03    9.57681e+01    1.29458e+02    2.25134e+00    1.17942e+04
     Coulomb-14        LJ (SR)   Coulomb (SR)   Coul. recip.      Potential
   -2.23984e+02   -2.72298e+03   -3.53230e+03    3.66072e+03    1.27834e+04
 Pressure (bar)
    0.00000e+00

           Step           Time         Lambda
           1529     1529.00000        0.00000

   Energies (kJ/mol)
        G96Bond       G96Angle    Proper Dih.  Improper Dih.          LJ-14
    3.58022e+03    9.59191e+01    1.29464e+02    2.25166e+00    1.17942e+04
     Coulomb-14        LJ (SR)   Coulomb (SR)   Coul. recip.      Potential
   -2.24059e+02   -2.72301e+03   -3.53229e+03    3.66062e+03    1.27833e+04
 Pressure (bar)
    0.00000e+00

           Step           Time         Lambda
           1530     1530.00000        0.00000

   Energies (kJ/mol)
        G96Bond       G96Angle    Proper Dih.  Improper Dih.          LJ-14
    3.58032e+03    9.57580e+01    1.29449e+02    2.25205e+00    1.17942e+04
     Coulomb-14        LJ (SR)   Coulomb (SR)   Coul. recip.      Potential
   -2.23967e+02   -2.72304e+03   -3.53230e+03    3.66059e+03    1.27832e+04
 Pressure (bar)
    0.00000e+00

           Step           Time         Lambda
           1531     1531.00000        0.00000

   Energies (kJ/mol)
        G96Bond       G96Angle    Proper Dih.  Improper Dih.          LJ-14
    3.58032e+03    9.59790e+01    1.29459e+02    2.25237e+00    1.17941e+04
     Coulomb-14        LJ (SR)   Coulomb (SR)   Coul. recip.      Potential
   -2.24077e+02   -2.72307e+03   -3.53228e+03    3.66048e+03    1.27831e+04
 Pressure (bar)
    0.00000e+00

           Step           Time         Lambda
           1532     1532.00000        0.00000

   Energies (kJ/mol)
        G96Bond       G96Angle    Proper Dih.  Improper Dih.          LJ-14
    3.58048e+03    9.57548e+01    1.29440e+02    2.25269e+00    1.17941e+04
     Coulomb-14        LJ (SR)   Coulomb (SR)   Coul. recip.      Potential
   -2.23943e+02   -2.72309e+03   -3.53230e+03    3.66045e+03    1.27831e+04
 Pressure (bar)
    0.00000e+00

           Step           Time         Lambda
           1533     1533.00000        0.00000

   Energies (kJ/mol)
        G96Bond       G96Angle    Proper Dih.  Improper Dih.          LJ-14
    3.58048e+03    9.60821e+01    1.29455e+02    2.25302e+00    1.17940e+04
     Coulomb-14        LJ (SR)   Coulomb (SR)   Coul. recip.      Potential
   -2.24103e+02   -2.72313e+03   -3.53228e+03    3.66033e+03    1.27831e+04
 Pressure (bar)
    0.00000e+00

           Step           Time         Lambda
           1534     1534.00000        0.00000

           Step           Time         Lambda
           1535     1535.00000        0.00000

   Energies (kJ/mol)
        G96Bond       G96Angle    Proper Dih.  Improper Dih.          LJ-14
    3.58032e+03    9.58025e+01    1.29441e+02    2.25323e+00    1.17940e+04
     Coulomb-14        LJ (SR)   Coulomb (SR)   Coul. recip.      Potential
   -2.24007e+02   -2.72314e+03   -3.53229e+03    3.66032e+03    1.27827e+04
 Pressure (bar)
    0.00000e+00

           Step           Time         Lambda
           1536     1536.00000        0.00000

   Energies (kJ/mol)
        G96Bond       G96Angle    Proper Dih.  Improper Dih.          LJ-14
    3.58072e+03    9.61658e+01    1.29440e+02    2.25487e+00    1.17938e+04
     Coulomb-14        LJ (SR)   Coulomb (SR)   Coul. recip.      Potential
   -2.24115e+02   -2.72327e+03   -3.53227e+03    3.65996e+03    1.27827e+04
 Pressure (bar)
    0.00000e+00

           Step           Time         Lambda
           1537     1537.00000        0.00000

   Energies (kJ/mol)
        G96Bond       G96Angle    Proper Dih.  Improper Dih.          LJ-14
    3.58050e+03    9.57742e+01    1.29420e+02    2.25503e+00    1.17938e+04
     Coulomb-14        LJ (SR)   Coulomb (SR)   Coul. recip.      Potential
   -2.23979e+02   -2.72328e+03   -3.53229e+03    3.65996e+03    1.27822e+04
 Pressure (bar)
    0.00000e+00

           Step           Time         Lambda
           1538     1538.00000        0.00000

           Step           Time         Lambda
           1539     1539.00000        0.00000

   Energies (kJ/mol)
        G96Bond       G96Angle    Proper Dih.  Improper Dih.          LJ-14
    3.58052e+03    9.59476e+01    1.29426e+02    2.25539e+00    1.17938e+04
     Coulomb-14        LJ (SR)   Coulomb (SR)   Coul. recip.      Potential
   -2.24060e+02   -2.72331e+03   -3.53228e+03    3.65986e+03    1.27821e+04
 Pressure (bar)
    0.00000e+00

           Step           Time         Lambda
           1540     1540.00000        0.00000

   Energies (kJ/mol)
        G96Bond       G96Angle    Proper Dih.  Improper Dih.          LJ-14
    3.58060e+03    9.57627e+01    1.29411e+02    2.25568e+00    1.17938e+04
     Coulomb-14        LJ (SR)   Coulomb (SR)   Coul. recip.      Potential
   -2.23961e+02   -2.72333e+03   -3.53229e+03    3.65983e+03    1.27820e+04
 Pressure (bar)
    0.00000e+00

           Step           Time         Lambda
           1541     1541.00000        0.00000

   Energies (kJ/mol)
        G96Bond       G96Angle    Proper Dih.  Improper Dih.          LJ-14
    3.58064e+03    9.60176e+01    1.29422e+02    2.25606e+00    1.17937e+04
     Coulomb-14        LJ (SR)   Coulomb (SR)   Coul. recip.      Potential
   -2.24077e+02   -2.72337e+03   -3.53227e+03    3.65971e+03    1.27820e+04
 Pressure (bar)
    0.00000e+00

           Step           Time         Lambda
           1542     1542.00000        0.00000

   Energies (kJ/mol)
        G96Bond       G96Angle    Proper Dih.  Improper Dih.          LJ-14
    3.58076e+03    9.57589e+01    1.29402e+02    2.25635e+00    1.17937e+04
     Coulomb-14        LJ (SR)   Coulomb (SR)   Coul. recip.      Potential
   -2.23935e+02   -2.72339e+03   -3.53229e+03    3.65970e+03    1.27820e+04
 Pressure (bar)
    0.00000e+00

           Step           Time         Lambda
           1543     1543.00000        0.00000

           Step           Time         Lambda
           1544     1544.00000        0.00000

   Energies (kJ/mol)
        G96Bond       G96Angle    Proper Dih.  Improper Dih.          LJ-14
    3.58056e+03    9.58473e+01    1.29409e+02    2.25657e+00    1.17937e+04
     Coulomb-14        LJ (SR)   Coulomb (SR)   Coul. recip.      Potential
   -2.24020e+02   -2.72341e+03   -3.53228e+03    3.65963e+03    1.27817e+04
 Pressure (bar)
    0.00000e+00

           Step           Time         Lambda
           1545     1545.00000        0.00000

   Energies (kJ/mol)
        G96Bond       G96Angle    Proper Dih.  Improper Dih.          LJ-14
    3.58099e+03    9.57660e+01    1.29384e+02    2.25807e+00    1.17935e+04
     Coulomb-14        LJ (SR)   Coulomb (SR)   Coul. recip.      Potential
   -2.23914e+02   -2.72352e+03   -3.53229e+03    3.65935e+03    1.27816e+04
 Pressure (bar)
    0.00000e+00

           Step           Time         Lambda
           1546     1546.00000        0.00000

   Energies (kJ/mol)
        G96Bond       G96Angle    Proper Dih.  Improper Dih.          LJ-14
    3.58071e+03    9.59016e+01    1.29394e+02    2.25831e+00    1.17935e+04
     Coulomb-14        LJ (SR)   Coulomb (SR)   Coul. recip.      Potential
   -2.24039e+02   -2.72354e+03   -3.53227e+03    3.65927e+03    1.27812e+04
 Pressure (bar)
    0.00000e+00

           Step           Time         Lambda
           1547     1547.00000        0.00000

           Step           Time         Lambda
           1548     1548.00000        0.00000

   Energies (kJ/mol)
        G96Bond       G96Angle    Proper Dih.  Improper Dih.          LJ-14
    3.58080e+03    9.57710e+01    1.29382e+02    2.25873e+00    1.17935e+04
     Coulomb-14        LJ (SR)   Coulomb (SR)   Coul. recip.      Potential
   -2.23962e+02   -2.72357e+03   -3.53228e+03    3.65921e+03    1.27811e+04
 Pressure (bar)
    0.00000e+00

           Step           Time         Lambda
           1549     1549.00000        0.00000

   Energies (kJ/mol)
        G96Bond       G96Angle    Proper Dih.  Improper Dih.          LJ-14
    3.58079e+03    9.59456e+01    1.29389e+02    2.25904e+00    1.17934e+04
     Coulomb-14        LJ (SR)   Coulomb (SR)   Coul. recip.      Potential
   -2.24051e+02   -2.72360e+03   -3.53227e+03    3.65912e+03    1.27810e+04
 Pressure (bar)
    0.00000e+00

           Step           Time         Lambda
           1550     1550.00000        0.00000

   Energies (kJ/mol)
        G96Bond       G96Angle    Proper Dih.  Improper Dih.          LJ-14
    3.58091e+03    9.57632e+01    1.29374e+02    2.25937e+00    1.17934e+04
     Coulomb-14        LJ (SR)   Coulomb (SR)   Coul. recip.      Potential
   -2.23943e+02   -2.72363e+03   -3.53228e+03    3.65909e+03    1.27810e+04
 Pressure (bar)
    0.00000e+00

           Step           Time         Lambda
           1551     1551.00000        0.00000

   Energies (kJ/mol)
        G96Bond       G96Angle    Proper Dih.  Improper Dih.          LJ-14
    3.58090e+03    9.60194e+01    1.29385e+02    2.25968e+00    1.17933e+04
     Coulomb-14        LJ (SR)   Coulomb (SR)   Coul. recip.      Potential
   -2.24072e+02   -2.72366e+03   -3.53227e+03    3.65897e+03    1.27809e+04
 Pressure (bar)
    0.00000e+00

           Step           Time         Lambda
           1552     1552.00000        0.00000

           Step           Time         Lambda
           1553     1553.00000        0.00000

   Energies (kJ/mol)
        G96Bond       G96Angle    Proper Dih.  Improper Dih.          LJ-14
    3.58081e+03    9.58125e+01    1.29374e+02    2.25987e+00    1.17933e+04
     Coulomb-14        LJ (SR)   Coulomb (SR)   Coul. recip.      Potential
   -2.23995e+02   -2.72367e+03   -3.53228e+03    3.65896e+03    1.27806e+04
 Pressure (bar)
    0.00000e+00

           Step           Time         Lambda
           1554     1554.00000        0.00000

   Energies (kJ/mol)
        G96Bond       G96Angle    Proper Dih.  Improper Dih.          LJ-14
    3.58108e+03    9.60811e+01    1.29371e+02    2.26133e+00    1.17932e+04
     Coulomb-14        LJ (SR)   Coulomb (SR)   Coul. recip.      Potential
   -2.24082e+02   -2.72378e+03   -3.53226e+03    3.65865e+03    1.27805e+04
 Pressure (bar)
    0.00000e+00

           Step           Time         Lambda
           1555     1555.00000        0.00000

   Energies (kJ/mol)
        G96Bond       G96Angle    Proper Dih.  Improper Dih.          LJ-14
    3.58096e+03    9.57914e+01    1.29355e+02    2.26154e+00    1.17932e+04
     Coulomb-14        LJ (SR)   Coulomb (SR)   Coul. recip.      Potential
   -2.23973e+02   -2.72380e+03   -3.53228e+03    3.65865e+03    1.27802e+04
 Pressure (bar)
    0.00000e+00

           Step           Time         Lambda
           1556     1556.00000        0.00000

           Step           Time         Lambda
           1557     1557.00000        0.00000

   Energies (kJ/mol)
        G96Bond       G96Angle    Proper Dih.  Improper Dih.          LJ-14
    3.58097e+03    9.59261e+01    1.29360e+02    2.26189e+00    1.17931e+04
     Coulomb-14        LJ (SR)   Coulomb (SR)   Coul. recip.      Potential
   -2.24038e+02   -2.72383e+03   -3.53227e+03    3.65855e+03    1.27801e+04
 Pressure (bar)
    0.00000e+00

           Step           Time         Lambda
           1558     1558.00000        0.00000

   Energies (kJ/mol)
        G96Bond       G96Angle    Proper Dih.  Improper Dih.          LJ-14
    3.58104e+03    9.57793e+01    1.29348e+02    2.26219e+00    1.17931e+04
     Coulomb-14        LJ (SR)   Coulomb (SR)   Coul. recip.      Potential
   -2.23958e+02   -2.72385e+03   -3.53228e+03    3.65851e+03    1.27800e+04
 Pressure (bar)
    0.00000e+00

           Step           Time         Lambda
           1559     1559.00000        0.00000

   Energies (kJ/mol)
        G96Bond       G96Angle    Proper Dih.  Improper Dih.          LJ-14
    3.58106e+03    9.59764e+01    1.29355e+02    2.26257e+00    1.17931e+04
     Coulomb-14        LJ (SR)   Coulomb (SR)   Coul. recip.      Potential
   -2.24052e+02   -2.72388e+03   -3.53227e+03    3.65840e+03    1.27799e+04
 Pressure (bar)
    0.00000e+00

           Step           Time         Lambda
           1560     1560.00000        0.00000

   Energies (kJ/mol)
        G96Bond       G96Angle    Proper Dih.  Improper Dih.          LJ-14
    3.58116e+03    9.57705e+01    1.29339e+02    2.26287e+00    1.17931e+04
     Coulomb-14        LJ (SR)   Coulomb (SR)   Coul. recip.      Potential
   -2.23937e+02   -2.72390e+03   -3.53228e+03    3.65838e+03    1.27799e+04
 Pressure (bar)
    0.00000e+00

           Step           Time         Lambda
           1561     1561.00000        0.00000

   Energies (kJ/mol)
        G96Bond       G96Angle    Proper Dih.  Improper Dih.          LJ-14
    3.58119e+03    9.60617e+01    1.29352e+02    2.26326e+00    1.17930e+04
     Coulomb-14        LJ (SR)   Coulomb (SR)   Coul. recip.      Potential
   -2.24074e+02   -2.72394e+03   -3.53226e+03    3.65826e+03    1.27799e+04
 Pressure (bar)
    0.00000e+00

           Step           Time         Lambda
           1562     1562.00000        0.00000

           Step           Time         Lambda
           1563     1563.00000        0.00000

   Energies (kJ/mol)
        G96Bond       G96Angle    Proper Dih.  Improper Dih.          LJ-14
    3.58106e+03    9.58255e+01    1.29340e+02    2.26345e+00    1.17930e+04
     Coulomb-14        LJ (SR)   Coulomb (SR)   Coul. recip.      Potential
   -2.23992e+02   -2.72395e+03   -3.53227e+03    3.65826e+03    1.27795e+04
 Pressure (bar)
    0.00000e+00


Steepest Descents converged to Fmax < 100 in 1564 steps
Potential Energy  =  1.2779538e+04
Maximum force     =  8.9340202e+01 on atom 893
Norm of force     =  1.2632237e+01

	M E G A - F L O P S   A C C O U N T I N G

 NB=Group-cutoff nonbonded kernels    NxN=N-by-N cluster Verlet kernels
 RF=Reaction-Field  VdW=Van der Waals  QSTab=quadratic-spline table
 W3=SPC/TIP3p  W4=TIP4p (single or pairs)
 V&F=Potential and force  V=Potential only  F=Force only

 Computing:                               M-Number         M-Flops  % Flops
-----------------------------------------------------------------------------
 Pair Search distance check             132.598464        1193.386     1.1
 NxN Ewald Elec. + LJ [V&F]              34.299600        3670.057     3.3
 NxN LJ [V&F]                           173.047296        7441.034     6.7
 NxN Ewald Elec. [V&F]                    0.669712          56.256     0.1
 1,4 nonbonded interactions               5.583480         502.513     0.5
 Calc Weights                             4.250952         153.034     0.1
 Spread Q Bspline                        90.686976         181.374     0.2
 Gather F Bspline                        90.686976         544.122     0.5
 3D-FFT                               11972.936120       95783.489    86.2
 Solve PME                                5.630400         360.346     0.3
 Shift-X                                  1.416984           8.502     0.0
 Bonds                                    1.962820         115.806     0.1
 Angles                                   3.784880         635.860     0.6
 Propers                                  1.797036         411.521     0.4
 Impropers                                0.023460           4.880     0.0
 Virial                                   1.487364          26.773     0.0
-----------------------------------------------------------------------------
 Total                                                  111088.952   100.0
-----------------------------------------------------------------------------


     R E A L   C Y C L E   A N D   T I M E   A C C O U N T I N G

On 1 MPI rank, each using 16 OpenMP threads

 Computing:          Num   Num      Call    Wall time         Giga-Cycles
                     Ranks Threads  Count      (s)         total sum    %
-----------------------------------------------------------------------------
 Neighbor search        1   16       1564       0.612         43.064   7.1
 Force                  1   16       1564       0.478         33.590   5.6
 PME mesh               1   16       1564       1.677        117.948  19.6
 NB X/F buffer ops.     1   16       1564       0.234         16.483   2.7
 Rest                                           5.564        391.286  65.0
-----------------------------------------------------------------------------
 Total                                          8.566        602.371 100.0
-----------------------------------------------------------------------------
 Breakdown of PME mesh computation
-----------------------------------------------------------------------------
 PME spread/gather      1   16       3128       0.869         61.091  10.1
 PME 3D-FFT             1   16       3128       0.704         49.477   8.2
 PME solve Elec         1   16       1564       0.086          6.066   1.0
-----------------------------------------------------------------------------

               Core t (s)   Wall t (s)        (%)
       Time:       60.744        8.566      709.1
               (steps/hour)
Performance:       657275.2
Finished mdrun on rank 0 Sun Jul 29 14:09:57 2018
