Log file opened on Sun Jul 29 16:26:51 2018
Host: modarres-virtual-machine  pid: 10507  rank ID: 0  number of ranks:  1
                   :-) GROMACS - gmx mdrun, VERSION 5.1.4 (-:

                            GROMACS is written by:
     Emile Apol      Rossen Apostolov  Herman J.C. Berendsen    Par Bjelkmar   
 Aldert van Buuren   Rudi van Drunen     Anton Feenstra   Sebastian Fritsch 
  Gerrit Groenhof   Christoph Junghans   Anca Hamuraru    Vincent Hindriksen
 Dimitrios Karkoulis    Peter Kasson        Jiri Kraus      Carsten Kutzner  
    Per Larsson      Justin A. Lemkul   Magnus Lundborg   Pieter Meulenhoff 
   Erik Marklund      Teemu Murtola       Szilard Pall       Sander Pronk   
   Roland Schulz     Alexey Shvetsov     Michael Shirts     Alfons Sijbers  
   Peter Tieleman    Teemu Virolainen  Christian Wennberg    Maarten Wolf   
                           and the project leaders:
        Mark Abraham, Berk Hess, Erik Lindahl, and David van der Spoel

Copyright (c) 1991-2000, University of Groningen, The Netherlands.
Copyright (c) 2001-2015, The GROMACS development team at
Uppsala University, Stockholm University and
the Royal Institute of Technology, Sweden.
check out http://www.gromacs.org for more information.

GROMACS is free software; you can redistribute it and/or modify it
under the terms of the GNU Lesser General Public License
as published by the Free Software Foundation; either version 2.1
of the License, or (at your option) any later version.

GROMACS:      gmx mdrun, VERSION 5.1.4
Executable:   /usr/local/gromacs/bin/gmx
Data prefix:  /usr/local/gromacs
Command line:
  gmx mdrun -deffnm pull -v -nt 16 -s pull.tpr

GROMACS version:    VERSION 5.1.4
Precision:          single
Memory model:       64 bit
MPI library:        thread_mpi
OpenMP support:     enabled (GMX_OPENMP_MAX_THREADS = 32)
GPU support:        disabled
OpenCL support:     disabled
invsqrt routine:    gmx_software_invsqrt(x)
SIMD instructions:  AVX2_256
FFT library:        fftw-3.3.4-sse2-avx
RDTSCP usage:       enabled
C++11 compilation:  enabled
TNG support:        enabled
Tracing support:    disabled
Built on:           ‫یکشنبه ۲۰ مه ۱۸، ساعت ۱۷:۳۹:۴۲ (+0430)‬
Built by:           modarres@modarres-virtual-machine [CMAKE]
Build OS/arch:      Linux 4.8.0-36-generic x86_64
Build CPU vendor:   GenuineIntel
Build CPU brand:    Intel(R) Xeon(R) CPU E5-2630 v4 @ 2.20GHz
Build CPU family:   6   Model: 79   Stepping: 1
Build CPU features: aes apic avx avx2 clfsh cmov cx8 cx16 f16c fma lahf_lm mmx msr nonstop_tsc pcid pclmuldq pdpe1gb popcnt pse rdrnd rdtscp sse2 sse3 sse4.1 sse4.2 ssse3 tdt x2apic
C compiler:         /usr/bin/cc GNU 5.4.0
C compiler flags:    -march=core-avx2    -Wundef -Wextra -Wno-missing-field-initializers -Wno-sign-compare -Wpointer-arith -Wall -Wno-unused -Wunused-value -Wunused-parameter  -O3 -DNDEBUG -funroll-all-loops -fexcess-precision=fast  -Wno-array-bounds 
C++ compiler:       /usr/bin/c++ GNU 5.4.0
C++ compiler flags:  -march=core-avx2   -std=c++0x  -Wundef -Wextra -Wno-missing-field-initializers -Wpointer-arith -Wall -Wno-unused-function  -O3 -DNDEBUG -funroll-all-loops -fexcess-precision=fast  -Wno-array-bounds 
Boost version:      1.55.0 (internal)


Running on 1 node with total 16 cores, 16 logical cores
Hardware detected:
  CPU info:
    Vendor: GenuineIntel
    Brand:  Intel(R) Xeon(R) CPU E5-2630 v4 @ 2.20GHz
    Family:  6  model: 79  stepping:  1
    CPU features: aes apic avx avx2 clfsh cmov cx8 cx16 f16c fma lahf_lm mmx msr nonstop_tsc pcid pclmuldq pdpe1gb popcnt pse rdrnd rdtscp sse2 sse3 sse4.1 sse4.2 ssse3 tdt x2apic
    SIMD instructions most likely to fit this hardware: AVX2_256
    SIMD instructions selected at GROMACS compile time: AVX2_256


++++ PLEASE READ AND CITE THE FOLLOWING REFERENCE ++++
M. J. Abraham, T. Murtola, R. Schulz, S. Páll, J. C. Smith, B. Hess, E.
Lindahl
GROMACS: High performance molecular simulations through multi-level
parallelism from laptops to supercomputers
SoftwareX 1 (2015) pp. 19-25
-------- -------- --- Thank You --- -------- --------


++++ PLEASE READ AND CITE THE FOLLOWING REFERENCE ++++
S. Páll, M. J. Abraham, C. Kutzner, B. Hess, E. Lindahl
Tackling Exascale Software Challenges in Molecular Dynamics Simulations with
GROMACS
In S. Markidis & E. Laure (Eds.), Solving Software Challenges for Exascale 8759 (2015) pp. 3-27
-------- -------- --- Thank You --- -------- --------


++++ PLEASE READ AND CITE THE FOLLOWING REFERENCE ++++
S. Pronk, S. Páll, R. Schulz, P. Larsson, P. Bjelkmar, R. Apostolov, M. R.
Shirts, J. C. Smith, P. M. Kasson, D. van der Spoel, B. Hess, and E. Lindahl
GROMACS 4.5: a high-throughput and highly parallel open source molecular
simulation toolkit
Bioinformatics 29 (2013) pp. 845-54
-------- -------- --- Thank You --- -------- --------


++++ PLEASE READ AND CITE THE FOLLOWING REFERENCE ++++
B. Hess and C. Kutzner and D. van der Spoel and E. Lindahl
GROMACS 4: Algorithms for highly efficient, load-balanced, and scalable
molecular simulation
J. Chem. Theory Comput. 4 (2008) pp. 435-447
-------- -------- --- Thank You --- -------- --------


++++ PLEASE READ AND CITE THE FOLLOWING REFERENCE ++++
D. van der Spoel, E. Lindahl, B. Hess, G. Groenhof, A. E. Mark and H. J. C.
Berendsen
GROMACS: Fast, Flexible and Free
J. Comp. Chem. 26 (2005) pp. 1701-1719
-------- -------- --- Thank You --- -------- --------


++++ PLEASE READ AND CITE THE FOLLOWING REFERENCE ++++
E. Lindahl and B. Hess and D. van der Spoel
GROMACS 3.0: A package for molecular simulation and trajectory analysis
J. Mol. Mod. 7 (2001) pp. 306-317
-------- -------- --- Thank You --- -------- --------


++++ PLEASE READ AND CITE THE FOLLOWING REFERENCE ++++
H. J. C. Berendsen, D. van der Spoel and R. van Drunen
GROMACS: A message-passing parallel molecular dynamics implementation
Comp. Phys. Comm. 91 (1995) pp. 43-56
-------- -------- --- Thank You --- -------- --------

Changing nstlist from 5 to 25, rlist from 1.4 to 1.435

Input Parameters:
   integrator                     = md
   tinit                          = 0
   dt                             = 0.002
   nsteps                         = 350000
   init-step                      = 0
   simulation-part                = 1
   comm-mode                      = Linear
   nstcomm                        = 100
   bd-fric                        = 0
   ld-seed                        = 2796748978
   emtol                          = 10
   emstep                         = 0.01
   niter                          = 20
   fcstep                         = 0
   nstcgsteep                     = 1000
   nbfgscorr                      = 10
   rtpi                           = 0.05
   nstxout                        = 5000
   nstvout                        = 5000
   nstfout                        = 500
   nstlog                         = 1000
   nstcalcenergy                  = 100
   nstenergy                      = 500
   nstxout-compressed             = 500
   compressed-x-precision         = 1000
   cutoff-scheme                  = Verlet
   nstlist                        = 25
   ns-type                        = Grid
   pbc                            = xyz
   periodic-molecules             = FALSE
   verlet-buffer-tolerance        = 0.005
   rlist                          = 1.435
   rlistlong                      = 1.435
   nstcalclr                      = 5
   coulombtype                    = PME
   coulomb-modifier               = Potential-shift
   rcoulomb-switch                = 0
   rcoulomb                       = 1.4
   epsilon-r                      = 1
   epsilon-rf                     = inf
   vdw-type                       = Cut-off
   vdw-modifier                   = Potential-shift
   rvdw-switch                    = 0
   rvdw                           = 1.4
   DispCorr                       = EnerPres
   table-extension                = 1
   fourierspacing                 = 0.12
   fourier-nx                     = 60
   fourier-ny                     = 60
   fourier-nz                     = 60
   pme-order                      = 4
   ewald-rtol                     = 1e-05
   ewald-rtol-lj                  = 0.001
   lj-pme-comb-rule               = Geometric
   ewald-geometry                 = 0
   epsilon-surface                = 0
   implicit-solvent               = No
   gb-algorithm                   = Still
   nstgbradii                     = 1
   rgbradii                       = 1
   gb-epsilon-solvent             = 80
   gb-saltconc                    = 0
   gb-obc-alpha                   = 1
   gb-obc-beta                    = 0.8
   gb-obc-gamma                   = 4.85
   gb-dielectric-offset           = 0.009
   sa-algorithm                   = Ace-approximation
   sa-surface-tension             = 2.05016
   tcoupl                         = V-rescale
   nsttcouple                     = 5
   nh-chain-length                = 0
   print-nose-hoover-chain-variables = FALSE
   pcoupl                         = Berendsen
   pcoupltype                     = Isotropic
   nstpcouple                     = 5
   tau-p                          = 1
   compressibility (3x3):
      compressibility[    0]={ 4.50000e-05,  0.00000e+00,  0.00000e+00}
      compressibility[    1]={ 0.00000e+00,  4.50000e-05,  0.00000e+00}
      compressibility[    2]={ 0.00000e+00,  0.00000e+00,  4.50000e-05}
   ref-p (3x3):
      ref-p[    0]={ 1.00000e+00,  0.00000e+00,  0.00000e+00}
      ref-p[    1]={ 0.00000e+00,  1.00000e+00,  0.00000e+00}
      ref-p[    2]={ 0.00000e+00,  0.00000e+00,  1.00000e+00}
   refcoord-scaling               = COM
   posres-com (3):
      posres-com[0]= 4.99950e-01
      posres-com[1]= 5.00406e-01
      posres-com[2]= 4.79724e-01
   posres-comB (3):
      posres-comB[0]= 4.99950e-01
      posres-comB[1]= 5.00406e-01
      posres-comB[2]= 4.79724e-01
   QMMM                           = FALSE
   QMconstraints                  = 0
   QMMMscheme                     = 0
   MMChargeScaleFactor            = 1
qm-opts:
   ngQM                           = 0
   constraint-algorithm           = Lincs
   continuation                   = TRUE
   Shake-SOR                      = FALSE
   shake-tol                      = 0.0001
   lincs-order                    = 4
   lincs-iter                     = 1
   lincs-warnangle                = 30
   nwall                          = 0
   wall-type                      = 9-3
   wall-r-linpot                  = -1
   wall-atomtype[0]               = -1
   wall-atomtype[1]               = -1
   wall-density[0]                = 0
   wall-density[1]                = 0
   wall-ewald-zfac                = 3
   pull                           = TRUE
   pull-cylinder-r                = 1.5
   pull-constr-tol                = 1e-06
   pull-print-COM1                = FALSE
   pull-print-COM2                = FALSE
   pull-print-ref-value           = FALSE
   pull-print-components          = FALSE
   pull-nstxout                   = 50
   pull-nstfout                   = 50
   pull-ngroups                   = 3
   pull-group 0:
     atom: not available
     weight: not available
     pbcatom                        = -1
   pull-group 1:
     atom (838):
        atom[0,...,837] = {0,...,837}
     weight: not available
     pbcatom                        = 418
   pull-group 2:
     atom (68):
        atom[0,...,67] = {838,...,905}
     weight: not available
     pbcatom                        = 871
   pull-ncoords                   = 1
   pull-coord 0:
   group[0]                       = 1
   group[1]                       = 2
   type                           = umbrella
   geometry                       = direction
   dim (3):
      dim[0]=0
      dim[1]=0
      dim[2]=1
   origin (3):
      origin[0]= 0.00000e+00
      origin[1]= 0.00000e+00
      origin[2]= 0.00000e+00
   vec (3):
      vec[0]= 0.00000e+00
      vec[1]= 0.00000e+00
      vec[2]= 1.00000e+00
   start                          = TRUE
   init                           = -2.53217
   rate                           = 0.01
   k                              = 1000
   kB                             = 1000
   rotation                       = FALSE
   interactiveMD                  = FALSE
   disre                          = No
   disre-weighting                = Conservative
   disre-mixed                    = FALSE
   dr-fc                          = 1000
   dr-tau                         = 0
   nstdisreout                    = 100
   orire-fc                       = 0
   orire-tau                      = 0
   nstorireout                    = 100
   free-energy                    = no
   cos-acceleration               = 0
   deform (3x3):
      deform[    0]={ 0.00000e+00,  0.00000e+00,  0.00000e+00}
      deform[    1]={ 0.00000e+00,  0.00000e+00,  0.00000e+00}
      deform[    2]={ 0.00000e+00,  0.00000e+00,  0.00000e+00}
   simulated-tempering            = FALSE
   E-x:
      n = 0
   E-xt:
      n = 0
   E-y:
      n = 0
   E-yt:
      n = 0
   E-z:
      n = 0
   E-zt:
      n = 0
   swapcoords                     = no
   adress                         = FALSE
   userint1                       = 0
   userint2                       = 0
   userint3                       = 0
   userint4                       = 0
   userreal1                      = 0
   userreal2                      = 0
   userreal3                      = 0
   userreal4                      = 0
grpopts:
   nrdf:     1330.94     65235.1     131.994
   ref-t:         310         310         310
   tau-t:         0.1         0.1         0.1
annealing:          No          No          No
annealing-npoints:           0           0           0
   acc:	           0           0           0
   nfreeze:           N           N           N
   energygrp-flags[  0]: 0

Using 1 MPI thread
Using 16 OpenMP threads 

Will do PME sum in reciprocal space for electrostatic interactions.

++++ PLEASE READ AND CITE THE FOLLOWING REFERENCE ++++
U. Essmann, L. Perera, M. L. Berkowitz, T. Darden, H. Lee and L. G. Pedersen 
A smooth particle mesh Ewald method
J. Chem. Phys. 103 (1995) pp. 8577-8592
-------- -------- --- Thank You --- -------- --------

Will do ordinary reciprocal space Ewald sum.
Using a Gaussian width (1/beta) of 0.448228 nm for Ewald
Cut-off's:   NS: 1.435   Coulomb: 1.4   LJ: 1.4
Long Range LJ corr.: <C6> 3.4215e-04
System total charge: -0.000
Generated table with 1217 data points for Ewald.
Tabscale = 500 points/nm
Generated table with 1217 data points for LJ6.
Tabscale = 500 points/nm
Generated table with 1217 data points for LJ12.
Tabscale = 500 points/nm
Generated table with 1217 data points for 1-4 COUL.
Tabscale = 500 points/nm
Generated table with 1217 data points for 1-4 LJ6.
Tabscale = 500 points/nm
Generated table with 1217 data points for 1-4 LJ12.
Tabscale = 500 points/nm
Potential shift: LJ r^-12: -1.764e-02 r^-6: -1.328e-01, Ewald -1.000e-05
Initialized non-bonded Ewald correction tables, spacing: 1.10e-03 size: 1270


Using AVX2_256 4x8 non-bonded kernels

Using full Lennard-Jones parameter combination matrix

Pinning threads with an auto-selected logical core stride of 1

Will apply potential COM pulling
with 1 pull coordinate and 3 groups
Pull group 1:   838 atoms, mass  9670.755
Pull group 2:    68 atoms, mass   543.529

Initializing LINear Constraint Solver

++++ PLEASE READ AND CITE THE FOLLOWING REFERENCE ++++
B. Hess and H. Bekker and H. J. C. Berendsen and J. G. E. M. Fraaije
LINCS: A Linear Constraint Solver for molecular simulations
J. Comp. Chem. 18 (1997) pp. 1463-1472
-------- -------- --- Thank You --- -------- --------

The number of constraints is 1255

++++ PLEASE READ AND CITE THE FOLLOWING REFERENCE ++++
S. Miyamoto and P. A. Kollman
SETTLE: An Analytical Version of the SHAKE and RATTLE Algorithms for Rigid
Water Models
J. Comp. Chem. 13 (1992) pp. 952-962
-------- -------- --- Thank You --- -------- --------

Center of mass motion removal mode is Linear
We have the following groups for center of mass motion removal:
  0:  rest

++++ PLEASE READ AND CITE THE FOLLOWING REFERENCE ++++
G. Bussi, D. Donadio and M. Parrinello
Canonical sampling through velocity rescaling
J. Chem. Phys. 126 (2007) pp. 014101
-------- -------- --- Thank You --- -------- --------

There are: 33518 Atoms
Initial temperature: 313.118 K

Started mdrun on rank 0 Sun Jul 29 16:26:53 2018
           Step           Time         Lambda
              0        0.00000        0.00000

   Energies (kJ/mol)
       G96Angle    Proper Dih.  Improper Dih.          LJ-14     Coulomb-14
    1.00922e+03    2.20152e+02    7.22906e+00    2.06180e+04   -1.49659e+02
        LJ (SR)  Disper. corr.   Coulomb (SR)   Coul. recip. Position Rest.
    7.00317e+04   -1.68933e+03   -5.32029e+05    9.65574e+02    0.00000e+00
   COM Pull En.      Potential    Kinetic En.   Total Energy    Temperature
    3.72919e-12   -4.41016e+05    8.72478e+04   -3.53768e+05    3.14657e+02
 Pres. DC (bar) Pressure (bar)   Constr. rmsd
   -8.08335e+01   -1.35783e+04    3.32604e-03

           Step           Time         Lambda
           1000        2.00000        0.00000

   Energies (kJ/mol)
       G96Angle    Proper Dih.  Improper Dih.          LJ-14     Coulomb-14
    1.06729e+03    2.31286e+02    1.22399e+01    2.12912e+04   -1.57436e+02
        LJ (SR)  Disper. corr.   Coulomb (SR)   Coul. recip. Position Rest.
    7.05566e+04   -1.69235e+03   -5.32706e+05    9.69002e+02    1.05647e+03
   COM Pull En.      Potential    Kinetic En.   Total Energy    Temperature
    2.98195e-01   -4.39371e+05    8.50430e+04   -3.54328e+05    3.06706e+02
 Pres. DC (bar) Pressure (bar)   Constr. rmsd
   -8.11220e+01    1.81792e+01    1.73747e-03

           Step           Time         Lambda
           2000        4.00000        0.00000

   Energies (kJ/mol)
       G96Angle    Proper Dih.  Improper Dih.          LJ-14     Coulomb-14
    9.67943e+02    2.20902e+02    1.45551e+01    2.12383e+04   -1.36106e+02
        LJ (SR)  Disper. corr.   Coulomb (SR)   Coul. recip. Position Rest.
    6.96847e+04   -1.69420e+03   -5.31844e+05    9.77277e+02    1.18682e+03
   COM Pull En.      Potential    Kinetic En.   Total Energy    Temperature
    6.99393e-02   -4.39384e+05    8.60001e+04   -3.53384e+05    3.10157e+02
 Pres. DC (bar) Pressure (bar)   Constr. rmsd
   -8.12998e+01   -1.00584e+02    1.73983e-03

           Step           Time         Lambda
           3000        6.00000        0.00000

   Energies (kJ/mol)
       G96Angle    Proper Dih.  Improper Dih.          LJ-14     Coulomb-14
    9.89717e+02    2.27414e+02    1.26640e+01    2.12740e+04   -1.47742e+02
        LJ (SR)  Disper. corr.   Coulomb (SR)   Coul. recip. Position Rest.
    6.91176e+04   -1.69080e+03   -5.30083e+05    9.53366e+02    1.22343e+03
   COM Pull En.      Potential    Kinetic En.   Total Energy    Temperature
    1.47076e+00   -4.38122e+05    8.66711e+04   -3.51451e+05    3.12577e+02
 Pres. DC (bar) Pressure (bar)   Constr. rmsd
   -8.09732e+01   -6.16772e+02    1.80110e-03

           Step           Time         Lambda
           4000        8.00000        0.00000

   Energies (kJ/mol)
       G96Angle    Proper Dih.  Improper Dih.          LJ-14     Coulomb-14
    9.63808e+02    2.36153e+02    7.66126e+00    2.12708e+04   -1.41650e+02
        LJ (SR)  Disper. corr.   Coulomb (SR)   Coul. recip. Position Rest.
    7.03496e+04   -1.69557e+03   -5.33826e+05    1.02219e+03    1.29355e+03
   COM Pull En.      Potential    Kinetic En.   Total Energy    Temperature
    1.16674e+00   -4.40519e+05    8.62980e+04   -3.54221e+05    3.11232e+02
 Pres. DC (bar) Pressure (bar)   Constr. rmsd
   -8.14309e+01   -4.34801e+01    1.73947e-03

           Step           Time         Lambda
           5000       10.00000        0.00000

   Energies (kJ/mol)
       G96Angle    Proper Dih.  Improper Dih.          LJ-14     Coulomb-14
    8.96118e+02    2.35857e+02    8.70810e+00    2.12724e+04   -1.35842e+02
        LJ (SR)  Disper. corr.   Coulomb (SR)   Coul. recip. Position Rest.
    7.06771e+04   -1.69626e+03   -5.34344e+05    9.72708e+02    1.21645e+03
   COM Pull En.      Potential    Kinetic En.   Total Energy    Temperature
    1.31002e-01   -4.40897e+05    8.50834e+04   -3.55813e+05    3.06851e+02
 Pres. DC (bar) Pressure (bar)   Constr. rmsd
   -8.14970e+01    6.43137e+02    1.66539e-03

           Step           Time         Lambda
           6000       12.00000        0.00000

   Energies (kJ/mol)
       G96Angle    Proper Dih.  Improper Dih.          LJ-14     Coulomb-14
    9.00854e+02    2.27541e+02    1.06492e+01    2.12654e+04   -1.51151e+02
        LJ (SR)  Disper. corr.   Coulomb (SR)   Coul. recip. Position Rest.
    7.00033e+04   -1.69495e+03   -5.31743e+05    9.97550e+02    1.37729e+03
   COM Pull En.      Potential    Kinetic En.   Total Energy    Temperature
    1.68711e+00   -4.38805e+05    8.54134e+04   -3.53391e+05    3.08041e+02
 Pres. DC (bar) Pressure (bar)   Constr. rmsd
   -8.13716e+01    8.27143e+01    1.73332e-03

           Step           Time         Lambda
           7000       14.00000        0.00000

   Energies (kJ/mol)
       G96Angle    Proper Dih.  Improper Dih.          LJ-14     Coulomb-14
    8.27009e+02    2.39957e+02    1.04070e+01    2.12575e+04   -1.19016e+02
        LJ (SR)  Disper. corr.   Coulomb (SR)   Coul. recip. Position Rest.
    6.99885e+04   -1.69624e+03   -5.31862e+05    9.99961e+02    1.31819e+03
   COM Pull En.      Potential    Kinetic En.   Total Energy    Temperature
    1.66737e+00   -4.39034e+05    8.56087e+04   -3.53426e+05    3.08746e+02
 Pres. DC (bar) Pressure (bar)   Constr. rmsd
   -8.14950e+01    1.91982e+02    1.72329e-03

           Step           Time         Lambda
           8000       16.00000        0.00000

   Energies (kJ/mol)
       G96Angle    Proper Dih.  Improper Dih.          LJ-14     Coulomb-14
    8.09326e+02    2.44388e+02    8.53454e+00    2.12487e+04   -1.52590e+02
        LJ (SR)  Disper. corr.   Coulomb (SR)   Coul. recip. Position Rest.
    7.03803e+04   -1.69236e+03   -5.32418e+05    9.49590e+02    1.30760e+03
   COM Pull En.      Potential    Kinetic En.   Total Energy    Temperature
    1.14658e+00   -4.39314e+05    8.54451e+04   -3.53868e+05    3.08156e+02
 Pres. DC (bar) Pressure (bar)   Constr. rmsd
   -8.11230e+01    2.73789e+02    1.70043e-03

           Step           Time         Lambda
           9000       18.00000        0.00000

   Energies (kJ/mol)
       G96Angle    Proper Dih.  Improper Dih.          LJ-14     Coulomb-14
    8.38530e+02    2.28956e+02    1.08605e+01    2.12628e+04   -1.43856e+02
        LJ (SR)  Disper. corr.   Coulomb (SR)   Coul. recip. Position Rest.
    7.09964e+04   -1.69369e+03   -5.33124e+05    9.65738e+02    1.32919e+03
   COM Pull En.      Potential    Kinetic En.   Total Energy    Temperature
    2.17065e+00   -4.39327e+05    8.59120e+04   -3.53415e+05    3.09839e+02
 Pres. DC (bar) Pressure (bar)   Constr. rmsd
   -8.12507e+01    2.82120e+02    1.73604e-03

           Step           Time         Lambda
          10000       20.00000        0.00000

   Energies (kJ/mol)
       G96Angle    Proper Dih.  Improper Dih.          LJ-14     Coulomb-14
    8.34423e+02    2.48391e+02    1.25353e+01    2.12820e+04   -1.78731e+02
        LJ (SR)  Disper. corr.   Coulomb (SR)   Coul. recip. Position Rest.
    7.06123e+04   -1.69593e+03   -5.32620e+05    9.62528e+02    1.40349e+03
   COM Pull En.      Potential    Kinetic En.   Total Energy    Temperature
    7.50276e-03   -4.39139e+05    8.62197e+04   -3.52919e+05    3.10949e+02
 Pres. DC (bar) Pressure (bar)   Constr. rmsd
   -8.14657e+01    5.94274e+02    1.69479e-03

           Step           Time         Lambda
          11000       22.00000        0.00000

   Energies (kJ/mol)
       G96Angle    Proper Dih.  Improper Dih.          LJ-14     Coulomb-14
    8.57591e+02    2.42083e+02    1.37848e+01    2.12800e+04   -1.45899e+02
        LJ (SR)  Disper. corr.   Coulomb (SR)   Coul. recip. Position Rest.
    7.05510e+04   -1.69762e+03   -5.31040e+05    9.53236e+02    1.40457e+03
   COM Pull En.      Potential    Kinetic En.   Total Energy    Temperature
    3.32369e+00   -4.37578e+05    8.62591e+04   -3.51319e+05    3.11091e+02
 Pres. DC (bar) Pressure (bar)   Constr. rmsd
   -8.16282e+01    1.94278e+02    1.73475e-03

           Step           Time         Lambda
          12000       24.00000        0.00000

   Energies (kJ/mol)
       G96Angle    Proper Dih.  Improper Dih.          LJ-14     Coulomb-14
    8.09652e+02    2.34036e+02    6.51759e+00    2.12388e+04   -1.40293e+02
        LJ (SR)  Disper. corr.   Coulomb (SR)   Coul. recip. Position Rest.
    7.06041e+04   -1.69362e+03   -5.33162e+05    9.72177e+02    1.32407e+03
   COM Pull En.      Potential    Kinetic En.   Total Energy    Temperature
    1.86262e+00   -4.39805e+05    8.60020e+04   -3.53803e+05    3.10164e+02
 Pres. DC (bar) Pressure (bar)   Constr. rmsd
   -8.12438e+01   -2.33796e+02    1.75162e-03

           Step           Time         Lambda
          13000       26.00000        0.00000

   Energies (kJ/mol)
       G96Angle    Proper Dih.  Improper Dih.          LJ-14     Coulomb-14
    7.92334e+02    2.38076e+02    3.78709e+00    2.12743e+04   -1.81624e+02
        LJ (SR)  Disper. corr.   Coulomb (SR)   Coul. recip. Position Rest.
    7.06863e+04   -1.69449e+03   -5.32019e+05    9.70002e+02    1.33505e+03
   COM Pull En.      Potential    Kinetic En.   Total Energy    Temperature
    6.61037e-01   -4.38595e+05    8.54027e+04   -3.53192e+05    3.08003e+02
 Pres. DC (bar) Pressure (bar)   Constr. rmsd
   -8.13271e+01    4.85268e+02    1.67741e-03

           Step           Time         Lambda
          14000       28.00000        0.00000

   Energies (kJ/mol)
       G96Angle    Proper Dih.  Improper Dih.          LJ-14     Coulomb-14
    8.02172e+02    2.47725e+02    1.42473e+01    2.12449e+04   -1.11847e+02
        LJ (SR)  Disper. corr.   Coulomb (SR)   Coul. recip. Position Rest.
    7.01087e+04   -1.69851e+03   -5.31858e+05    1.03600e+03    1.40025e+03
   COM Pull En.      Potential    Kinetic En.   Total Energy    Temperature
    2.11875e+00   -4.38813e+05    8.62123e+04   -3.52600e+05    3.10923e+02
 Pres. DC (bar) Pressure (bar)   Constr. rmsd
   -8.17136e+01   -3.75097e+02    1.79042e-03

           Step           Time         Lambda
          15000       30.00000        0.00000

   Energies (kJ/mol)
       G96Angle    Proper Dih.  Improper Dih.          LJ-14     Coulomb-14
    7.52644e+02    2.29727e+02    4.77587e+00    2.12521e+04   -1.20960e+02
        LJ (SR)  Disper. corr.   Coulomb (SR)   Coul. recip. Position Rest.
    7.08050e+04   -1.69309e+03   -5.33703e+05    9.25531e+02    1.34996e+03
   COM Pull En.      Potential    Kinetic En.   Total Energy    Temperature
    2.17761e-01   -4.40197e+05    8.56014e+04   -3.54596e+05    3.08719e+02
 Pres. DC (bar) Pressure (bar)   Constr. rmsd
   -8.11929e+01   -1.89795e+02    1.76047e-03

           Step           Time         Lambda
          16000       32.00000        0.00000

   Energies (kJ/mol)
       G96Angle    Proper Dih.  Improper Dih.          LJ-14     Coulomb-14
    7.89069e+02    2.36078e+02    1.16137e+01    2.12459e+04   -1.61371e+02
        LJ (SR)  Disper. corr.   Coulomb (SR)   Coul. recip. Position Rest.
    6.84582e+04   -1.69149e+03   -5.28895e+05    1.00706e+03    1.33346e+03
   COM Pull En.      Potential    Kinetic En.   Total Energy    Temperature
    5.28958e-01   -4.37666e+05    8.60016e+04   -3.51664e+05    3.10163e+02
 Pres. DC (bar) Pressure (bar)   Constr. rmsd
   -8.10394e+01   -4.70488e+02    1.76992e-03

           Step           Time         Lambda
          17000       34.00000        0.00000

   Energies (kJ/mol)
       G96Angle    Proper Dih.  Improper Dih.          LJ-14     Coulomb-14
    7.78480e+02    2.33232e+02    1.92630e+01    2.12606e+04   -1.51283e+02
        LJ (SR)  Disper. corr.   Coulomb (SR)   Coul. recip. Position Rest.
    6.95120e+04   -1.69686e+03   -5.30717e+05    9.97206e+02    1.39014e+03
   COM Pull En.      Potential    Kinetic En.   Total Energy    Temperature
    3.96665e-02   -4.38374e+05    8.54386e+04   -3.52936e+05    3.08132e+02
 Pres. DC (bar) Pressure (bar)   Constr. rmsd
   -8.15544e+01   -4.35857e+01    1.73621e-03

           Step           Time         Lambda
          18000       36.00000        0.00000

   Energies (kJ/mol)
       G96Angle    Proper Dih.  Improper Dih.          LJ-14     Coulomb-14
    6.88706e+02    2.39468e+02    7.87460e+00    2.12853e+04   -1.38974e+02
        LJ (SR)  Disper. corr.   Coulomb (SR)   Coul. recip. Position Rest.
    6.92231e+04   -1.70221e+03   -5.32355e+05    9.62366e+02    1.39572e+03
   COM Pull En.      Potential    Kinetic En.   Total Energy    Temperature
    2.10843e+00   -4.40392e+05    8.63508e+04   -3.54041e+05    3.11422e+02
 Pres. DC (bar) Pressure (bar)   Constr. rmsd
   -8.20695e+01    9.33306e+01    1.72939e-03

           Step           Time         Lambda
          19000       38.00000        0.00000

   Energies (kJ/mol)
       G96Angle    Proper Dih.  Improper Dih.          LJ-14     Coulomb-14
    7.50313e+02    2.29796e+02    5.37912e+00    2.12341e+04   -1.33809e+02
        LJ (SR)  Disper. corr.   Coulomb (SR)   Coul. recip. Position Rest.
    6.99976e+04   -1.69896e+03   -5.32122e+05    9.53336e+02    1.35220e+03
   COM Pull En.      Potential    Kinetic En.   Total Energy    Temperature
    8.03961e-04   -4.39432e+05    8.46936e+04   -3.54738e+05    3.05445e+02
 Pres. DC (bar) Pressure (bar)   Constr. rmsd
   -8.17567e+01   -4.75970e+02    1.80797e-03

           Step           Time         Lambda
          20000       40.00000        0.00000

   Energies (kJ/mol)
       G96Angle    Proper Dih.  Improper Dih.          LJ-14     Coulomb-14
    7.83899e+02    2.48397e+02    5.61983e+00    2.12622e+04   -1.39824e+02
        LJ (SR)  Disper. corr.   Coulomb (SR)   Coul. recip. Position Rest.
    7.01510e+04   -1.69352e+03   -5.32194e+05    9.81390e+02    1.31663e+03
   COM Pull En.      Potential    Kinetic En.   Total Energy    Temperature
    5.19545e-03   -4.39278e+05    8.64963e+04   -3.52782e+05    3.11947e+02
 Pres. DC (bar) Pressure (bar)   Constr. rmsd
   -8.12346e+01   -1.78563e+02    1.75889e-03

           Step           Time         Lambda
          21000       42.00000        0.00000

   Energies (kJ/mol)
       G96Angle    Proper Dih.  Improper Dih.          LJ-14     Coulomb-14
    8.23130e+02    2.40619e+02    1.05565e+01    2.12483e+04   -1.51934e+02
        LJ (SR)  Disper. corr.   Coulomb (SR)   Coul. recip. Position Rest.
    7.02301e+04   -1.69617e+03   -5.31799e+05    1.00875e+03    1.45397e+03
   COM Pull En.      Potential    Kinetic En.   Total Energy    Temperature
    7.78033e-01   -4.38631e+05    8.62084e+04   -3.52423e+05    3.10909e+02
 Pres. DC (bar) Pressure (bar)   Constr. rmsd
   -8.14881e+01    1.28583e+02    1.74004e-03

           Step           Time         Lambda
          22000       44.00000        0.00000

   Energies (kJ/mol)
       G96Angle    Proper Dih.  Improper Dih.          LJ-14     Coulomb-14
    7.68347e+02    2.35749e+02    1.17541e+01    2.12502e+04   -1.35008e+02
        LJ (SR)  Disper. corr.   Coulomb (SR)   Coul. recip. Position Rest.
    7.09384e+04   -1.69705e+03   -5.34001e+05    9.89031e+02    1.33673e+03
   COM Pull En.      Potential    Kinetic En.   Total Energy    Temperature
    3.79830e-02   -4.40303e+05    8.59350e+04   -3.54368e+05    3.09922e+02
 Pres. DC (bar) Pressure (bar)   Constr. rmsd
   -8.15730e+01   -4.05017e+01    1.74029e-03

           Step           Time         Lambda
          23000       46.00000        0.00000

   Energies (kJ/mol)
       G96Angle    Proper Dih.  Improper Dih.          LJ-14     Coulomb-14
    7.60843e+02    2.40404e+02    8.82691e+00    2.12462e+04   -1.30343e+02
        LJ (SR)  Disper. corr.   Coulomb (SR)   Coul. recip. Position Rest.
    7.03990e+04   -1.69467e+03   -5.32071e+05    9.68823e+02    1.48859e+03
   COM Pull En.      Potential    Kinetic En.   Total Energy    Temperature
    1.85079e+00   -4.38781e+05    8.57074e+04   -3.53074e+05    3.09102e+02
 Pres. DC (bar) Pressure (bar)   Constr. rmsd
   -8.13448e+01    1.01983e+02    1.73779e-03

           Step           Time         Lambda
          24000       48.00000        0.00000

   Energies (kJ/mol)
       G96Angle    Proper Dih.  Improper Dih.          LJ-14     Coulomb-14
    7.80428e+02    2.38125e+02    1.18038e+01    2.12669e+04   -1.44689e+02
        LJ (SR)  Disper. corr.   Coulomb (SR)   Coul. recip. Position Rest.
    7.04964e+04   -1.69273e+03   -5.32858e+05    9.31677e+02    1.34651e+03
   COM Pull En.      Potential    Kinetic En.   Total Energy    Temperature
    2.88309e-01   -4.39623e+05    8.61158e+04   -3.53508e+05    3.10575e+02
 Pres. DC (bar) Pressure (bar)   Constr. rmsd
   -8.11587e+01   -2.96618e+01    1.72649e-03

           Step           Time         Lambda
          25000       50.00000        0.00000

   Energies (kJ/mol)
       G96Angle    Proper Dih.  Improper Dih.          LJ-14     Coulomb-14
    7.73877e+02    2.29380e+02    5.34268e+00    2.12528e+04   -1.56485e+02
        LJ (SR)  Disper. corr.   Coulomb (SR)   Coul. recip. Position Rest.
    7.09832e+04   -1.69330e+03   -5.33252e+05    9.75532e+02    1.38919e+03
   COM Pull En.      Potential    Kinetic En.   Total Energy    Temperature
    6.71319e-02   -4.39492e+05    8.61587e+04   -3.53333e+05    3.10729e+02
 Pres. DC (bar) Pressure (bar)   Constr. rmsd
   -8.12131e+01   -1.49445e+02    1.76630e-03

           Step           Time         Lambda
          26000       52.00000        0.00000

   Energies (kJ/mol)
       G96Angle    Proper Dih.  Improper Dih.          LJ-14     Coulomb-14
    7.94913e+02    2.32192e+02    8.16833e+00    2.12602e+04   -1.38461e+02
        LJ (SR)  Disper. corr.   Coulomb (SR)   Coul. recip. Position Rest.
    7.06011e+04   -1.69737e+03   -5.32839e+05    9.90568e+02    1.46093e+03
   COM Pull En.      Potential    Kinetic En.   Total Energy    Temperature
    3.96233e+00   -4.39323e+05    8.67258e+04   -3.52597e+05    3.12774e+02
 Pres. DC (bar) Pressure (bar)   Constr. rmsd
   -8.16035e+01   -5.46601e+02    1.79072e-03

           Step           Time         Lambda
          27000       54.00000        0.00000

   Energies (kJ/mol)
       G96Angle    Proper Dih.  Improper Dih.          LJ-14     Coulomb-14
    7.50962e+02    2.24096e+02    1.68727e+01    2.12794e+04   -1.37739e+02
        LJ (SR)  Disper. corr.   Coulomb (SR)   Coul. recip. Position Rest.
    7.04968e+04   -1.69557e+03   -5.32830e+05    1.01934e+03    1.42964e+03
   COM Pull En.      Potential    Kinetic En.   Total Energy    Temperature
    6.85657e+00   -4.39439e+05    8.52819e+04   -3.54157e+05    3.07567e+02
 Pres. DC (bar) Pressure (bar)   Constr. rmsd
   -8.14308e+01    2.40844e+02    1.70519e-03

           Step           Time         Lambda
          28000       56.00000        0.00000

   Energies (kJ/mol)
       G96Angle    Proper Dih.  Improper Dih.          LJ-14     Coulomb-14
    7.59359e+02    2.34193e+02    7.73477e+00    2.12360e+04   -1.14986e+02
        LJ (SR)  Disper. corr.   Coulomb (SR)   Coul. recip. Position Rest.
    6.90207e+04   -1.69662e+03   -5.30645e+05    9.43620e+02    1.34925e+03
   COM Pull En.      Potential    Kinetic En.   Total Energy    Temperature
    7.39297e+00   -4.38898e+05    8.55940e+04   -3.53304e+05    3.08693e+02
 Pres. DC (bar) Pressure (bar)   Constr. rmsd
   -8.15321e+01   -3.56324e+02    1.75110e-03

           Step           Time         Lambda
          29000       58.00000        0.00000

   Energies (kJ/mol)
       G96Angle    Proper Dih.  Improper Dih.          LJ-14     Coulomb-14
    7.46064e+02    2.30234e+02    9.20648e+00    2.12520e+04   -1.68238e+02
        LJ (SR)  Disper. corr.   Coulomb (SR)   Coul. recip. Position Rest.
    7.13249e+04   -1.69813e+03   -5.34122e+05    9.31538e+02    1.34949e+03
   COM Pull En.      Potential    Kinetic En.   Total Energy    Temperature
    6.58262e+00   -4.40138e+05    8.50285e+04   -3.55110e+05    3.06653e+02
 Pres. DC (bar) Pressure (bar)   Constr. rmsd
   -8.16774e+01   -3.73618e+01    1.75932e-03

           Step           Time         Lambda
          30000       60.00000        0.00000

   Energies (kJ/mol)
       G96Angle    Proper Dih.  Improper Dih.          LJ-14     Coulomb-14
    7.62328e+02    2.30727e+02    9.74361e+00    2.12366e+04   -1.25796e+02
        LJ (SR)  Disper. corr.   Coulomb (SR)   Coul. recip. Position Rest.
    7.11483e+04   -1.69553e+03   -5.34014e+05    9.83182e+02    1.30413e+03
   COM Pull En.      Potential    Kinetic En.   Total Energy    Temperature
    6.80375e+00   -4.40153e+05    8.53660e+04   -3.54787e+05    3.07870e+02
 Pres. DC (bar) Pressure (bar)   Constr. rmsd
   -8.14268e+01   -2.23627e+01    1.74550e-03

           Step           Time         Lambda
          31000       62.00000        0.00000

   Energies (kJ/mol)
       G96Angle    Proper Dih.  Improper Dih.          LJ-14     Coulomb-14
    8.03570e+02    2.34772e+02    9.85105e+00    2.12566e+04   -1.47684e+02
        LJ (SR)  Disper. corr.   Coulomb (SR)   Coul. recip. Position Rest.
    7.09027e+04   -1.69256e+03   -5.33427e+05    9.67655e+02    1.41506e+03
   COM Pull En.      Potential    Kinetic En.   Total Energy    Temperature
    1.25482e+01   -4.39665e+05    8.62077e+04   -3.53457e+05    3.10906e+02
 Pres. DC (bar) Pressure (bar)   Constr. rmsd
   -8.11419e+01    4.66104e+02    1.68590e-03

           Step           Time         Lambda
          32000       64.00000        0.00000

   Energies (kJ/mol)
       G96Angle    Proper Dih.  Improper Dih.          LJ-14     Coulomb-14
    7.90053e+02    2.40615e+02    4.94448e+00    2.12355e+04   -1.35726e+02
        LJ (SR)  Disper. corr.   Coulomb (SR)   Coul. recip. Position Rest.
    6.95960e+04   -1.69207e+03   -5.31986e+05    9.17076e+02    1.43145e+03
   COM Pull En.      Potential    Kinetic En.   Total Energy    Temperature
    1.82673e+01   -4.39580e+05    8.60493e+04   -3.53530e+05    3.10335e+02
 Pres. DC (bar) Pressure (bar)   Constr. rmsd
   -8.10951e+01   -5.95652e+02    1.79963e-03

           Step           Time         Lambda
          33000       66.00000        0.00000

   Energies (kJ/mol)
       G96Angle    Proper Dih.  Improper Dih.          LJ-14     Coulomb-14
    8.02356e+02    2.44022e+02    9.67569e+00    2.12690e+04   -1.48959e+02
        LJ (SR)  Disper. corr.   Coulomb (SR)   Coul. recip. Position Rest.
    7.05830e+04   -1.69071e+03   -5.31804e+05    9.43403e+02    1.42162e+03
   COM Pull En.      Potential    Kinetic En.   Total Energy    Temperature
    8.29373e+00   -4.38362e+05    8.58288e+04   -3.52533e+05    3.09539e+02
 Pres. DC (bar) Pressure (bar)   Constr. rmsd
   -8.09655e+01   -1.32693e+02    1.76346e-03

           Step           Time         Lambda
          34000       68.00000        0.00000

   Energies (kJ/mol)
       G96Angle    Proper Dih.  Improper Dih.          LJ-14     Coulomb-14
    7.46153e+02    2.30058e+02    1.39819e+01    2.12507e+04   -1.57266e+02
        LJ (SR)  Disper. corr.   Coulomb (SR)   Coul. recip. Position Rest.
    7.10721e+04   -1.69672e+03   -5.34898e+05    9.31145e+02    1.34440e+03
   COM Pull En.      Potential    Kinetic En.   Total Energy    Temperature
    1.76455e+01   -4.41145e+05    8.62201e+04   -3.54925e+05    3.10951e+02
 Pres. DC (bar) Pressure (bar)   Constr. rmsd
   -8.15412e+01   -2.83772e+01    1.74316e-03

           Step           Time         Lambda
          35000       70.00000        0.00000

   Energies (kJ/mol)
       G96Angle    Proper Dih.  Improper Dih.          LJ-14     Coulomb-14
    7.03005e+02    2.22777e+02    1.34918e+01    2.12683e+04   -1.12869e+02
        LJ (SR)  Disper. corr.   Coulomb (SR)   Coul. recip. Position Rest.
    6.97641e+04   -1.69366e+03   -5.32305e+05    1.00757e+03    1.47669e+03
   COM Pull En.      Potential    Kinetic En.   Total Energy    Temperature
    1.73312e+01   -4.39638e+05    8.61341e+04   -3.53504e+05    3.10641e+02
 Pres. DC (bar) Pressure (bar)   Constr. rmsd
   -8.12474e+01    4.03213e+02    1.65649e-03

           Step           Time         Lambda
          36000       72.00000        0.00000

   Energies (kJ/mol)
       G96Angle    Proper Dih.  Improper Dih.          LJ-14     Coulomb-14
    7.78684e+02    2.29583e+02    9.51270e+00    2.12492e+04   -1.53623e+02
        LJ (SR)  Disper. corr.   Coulomb (SR)   Coul. recip. Position Rest.
    6.96033e+04   -1.69530e+03   -5.31109e+05    9.65211e+02    1.37811e+03
   COM Pull En.      Potential    Kinetic En.   Total Energy    Temperature
    2.56430e+01   -4.38719e+05    8.56404e+04   -3.53078e+05    3.08860e+02
 Pres. DC (bar) Pressure (bar)   Constr. rmsd
   -8.14049e+01   -3.43236e+02    1.75345e-03

           Step           Time         Lambda
          37000       74.00000        0.00000

   Energies (kJ/mol)
       G96Angle    Proper Dih.  Improper Dih.          LJ-14     Coulomb-14
    8.11813e+02    2.37531e+02    8.34045e+00    2.12770e+04   -1.71331e+02
        LJ (SR)  Disper. corr.   Coulomb (SR)   Coul. recip. Position Rest.
    6.99104e+04   -1.69864e+03   -5.31394e+05    9.55118e+02    1.48010e+03
   COM Pull En.      Potential    Kinetic En.   Total Energy    Temperature
    1.91886e+01   -4.38565e+05    8.59240e+04   -3.52641e+05    3.09883e+02
 Pres. DC (bar) Pressure (bar)   Constr. rmsd
   -8.17262e+01   -8.27845e+01    1.75209e-03

           Step           Time         Lambda
          38000       76.00000        0.00000

   Energies (kJ/mol)
       G96Angle    Proper Dih.  Improper Dih.          LJ-14     Coulomb-14
    7.91659e+02    2.32968e+02    8.44459e+00    2.12617e+04   -1.29888e+02
        LJ (SR)  Disper. corr.   Coulomb (SR)   Coul. recip. Position Rest.
    7.14334e+04   -1.69629e+03   -5.33636e+05    9.78674e+02    1.51889e+03
   COM Pull En.      Potential    Kinetic En.   Total Energy    Temperature
    2.54393e+01   -4.39211e+05    8.61332e+04   -3.53078e+05    3.10637e+02
 Pres. DC (bar) Pressure (bar)   Constr. rmsd
   -8.15005e+01    4.27428e+02    1.70771e-03

           Step           Time         Lambda
          39000       78.00000        0.00000

   Energies (kJ/mol)
       G96Angle    Proper Dih.  Improper Dih.          LJ-14     Coulomb-14
    7.51624e+02    2.42910e+02    1.45786e+01    2.12702e+04   -9.93053e+01
        LJ (SR)  Disper. corr.   Coulomb (SR)   Coul. recip. Position Rest.
    6.97464e+04   -1.69594e+03   -5.31971e+05    1.03151e+03    1.49872e+03
   COM Pull En.      Potential    Kinetic En.   Total Energy    Temperature
    1.68295e+01   -4.39193e+05    8.66213e+04   -3.52572e+05    3.12398e+02
 Pres. DC (bar) Pressure (bar)   Constr. rmsd
   -8.14665e+01    1.02281e+02    1.72748e-03

           Step           Time         Lambda
          40000       80.00000        0.00000

   Energies (kJ/mol)
       G96Angle    Proper Dih.  Improper Dih.          LJ-14     Coulomb-14
    8.26826e+02    2.23134e+02    8.21470e+00    2.12517e+04   -1.33218e+02
        LJ (SR)  Disper. corr.   Coulomb (SR)   Coul. recip. Position Rest.
    6.96232e+04   -1.69773e+03   -5.32057e+05    9.34816e+02    1.53011e+03
   COM Pull En.      Potential    Kinetic En.   Total Energy    Temperature
    4.61081e+00   -4.39485e+05    8.61418e+04   -3.53343e+05    3.10668e+02
 Pres. DC (bar) Pressure (bar)   Constr. rmsd
   -8.16382e+01    2.93798e+01    1.71156e-03

           Step           Time         Lambda
          41000       82.00000        0.00000

   Energies (kJ/mol)
       G96Angle    Proper Dih.  Improper Dih.          LJ-14     Coulomb-14
    7.28122e+02    2.33647e+02    1.11434e+01    2.12309e+04   -1.32446e+02
        LJ (SR)  Disper. corr.   Coulomb (SR)   Coul. recip. Position Rest.
    6.98074e+04   -1.69655e+03   -5.31706e+05    1.04640e+03    1.46697e+03
   COM Pull En.      Potential    Kinetic En.   Total Energy    Temperature
    3.88415e+00   -4.39006e+05    8.64680e+04   -3.52538e+05    3.11845e+02
 Pres. DC (bar) Pressure (bar)   Constr. rmsd
   -8.15253e+01   -3.11453e+02    1.77803e-03

           Step           Time         Lambda
          42000       84.00000        0.00000

   Energies (kJ/mol)
       G96Angle    Proper Dih.  Improper Dih.          LJ-14     Coulomb-14
    6.97263e+02    2.46992e+02    1.24686e+01    2.12331e+04   -1.56486e+02
        LJ (SR)  Disper. corr.   Coulomb (SR)   Coul. recip. Position Rest.
    7.05635e+04   -1.69751e+03   -5.33966e+05    1.07267e+03    1.47286e+03
   COM Pull En.      Potential    Kinetic En.   Total Energy    Temperature
    4.28417e+00   -4.40517e+05    8.60679e+04   -3.54449e+05    3.10402e+02
 Pres. DC (bar) Pressure (bar)   Constr. rmsd
   -8.16177e+01    2.38993e+02    1.68960e-03

           Step           Time         Lambda
          43000       86.00000        0.00000

   Energies (kJ/mol)
       G96Angle    Proper Dih.  Improper Dih.          LJ-14     Coulomb-14
    7.54161e+02    2.32028e+02    6.78209e+00    2.12251e+04   -1.27147e+02
        LJ (SR)  Disper. corr.   Coulomb (SR)   Coul. recip. Position Rest.
    7.00666e+04   -1.69687e+03   -5.32023e+05    9.48933e+02    1.30660e+03
   COM Pull En.      Potential    Kinetic En.   Total Energy    Temperature
    2.25361e-01   -4.39306e+05    8.54530e+04   -3.53853e+05    3.08184e+02
 Pres. DC (bar) Pressure (bar)   Constr. rmsd
   -8.15563e+01   -5.29413e+02    1.76602e-03

           Step           Time         Lambda
          44000       88.00000        0.00000

   Energies (kJ/mol)
       G96Angle    Proper Dih.  Improper Dih.          LJ-14     Coulomb-14
    7.79829e+02    2.36182e+02    1.02274e+01    2.12691e+04   -1.34636e+02
        LJ (SR)  Disper. corr.   Coulomb (SR)   Coul. recip. Position Rest.
    7.05523e+04   -1.69584e+03   -5.33848e+05    9.53565e+02    1.44141e+03
   COM Pull En.      Potential    Kinetic En.   Total Energy    Temperature
    1.75056e+00   -4.40434e+05    8.64364e+04   -3.53998e+05    3.11731e+02
 Pres. DC (bar) Pressure (bar)   Constr. rmsd
   -8.14569e+01    1.12755e+02    1.72377e-03

           Step           Time         Lambda
          45000       90.00000        0.00000

   Energies (kJ/mol)
       G96Angle    Proper Dih.  Improper Dih.          LJ-14     Coulomb-14
    7.11304e+02    2.34570e+02    5.91425e+00    2.12596e+04   -1.47737e+02
        LJ (SR)  Disper. corr.   Coulomb (SR)   Coul. recip. Position Rest.
    7.05260e+04   -1.69709e+03   -5.33204e+05    1.00857e+03    1.44598e+03
   COM Pull En.      Potential    Kinetic En.   Total Energy    Temperature
    1.52869e+00   -4.39855e+05    8.69762e+04   -3.52879e+05    3.13678e+02
 Pres. DC (bar) Pressure (bar)   Constr. rmsd
   -8.15772e+01    3.18464e+02    1.69063e-03

           Step           Time         Lambda
          46000       92.00000        0.00000

   Energies (kJ/mol)
       G96Angle    Proper Dih.  Improper Dih.          LJ-14     Coulomb-14
    7.18740e+02    2.37630e+02    1.39233e+01    2.12726e+04   -1.30490e+02
        LJ (SR)  Disper. corr.   Coulomb (SR)   Coul. recip. Position Rest.
    6.93716e+04   -1.69470e+03   -5.31147e+05    9.80692e+02    1.63486e+03
   COM Pull En.      Potential    Kinetic En.   Total Energy    Temperature
    1.50566e+00   -4.38741e+05    8.68199e+04   -3.51921e+05    3.13114e+02
 Pres. DC (bar) Pressure (bar)   Constr. rmsd
   -8.13476e+01   -3.15092e+01    1.74080e-03

           Step           Time         Lambda
          47000       94.00000        0.00000

   Energies (kJ/mol)
       G96Angle    Proper Dih.  Improper Dih.          LJ-14     Coulomb-14
    7.75057e+02    2.31303e+02    9.93417e+00    2.12619e+04   -1.52266e+02
        LJ (SR)  Disper. corr.   Coulomb (SR)   Coul. recip. Position Rest.
    7.03346e+04   -1.69318e+03   -5.32344e+05    9.33551e+02    1.48607e+03
   COM Pull En.      Potential    Kinetic En.   Total Energy    Temperature
    2.54439e-02   -4.39157e+05    8.64796e+04   -3.52677e+05    3.11887e+02
 Pres. DC (bar) Pressure (bar)   Constr. rmsd
   -8.12012e+01    3.27299e+02    1.72209e-03

           Step           Time         Lambda
          48000       96.00000        0.00000

   Energies (kJ/mol)
       G96Angle    Proper Dih.  Improper Dih.          LJ-14     Coulomb-14
    6.40835e+02    2.34470e+02    1.00775e+01    2.12492e+04   -8.36610e+01
        LJ (SR)  Disper. corr.   Coulomb (SR)   Coul. recip. Position Rest.
    7.05237e+04   -1.69358e+03   -5.32642e+05    9.86367e+02    1.41791e+03
   COM Pull En.      Potential    Kinetic En.   Total Energy    Temperature
    2.57350e+00   -4.39354e+05    8.54347e+04   -3.53919e+05    3.08118e+02
 Pres. DC (bar) Pressure (bar)   Constr. rmsd
   -8.12403e+01    2.01140e+02    1.70431e-03

           Step           Time         Lambda
          49000       98.00000        0.00000

   Energies (kJ/mol)
       G96Angle    Proper Dih.  Improper Dih.          LJ-14     Coulomb-14
    7.60103e+02    2.23989e+02    8.55583e+00    2.12605e+04   -1.32737e+02
        LJ (SR)  Disper. corr.   Coulomb (SR)   Coul. recip. Position Rest.
    7.12641e+04   -1.68892e+03   -5.32930e+05    9.48329e+02    1.45170e+03
   COM Pull En.      Potential    Kinetic En.   Total Energy    Temperature
    4.20951e+00   -4.38830e+05    8.54912e+04   -3.53339e+05    3.08322e+02
 Pres. DC (bar) Pressure (bar)   Constr. rmsd
   -8.07935e+01    1.50285e+02    1.71154e-03

           Step           Time         Lambda
          50000      100.00000        0.00000

   Energies (kJ/mol)
       G96Angle    Proper Dih.  Improper Dih.          LJ-14     Coulomb-14
    7.53650e+02    2.26062e+02    7.57643e+00    2.12613e+04   -1.56803e+02
        LJ (SR)  Disper. corr.   Coulomb (SR)   Coul. recip. Position Rest.
    6.97034e+04   -1.69222e+03   -5.30569e+05    9.92689e+02    1.47439e+03
   COM Pull En.      Potential    Kinetic En.   Total Energy    Temperature
    2.80559e+00   -4.37996e+05    8.59600e+04   -3.52037e+05    3.10013e+02
 Pres. DC (bar) Pressure (bar)   Constr. rmsd
   -8.11097e+01    2.66030e+02    1.68726e-03

           Step           Time         Lambda
          51000      102.00000        0.00000

   Energies (kJ/mol)
       G96Angle    Proper Dih.  Improper Dih.          LJ-14     Coulomb-14
    7.38808e+02    2.20626e+02    1.30200e+01    2.12558e+04   -1.46137e+02
        LJ (SR)  Disper. corr.   Coulomb (SR)   Coul. recip. Position Rest.
    6.99953e+04   -1.69023e+03   -5.31437e+05    9.59290e+02    1.50992e+03
   COM Pull En.      Potential    Kinetic En.   Total Energy    Temperature
    8.82563e+00   -4.38572e+05    8.70336e+04   -3.51538e+05    3.13885e+02
 Pres. DC (bar) Pressure (bar)   Constr. rmsd
   -8.09193e+01    9.03664e+01    1.71536e-03

           Step           Time         Lambda
          52000      104.00000        0.00000

   Energies (kJ/mol)
       G96Angle    Proper Dih.  Improper Dih.          LJ-14     Coulomb-14
    7.39728e+02    2.23720e+02    6.14854e+00    2.12439e+04   -1.58477e+02
        LJ (SR)  Disper. corr.   Coulomb (SR)   Coul. recip. Position Rest.
    6.98260e+04   -1.69069e+03   -5.30779e+05    9.76448e+02    1.50387e+03
   COM Pull En.      Potential    Kinetic En.   Total Energy    Temperature
    1.08288e+01   -4.38098e+05    8.56317e+04   -3.52466e+05    3.08829e+02
 Pres. DC (bar) Pressure (bar)   Constr. rmsd
   -8.09630e+01   -1.74003e+02    1.73436e-03

           Step           Time         Lambda
          53000      106.00000        0.00000

   Energies (kJ/mol)
       G96Angle    Proper Dih.  Improper Dih.          LJ-14     Coulomb-14
    7.03531e+02    2.26910e+02    1.07860e+01    2.12348e+04   -1.11010e+02
        LJ (SR)  Disper. corr.   Coulomb (SR)   Coul. recip. Position Rest.
    7.08489e+04   -1.69662e+03   -5.32658e+05    9.67354e+02    1.45925e+03
   COM Pull En.      Potential    Kinetic En.   Total Energy    Temperature
    1.39867e+01   -4.39000e+05    8.59792e+04   -3.53021e+05    3.10082e+02
 Pres. DC (bar) Pressure (bar)   Constr. rmsd
   -8.15318e+01   -2.42427e+01    1.74992e-03

           Step           Time         Lambda
          54000      108.00000        0.00000

   Energies (kJ/mol)
       G96Angle    Proper Dih.  Improper Dih.          LJ-14     Coulomb-14
    7.30971e+02    2.29263e+02    7.90300e+00    2.12793e+04   -1.36140e+02
        LJ (SR)  Disper. corr.   Coulomb (SR)   Coul. recip. Position Rest.
    6.98929e+04   -1.69484e+03   -5.32372e+05    9.61272e+02    1.59940e+03
   COM Pull En.      Potential    Kinetic En.   Total Energy    Temperature
    1.59522e+01   -4.39486e+05    8.62444e+04   -3.53242e+05    3.11038e+02
 Pres. DC (bar) Pressure (bar)   Constr. rmsd
   -8.13607e+01   -3.24903e+01    1.70266e-03

           Step           Time         Lambda
          55000      110.00000        0.00000

   Energies (kJ/mol)
       G96Angle    Proper Dih.  Improper Dih.          LJ-14     Coulomb-14
    7.12409e+02    2.28420e+02    6.15787e+00    2.12592e+04   -1.36143e+02
        LJ (SR)  Disper. corr.   Coulomb (SR)   Coul. recip. Position Rest.
    7.00790e+04   -1.69492e+03   -5.32147e+05    1.00551e+03    1.53543e+03
   COM Pull En.      Potential    Kinetic En.   Total Energy    Temperature
    1.14845e+01   -4.39140e+05    8.61528e+04   -3.52987e+05    3.10708e+02
 Pres. DC (bar) Pressure (bar)   Constr. rmsd
   -8.13689e+01    3.87857e+02    1.68999e-03

           Step           Time         Lambda
          56000      112.00000        0.00000

   Energies (kJ/mol)
       G96Angle    Proper Dih.  Improper Dih.          LJ-14     Coulomb-14
    7.20705e+02    2.33420e+02    1.05724e+01    2.12257e+04   -1.50423e+02
        LJ (SR)  Disper. corr.   Coulomb (SR)   Coul. recip. Position Rest.
    7.04967e+04   -1.69783e+03   -5.34005e+05    1.01888e+03    1.54609e+03
   COM Pull En.      Potential    Kinetic En.   Total Energy    Temperature
    1.80371e+01   -4.40584e+05    8.62266e+04   -3.54357e+05    3.10974e+02
 Pres. DC (bar) Pressure (bar)   Constr. rmsd
   -8.16484e+01   -1.71724e+02    1.72945e-03

           Step           Time         Lambda
          57000      114.00000        0.00000

   Energies (kJ/mol)
       G96Angle    Proper Dih.  Improper Dih.          LJ-14     Coulomb-14
    7.52268e+02    2.43270e+02    1.64467e+01    2.12303e+04   -1.30314e+02
        LJ (SR)  Disper. corr.   Coulomb (SR)   Coul. recip. Position Rest.
    7.01530e+04   -1.69807e+03   -5.32719e+05    9.33015e+02    1.54217e+03
   COM Pull En.      Potential    Kinetic En.   Total Energy    Temperature
    1.89097e+01   -4.39658e+05    8.65889e+04   -3.53069e+05    3.12281e+02
 Pres. DC (bar) Pressure (bar)   Constr. rmsd
   -8.16710e+01   -6.02998e+02    1.79714e-03

           Step           Time         Lambda
          58000      116.00000        0.00000

   Energies (kJ/mol)
       G96Angle    Proper Dih.  Improper Dih.          LJ-14     Coulomb-14
    7.03646e+02    2.22817e+02    1.57236e+01    2.12594e+04   -1.23828e+02
        LJ (SR)  Disper. corr.   Coulomb (SR)   Coul. recip. Position Rest.
    7.09334e+04   -1.69654e+03   -5.33781e+05    9.76542e+02    1.49360e+03
   COM Pull En.      Potential    Kinetic En.   Total Energy    Temperature
    1.55721e+01   -4.39980e+05    8.64333e+04   -3.53547e+05    3.11720e+02
 Pres. DC (bar) Pressure (bar)   Constr. rmsd
   -8.15243e+01    2.94650e+02    1.70068e-03

           Step           Time         Lambda
          59000      118.00000        0.00000

   Energies (kJ/mol)
       G96Angle    Proper Dih.  Improper Dih.          LJ-14     Coulomb-14
    6.83216e+02    2.21059e+02    7.61034e+00    2.12234e+04   -1.53290e+02
        LJ (SR)  Disper. corr.   Coulomb (SR)   Coul. recip. Position Rest.
    7.12161e+04   -1.69419e+03   -5.35149e+05    9.44693e+02    1.41728e+03
   COM Pull En.      Potential    Kinetic En.   Total Energy    Temperature
    3.10368e+01   -4.41252e+05    8.62078e+04   -3.55044e+05    3.10906e+02
 Pres. DC (bar) Pressure (bar)   Constr. rmsd
   -8.12987e+01    2.24914e+02    1.69117e-03

           Step           Time         Lambda
          60000      120.00000        0.00000

   Energies (kJ/mol)
       G96Angle    Proper Dih.  Improper Dih.          LJ-14     Coulomb-14
    7.74073e+02    2.31412e+02    1.13873e+01    2.12213e+04   -1.20882e+02
        LJ (SR)  Disper. corr.   Coulomb (SR)   Coul. recip. Position Rest.
    7.01085e+04   -1.69207e+03   -5.31542e+05    1.02588e+03    1.61297e+03
   COM Pull En.      Potential    Kinetic En.   Total Energy    Temperature
    2.64249e+01   -4.38343e+05    8.60795e+04   -3.52263e+05    3.10444e+02
 Pres. DC (bar) Pressure (bar)   Constr. rmsd
   -8.10950e+01   -4.37532e+02    1.76704e-03

           Step           Time         Lambda
          61000      122.00000        0.00000

   Energies (kJ/mol)
       G96Angle    Proper Dih.  Improper Dih.          LJ-14     Coulomb-14
    7.32689e+02    2.29476e+02    9.60750e+00    2.12267e+04   -1.33128e+02
        LJ (SR)  Disper. corr.   Coulomb (SR)   Coul. recip. Position Rest.
    6.92156e+04   -1.69185e+03   -5.29861e+05    9.05042e+02    1.55058e+03
   COM Pull En.      Potential    Kinetic En.   Total Energy    Temperature
    3.07410e+01   -4.37785e+05    8.53744e+04   -3.52411e+05    3.07901e+02
 Pres. DC (bar) Pressure (bar)   Constr. rmsd
   -8.10739e+01    1.22932e-01    1.70168e-03

           Step           Time         Lambda
          62000      124.00000        0.00000

   Energies (kJ/mol)
       G96Angle    Proper Dih.  Improper Dih.          LJ-14     Coulomb-14
    7.21796e+02    2.24487e+02    1.14684e+01    2.12025e+04   -1.30389e+02
        LJ (SR)  Disper. corr.   Coulomb (SR)   Coul. recip. Position Rest.
    7.04277e+04   -1.69281e+03   -5.33855e+05    9.64636e+02    1.54511e+03
   COM Pull En.      Potential    Kinetic En.   Total Energy    Temperature
    4.11301e+01   -4.40540e+05    8.53872e+04   -3.55153e+05    3.07947e+02
 Pres. DC (bar) Pressure (bar)   Constr. rmsd
   -8.11663e+01   -1.14918e+02    1.71200e-03

           Step           Time         Lambda
          63000      126.00000        0.00000

   Energies (kJ/mol)
       G96Angle    Proper Dih.  Improper Dih.          LJ-14     Coulomb-14
    7.41480e+02    2.17531e+02    1.45888e+01    2.12085e+04   -1.35967e+02
        LJ (SR)  Disper. corr.   Coulomb (SR)   Coul. recip. Position Rest.
    6.95535e+04   -1.69353e+03   -5.32442e+05    9.54679e+02    1.61889e+03
   COM Pull En.      Potential    Kinetic En.   Total Energy    Temperature
    4.15035e+01   -4.39921e+05    8.69694e+04   -3.52952e+05    3.13653e+02
 Pres. DC (bar) Pressure (bar)   Constr. rmsd
   -8.12350e+01   -3.16621e+02    1.73683e-03

           Step           Time         Lambda
          64000      128.00000        0.00000

   Energies (kJ/mol)
       G96Angle    Proper Dih.  Improper Dih.          LJ-14     Coulomb-14
    7.15753e+02    2.29089e+02    4.67186e+00    2.11966e+04   -1.23260e+02
        LJ (SR)  Disper. corr.   Coulomb (SR)   Coul. recip. Position Rest.
    7.10640e+04   -1.68988e+03   -5.33297e+05    9.73448e+02    1.53951e+03
   COM Pull En.      Potential    Kinetic En.   Total Energy    Temperature
    4.05358e+01   -4.39346e+05    8.62354e+04   -3.53111e+05    3.11006e+02
 Pres. DC (bar) Pressure (bar)   Constr. rmsd
   -8.08853e+01   -7.47092e+01    1.73669e-03

           Step           Time         Lambda
          65000      130.00000        0.00000

   Energies (kJ/mol)
       G96Angle    Proper Dih.  Improper Dih.          LJ-14     Coulomb-14
    7.50821e+02    2.26315e+02    7.74286e+00    2.12312e+04   -1.39552e+02
        LJ (SR)  Disper. corr.   Coulomb (SR)   Coul. recip. Position Rest.
    7.08779e+04   -1.69614e+03   -5.33923e+05    9.61366e+02    1.60742e+03
   COM Pull En.      Potential    Kinetic En.   Total Energy    Temperature
    5.15084e+01   -4.40045e+05    8.61996e+04   -3.53845e+05    3.10877e+02
 Pres. DC (bar) Pressure (bar)   Constr. rmsd
   -8.14854e+01   -3.55042e+02    1.75629e-03

           Step           Time         Lambda
          66000      132.00000        0.00000

   Energies (kJ/mol)
       G96Angle    Proper Dih.  Improper Dih.          LJ-14     Coulomb-14
    7.26288e+02    2.25679e+02    1.32710e+01    2.12391e+04   -1.01904e+02
        LJ (SR)  Disper. corr.   Coulomb (SR)   Coul. recip. Position Rest.
    7.04522e+04   -1.69635e+03   -5.32591e+05    9.87869e+02    1.63815e+03
   COM Pull En.      Potential    Kinetic En.   Total Energy    Temperature
    6.70632e+01   -4.39040e+05    8.56308e+04   -3.53409e+05    3.08825e+02
 Pres. DC (bar) Pressure (bar)   Constr. rmsd
   -8.15063e+01    2.53057e+02    1.68100e-03

           Step           Time         Lambda
          67000      134.00000        0.00000

   Energies (kJ/mol)
       G96Angle    Proper Dih.  Improper Dih.          LJ-14     Coulomb-14
    6.83379e+02    2.39042e+02    7.65949e+00    2.12022e+04   -1.19467e+02
        LJ (SR)  Disper. corr.   Coulomb (SR)   Coul. recip. Position Rest.
    7.04670e+04   -1.69363e+03   -5.33206e+05    9.63658e+02    1.55128e+03
   COM Pull En.      Potential    Kinetic En.   Total Energy    Temperature
    6.62327e+01   -4.39838e+05    8.62364e+04   -3.53602e+05    3.11009e+02
 Pres. DC (bar) Pressure (bar)   Constr. rmsd
   -8.12449e+01   -2.50530e+01    1.72409e-03

           Step           Time         Lambda
          68000      136.00000        0.00000

   Energies (kJ/mol)
       G96Angle    Proper Dih.  Improper Dih.          LJ-14     Coulomb-14
    7.30008e+02    2.46166e+02    2.04483e+01    2.12428e+04   -1.01657e+02
        LJ (SR)  Disper. corr.   Coulomb (SR)   Coul. recip. Position Rest.
    7.01881e+04   -1.69616e+03   -5.31609e+05    9.83541e+02    1.62617e+03
   COM Pull En.      Potential    Kinetic En.   Total Energy    Temperature
    6.41012e+01   -4.38306e+05    8.67713e+04   -3.51534e+05    3.12938e+02
 Pres. DC (bar) Pressure (bar)   Constr. rmsd
   -8.14876e+01    4.86412e+01    1.72605e-03

           Step           Time         Lambda
          69000      138.00000        0.00000

   Energies (kJ/mol)
       G96Angle    Proper Dih.  Improper Dih.          LJ-14     Coulomb-14
    7.04845e+02    2.33349e+02    1.01152e+01    2.12234e+04   -1.38396e+02
        LJ (SR)  Disper. corr.   Coulomb (SR)   Coul. recip. Position Rest.
    7.02099e+04   -1.69851e+03   -5.32362e+05    1.02785e+03    1.57178e+03
   COM Pull En.      Potential    Kinetic En.   Total Energy    Temperature
    7.17634e+01   -4.39146e+05    8.54500e+04   -3.53696e+05    3.08173e+02
 Pres. DC (bar) Pressure (bar)   Constr. rmsd
   -8.17138e+01    1.39397e+02    1.69610e-03

           Step           Time         Lambda
          70000      140.00000        0.00000

   Energies (kJ/mol)
       G96Angle    Proper Dih.  Improper Dih.          LJ-14     Coulomb-14
    7.52681e+02    2.14415e+02    1.22926e+01    2.12302e+04   -1.46122e+02
        LJ (SR)  Disper. corr.   Coulomb (SR)   Coul. recip. Position Rest.
    7.02892e+04   -1.69596e+03   -5.32351e+05    1.02088e+03    1.53709e+03
   COM Pull En.      Potential    Kinetic En.   Total Energy    Temperature
    7.17892e+01   -4.39064e+05    8.55712e+04   -3.53493e+05    3.08611e+02
 Pres. DC (bar) Pressure (bar)   Constr. rmsd
   -8.14686e+01   -1.69466e+02    1.71112e-03

           Step           Time         Lambda
          71000      142.00000        0.00000

   Energies (kJ/mol)
       G96Angle    Proper Dih.  Improper Dih.          LJ-14     Coulomb-14
    7.22708e+02    2.21627e+02    1.01279e+01    2.11883e+04   -1.30881e+02
        LJ (SR)  Disper. corr.   Coulomb (SR)   Coul. recip. Position Rest.
    7.13122e+04   -1.69575e+03   -5.34481e+05    9.44383e+02    1.49814e+03
   COM Pull En.      Potential    Kinetic En.   Total Energy    Temperature
    8.03186e+01   -4.40330e+05    8.58658e+04   -3.54464e+05    3.09673e+02
 Pres. DC (bar) Pressure (bar)   Constr. rmsd
   -8.14482e+01   -3.44931e+02    1.77249e-03

           Step           Time         Lambda
          72000      144.00000        0.00000

   Energies (kJ/mol)
       G96Angle    Proper Dih.  Improper Dih.          LJ-14     Coulomb-14
    6.61696e+02    2.40426e+02    7.96059e+00    2.12163e+04   -1.26871e+02
        LJ (SR)  Disper. corr.   Coulomb (SR)   Coul. recip. Position Rest.
    7.11579e+04   -1.69542e+03   -5.35320e+05    9.87554e+02    1.56567e+03
   COM Pull En.      Potential    Kinetic En.   Total Energy    Temperature
    9.47709e+01   -4.41210e+05    8.56024e+04   -3.55608e+05    3.08723e+02
 Pres. DC (bar) Pressure (bar)   Constr. rmsd
   -8.14164e+01    1.45813e+02    1.69039e-03

           Step           Time         Lambda
          73000      146.00000        0.00000

   Energies (kJ/mol)
       G96Angle    Proper Dih.  Improper Dih.          LJ-14     Coulomb-14
    7.29035e+02    2.30497e+02    1.12022e+01    2.12262e+04   -1.38657e+02
        LJ (SR)  Disper. corr.   Coulomb (SR)   Coul. recip. Position Rest.
    7.00782e+04   -1.69127e+03   -5.31253e+05    1.01585e+03    1.62596e+03
   COM Pull En.      Potential    Kinetic En.   Total Energy    Temperature
    7.64205e+01   -4.38090e+05    8.59364e+04   -3.52153e+05    3.09928e+02
 Pres. DC (bar) Pressure (bar)   Constr. rmsd
   -8.10182e+01   -3.18538e+02    1.74428e-03

           Step           Time         Lambda
          74000      148.00000        0.00000

   Energies (kJ/mol)
       G96Angle    Proper Dih.  Improper Dih.          LJ-14     Coulomb-14
    7.34077e+02    2.30994e+02    1.21785e+01    2.12177e+04   -1.61312e+02
        LJ (SR)  Disper. corr.   Coulomb (SR)   Coul. recip. Position Rest.
    7.05101e+04   -1.69364e+03   -5.31827e+05    9.57452e+02    1.58813e+03
   COM Pull En.      Potential    Kinetic En.   Total Energy    Temperature
    9.92241e+01   -4.38332e+05    8.61129e+04   -3.52219e+05    3.10564e+02
 Pres. DC (bar) Pressure (bar)   Constr. rmsd
   -8.12462e+01    1.18237e+02    1.71666e-03

           Step           Time         Lambda
          75000      150.00000        0.00000

   Energies (kJ/mol)
       G96Angle    Proper Dih.  Improper Dih.          LJ-14     Coulomb-14
    7.39093e+02    2.17865e+02    1.08628e+01    2.12343e+04   -9.78542e+01
        LJ (SR)  Disper. corr.   Coulomb (SR)   Coul. recip. Position Rest.
    6.97728e+04   -1.68841e+03   -5.31892e+05    9.79281e+02    1.45116e+03
   COM Pull En.      Potential    Kinetic En.   Total Energy    Temperature
    9.64966e+01   -4.39176e+05    8.62371e+04   -3.52939e+05    3.11012e+02
 Pres. DC (bar) Pressure (bar)   Constr. rmsd
   -8.07450e+01   -4.56419e+02    1.73219e-03

           Step           Time         Lambda
          76000      152.00000        0.00000

   Energies (kJ/mol)
       G96Angle    Proper Dih.  Improper Dih.          LJ-14     Coulomb-14
    7.88679e+02    2.33129e+02    1.48946e+01    2.12225e+04   -1.49555e+02
        LJ (SR)  Disper. corr.   Coulomb (SR)   Coul. recip. Position Rest.
    7.07239e+04   -1.69239e+03   -5.33231e+05    9.20464e+02    1.56977e+03
   COM Pull En.      Potential    Kinetic En.   Total Energy    Temperature
    1.05543e+02   -4.39494e+05    8.67655e+04   -3.52729e+05    3.12918e+02
 Pres. DC (bar) Pressure (bar)   Constr. rmsd
   -8.11256e+01    8.04440e+01    1.70547e-03

           Step           Time         Lambda
          77000      154.00000        0.00000

   Energies (kJ/mol)
       G96Angle    Proper Dih.  Improper Dih.          LJ-14     Coulomb-14
    7.63685e+02    2.27804e+02    1.39200e+01    2.12353e+04   -1.09760e+02
        LJ (SR)  Disper. corr.   Coulomb (SR)   Coul. recip. Position Rest.
    6.94608e+04   -1.69260e+03   -5.31652e+05    9.70945e+02    1.56418e+03
   COM Pull En.      Potential    Kinetic En.   Total Energy    Temperature
    1.01299e+02   -4.39116e+05    8.64702e+04   -3.52646e+05    3.11853e+02
 Pres. DC (bar) Pressure (bar)   Constr. rmsd
   -8.11459e+01    3.90485e+02    1.67975e-03

           Step           Time         Lambda
          78000      156.00000        0.00000

   Energies (kJ/mol)
       G96Angle    Proper Dih.  Improper Dih.          LJ-14     Coulomb-14
    7.47335e+02    2.14796e+02    1.25689e+01    2.12491e+04   -1.60350e+02
        LJ (SR)  Disper. corr.   Coulomb (SR)   Coul. recip. Position Rest.
    7.07520e+04   -1.69098e+03   -5.32531e+05    9.54181e+02    1.51526e+03
   COM Pull En.      Potential    Kinetic En.   Total Energy    Temperature
    1.18157e+02   -4.38819e+05    8.57314e+04   -3.53087e+05    3.09188e+02
 Pres. DC (bar) Pressure (bar)   Constr. rmsd
   -8.09908e+01    5.66430e+02    1.66311e-03

           Step           Time         Lambda
          79000      158.00000        0.00000

   Energies (kJ/mol)
       G96Angle    Proper Dih.  Improper Dih.          LJ-14     Coulomb-14
    7.03694e+02    2.46695e+02    1.15688e+01    2.12422e+04   -1.21588e+02
        LJ (SR)  Disper. corr.   Coulomb (SR)   Coul. recip. Position Rest.
    6.91582e+04   -1.69116e+03   -5.30161e+05    9.56297e+02    1.57136e+03
   COM Pull En.      Potential    Kinetic En.   Total Energy    Temperature
    1.21728e+02   -4.37962e+05    8.62531e+04   -3.51709e+05    3.11070e+02
 Pres. DC (bar) Pressure (bar)   Constr. rmsd
   -8.10081e+01   -2.10268e+02    1.74054e-03

           Step           Time         Lambda
          80000      160.00000        0.00000

   Energies (kJ/mol)
       G96Angle    Proper Dih.  Improper Dih.          LJ-14     Coulomb-14
    7.72546e+02    2.38154e+02    1.20456e+01    2.12493e+04   -1.26802e+02
        LJ (SR)  Disper. corr.   Coulomb (SR)   Coul. recip. Position Rest.
    7.07328e+04   -1.69102e+03   -5.31964e+05    9.71368e+02    1.62787e+03
   COM Pull En.      Potential    Kinetic En.   Total Energy    Temperature
    1.21684e+02   -4.38056e+05    8.65486e+04   -3.51508e+05    3.12135e+02
 Pres. DC (bar) Pressure (bar)   Constr. rmsd
   -8.09946e+01    2.82445e+02    1.71988e-03

           Step           Time         Lambda
          81000      162.00000        0.00000

   Energies (kJ/mol)
       G96Angle    Proper Dih.  Improper Dih.          LJ-14     Coulomb-14
    7.14100e+02    2.22758e+02    9.27143e+00    2.12105e+04   -1.15679e+02
        LJ (SR)  Disper. corr.   Coulomb (SR)   Coul. recip. Position Rest.
    7.17372e+04   -1.69122e+03   -5.35474e+05    9.31409e+02    1.51734e+03
   COM Pull En.      Potential    Kinetic En.   Total Energy    Temperature
    1.10348e+02   -4.40828e+05    8.57347e+04   -3.55093e+05    3.09200e+02
 Pres. DC (bar) Pressure (bar)   Constr. rmsd
   -8.10139e+01    1.16667e+02    1.71436e-03

           Step           Time         Lambda
          82000      164.00000        0.00000

   Energies (kJ/mol)
       G96Angle    Proper Dih.  Improper Dih.          LJ-14     Coulomb-14
    7.41130e+02    2.33171e+02    1.69376e+01    2.12280e+04   -1.61589e+02
        LJ (SR)  Disper. corr.   Coulomb (SR)   Coul. recip. Position Rest.
    7.00020e+04   -1.69041e+03   -5.31429e+05    9.35494e+02    1.57753e+03
   COM Pull En.      Potential    Kinetic En.   Total Energy    Temperature
    1.23331e+02   -4.38423e+05    8.52133e+04   -3.53210e+05    3.07320e+02
 Pres. DC (bar) Pressure (bar)   Constr. rmsd
   -8.09366e+01   -2.29329e+02    1.74556e-03

           Step           Time         Lambda
          83000      166.00000        0.00000

   Energies (kJ/mol)
       G96Angle    Proper Dih.  Improper Dih.          LJ-14     Coulomb-14
    7.17773e+02    2.29732e+02    1.19155e+01    2.12184e+04   -1.08127e+02
        LJ (SR)  Disper. corr.   Coulomb (SR)   Coul. recip. Position Rest.
    7.01218e+04   -1.69330e+03   -5.30976e+05    9.69951e+02    1.67168e+03
   COM Pull En.      Potential    Kinetic En.   Total Energy    Temperature
    1.33233e+02   -4.37703e+05    8.60650e+04   -3.51638e+05    3.10392e+02
 Pres. DC (bar) Pressure (bar)   Constr. rmsd
   -8.12128e+01   -4.66320e+02    1.77608e-03

           Step           Time         Lambda
          84000      168.00000        0.00000

   Energies (kJ/mol)
       G96Angle    Proper Dih.  Improper Dih.          LJ-14     Coulomb-14
    7.11202e+02    2.32221e+02    8.86864e+00    2.12363e+04   -1.06208e+02
        LJ (SR)  Disper. corr.   Coulomb (SR)   Coul. recip. Position Rest.
    6.97840e+04   -1.69528e+03   -5.31557e+05    9.78673e+02    1.58374e+03
   COM Pull En.      Potential    Kinetic En.   Total Energy    Temperature
    1.65901e+02   -4.38658e+05    8.61182e+04   -3.52539e+05    3.10583e+02
 Pres. DC (bar) Pressure (bar)   Constr. rmsd
   -8.14031e+01   -2.97714e+02    1.75260e-03

           Step           Time         Lambda
          85000      170.00000        0.00000

   Energies (kJ/mol)
       G96Angle    Proper Dih.  Improper Dih.          LJ-14     Coulomb-14
    6.91799e+02    2.29074e+02    6.34062e+00    2.12239e+04   -1.86403e+02
        LJ (SR)  Disper. corr.   Coulomb (SR)   Coul. recip. Position Rest.
    7.04755e+04   -1.69665e+03   -5.32837e+05    9.69522e+02    1.51572e+03
   COM Pull En.      Potential    Kinetic En.   Total Energy    Temperature
    1.53728e+02   -4.39454e+05    8.52053e+04   -3.54249e+05    3.07291e+02
 Pres. DC (bar) Pressure (bar)   Constr. rmsd
   -8.15350e+01   -1.41801e+02    1.70946e-03

           Step           Time         Lambda
          86000      172.00000        0.00000

   Energies (kJ/mol)
       G96Angle    Proper Dih.  Improper Dih.          LJ-14     Coulomb-14
    7.34839e+02    2.27035e+02    1.23557e+01    2.12482e+04   -1.43052e+02
        LJ (SR)  Disper. corr.   Coulomb (SR)   Coul. recip. Position Rest.
    6.94206e+04   -1.69538e+03   -5.29179e+05    9.45651e+02    1.66129e+03
   COM Pull En.      Potential    Kinetic En.   Total Energy    Temperature
    1.41635e+02   -4.36626e+05    8.65624e+04   -3.50064e+05    3.12185e+02
 Pres. DC (bar) Pressure (bar)   Constr. rmsd
   -8.14124e+01    1.41493e+02    1.71691e-03

           Step           Time         Lambda
          87000      174.00000        0.00000

   Energies (kJ/mol)
       G96Angle    Proper Dih.  Improper Dih.          LJ-14     Coulomb-14
    6.57175e+02    2.14801e+02    9.79131e+00    2.12267e+04   -1.26960e+02
        LJ (SR)  Disper. corr.   Coulomb (SR)   Coul. recip. Position Rest.
    7.04648e+04   -1.69469e+03   -5.32556e+05    1.01042e+03    1.60143e+03
   COM Pull En.      Potential    Kinetic En.   Total Energy    Temperature
    1.84947e+02   -4.39007e+05    8.57807e+04   -3.53227e+05    3.09366e+02
 Pres. DC (bar) Pressure (bar)   Constr. rmsd
   -8.13466e+01    3.63438e+01    1.71503e-03

           Step           Time         Lambda
          88000      176.00000        0.00000

   Energies (kJ/mol)
       G96Angle    Proper Dih.  Improper Dih.          LJ-14     Coulomb-14
    7.89302e+02    2.21443e+02    1.19641e+01    2.12338e+04   -1.79912e+02
        LJ (SR)  Disper. corr.   Coulomb (SR)   Coul. recip. Position Rest.
    6.99646e+04   -1.68903e+03   -5.32019e+05    9.54649e+02    1.65488e+03
   COM Pull En.      Potential    Kinetic En.   Total Energy    Temperature
    1.86814e+02   -4.38871e+05    8.67636e+04   -3.52107e+05    3.12911e+02
 Pres. DC (bar) Pressure (bar)   Constr. rmsd
   -8.08044e+01   -1.33097e+02    1.72600e-03

           Step           Time         Lambda
          89000      178.00000        0.00000

   Energies (kJ/mol)
       G96Angle    Proper Dih.  Improper Dih.          LJ-14     Coulomb-14
    7.61035e+02    2.33610e+02    1.44789e+01    2.12143e+04   -1.43494e+02
        LJ (SR)  Disper. corr.   Coulomb (SR)   Coul. recip. Position Rest.
    7.03218e+04   -1.69164e+03   -5.31148e+05    9.76341e+02    1.60316e+03
   COM Pull En.      Potential    Kinetic En.   Total Energy    Temperature
    1.65350e+02   -4.37693e+05    8.69437e+04   -3.50749e+05    3.13560e+02
 Pres. DC (bar) Pressure (bar)   Constr. rmsd
   -8.10536e+01   -1.81669e+02    1.75139e-03

           Step           Time         Lambda
          90000      180.00000        0.00000

   Energies (kJ/mol)
       G96Angle    Proper Dih.  Improper Dih.          LJ-14     Coulomb-14
    6.91314e+02    2.32860e+02    1.53315e+01    2.12056e+04   -1.56571e+02
        LJ (SR)  Disper. corr.   Coulomb (SR)   Coul. recip. Position Rest.
    6.98633e+04   -1.69500e+03   -5.31951e+05    9.31932e+02    1.54951e+03
   COM Pull En.      Potential    Kinetic En.   Total Energy    Temperature
    9.43331e+01   -4.39218e+05    8.57220e+04   -3.53496e+05    3.09154e+02
 Pres. DC (bar) Pressure (bar)   Constr. rmsd
   -8.13765e+01    3.68297e+01    1.70824e-03

           Step           Time         Lambda
          91000      182.00000        0.00000

   Energies (kJ/mol)
       G96Angle    Proper Dih.  Improper Dih.          LJ-14     Coulomb-14
    7.04463e+02    2.30803e+02    1.38346e+01    2.12121e+04   -1.22291e+02
        LJ (SR)  Disper. corr.   Coulomb (SR)   Coul. recip. Position Rest.
    7.08303e+04   -1.69612e+03   -5.31578e+05    9.70182e+02    1.63818e+03
   COM Pull En.      Potential    Kinetic En.   Total Energy    Temperature
    9.46230e+01   -4.37702e+05    8.53361e+04   -3.52366e+05    3.07762e+02
 Pres. DC (bar) Pressure (bar)   Constr. rmsd
   -8.14838e+01    4.31968e+02    1.71178e-03

           Step           Time         Lambda
          92000      184.00000        0.00000

   Energies (kJ/mol)
       G96Angle    Proper Dih.  Improper Dih.          LJ-14     Coulomb-14
    7.43109e+02    2.29473e+02    1.88397e+01    2.12346e+04   -1.23875e+02
        LJ (SR)  Disper. corr.   Coulomb (SR)   Coul. recip. Position Rest.
    6.91727e+04   -1.69298e+03   -5.31274e+05    1.01848e+03    1.66779e+03
   COM Pull En.      Potential    Kinetic En.   Total Energy    Temperature
    1.11160e+02   -4.38895e+05    8.62980e+04   -3.52597e+05    3.11232e+02
 Pres. DC (bar) Pressure (bar)   Constr. rmsd
   -8.11827e+01   -1.06397e+02    1.70842e-03

           Step           Time         Lambda
          93000      186.00000        0.00000

   Energies (kJ/mol)
       G96Angle    Proper Dih.  Improper Dih.          LJ-14     Coulomb-14
    7.34101e+02    2.47682e+02    1.17634e+01    2.12165e+04   -1.52754e+02
        LJ (SR)  Disper. corr.   Coulomb (SR)   Coul. recip. Position Rest.
    6.96596e+04   -1.69209e+03   -5.30866e+05    9.10400e+02    1.74215e+03
   COM Pull En.      Potential    Kinetic En.   Total Energy    Temperature
    1.33571e+02   -4.38055e+05    8.66282e+04   -3.51427e+05    3.12422e+02
 Pres. DC (bar) Pressure (bar)   Constr. rmsd
   -8.10968e+01    1.02908e+01    1.74630e-03

           Step           Time         Lambda
          94000      188.00000        0.00000

   Energies (kJ/mol)
       G96Angle    Proper Dih.  Improper Dih.          LJ-14     Coulomb-14
    7.29608e+02    2.30791e+02    1.63931e+01    2.12265e+04   -1.34970e+02
        LJ (SR)  Disper. corr.   Coulomb (SR)   Coul. recip. Position Rest.
    6.90774e+04   -1.69305e+03   -5.31365e+05    9.47292e+02    1.60552e+03
   COM Pull En.      Potential    Kinetic En.   Total Energy    Temperature
    1.34326e+02   -4.39225e+05    8.62766e+04   -3.52948e+05    3.11155e+02
 Pres. DC (bar) Pressure (bar)   Constr. rmsd
   -8.11893e+01   -2.99821e+02    1.76202e-03

           Step           Time         Lambda
          95000      190.00000        0.00000

   Energies (kJ/mol)
       G96Angle    Proper Dih.  Improper Dih.          LJ-14     Coulomb-14
    7.32985e+02    2.29912e+02    1.27156e+01    2.12278e+04   -1.37971e+02
        LJ (SR)  Disper. corr.   Coulomb (SR)   Coul. recip. Position Rest.
    7.02793e+04   -1.69391e+03   -5.32360e+05    1.00848e+03    1.68548e+03
   COM Pull En.      Potential    Kinetic En.   Total Energy    Temperature
    1.25860e+02   -4.38889e+05    8.56003e+04   -3.53289e+05    3.08715e+02
 Pres. DC (bar) Pressure (bar)   Constr. rmsd
   -8.12714e+01    5.78255e+01    1.70382e-03

           Step           Time         Lambda
          96000      192.00000        0.00000

   Energies (kJ/mol)
       G96Angle    Proper Dih.  Improper Dih.          LJ-14     Coulomb-14
    7.10316e+02    2.25315e+02    1.58170e+01    2.11929e+04   -1.34118e+02
        LJ (SR)  Disper. corr.   Coulomb (SR)   Coul. recip. Position Rest.
    7.02904e+04   -1.69887e+03   -5.32966e+05    9.34903e+02    1.51632e+03
   COM Pull En.      Potential    Kinetic En.   Total Energy    Temperature
    1.56894e+02   -4.39757e+05    8.45085e+04   -3.55248e+05    3.04778e+02
 Pres. DC (bar) Pressure (bar)   Constr. rmsd
   -8.17477e+01   -2.05359e+02    1.75041e-03

           Step           Time         Lambda
          97000      194.00000        0.00000

   Energies (kJ/mol)
       G96Angle    Proper Dih.  Improper Dih.          LJ-14     Coulomb-14
    7.14014e+02    2.36884e+02    9.88102e+00    2.12367e+04   -1.56107e+02
        LJ (SR)  Disper. corr.   Coulomb (SR)   Coul. recip. Position Rest.
    6.99017e+04   -1.68967e+03   -5.31359e+05    9.93093e+02    1.62295e+03
   COM Pull En.      Potential    Kinetic En.   Total Energy    Temperature
    1.55843e+02   -4.38333e+05    8.63246e+04   -3.52009e+05    3.11328e+02
 Pres. DC (bar) Pressure (bar)   Constr. rmsd
   -8.08658e+01    2.97837e+02    1.69153e-03

           Step           Time         Lambda
          98000      196.00000        0.00000

   Energies (kJ/mol)
       G96Angle    Proper Dih.  Improper Dih.          LJ-14     Coulomb-14
    6.91890e+02    2.28208e+02    6.90258e+00    2.12330e+04   -1.05443e+02
        LJ (SR)  Disper. corr.   Coulomb (SR)   Coul. recip. Position Rest.
    7.12787e+04   -1.69089e+03   -5.34455e+05    9.84876e+02    1.64410e+03
   COM Pull En.      Potential    Kinetic En.   Total Energy    Temperature
    1.69987e+02   -4.40014e+05    8.60639e+04   -3.53950e+05    3.10388e+02
 Pres. DC (bar) Pressure (bar)   Constr. rmsd
   -8.09824e+01    1.51013e+02    1.69379e-03

           Step           Time         Lambda
          99000      198.00000        0.00000

   Energies (kJ/mol)
       G96Angle    Proper Dih.  Improper Dih.          LJ-14     Coulomb-14
    6.73941e+02    2.31592e+02    1.75458e+01    2.12277e+04   -1.21345e+02
        LJ (SR)  Disper. corr.   Coulomb (SR)   Coul. recip. Position Rest.
    7.04367e+04   -1.68923e+03   -5.32937e+05    1.01927e+03    1.69804e+03
   COM Pull En.      Potential    Kinetic En.   Total Energy    Temperature
    2.10913e+02   -4.39232e+05    8.57319e+04   -3.53500e+05    3.09190e+02
 Pres. DC (bar) Pressure (bar)   Constr. rmsd
   -8.08231e+01   -1.08132e+02    1.73412e-03

           Step           Time         Lambda
         100000      200.00000        0.00000

   Energies (kJ/mol)
       G96Angle    Proper Dih.  Improper Dih.          LJ-14     Coulomb-14
    7.10874e+02    2.23251e+02    1.31112e+01    2.12060e+04   -9.17998e+01
        LJ (SR)  Disper. corr.   Coulomb (SR)   Coul. recip. Position Rest.
    7.01883e+04   -1.69067e+03   -5.32930e+05    9.10190e+02    1.58611e+03
   COM Pull En.      Potential    Kinetic En.   Total Energy    Temperature
    1.94391e+02   -4.39680e+05    8.51268e+04   -3.54553e+05    3.07008e+02
 Pres. DC (bar) Pressure (bar)   Constr. rmsd
   -8.09616e+01   -3.15561e+02    1.73362e-03

           Step           Time         Lambda
         101000      202.00000        0.00000

   Energies (kJ/mol)
       G96Angle    Proper Dih.  Improper Dih.          LJ-14     Coulomb-14
    7.93229e+02    2.39538e+02    1.77764e+01    2.12588e+04   -1.42844e+02
        LJ (SR)  Disper. corr.   Coulomb (SR)   Coul. recip. Position Rest.
    7.01668e+04   -1.69293e+03   -5.30736e+05    9.80773e+02    1.79942e+03
   COM Pull En.      Potential    Kinetic En.   Total Energy    Temperature
    1.53588e+02   -4.37161e+05    8.71364e+04   -3.50025e+05    3.14255e+02
 Pres. DC (bar) Pressure (bar)   Constr. rmsd
   -8.11779e+01    1.32259e+02    1.71526e-03

           Step           Time         Lambda
         102000      204.00000        0.00000

   Energies (kJ/mol)
       G96Angle    Proper Dih.  Improper Dih.          LJ-14     Coulomb-14
    6.87172e+02    2.29577e+02    1.11956e+01    2.12174e+04   -1.33776e+02
        LJ (SR)  Disper. corr.   Coulomb (SR)   Coul. recip. Position Rest.
    6.95177e+04   -1.69287e+03   -5.31650e+05    9.72432e+02    1.65593e+03
   COM Pull En.      Potential    Kinetic En.   Total Energy    Temperature
    2.10643e+02   -4.38975e+05    8.55166e+04   -3.53458e+05    3.08413e+02
 Pres. DC (bar) Pressure (bar)   Constr. rmsd
   -8.11721e+01   -5.39008e+01    1.71804e-03

           Step           Time         Lambda
         103000      206.00000        0.00000

   Energies (kJ/mol)
       G96Angle    Proper Dih.  Improper Dih.          LJ-14     Coulomb-14
    7.60926e+02    2.19849e+02    2.26904e+01    2.12480e+04   -1.06099e+02
        LJ (SR)  Disper. corr.   Coulomb (SR)   Coul. recip. Position Rest.
    7.18141e+04   -1.69156e+03   -5.33948e+05    9.73582e+02    1.66826e+03
   COM Pull En.      Potential    Kinetic En.   Total Energy    Temperature
    2.25095e+02   -4.38813e+05    8.58320e+04   -3.52981e+05    3.09551e+02
 Pres. DC (bar) Pressure (bar)   Constr. rmsd
   -8.10465e+01    3.02908e+02    1.70854e-03

           Step           Time         Lambda
         104000      208.00000        0.00000

   Energies (kJ/mol)
       G96Angle    Proper Dih.  Improper Dih.          LJ-14     Coulomb-14
    7.62466e+02    2.36146e+02    1.07515e+01    2.12329e+04   -1.36543e+02
        LJ (SR)  Disper. corr.   Coulomb (SR)   Coul. recip. Position Rest.
    7.10687e+04   -1.69421e+03   -5.32252e+05    9.68196e+02    1.63023e+03
   COM Pull En.      Potential    Kinetic En.   Total Energy    Temperature
    2.40561e+02   -4.37933e+05    8.66203e+04   -3.51313e+05    3.12394e+02
 Pres. DC (bar) Pressure (bar)   Constr. rmsd
   -8.13005e+01    8.29360e+01    1.71889e-03

           Step           Time         Lambda
         105000      210.00000        0.00000

   Energies (kJ/mol)
       G96Angle    Proper Dih.  Improper Dih.          LJ-14     Coulomb-14
    7.00633e+02    2.34046e+02    1.09787e+01    2.12064e+04   -1.47096e+02
        LJ (SR)  Disper. corr.   Coulomb (SR)   Coul. recip. Position Rest.
    7.05339e+04   -1.69320e+03   -5.32895e+05    9.46254e+02    1.55816e+03
   COM Pull En.      Potential    Kinetic En.   Total Energy    Temperature
    2.47655e+02   -4.39297e+05    8.54426e+04   -3.53854e+05    3.08147e+02
 Pres. DC (bar) Pressure (bar)   Constr. rmsd
   -8.12032e+01    1.36318e+02    1.71885e-03

           Step           Time         Lambda
         106000      212.00000        0.00000

   Energies (kJ/mol)
       G96Angle    Proper Dih.  Improper Dih.          LJ-14     Coulomb-14
    7.22999e+02    2.25509e+02    8.64596e+00    2.11873e+04   -1.36712e+02
        LJ (SR)  Disper. corr.   Coulomb (SR)   Coul. recip. Position Rest.
    6.96692e+04   -1.69762e+03   -5.31921e+05    9.42664e+02    1.58213e+03
   COM Pull En.      Potential    Kinetic En.   Total Energy    Temperature
    2.68727e+02   -4.39148e+05    8.59589e+04   -3.53190e+05    3.10009e+02
 Pres. DC (bar) Pressure (bar)   Constr. rmsd
   -8.16283e+01   -2.06665e+02    1.74594e-03

           Step           Time         Lambda
         107000      214.00000        0.00000

   Energies (kJ/mol)
       G96Angle    Proper Dih.  Improper Dih.          LJ-14     Coulomb-14
    7.17371e+02    2.18749e+02    1.02034e+01    2.12183e+04   -1.32542e+02
        LJ (SR)  Disper. corr.   Coulomb (SR)   Coul. recip. Position Rest.
    7.00414e+04   -1.69231e+03   -5.33047e+05    9.75646e+02    1.51130e+03
   COM Pull En.      Potential    Kinetic En.   Total Energy    Temperature
    2.74618e+02   -4.39904e+05    8.54582e+04   -3.54446e+05    3.08203e+02
 Pres. DC (bar) Pressure (bar)   Constr. rmsd
   -8.11180e+01   -3.44810e+01    1.70347e-03

           Step           Time         Lambda
         108000      216.00000        0.00000

   Energies (kJ/mol)
       G96Angle    Proper Dih.  Improper Dih.          LJ-14     Coulomb-14
    8.26572e+02    2.14778e+02    1.17150e+01    2.12077e+04   -1.05718e+02
        LJ (SR)  Disper. corr.   Coulomb (SR)   Coul. recip. Position Rest.
    7.04117e+04   -1.68895e+03   -5.31660e+05    9.68095e+02    1.60625e+03
   COM Pull En.      Potential    Kinetic En.   Total Energy    Temperature
    2.70222e+02   -4.37938e+05    8.60043e+04   -3.51933e+05    3.10172e+02
 Pres. DC (bar) Pressure (bar)   Constr. rmsd
   -8.07962e+01   -2.98420e+02    1.77558e-03

Writing checkpoint, step 108025 at Sun Jul 29 16:41:53 2018


           Step           Time         Lambda
         109000      218.00000        0.00000

   Energies (kJ/mol)
       G96Angle    Proper Dih.  Improper Dih.          LJ-14     Coulomb-14
    7.33765e+02    2.35234e+02    1.07353e+01    2.11960e+04   -7.88099e+01
        LJ (SR)  Disper. corr.   Coulomb (SR)   Coul. recip. Position Rest.
    6.94524e+04   -1.68821e+03   -5.31017e+05    9.91136e+02    1.58077e+03
   COM Pull En.      Potential    Kinetic En.   Total Energy    Temperature
    3.01619e+02   -4.38283e+05    8.63652e+04   -3.51917e+05    3.11474e+02
 Pres. DC (bar) Pressure (bar)   Constr. rmsd
   -8.07255e+01   -4.45984e+02    1.75718e-03

           Step           Time         Lambda
         110000      220.00000        0.00000

   Energies (kJ/mol)
       G96Angle    Proper Dih.  Improper Dih.          LJ-14     Coulomb-14
    7.26211e+02    2.31320e+02    4.70390e+00    2.12287e+04   -1.27109e+02
        LJ (SR)  Disper. corr.   Coulomb (SR)   Coul. recip. Position Rest.
    7.04193e+04   -1.69300e+03   -5.32734e+05    1.01571e+03    1.58443e+03
   COM Pull En.      Potential    Kinetic En.   Total Energy    Temperature
    2.87561e+02   -4.39057e+05    8.64780e+04   -3.52579e+05    3.11881e+02
 Pres. DC (bar) Pressure (bar)   Constr. rmsd
   -8.11841e+01    2.30763e+01    1.73041e-03

           Step           Time         Lambda
         111000      222.00000        0.00000

   Energies (kJ/mol)
       G96Angle    Proper Dih.  Improper Dih.          LJ-14     Coulomb-14
    7.30225e+02    2.33541e+02    1.19355e+01    2.12430e+04   -1.94321e+02
        LJ (SR)  Disper. corr.   Coulomb (SR)   Coul. recip. Position Rest.
    7.05690e+04   -1.69552e+03   -5.32194e+05    8.92526e+02    1.65416e+03
   COM Pull En.      Potential    Kinetic En.   Total Energy    Temperature
    3.41458e+02   -4.38408e+05    8.55019e+04   -3.52906e+05    3.08360e+02
 Pres. DC (bar) Pressure (bar)   Constr. rmsd
   -8.14264e+01    1.29110e+02    1.71760e-03

           Step           Time         Lambda
         112000      224.00000        0.00000

   Energies (kJ/mol)
       G96Angle    Proper Dih.  Improper Dih.          LJ-14     Coulomb-14
    7.48510e+02    2.19258e+02    1.22979e+01    2.12196e+04   -1.52829e+02
        LJ (SR)  Disper. corr.   Coulomb (SR)   Coul. recip. Position Rest.
    7.01728e+04   -1.69870e+03   -5.31737e+05    9.69927e+02    1.77525e+03
   COM Pull En.      Potential    Kinetic En.   Total Energy    Temperature
    3.15172e+02   -4.38156e+05    8.53638e+04   -3.52792e+05    3.07862e+02
 Pres. DC (bar) Pressure (bar)   Constr. rmsd
   -8.17314e+01    1.75722e+02    1.70196e-03

           Step           Time         Lambda
         113000      226.00000        0.00000

   Energies (kJ/mol)
       G96Angle    Proper Dih.  Improper Dih.          LJ-14     Coulomb-14
    6.93865e+02    2.24218e+02    1.18258e+01    2.12254e+04   -1.54769e+02
        LJ (SR)  Disper. corr.   Coulomb (SR)   Coul. recip. Position Rest.
    7.08412e+04   -1.69541e+03   -5.32909e+05    9.70996e+02    1.68443e+03
   COM Pull En.      Potential    Kinetic En.   Total Energy    Temperature
    2.28455e+02   -4.38878e+05    8.56937e+04   -3.53185e+05    3.09052e+02
 Pres. DC (bar) Pressure (bar)   Constr. rmsd
   -8.14153e+01   -8.38929e+01    1.76649e-03

           Step           Time         Lambda
         114000      228.00000        0.00000

   Energies (kJ/mol)
       G96Angle    Proper Dih.  Improper Dih.          LJ-14     Coulomb-14
    8.23690e+02    2.27638e+02    1.48115e+01    2.12481e+04   -1.40916e+02
        LJ (SR)  Disper. corr.   Coulomb (SR)   Coul. recip. Position Rest.
    7.00227e+04   -1.69715e+03   -5.32043e+05    9.40935e+02    1.64887e+03
   COM Pull En.      Potential    Kinetic En.   Total Energy    Temperature
    1.83383e+02   -4.38771e+05    8.58362e+04   -3.52935e+05    3.09566e+02
 Pres. DC (bar) Pressure (bar)   Constr. rmsd
   -8.15832e+01   -1.16171e+02    1.72684e-03

           Step           Time         Lambda
         115000      230.00000        0.00000

   Energies (kJ/mol)
       G96Angle    Proper Dih.  Improper Dih.          LJ-14     Coulomb-14
    6.86216e+02    2.33647e+02    1.54238e+01    2.12299e+04   -1.29671e+02
        LJ (SR)  Disper. corr.   Coulomb (SR)   Coul. recip. Position Rest.
    7.05152e+04   -1.69337e+03   -5.32735e+05    9.48079e+02    1.72431e+03
   COM Pull En.      Potential    Kinetic En.   Total Energy    Temperature
    1.92475e+02   -4.39012e+05    8.59029e+04   -3.53109e+05    3.09807e+02
 Pres. DC (bar) Pressure (bar)   Constr. rmsd
   -8.12200e+01   -9.63655e+01    1.74755e-03

           Step           Time         Lambda
         116000      232.00000        0.00000

   Energies (kJ/mol)
       G96Angle    Proper Dih.  Improper Dih.          LJ-14     Coulomb-14
    7.26962e+02    2.25982e+02    2.09191e+01    2.12068e+04   -1.26808e+02
        LJ (SR)  Disper. corr.   Coulomb (SR)   Coul. recip. Position Rest.
    6.98150e+04   -1.68825e+03   -5.31405e+05    9.74094e+02    1.48940e+03
   COM Pull En.      Potential    Kinetic En.   Total Energy    Temperature
    2.13272e+02   -4.38548e+05    8.54365e+04   -3.53111e+05    3.08125e+02
 Pres. DC (bar) Pressure (bar)   Constr. rmsd
   -8.07293e+01   -5.52206e+02    1.77780e-03

           Step           Time         Lambda
         117000      234.00000        0.00000

   Energies (kJ/mol)
       G96Angle    Proper Dih.  Improper Dih.          LJ-14     Coulomb-14
    6.89557e+02    2.42496e+02    1.79956e+01    2.12184e+04   -1.59854e+02
        LJ (SR)  Disper. corr.   Coulomb (SR)   Coul. recip. Position Rest.
    6.97335e+04   -1.68995e+03   -5.32944e+05    9.49875e+02    1.60896e+03
   COM Pull En.      Potential    Kinetic En.   Total Energy    Temperature
    1.07677e+02   -4.40225e+05    8.56919e+04   -3.54533e+05    3.09046e+02
 Pres. DC (bar) Pressure (bar)   Constr. rmsd
   -8.08921e+01   -2.51057e+02    1.74914e-03

           Step           Time         Lambda
         118000      236.00000        0.00000

   Energies (kJ/mol)
       G96Angle    Proper Dih.  Improper Dih.          LJ-14     Coulomb-14
    8.01769e+02    2.15059e+02    1.84859e+01    2.12648e+04   -1.45948e+02
        LJ (SR)  Disper. corr.   Coulomb (SR)   Coul. recip. Position Rest.
    7.03537e+04   -1.68805e+03   -5.31494e+05    9.82999e+02    1.57303e+03
   COM Pull En.      Potential    Kinetic En.   Total Energy    Temperature
    1.11357e+02   -4.38007e+05    8.67986e+04   -3.51208e+05    3.13037e+02
 Pres. DC (bar) Pressure (bar)   Constr. rmsd
   -8.07103e+01   -7.64568e+00    1.74403e-03

           Step           Time         Lambda
         119000      238.00000        0.00000

   Energies (kJ/mol)
       G96Angle    Proper Dih.  Improper Dih.          LJ-14     Coulomb-14
    8.11396e+02    2.35754e+02    1.83013e+01    2.12190e+04   -1.45882e+02
        LJ (SR)  Disper. corr.   Coulomb (SR)   Coul. recip. Position Rest.
    7.09687e+04   -1.69120e+03   -5.32732e+05    9.44846e+02    1.55035e+03
   COM Pull En.      Potential    Kinetic En.   Total Energy    Temperature
    1.07111e+02   -4.38713e+05    8.53417e+04   -3.53371e+05    3.07783e+02
 Pres. DC (bar) Pressure (bar)   Constr. rmsd
   -8.10120e+01   -2.61230e+02    1.78530e-03

           Step           Time         Lambda
         120000      240.00000        0.00000

   Energies (kJ/mol)
       G96Angle    Proper Dih.  Improper Dih.          LJ-14     Coulomb-14
    7.38108e+02    2.36433e+02    9.60406e+00    2.12127e+04   -1.49186e+02
        LJ (SR)  Disper. corr.   Coulomb (SR)   Coul. recip. Position Rest.
    7.03530e+04   -1.69461e+03   -5.32915e+05    9.71964e+02    1.60094e+03
   COM Pull En.      Potential    Kinetic En.   Total Energy    Temperature
    1.36990e+02   -4.39499e+05    8.57174e+04   -3.53782e+05    3.09138e+02
 Pres. DC (bar) Pressure (bar)   Constr. rmsd
   -8.13388e+01   -3.47093e+02    1.78438e-03

           Step           Time         Lambda
         121000      242.00000        0.00000

   Energies (kJ/mol)
       G96Angle    Proper Dih.  Improper Dih.          LJ-14     Coulomb-14
    8.00389e+02    2.25390e+02    1.39924e+01    2.12487e+04   -1.21008e+02
        LJ (SR)  Disper. corr.   Coulomb (SR)   Coul. recip. Position Rest.
    7.10097e+04   -1.69376e+03   -5.33174e+05    9.59121e+02    1.58503e+03
   COM Pull En.      Potential    Kinetic En.   Total Energy    Temperature
    1.11730e+02   -4.39035e+05    8.60735e+04   -3.52961e+05    3.10422e+02
 Pres. DC (bar) Pressure (bar)   Constr. rmsd
   -8.12576e+01   -2.22021e+02    1.77527e-03

           Step           Time         Lambda
         122000      244.00000        0.00000

   Energies (kJ/mol)
       G96Angle    Proper Dih.  Improper Dih.          LJ-14     Coulomb-14
    7.22515e+02    2.44545e+02    1.41831e+01    2.12288e+04   -1.35994e+02
        LJ (SR)  Disper. corr.   Coulomb (SR)   Coul. recip. Position Rest.
    7.08081e+04   -1.69619e+03   -5.32934e+05    9.43468e+02    1.69452e+03
   COM Pull En.      Potential    Kinetic En.   Total Energy    Temperature
    1.35585e+02   -4.38975e+05    8.69494e+04   -3.52025e+05    3.13581e+02
 Pres. DC (bar) Pressure (bar)   Constr. rmsd
   -8.14902e+01    4.18180e+01    1.76890e-03

           Step           Time         Lambda
         123000      246.00000        0.00000

   Energies (kJ/mol)
       G96Angle    Proper Dih.  Improper Dih.          LJ-14     Coulomb-14
    7.59866e+02    2.25437e+02    2.06329e+01    2.12099e+04   -1.43091e+02
        LJ (SR)  Disper. corr.   Coulomb (SR)   Coul. recip. Position Rest.
    7.06569e+04   -1.69341e+03   -5.32293e+05    9.46139e+02    1.57350e+03
   COM Pull En.      Potential    Kinetic En.   Total Energy    Temperature
    1.43791e+02   -4.38593e+05    8.58210e+04   -3.52772e+05    3.09511e+02
 Pres. DC (bar) Pressure (bar)   Constr. rmsd
   -8.12242e+01    6.57797e+00    1.76863e-03

           Step           Time         Lambda
         124000      248.00000        0.00000

   Energies (kJ/mol)
       G96Angle    Proper Dih.  Improper Dih.          LJ-14     Coulomb-14
    8.45739e+02    2.33309e+02    1.37751e+01    2.12567e+04   -1.58018e+02
        LJ (SR)  Disper. corr.   Coulomb (SR)   Coul. recip. Position Rest.
    6.97712e+04   -1.69611e+03   -5.33245e+05    9.57722e+02    1.62783e+03
   COM Pull En.      Potential    Kinetic En.   Total Energy    Temperature
    1.80545e+02   -4.40212e+05    8.59733e+04   -3.54239e+05    3.10061e+02
 Pres. DC (bar) Pressure (bar)   Constr. rmsd
   -8.14828e+01   -3.24623e+02    1.76350e-03

           Step           Time         Lambda
         125000      250.00000        0.00000

   Energies (kJ/mol)
       G96Angle    Proper Dih.  Improper Dih.          LJ-14     Coulomb-14
    7.75646e+02    2.31008e+02    1.16156e+01    2.12336e+04   -1.61681e+02
        LJ (SR)  Disper. corr.   Coulomb (SR)   Coul. recip. Position Rest.
    7.25457e+04   -1.69710e+03   -5.35817e+05    9.76236e+02    1.58519e+03
   COM Pull En.      Potential    Kinetic En.   Total Energy    Temperature
    1.73275e+02   -4.40143e+05    8.56543e+04   -3.54489e+05    3.08910e+02
 Pres. DC (bar) Pressure (bar)   Constr. rmsd
   -8.15780e+01    4.08484e+02    1.72740e-03

           Step           Time         Lambda
         126000      252.00000        0.00000

   Energies (kJ/mol)
       G96Angle    Proper Dih.  Improper Dih.          LJ-14     Coulomb-14
    7.28925e+02    2.36063e+02    1.20363e+01    2.12114e+04   -1.45989e+02
        LJ (SR)  Disper. corr.   Coulomb (SR)   Coul. recip. Position Rest.
    7.10002e+04   -1.69401e+03   -5.33724e+05    9.09687e+02    1.54900e+03
   COM Pull En.      Potential    Kinetic En.   Total Energy    Temperature
    1.83332e+02   -4.39734e+05    8.53949e+04   -3.54339e+05    3.07974e+02
 Pres. DC (bar) Pressure (bar)   Constr. rmsd
   -8.12816e+01    1.86562e+01    1.74743e-03

           Step           Time         Lambda
         127000      254.00000        0.00000

   Energies (kJ/mol)
       G96Angle    Proper Dih.  Improper Dih.          LJ-14     Coulomb-14
    7.50737e+02    2.43626e+02    9.24902e+00    2.11990e+04   -1.49836e+02
        LJ (SR)  Disper. corr.   Coulomb (SR)   Coul. recip. Position Rest.
    7.11659e+04   -1.69811e+03   -5.32569e+05    9.41892e+02    1.66119e+03
   COM Pull En.      Potential    Kinetic En.   Total Energy    Temperature
    1.91073e+02   -4.38255e+05    8.56538e+04   -3.52601e+05    3.08908e+02
 Pres. DC (bar) Pressure (bar)   Constr. rmsd
   -8.16749e+01    1.87668e+01    1.76419e-03

           Step           Time         Lambda
         128000      256.00000        0.00000

   Energies (kJ/mol)
       G96Angle    Proper Dih.  Improper Dih.          LJ-14     Coulomb-14
    7.46381e+02    2.30174e+02    1.55309e+01    2.12329e+04   -1.48261e+02
        LJ (SR)  Disper. corr.   Coulomb (SR)   Coul. recip. Position Rest.
    7.06687e+04   -1.69216e+03   -5.32179e+05    9.47144e+02    1.60430e+03
   COM Pull En.      Potential    Kinetic En.   Total Energy    Temperature
    1.95908e+02   -4.38378e+05    8.46656e+04   -3.53713e+05    3.05345e+02
 Pres. DC (bar) Pressure (bar)   Constr. rmsd
   -8.11042e+01    1.26892e+02    1.74662e-03

           Step           Time         Lambda
         129000      258.00000        0.00000

   Energies (kJ/mol)
       G96Angle    Proper Dih.  Improper Dih.          LJ-14     Coulomb-14
    7.32389e+02    2.31576e+02    1.12166e+01    2.12322e+04   -1.52485e+02
        LJ (SR)  Disper. corr.   Coulomb (SR)   Coul. recip. Position Rest.
    7.07962e+04   -1.69079e+03   -5.33506e+05    9.72371e+02    1.55572e+03
   COM Pull En.      Potential    Kinetic En.   Total Energy    Temperature
    2.28631e+02   -4.39589e+05    8.57330e+04   -3.53856e+05    3.09194e+02
 Pres. DC (bar) Pressure (bar)   Constr. rmsd
   -8.09727e+01   -5.95869e+01    1.77427e-03

           Step           Time         Lambda
         130000      260.00000        0.00000

   Energies (kJ/mol)
       G96Angle    Proper Dih.  Improper Dih.          LJ-14     Coulomb-14
    7.68198e+02    2.37316e+02    1.88920e+01    2.12301e+04   -1.25408e+02
        LJ (SR)  Disper. corr.   Coulomb (SR)   Coul. recip. Position Rest.
    7.09051e+04   -1.69614e+03   -5.31296e+05    9.59941e+02    1.67791e+03
   COM Pull En.      Potential    Kinetic En.   Total Energy    Temperature
    1.98960e+02   -4.37121e+05    8.68509e+04   -3.50270e+05    3.13226e+02
 Pres. DC (bar) Pressure (bar)   Constr. rmsd
   -8.14857e+01    2.98645e+02    1.77272e-03

           Step           Time         Lambda
         131000      262.00000        0.00000

   Energies (kJ/mol)
       G96Angle    Proper Dih.  Improper Dih.          LJ-14     Coulomb-14
    8.24383e+02    2.31340e+02    1.69358e+01    2.12605e+04   -1.32951e+02
        LJ (SR)  Disper. corr.   Coulomb (SR)   Coul. recip. Position Rest.
    7.03621e+04   -1.69231e+03   -5.33028e+05    9.70335e+02    1.66285e+03
   COM Pull En.      Potential    Kinetic En.   Total Energy    Temperature
    2.33258e+02   -4.39291e+05    8.68673e+04   -3.52424e+05    3.13285e+02
 Pres. DC (bar) Pressure (bar)   Constr. rmsd
   -8.11187e+01    5.93820e+00    1.73905e-03

           Step           Time         Lambda
         132000      264.00000        0.00000

   Energies (kJ/mol)
       G96Angle    Proper Dih.  Improper Dih.          LJ-14     Coulomb-14
    7.96577e+02    2.46306e+02    1.49752e+01    2.12433e+04   -1.29688e+02
        LJ (SR)  Disper. corr.   Coulomb (SR)   Coul. recip. Position Rest.
    7.01186e+04   -1.69865e+03   -5.32111e+05    9.92023e+02    1.57885e+03
   COM Pull En.      Potential    Kinetic En.   Total Energy    Temperature
    2.44958e+02   -4.38704e+05    8.59187e+04   -3.52785e+05    3.09864e+02
 Pres. DC (bar) Pressure (bar)   Constr. rmsd
   -8.17269e+01    2.87777e+02    1.73037e-03

           Step           Time         Lambda
         133000      266.00000        0.00000

   Energies (kJ/mol)
       G96Angle    Proper Dih.  Improper Dih.          LJ-14     Coulomb-14
    7.14219e+02    2.37798e+02    1.29784e+01    2.12239e+04   -1.32000e+02
        LJ (SR)  Disper. corr.   Coulomb (SR)   Coul. recip. Position Rest.
    7.12096e+04   -1.69493e+03   -5.33907e+05    9.70100e+02    1.55151e+03
   COM Pull En.      Potential    Kinetic En.   Total Energy    Temperature
    2.66739e+02   -4.39547e+05    8.60462e+04   -3.53501e+05    3.10323e+02
 Pres. DC (bar) Pressure (bar)   Constr. rmsd
   -8.13696e+01    3.62738e+02    1.73081e-03

           Step           Time         Lambda
         134000      268.00000        0.00000

   Energies (kJ/mol)
       G96Angle    Proper Dih.  Improper Dih.          LJ-14     Coulomb-14
    8.06308e+02    2.30544e+02    1.61357e+01    2.12160e+04   -1.41737e+02
        LJ (SR)  Disper. corr.   Coulomb (SR)   Coul. recip. Position Rest.
    6.96757e+04   -1.69577e+03   -5.31755e+05    9.51483e+02    1.65050e+03
   COM Pull En.      Potential    Kinetic En.   Total Energy    Temperature
    2.76456e+02   -4.38770e+05    8.61319e+04   -3.52638e+05    3.10633e+02
 Pres. DC (bar) Pressure (bar)   Constr. rmsd
   -8.14504e+01   -5.85393e+02    1.81554e-03

           Step           Time         Lambda
         135000      270.00000        0.00000

   Energies (kJ/mol)
       G96Angle    Proper Dih.  Improper Dih.          LJ-14     Coulomb-14
    7.40487e+02    2.39345e+02    1.70658e+01    2.12503e+04   -1.34029e+02
        LJ (SR)  Disper. corr.   Coulomb (SR)   Coul. recip. Position Rest.
    6.88692e+04   -1.69147e+03   -5.31078e+05    9.24233e+02    1.54032e+03
   COM Pull En.      Potential    Kinetic En.   Total Energy    Temperature
    2.96321e+02   -4.39027e+05    8.70270e+04   -3.52000e+05    3.13861e+02
 Pres. DC (bar) Pressure (bar)   Constr. rmsd
   -8.10381e+01   -5.32870e+02    1.81320e-03

           Step           Time         Lambda
         136000      272.00000        0.00000

   Energies (kJ/mol)
       G96Angle    Proper Dih.  Improper Dih.          LJ-14     Coulomb-14
    8.14126e+02    2.33474e+02    1.32829e+01    2.12321e+04   -1.62845e+02
        LJ (SR)  Disper. corr.   Coulomb (SR)   Coul. recip. Position Rest.
    7.04288e+04   -1.69310e+03   -5.32378e+05    9.88788e+02    1.66043e+03
   COM Pull En.      Potential    Kinetic En.   Total Energy    Temperature
    3.08586e+02   -4.38555e+05    8.49684e+04   -3.53586e+05    3.06436e+02
 Pres. DC (bar) Pressure (bar)   Constr. rmsd
   -8.11938e+01   -8.99141e+01    1.76348e-03

           Step           Time         Lambda
         137000      274.00000        0.00000

   Energies (kJ/mol)
       G96Angle    Proper Dih.  Improper Dih.          LJ-14     Coulomb-14
    8.40806e+02    2.25650e+02    1.50105e+01    2.12541e+04   -1.31706e+02
        LJ (SR)  Disper. corr.   Coulomb (SR)   Coul. recip. Position Rest.
    6.93484e+04   -1.69377e+03   -5.30115e+05    9.87155e+02    1.60132e+03
   COM Pull En.      Potential    Kinetic En.   Total Energy    Temperature
    3.07203e+02   -4.37361e+05    8.62652e+04   -3.51096e+05    3.11113e+02
 Pres. DC (bar) Pressure (bar)   Constr. rmsd
   -8.12582e+01    1.76959e+02    1.74357e-03

           Step           Time         Lambda
         138000      276.00000        0.00000

   Energies (kJ/mol)
       G96Angle    Proper Dih.  Improper Dih.          LJ-14     Coulomb-14
    7.65877e+02    2.35464e+02    1.91990e+01    2.12277e+04   -1.43340e+02
        LJ (SR)  Disper. corr.   Coulomb (SR)   Coul. recip. Position Rest.
    7.04049e+04   -1.69593e+03   -5.32102e+05    9.60681e+02    1.78758e+03
   COM Pull En.      Potential    Kinetic En.   Total Energy    Temperature
    2.96809e+02   -4.38243e+05    8.60255e+04   -3.52217e+05    3.10249e+02
 Pres. DC (bar) Pressure (bar)   Constr. rmsd
   -8.14656e+01    3.80719e+02    1.72763e-03

           Step           Time         Lambda
         139000      278.00000        0.00000

   Energies (kJ/mol)
       G96Angle    Proper Dih.  Improper Dih.          LJ-14     Coulomb-14
    7.56745e+02    2.30171e+02    1.18535e+01    2.12319e+04   -9.48435e+01
        LJ (SR)  Disper. corr.   Coulomb (SR)   Coul. recip. Position Rest.
    7.08316e+04   -1.69607e+03   -5.33844e+05    9.76346e+02    1.65056e+03
   COM Pull En.      Potential    Kinetic En.   Total Energy    Temperature
    1.99805e+02   -4.39746e+05    8.62474e+04   -3.53499e+05    3.11049e+02
 Pres. DC (bar) Pressure (bar)   Constr. rmsd
   -8.14786e+01   -1.23421e+02    1.77610e-03

           Step           Time         Lambda
         140000      280.00000        0.00000

   Energies (kJ/mol)
       G96Angle    Proper Dih.  Improper Dih.          LJ-14     Coulomb-14
    7.38423e+02    2.46604e+02    1.84504e+01    2.12284e+04   -1.59505e+02
        LJ (SR)  Disper. corr.   Coulomb (SR)   Coul. recip. Position Rest.
    7.17891e+04   -1.69796e+03   -5.34603e+05    9.39288e+02    1.67057e+03
   COM Pull En.      Potential    Kinetic En.   Total Energy    Temperature
    2.18186e+02   -4.39611e+05    8.56693e+04   -3.53942e+05    3.08964e+02
 Pres. DC (bar) Pressure (bar)   Constr. rmsd
   -8.16607e+01    7.25317e+01    1.78612e-03

           Step           Time         Lambda
         141000      282.00000        0.00000

   Energies (kJ/mol)
       G96Angle    Proper Dih.  Improper Dih.          LJ-14     Coulomb-14
    7.75371e+02    2.25735e+02    1.32426e+01    2.12272e+04   -1.54119e+02
        LJ (SR)  Disper. corr.   Coulomb (SR)   Coul. recip. Position Rest.
    7.02538e+04   -1.69622e+03   -5.33578e+05    9.62533e+02    1.62250e+03
   COM Pull En.      Potential    Kinetic En.   Total Energy    Temperature
    2.13618e+02   -4.40134e+05    8.60671e+04   -3.54067e+05    3.10399e+02
 Pres. DC (bar) Pressure (bar)   Constr. rmsd
   -8.14935e+01   -1.34829e+02    1.78114e-03

           Step           Time         Lambda
         142000      284.00000        0.00000

   Energies (kJ/mol)
       G96Angle    Proper Dih.  Improper Dih.          LJ-14     Coulomb-14
    7.83302e+02    2.38231e+02    1.04095e+01    2.12185e+04   -1.57791e+02
        LJ (SR)  Disper. corr.   Coulomb (SR)   Coul. recip. Position Rest.
    7.03926e+04   -1.69477e+03   -5.33358e+05    9.56245e+02    1.55871e+03
   COM Pull En.      Potential    Kinetic En.   Total Energy    Temperature
    2.17000e+02   -4.39835e+05    8.57391e+04   -3.54096e+05    3.09216e+02
 Pres. DC (bar) Pressure (bar)   Constr. rmsd
   -8.13543e+01   -1.24987e+02    1.76444e-03

           Step           Time         Lambda
         143000      286.00000        0.00000

   Energies (kJ/mol)
       G96Angle    Proper Dih.  Improper Dih.          LJ-14     Coulomb-14
    7.99649e+02    2.40314e+02    1.10019e+01    2.12247e+04   -1.51946e+02
        LJ (SR)  Disper. corr.   Coulomb (SR)   Coul. recip. Position Rest.
    7.06265e+04   -1.69697e+03   -5.33683e+05    9.75933e+02    1.66477e+03
   COM Pull En.      Potential    Kinetic En.   Total Energy    Temperature
    2.12523e+02   -4.39776e+05    8.54307e+04   -3.54346e+05    3.08104e+02
 Pres. DC (bar) Pressure (bar)   Constr. rmsd
   -8.15657e+01   -4.98935e+01    1.76280e-03

           Step           Time         Lambda
         144000      288.00000        0.00000

   Energies (kJ/mol)
       G96Angle    Proper Dih.  Improper Dih.          LJ-14     Coulomb-14
    7.69000e+02    2.35554e+02    1.23161e+01    2.12151e+04   -1.50688e+02
        LJ (SR)  Disper. corr.   Coulomb (SR)   Coul. recip. Position Rest.
    7.09518e+04   -1.69405e+03   -5.34430e+05    9.77005e+02    1.61267e+03
   COM Pull En.      Potential    Kinetic En.   Total Energy    Temperature
    2.29871e+02   -4.40272e+05    8.51449e+04   -3.55127e+05    3.07073e+02
 Pres. DC (bar) Pressure (bar)   Constr. rmsd
   -8.12853e+01   -3.48789e+02    1.79102e-03

           Step           Time         Lambda
         145000      290.00000        0.00000

   Energies (kJ/mol)
       G96Angle    Proper Dih.  Improper Dih.          LJ-14     Coulomb-14
    8.42970e+02    2.36278e+02    1.43116e+01    2.12455e+04   -1.30852e+02
        LJ (SR)  Disper. corr.   Coulomb (SR)   Coul. recip. Position Rest.
    6.99768e+04   -1.69023e+03   -5.31146e+05    9.73023e+02    1.78516e+03
   COM Pull En.      Potential    Kinetic En.   Total Energy    Temperature
    2.19314e+02   -4.37674e+05    8.66659e+04   -3.51008e+05    3.12559e+02
 Pres. DC (bar) Pressure (bar)   Constr. rmsd
   -8.09194e+01    1.56657e+02    1.75135e-03

           Step           Time         Lambda
         146000      292.00000        0.00000

   Energies (kJ/mol)
       G96Angle    Proper Dih.  Improper Dih.          LJ-14     Coulomb-14
    7.98565e+02    2.33660e+02    9.93342e+00    2.12595e+04   -1.45217e+02
        LJ (SR)  Disper. corr.   Coulomb (SR)   Coul. recip. Position Rest.
    7.15960e+04   -1.69604e+03   -5.33734e+05    1.00223e+03    1.67757e+03
   COM Pull En.      Potential    Kinetic En.   Total Energy    Temperature
    1.32986e+02   -4.38865e+05    8.60078e+04   -3.52857e+05    3.10185e+02
 Pres. DC (bar) Pressure (bar)   Constr. rmsd
   -8.14765e+01    4.74124e+02    1.75342e-03

           Step           Time         Lambda
         147000      294.00000        0.00000

   Energies (kJ/mol)
       G96Angle    Proper Dih.  Improper Dih.          LJ-14     Coulomb-14
    7.83210e+02    2.26794e+02    1.76717e+01    2.12308e+04   -1.56771e+02
        LJ (SR)  Disper. corr.   Coulomb (SR)   Coul. recip. Position Rest.
    7.00695e+04   -1.69662e+03   -5.32715e+05    9.57922e+02    1.63776e+03
   COM Pull En.      Potential    Kinetic En.   Total Energy    Temperature
    1.48975e+02   -4.39496e+05    8.52338e+04   -3.54262e+05    3.07394e+02
 Pres. DC (bar) Pressure (bar)   Constr. rmsd
   -8.15318e+01    5.77654e+00    1.76264e-03

           Step           Time         Lambda
         148000      296.00000        0.00000

   Energies (kJ/mol)
       G96Angle    Proper Dih.  Improper Dih.          LJ-14     Coulomb-14
    7.85676e+02    2.39690e+02    1.76068e+01    2.12456e+04   -1.81696e+02
        LJ (SR)  Disper. corr.   Coulomb (SR)   Coul. recip. Position Rest.
    7.13562e+04   -1.69203e+03   -5.33587e+05    9.38270e+02    1.75704e+03
   COM Pull En.      Potential    Kinetic En.   Total Energy    Temperature
    1.08731e+02   -4.39012e+05    8.57788e+04   -3.53234e+05    3.09359e+02
 Pres. DC (bar) Pressure (bar)   Constr. rmsd
   -8.10919e+01    2.06651e+02    1.76392e-03

           Step           Time         Lambda
         149000      298.00000        0.00000

   Energies (kJ/mol)
       G96Angle    Proper Dih.  Improper Dih.          LJ-14     Coulomb-14
    8.23295e+02    2.40305e+02    6.80590e+00    2.12392e+04   -1.62746e+02
        LJ (SR)  Disper. corr.   Coulomb (SR)   Coul. recip. Position Rest.
    7.07250e+04   -1.69339e+03   -5.32861e+05    9.55100e+02    1.67572e+03
   COM Pull En.      Potential    Kinetic En.   Total Energy    Temperature
    6.40417e+01   -4.38987e+05    8.63465e+04   -3.52641e+05    3.11407e+02
 Pres. DC (bar) Pressure (bar)   Constr. rmsd
   -8.12220e+01    1.54575e+02    1.74802e-03

           Step           Time         Lambda
         150000      300.00000        0.00000

   Energies (kJ/mol)
       G96Angle    Proper Dih.  Improper Dih.          LJ-14     Coulomb-14
    7.31465e+02    2.34375e+02    1.49236e+01    2.12405e+04   -1.73754e+02
        LJ (SR)  Disper. corr.   Coulomb (SR)   Coul. recip. Position Rest.
    6.97770e+04   -1.69731e+03   -5.31534e+05    9.64414e+02    1.65603e+03
   COM Pull En.      Potential    Kinetic En.   Total Energy    Temperature
    7.16402e+01   -4.38715e+05    8.57067e+04   -3.53008e+05    3.09099e+02
 Pres. DC (bar) Pressure (bar)   Constr. rmsd
   -8.15982e+01    1.86684e+02    1.73813e-03

           Step           Time         Lambda
         151000      302.00000        0.00000

   Energies (kJ/mol)
       G96Angle    Proper Dih.  Improper Dih.          LJ-14     Coulomb-14
    8.35883e+02    2.34915e+02    1.64998e+01    2.12373e+04   -1.14433e+02
        LJ (SR)  Disper. corr.   Coulomb (SR)   Coul. recip. Position Rest.
    7.17136e+04   -1.69454e+03   -5.33481e+05    9.51768e+02    1.68140e+03
   COM Pull En.      Potential    Kinetic En.   Total Energy    Temperature
    6.99394e+01   -4.38549e+05    8.60106e+04   -3.52538e+05    3.10195e+02
 Pres. DC (bar) Pressure (bar)   Constr. rmsd
   -8.13326e+01    2.95458e+02    1.76394e-03

           Step           Time         Lambda
         152000      304.00000        0.00000

   Energies (kJ/mol)
       G96Angle    Proper Dih.  Improper Dih.          LJ-14     Coulomb-14
    7.63173e+02    2.41135e+02    1.17229e+01    2.12075e+04   -1.53969e+02
        LJ (SR)  Disper. corr.   Coulomb (SR)   Coul. recip. Position Rest.
    7.02115e+04   -1.69370e+03   -5.32158e+05    9.36165e+02    1.60636e+03
   COM Pull En.      Potential    Kinetic En.   Total Energy    Temperature
    7.63985e+01   -4.38951e+05    8.50271e+04   -3.53924e+05    3.06648e+02
 Pres. DC (bar) Pressure (bar)   Constr. rmsd
   -8.12515e+01   -6.87616e+01    1.77275e-03

           Step           Time         Lambda
         153000      306.00000        0.00000

   Energies (kJ/mol)
       G96Angle    Proper Dih.  Improper Dih.          LJ-14     Coulomb-14
    7.53878e+02    2.35622e+02    2.59985e+01    2.12452e+04   -1.14621e+02
        LJ (SR)  Disper. corr.   Coulomb (SR)   Coul. recip. Position Rest.
    7.07095e+04   -1.69322e+03   -5.32907e+05    9.97299e+02    1.66191e+03
   COM Pull En.      Potential    Kinetic En.   Total Energy    Temperature
    1.00396e+02   -4.38985e+05    8.60166e+04   -3.52969e+05    3.10217e+02
 Pres. DC (bar) Pressure (bar)   Constr. rmsd
   -8.12050e+01    2.57158e+02    1.77161e-03

           Step           Time         Lambda
         154000      308.00000        0.00000

   Energies (kJ/mol)
       G96Angle    Proper Dih.  Improper Dih.          LJ-14     Coulomb-14
    7.55875e+02    2.40123e+02    9.82481e+00    2.12301e+04   -1.06653e+02
        LJ (SR)  Disper. corr.   Coulomb (SR)   Coul. recip. Position Rest.
    6.97030e+04   -1.68913e+03   -5.30787e+05    1.01869e+03    1.70465e+03
   COM Pull En.      Potential    Kinetic En.   Total Energy    Temperature
    1.22971e+02   -4.37798e+05    8.64853e+04   -3.51312e+05    3.11907e+02
 Pres. DC (bar) Pressure (bar)   Constr. rmsd
   -8.08142e+01   -5.80923e+02    1.84132e-03

           Step           Time         Lambda
         155000      310.00000        0.00000

   Energies (kJ/mol)
       G96Angle    Proper Dih.  Improper Dih.          LJ-14     Coulomb-14
    7.97131e+02    2.35253e+02    1.37188e+01    2.12423e+04   -1.58312e+02
        LJ (SR)  Disper. corr.   Coulomb (SR)   Coul. recip. Position Rest.
    7.04532e+04   -1.69287e+03   -5.32182e+05    9.77503e+02    1.68488e+03
   COM Pull En.      Potential    Kinetic En.   Total Energy    Temperature
    1.15860e+02   -4.38513e+05    8.60889e+04   -3.52424e+05    3.10478e+02
 Pres. DC (bar) Pressure (bar)   Constr. rmsd
   -8.11717e+01   -2.72778e+02    1.81859e-03

           Step           Time         Lambda
         156000      312.00000        0.00000

   Energies (kJ/mol)
       G96Angle    Proper Dih.  Improper Dih.          LJ-14     Coulomb-14
    8.13714e+02    2.38648e+02    1.95904e+01    2.12492e+04   -1.33449e+02
        LJ (SR)  Disper. corr.   Coulomb (SR)   Coul. recip. Position Rest.
    7.02864e+04   -1.69615e+03   -5.32537e+05    9.65222e+02    1.67144e+03
   COM Pull En.      Potential    Kinetic En.   Total Energy    Temperature
    1.18826e+02   -4.39003e+05    8.57887e+04   -3.53214e+05    3.09395e+02
 Pres. DC (bar) Pressure (bar)   Constr. rmsd
   -8.14871e+01    3.38864e+02    1.74922e-03

           Step           Time         Lambda
         157000      314.00000        0.00000

   Energies (kJ/mol)
       G96Angle    Proper Dih.  Improper Dih.          LJ-14     Coulomb-14
    7.62653e+02    2.32050e+02    1.68865e+01    2.12654e+04   -1.32268e+02
        LJ (SR)  Disper. corr.   Coulomb (SR)   Coul. recip. Position Rest.
    6.97485e+04   -1.69148e+03   -5.31168e+05    1.02807e+03    1.68968e+03
   COM Pull En.      Potential    Kinetic En.   Total Energy    Temperature
    1.26870e+02   -4.38121e+05    8.66305e+04   -3.51491e+05    3.12431e+02
 Pres. DC (bar) Pressure (bar)   Constr. rmsd
   -8.10387e+01   -2.08184e+01    1.77146e-03

           Step           Time         Lambda
         158000      316.00000        0.00000

   Energies (kJ/mol)
       G96Angle    Proper Dih.  Improper Dih.          LJ-14     Coulomb-14
    8.65045e+02    2.34663e+02    1.43929e+01    2.12094e+04   -1.88450e+02
        LJ (SR)  Disper. corr.   Coulomb (SR)   Coul. recip. Position Rest.
    6.97511e+04   -1.69065e+03   -5.30601e+05    9.69200e+02    1.74494e+03
   COM Pull En.      Potential    Kinetic En.   Total Energy    Temperature
    1.15886e+02   -4.37576e+05    8.70543e+04   -3.50521e+05    3.13959e+02
 Pres. DC (bar) Pressure (bar)   Constr. rmsd
   -8.09588e+01   -1.07465e+02    1.79964e-03

           Step           Time         Lambda
         159000      318.00000        0.00000

   Energies (kJ/mol)
       G96Angle    Proper Dih.  Improper Dih.          LJ-14     Coulomb-14
    8.58687e+02    2.34166e+02    1.09286e+01    2.12397e+04   -1.46761e+02
        LJ (SR)  Disper. corr.   Coulomb (SR)   Coul. recip. Position Rest.
    7.08149e+04   -1.69227e+03   -5.32807e+05    9.75824e+02    1.59000e+03
   COM Pull En.      Potential    Kinetic En.   Total Energy    Temperature
    1.44771e+02   -4.38777e+05    8.49254e+04   -3.53852e+05    3.06281e+02
 Pres. DC (bar) Pressure (bar)   Constr. rmsd
   -8.11146e+01   -1.02810e+02    1.77732e-03

           Step           Time         Lambda
         160000      320.00000        0.00000

   Energies (kJ/mol)
       G96Angle    Proper Dih.  Improper Dih.          LJ-14     Coulomb-14
    8.30551e+02    2.30569e+02    1.20365e+01    2.12644e+04   -1.92356e+02
        LJ (SR)  Disper. corr.   Coulomb (SR)   Coul. recip. Position Rest.
    7.01703e+04   -1.69430e+03   -5.32808e+05    9.74274e+02    1.64788e+03
   COM Pull En.      Potential    Kinetic En.   Total Energy    Temperature
    1.57799e+02   -4.39407e+05    8.56748e+04   -3.53732e+05    3.08984e+02
 Pres. DC (bar) Pressure (bar)   Constr. rmsd
   -8.13092e+01    2.02457e+02    1.74397e-03

           Step           Time         Lambda
         161000      322.00000        0.00000

   Energies (kJ/mol)
       G96Angle    Proper Dih.  Improper Dih.          LJ-14     Coulomb-14
    7.96735e+02    2.27705e+02    1.78699e+01    2.12305e+04   -1.44349e+02
        LJ (SR)  Disper. corr.   Coulomb (SR)   Coul. recip. Position Rest.
    7.04103e+04   -1.69381e+03   -5.31342e+05    9.59906e+02    1.69829e+03
   COM Pull En.      Potential    Kinetic En.   Total Energy    Temperature
    1.59688e+02   -4.37679e+05    8.57533e+04   -3.51926e+05    3.09267e+02
 Pres. DC (bar) Pressure (bar)   Constr. rmsd
   -8.12621e+01   -7.42210e+01    1.79104e-03

           Step           Time         Lambda
         162000      324.00000        0.00000

   Energies (kJ/mol)
       G96Angle    Proper Dih.  Improper Dih.          LJ-14     Coulomb-14
    8.55386e+02    2.39903e+02    2.07070e+01    2.12612e+04   -1.47600e+02
        LJ (SR)  Disper. corr.   Coulomb (SR)   Coul. recip. Position Rest.
    6.97069e+04   -1.69850e+03   -5.31549e+05    9.56852e+02    1.82995e+03
   COM Pull En.      Potential    Kinetic En.   Total Energy    Temperature
    5.43572e+01   -4.38470e+05    8.62242e+04   -3.52246e+05    3.10965e+02
 Pres. DC (bar) Pressure (bar)   Constr. rmsd
   -8.17121e+01   -9.04847e+01    1.79098e-03

           Step           Time         Lambda
         163000      326.00000        0.00000

   Energies (kJ/mol)
       G96Angle    Proper Dih.  Improper Dih.          LJ-14     Coulomb-14
    8.26028e+02    2.23560e+02    1.43386e+01    2.12172e+04   -1.66392e+02
        LJ (SR)  Disper. corr.   Coulomb (SR)   Coul. recip. Position Rest.
    6.99731e+04   -1.69140e+03   -5.30936e+05    9.85418e+02    1.69291e+03
   COM Pull En.      Potential    Kinetic En.   Total Energy    Temperature
    7.71599e+01   -4.37784e+05    8.59218e+04   -3.51862e+05    3.09875e+02
 Pres. DC (bar) Pressure (bar)   Constr. rmsd
   -8.10309e+01   -1.88537e+02    1.80461e-03

           Step           Time         Lambda
         164000      328.00000        0.00000

   Energies (kJ/mol)
       G96Angle    Proper Dih.  Improper Dih.          LJ-14     Coulomb-14
    8.27472e+02    2.39162e+02    1.40484e+01    2.12284e+04   -1.76522e+02
        LJ (SR)  Disper. corr.   Coulomb (SR)   Coul. recip. Position Rest.
    6.88543e+04   -1.69310e+03   -5.30648e+05    9.86541e+02    1.81214e+03
   COM Pull En.      Potential    Kinetic En.   Total Energy    Temperature
    7.93367e+01   -4.38476e+05    8.65176e+04   -3.51958e+05    3.12024e+02
 Pres. DC (bar) Pressure (bar)   Constr. rmsd
   -8.11942e+01   -3.17611e+02    1.79133e-03

           Step           Time         Lambda
         165000      330.00000        0.00000

   Energies (kJ/mol)
       G96Angle    Proper Dih.  Improper Dih.          LJ-14     Coulomb-14
    7.99807e+02    2.36479e+02    1.18486e+01    2.12118e+04   -1.59020e+02
        LJ (SR)  Disper. corr.   Coulomb (SR)   Coul. recip. Position Rest.
    7.06875e+04   -1.69379e+03   -5.32247e+05    9.79675e+02    1.76493e+03
   COM Pull En.      Potential    Kinetic En.   Total Energy    Temperature
    7.29676e+01   -4.38335e+05    8.62089e+04   -3.52126e+05    3.10910e+02
 Pres. DC (bar) Pressure (bar)   Constr. rmsd
   -8.12601e+01    2.45540e+01    1.78127e-03

           Step           Time         Lambda
         166000      332.00000        0.00000

   Energies (kJ/mol)
       G96Angle    Proper Dih.  Improper Dih.          LJ-14     Coulomb-14
    7.65259e+02    2.37656e+02    1.67632e+01    2.12092e+04   -1.81826e+02
        LJ (SR)  Disper. corr.   Coulomb (SR)   Coul. recip. Position Rest.
    6.97182e+04   -1.69287e+03   -5.31112e+05    9.70282e+02    1.68925e+03
   COM Pull En.      Potential    Kinetic En.   Total Energy    Temperature
    1.13099e+02   -4.38267e+05    8.57690e+04   -3.52498e+05    3.09324e+02
 Pres. DC (bar) Pressure (bar)   Constr. rmsd
   -8.11717e+01   -2.77906e+02    1.79616e-03

           Step           Time         Lambda
         167000      334.00000        0.00000

   Energies (kJ/mol)
       G96Angle    Proper Dih.  Improper Dih.          LJ-14     Coulomb-14
    7.68464e+02    2.40662e+02    9.39897e+00    2.12221e+04   -1.50479e+02
        LJ (SR)  Disper. corr.   Coulomb (SR)   Coul. recip. Position Rest.
    7.07963e+04   -1.69263e+03   -5.34001e+05    1.01848e+03    1.65214e+03
   COM Pull En.      Potential    Kinetic En.   Total Energy    Temperature
    9.94369e+01   -4.40037e+05    8.46204e+04   -3.55416e+05    3.05182e+02
 Pres. DC (bar) Pressure (bar)   Constr. rmsd
   -8.11494e+01   -1.27862e+02    1.77714e-03

           Step           Time         Lambda
         168000      336.00000        0.00000

   Energies (kJ/mol)
       G96Angle    Proper Dih.  Improper Dih.          LJ-14     Coulomb-14
    8.36203e+02    2.41516e+02    1.22652e+01    2.12271e+04   -1.48301e+02
        LJ (SR)  Disper. corr.   Coulomb (SR)   Coul. recip. Position Rest.
    7.04844e+04   -1.69314e+03   -5.31644e+05    9.61074e+02    1.88323e+03
   COM Pull En.      Potential    Kinetic En.   Total Energy    Temperature
    9.42410e+01   -4.37745e+05    8.63661e+04   -3.51379e+05    3.11477e+02
 Pres. DC (bar) Pressure (bar)   Constr. rmsd
   -8.11983e+01   -1.89957e+02    1.81627e-03

           Step           Time         Lambda
         169000      338.00000        0.00000

   Energies (kJ/mol)
       G96Angle    Proper Dih.  Improper Dih.          LJ-14     Coulomb-14
    8.29123e+02    2.23945e+02    1.52001e+01    2.12477e+04   -1.39930e+02
        LJ (SR)  Disper. corr.   Coulomb (SR)   Coul. recip. Position Rest.
    7.13305e+04   -1.69233e+03   -5.33898e+05    9.97420e+02    1.67783e+03
   COM Pull En.      Potential    Kinetic En.   Total Energy    Temperature
    3.58638e+01   -4.39373e+05    8.54036e+04   -3.53969e+05    3.08006e+02
 Pres. DC (bar) Pressure (bar)   Constr. rmsd
   -8.11202e+01   -1.76964e+02    1.77739e-03

           Step           Time         Lambda
         170000      340.00000        0.00000

   Energies (kJ/mol)
       G96Angle    Proper Dih.  Improper Dih.          LJ-14     Coulomb-14
    7.69044e+02    2.29432e+02    9.75803e+00    2.12188e+04   -1.89612e+02
        LJ (SR)  Disper. corr.   Coulomb (SR)   Coul. recip. Position Rest.
    7.02514e+04   -1.69543e+03   -5.31754e+05    9.44510e+02    1.63225e+03
   COM Pull En.      Potential    Kinetic En.   Total Energy    Temperature
    4.09463e+01   -4.38543e+05    8.53454e+04   -3.53197e+05    3.07796e+02
 Pres. DC (bar) Pressure (bar)   Constr. rmsd
   -8.14180e+01   -3.47034e+02    1.79549e-03

           Step           Time         Lambda
         171000      342.00000        0.00000

   Energies (kJ/mol)
       G96Angle    Proper Dih.  Improper Dih.          LJ-14     Coulomb-14
    7.87080e+02    2.25831e+02    1.35001e+01    2.12022e+04   -1.35262e+02
        LJ (SR)  Disper. corr.   Coulomb (SR)   Coul. recip. Position Rest.
    7.06057e+04   -1.69289e+03   -5.32563e+05    9.63235e+02    1.76050e+03
   COM Pull En.      Potential    Kinetic En.   Total Energy    Temperature
    4.05069e+01   -4.38793e+05    8.60950e+04   -3.52698e+05    3.10500e+02
 Pres. DC (bar) Pressure (bar)   Constr. rmsd
   -8.11735e+01   -1.09185e+02    1.78939e-03

           Step           Time         Lambda
         172000      344.00000        0.00000

   Energies (kJ/mol)
       G96Angle    Proper Dih.  Improper Dih.          LJ-14     Coulomb-14
    7.77158e+02    2.29635e+02    1.20291e+01    2.12375e+04   -1.32450e+02
        LJ (SR)  Disper. corr.   Coulomb (SR)   Coul. recip. Position Rest.
    7.07860e+04   -1.69304e+03   -5.31732e+05    9.53781e+02    1.78597e+03
   COM Pull En.      Potential    Kinetic En.   Total Energy    Temperature
    5.79474e+01   -4.37718e+05    8.63866e+04   -3.51331e+05    3.11551e+02
 Pres. DC (bar) Pressure (bar)   Constr. rmsd
   -8.11886e+01    4.17092e+01    1.77589e-03

           Step           Time         Lambda
         173000      346.00000        0.00000

   Energies (kJ/mol)
       G96Angle    Proper Dih.  Improper Dih.          LJ-14     Coulomb-14
    8.08785e+02    2.23954e+02    1.59132e+01    2.12118e+04   -1.29000e+02
        LJ (SR)  Disper. corr.   Coulomb (SR)   Coul. recip. Position Rest.
    7.08159e+04   -1.69470e+03   -5.32553e+05    9.41524e+02    1.67643e+03
   COM Pull En.      Potential    Kinetic En.   Total Energy    Temperature
    5.00838e+01   -4.38632e+05    8.51774e+04   -3.53455e+05    3.07190e+02
 Pres. DC (bar) Pressure (bar)   Constr. rmsd
   -8.13479e+01   -4.75725e+02    1.83275e-03

Writing checkpoint, step 173550 at Sun Jul 29 16:56:54 2018


           Step           Time         Lambda
         174000      348.00000        0.00000

   Energies (kJ/mol)
       G96Angle    Proper Dih.  Improper Dih.          LJ-14     Coulomb-14
    8.46362e+02    2.39441e+02    9.98404e+00    2.12368e+04   -1.22296e+02
        LJ (SR)  Disper. corr.   Coulomb (SR)   Coul. recip. Position Rest.
    7.17979e+04   -1.69371e+03   -5.33611e+05    9.57058e+02    1.61664e+03
   COM Pull En.      Potential    Kinetic En.   Total Energy    Temperature
    5.35078e+01   -4.38669e+05    8.58843e+04   -3.52785e+05    3.09740e+02
 Pres. DC (bar) Pressure (bar)   Constr. rmsd
   -8.12524e+01    2.29809e+02    1.78046e-03

           Step           Time         Lambda
         175000      350.00000        0.00000

   Energies (kJ/mol)
       G96Angle    Proper Dih.  Improper Dih.          LJ-14     Coulomb-14
    7.94831e+02    2.34868e+02    1.14390e+01    2.12274e+04   -1.83699e+02
        LJ (SR)  Disper. corr.   Coulomb (SR)   Coul. recip. Position Rest.
    7.06493e+04   -1.69053e+03   -5.32021e+05    9.72609e+02    1.85549e+03
   COM Pull En.      Potential    Kinetic En.   Total Energy    Temperature
    8.39758e+01   -4.38065e+05    8.59056e+04   -3.52160e+05    3.09816e+02
 Pres. DC (bar) Pressure (bar)   Constr. rmsd
   -8.09480e+01   -2.69669e+02    1.80743e-03

           Step           Time         Lambda
         176000      352.00000        0.00000

   Energies (kJ/mol)
       G96Angle    Proper Dih.  Improper Dih.          LJ-14     Coulomb-14
    8.00448e+02    2.43299e+02    1.33819e+01    2.12237e+04   -1.80123e+02
        LJ (SR)  Disper. corr.   Coulomb (SR)   Coul. recip. Position Rest.
    7.04253e+04   -1.69408e+03   -5.32683e+05    9.30606e+02    1.66857e+03
   COM Pull En.      Potential    Kinetic En.   Total Energy    Temperature
    7.59152e+01   -4.39176e+05    8.59686e+04   -3.53208e+05    3.10044e+02
 Pres. DC (bar) Pressure (bar)   Constr. rmsd
   -8.12882e+01   -1.01186e+02    1.80126e-03

           Step           Time         Lambda
         177000      354.00000        0.00000

   Energies (kJ/mol)
       G96Angle    Proper Dih.  Improper Dih.          LJ-14     Coulomb-14
    7.36752e+02    2.31979e+02    1.62615e+01    2.12465e+04   -1.38932e+02
        LJ (SR)  Disper. corr.   Coulomb (SR)   Coul. recip. Position Rest.
    7.05059e+04   -1.69373e+03   -5.32225e+05    9.12836e+02    1.74906e+03
   COM Pull En.      Potential    Kinetic En.   Total Energy    Temperature
    9.81197e+01   -4.38560e+05    8.62889e+04   -3.52271e+05    3.11199e+02
 Pres. DC (bar) Pressure (bar)   Constr. rmsd
   -8.12540e+01    1.36604e+02    1.76574e-03

           Step           Time         Lambda
         178000      356.00000        0.00000

   Energies (kJ/mol)
       G96Angle    Proper Dih.  Improper Dih.          LJ-14     Coulomb-14
    7.92259e+02    2.38848e+02    1.46977e+01    2.12237e+04   -1.49975e+02
        LJ (SR)  Disper. corr.   Coulomb (SR)   Coul. recip. Position Rest.
    7.05283e+04   -1.69320e+03   -5.31380e+05    9.57961e+02    1.77790e+03
   COM Pull En.      Potential    Kinetic En.   Total Energy    Temperature
    9.36832e+01   -4.37596e+05    8.61830e+04   -3.51413e+05    3.10817e+02
 Pres. DC (bar) Pressure (bar)   Constr. rmsd
   -8.12036e+01    2.90940e+01    1.76673e-03

           Step           Time         Lambda
         179000      358.00000        0.00000

   Energies (kJ/mol)
       G96Angle    Proper Dih.  Improper Dih.          LJ-14     Coulomb-14
    8.53308e+02    2.26323e+02    1.30872e+01    2.12459e+04   -1.56093e+02
        LJ (SR)  Disper. corr.   Coulomb (SR)   Coul. recip. Position Rest.
    7.01616e+04   -1.68918e+03   -5.31312e+05    9.82471e+02    1.79885e+03
   COM Pull En.      Potential    Kinetic En.   Total Energy    Temperature
    7.94550e+01   -4.37796e+05    8.65594e+04   -3.51237e+05    3.12174e+02
 Pres. DC (bar) Pressure (bar)   Constr. rmsd
   -8.08185e+01   -1.33742e+02    1.79174e-03

           Step           Time         Lambda
         180000      360.00000        0.00000

   Energies (kJ/mol)
       G96Angle    Proper Dih.  Improper Dih.          LJ-14     Coulomb-14
    7.98230e+02    2.34269e+02    1.03703e+01    2.12514e+04   -1.17384e+02
        LJ (SR)  Disper. corr.   Coulomb (SR)   Coul. recip. Position Rest.
    6.90368e+04   -1.69367e+03   -5.29566e+05    1.00859e+03    1.95513e+03
   COM Pull En.      Potential    Kinetic En.   Total Energy    Temperature
    1.11293e+02   -4.36971e+05    8.63537e+04   -3.50617e+05    3.11433e+02
 Pres. DC (bar) Pressure (bar)   Constr. rmsd
   -8.12483e+01    2.69087e+02    1.75321e-03

           Step           Time         Lambda
         181000      362.00000        0.00000

   Energies (kJ/mol)
       G96Angle    Proper Dih.  Improper Dih.          LJ-14     Coulomb-14
    8.49186e+02    2.55798e+02    1.47623e+01    2.12298e+04   -1.68465e+02
        LJ (SR)  Disper. corr.   Coulomb (SR)   Coul. recip. Position Rest.
    7.06261e+04   -1.69895e+03   -5.31365e+05    9.44835e+02    1.70513e+03
   COM Pull En.      Potential    Kinetic En.   Total Energy    Temperature
    1.16862e+02   -4.37490e+05    8.54942e+04   -3.51995e+05    3.08333e+02
 Pres. DC (bar) Pressure (bar)   Constr. rmsd
   -8.17561e+01   -3.73141e+02    1.82369e-03

           Step           Time         Lambda
         182000      364.00000        0.00000

   Energies (kJ/mol)
       G96Angle    Proper Dih.  Improper Dih.          LJ-14     Coulomb-14
    7.73383e+02    2.35319e+02    1.33777e+01    2.12364e+04   -1.57817e+02
        LJ (SR)  Disper. corr.   Coulomb (SR)   Coul. recip. Position Rest.
    7.02439e+04   -1.69472e+03   -5.31781e+05    1.00970e+03    1.78898e+03
   COM Pull En.      Potential    Kinetic En.   Total Energy    Temperature
    1.21454e+02   -4.38211e+05    8.62405e+04   -3.51971e+05    3.11024e+02
 Pres. DC (bar) Pressure (bar)   Constr. rmsd
   -8.13498e+01    4.11672e+01    1.76303e-03

           Step           Time         Lambda
         183000      366.00000        0.00000

   Energies (kJ/mol)
       G96Angle    Proper Dih.  Improper Dih.          LJ-14     Coulomb-14
    7.81235e+02    2.19073e+02    2.06585e+01    2.12222e+04   -1.35472e+02
        LJ (SR)  Disper. corr.   Coulomb (SR)   Coul. recip. Position Rest.
    7.13921e+04   -1.69225e+03   -5.33643e+05    9.42900e+02    1.75030e+03
   COM Pull En.      Potential    Kinetic En.   Total Energy    Temperature
    4.42993e+01   -4.39098e+05    8.59413e+04   -3.53157e+05    3.09945e+02
 Pres. DC (bar) Pressure (bar)   Constr. rmsd
   -8.11127e+01   -1.59682e+02    1.78666e-03

           Step           Time         Lambda
         184000      368.00000        0.00000

   Energies (kJ/mol)
       G96Angle    Proper Dih.  Improper Dih.          LJ-14     Coulomb-14
    8.32998e+02    2.39941e+02    1.24821e+01    2.12401e+04   -1.73532e+02
        LJ (SR)  Disper. corr.   Coulomb (SR)   Coul. recip. Position Rest.
    7.02023e+04   -1.69294e+03   -5.32139e+05    9.80603e+02    1.75406e+03
   COM Pull En.      Potential    Kinetic En.   Total Energy    Temperature
    5.21638e+01   -4.38691e+05    8.62804e+04   -3.52411e+05    3.11168e+02
 Pres. DC (bar) Pressure (bar)   Constr. rmsd
   -8.11787e+01    4.46902e+01    1.75832e-03

           Step           Time         Lambda
         185000      370.00000        0.00000

   Energies (kJ/mol)
       G96Angle    Proper Dih.  Improper Dih.          LJ-14     Coulomb-14
    8.56464e+02    2.34473e+02    1.05186e+01    2.12102e+04   -1.18400e+02
        LJ (SR)  Disper. corr.   Coulomb (SR)   Coul. recip. Position Rest.
    7.01902e+04   -1.69586e+03   -5.32682e+05    9.58834e+02    1.70492e+03
   COM Pull En.      Potential    Kinetic En.   Total Energy    Temperature
    4.70085e+01   -4.39284e+05    8.52653e+04   -3.54019e+05    3.07507e+02
 Pres. DC (bar) Pressure (bar)   Constr. rmsd
   -8.14592e+01   -2.87050e+02    1.78155e-03

           Step           Time         Lambda
         186000      372.00000        0.00000

   Energies (kJ/mol)
       G96Angle    Proper Dih.  Improper Dih.          LJ-14     Coulomb-14
    7.99393e+02    2.35903e+02    1.10452e+01    2.12207e+04   -1.80430e+02
        LJ (SR)  Disper. corr.   Coulomb (SR)   Coul. recip. Position Rest.
    7.05134e+04   -1.69909e+03   -5.32717e+05    9.01114e+02    1.70068e+03
   COM Pull En.      Potential    Kinetic En.   Total Energy    Temperature
    5.00299e+01   -4.39164e+05    8.46336e+04   -3.54531e+05    3.05229e+02
 Pres. DC (bar) Pressure (bar)   Constr. rmsd
   -8.17695e+01    4.66705e+02    1.72389e-03

           Step           Time         Lambda
         187000      374.00000        0.00000

   Energies (kJ/mol)
       G96Angle    Proper Dih.  Improper Dih.          LJ-14     Coulomb-14
    8.26131e+02    2.38316e+02    1.20464e+01    2.12596e+04   -1.47174e+02
        LJ (SR)  Disper. corr.   Coulomb (SR)   Coul. recip. Position Rest.
    7.07894e+04   -1.69583e+03   -5.31914e+05    9.61316e+02    1.75712e+03
   COM Pull En.      Potential    Kinetic En.   Total Energy    Temperature
    6.69824e+01   -4.37846e+05    8.51721e+04   -3.52674e+05    3.07171e+02
 Pres. DC (bar) Pressure (bar)   Constr. rmsd
   -8.14559e+01    4.22799e+02    1.72408e-03

           Step           Time         Lambda
         188000      376.00000        0.00000

   Energies (kJ/mol)
       G96Angle    Proper Dih.  Improper Dih.          LJ-14     Coulomb-14
    7.82127e+02    2.47502e+02    8.06927e+00    2.12416e+04   -1.78116e+02
        LJ (SR)  Disper. corr.   Coulomb (SR)   Coul. recip. Position Rest.
    7.05678e+04   -1.69230e+03   -5.31909e+05    9.80074e+02    1.78138e+03
   COM Pull En.      Potential    Kinetic En.   Total Energy    Temperature
    7.64164e+01   -4.38094e+05    8.62646e+04   -3.51830e+05    3.11111e+02
 Pres. DC (bar) Pressure (bar)   Constr. rmsd
   -8.11170e+01    3.34199e+02    1.75442e-03

           Step           Time         Lambda
         189000      378.00000        0.00000

   Energies (kJ/mol)
       G96Angle    Proper Dih.  Improper Dih.          LJ-14     Coulomb-14
    8.52000e+02    2.38964e+02    2.02279e+01    2.12511e+04   -1.79189e+02
        LJ (SR)  Disper. corr.   Coulomb (SR)   Coul. recip. Position Rest.
    7.08535e+04   -1.69237e+03   -5.32929e+05    9.50334e+02    1.73340e+03
   COM Pull En.      Potential    Kinetic En.   Total Energy    Temperature
    7.69325e+01   -4.38824e+05    8.70269e+04   -3.51797e+05    3.13860e+02
 Pres. DC (bar) Pressure (bar)   Constr. rmsd
   -8.11244e+01   -3.13081e+02    1.82610e-03

           Step           Time         Lambda
         190000      380.00000        0.00000

   Energies (kJ/mol)
       G96Angle    Proper Dih.  Improper Dih.          LJ-14     Coulomb-14
    7.93672e+02    2.46853e+02    2.23501e+01    2.12499e+04   -1.52537e+02
        LJ (SR)  Disper. corr.   Coulomb (SR)   Coul. recip. Position Rest.
    7.13569e+04   -1.69183e+03   -5.33128e+05    9.63718e+02    1.76210e+03
   COM Pull En.      Potential    Kinetic En.   Total Energy    Temperature
    2.38573e+01   -4.38553e+05    8.56653e+04   -3.52888e+05    3.08950e+02
 Pres. DC (bar) Pressure (bar)   Constr. rmsd
   -8.10725e+01    7.44791e+01    1.75658e-03

           Step           Time         Lambda
         191000      382.00000        0.00000

   Energies (kJ/mol)
       G96Angle    Proper Dih.  Improper Dih.          LJ-14     Coulomb-14
    7.92512e+02    2.27035e+02    1.02396e+01    2.12407e+04   -1.67328e+02
        LJ (SR)  Disper. corr.   Coulomb (SR)   Coul. recip. Position Rest.
    6.99060e+04   -1.69318e+03   -5.31807e+05    9.51435e+02    1.64838e+03
   COM Pull En.      Potential    Kinetic En.   Total Energy    Temperature
    6.70612e-04   -4.38891e+05    8.49197e+04   -3.53972e+05    3.06261e+02
 Pres. DC (bar) Pressure (bar)   Constr. rmsd
   -8.12021e+01   -2.94252e+02    1.76794e-03

           Step           Time         Lambda
         192000      384.00000        0.00000

   Energies (kJ/mol)
       G96Angle    Proper Dih.  Improper Dih.          LJ-14     Coulomb-14
    7.13916e+02    2.30975e+02    1.40859e+01    2.12380e+04   -1.32613e+02
        LJ (SR)  Disper. corr.   Coulomb (SR)   Coul. recip. Position Rest.
    6.99706e+04   -1.69113e+03   -5.32820e+05    9.13619e+02    1.59742e+03
   COM Pull En.      Potential    Kinetic En.   Total Energy    Temperature
    2.64332e+01   -4.39939e+05    8.64240e+04   -3.53515e+05    3.11686e+02
 Pres. DC (bar) Pressure (bar)   Constr. rmsd
   -8.10055e+01   -1.65254e+02    1.71798e-03

           Step           Time         Lambda
         193000      386.00000        0.00000

   Energies (kJ/mol)
       G96Angle    Proper Dih.  Improper Dih.          LJ-14     Coulomb-14
    7.20914e+02    2.33917e+02    1.78469e+01    2.12345e+04   -1.65393e+02
        LJ (SR)  Disper. corr.   Coulomb (SR)   Coul. recip. Position Rest.
    7.10968e+04   -1.68954e+03   -5.33532e+05    9.78215e+02    1.56205e+03
   COM Pull En.      Potential    Kinetic En.   Total Energy    Temperature
    2.20435e+01   -4.39520e+05    8.55697e+04   -3.53951e+05    3.08605e+02
 Pres. DC (bar) Pressure (bar)   Constr. rmsd
   -8.08529e+01    5.70372e+01    1.71146e-03

           Step           Time         Lambda
         194000      388.00000        0.00000

   Energies (kJ/mol)
       G96Angle    Proper Dih.  Improper Dih.          LJ-14     Coulomb-14
    7.37760e+02    2.23946e+02    1.78348e+01    2.12308e+04   -1.41936e+02
        LJ (SR)  Disper. corr.   Coulomb (SR)   Coul. recip. Position Rest.
    7.04630e+04   -1.69226e+03   -5.31423e+05    9.48905e+02    1.57123e+03
   COM Pull En.      Potential    Kinetic En.   Total Energy    Temperature
    1.73334e+01   -4.38046e+05    8.59111e+04   -3.52135e+05    3.09836e+02
 Pres. DC (bar) Pressure (bar)   Constr. rmsd
   -8.11138e+01    3.07174e+02    1.70994e-03

           Step           Time         Lambda
         195000      390.00000        0.00000

   Energies (kJ/mol)
       G96Angle    Proper Dih.  Improper Dih.          LJ-14     Coulomb-14
    7.88971e+02    2.35237e+02    1.51714e+01    2.12696e+04   -1.41159e+02
        LJ (SR)  Disper. corr.   Coulomb (SR)   Coul. recip. Position Rest.
    6.99757e+04   -1.69178e+03   -5.31648e+05    9.34738e+02    1.63880e+03
   COM Pull En.      Potential    Kinetic En.   Total Energy    Temperature
    9.76280e+00   -4.38612e+05    8.60639e+04   -3.52549e+05    3.10387e+02
 Pres. DC (bar) Pressure (bar)   Constr. rmsd
   -8.10675e+01   -4.91021e+02    1.76441e-03

           Step           Time         Lambda
         196000      392.00000        0.00000

   Energies (kJ/mol)
       G96Angle    Proper Dih.  Improper Dih.          LJ-14     Coulomb-14
    7.81474e+02    2.36165e+02    1.25346e+01    2.12542e+04   -1.49315e+02
        LJ (SR)  Disper. corr.   Coulomb (SR)   Coul. recip. Position Rest.
    7.08723e+04   -1.69362e+03   -5.32678e+05    9.52872e+02    1.49214e+03
   COM Pull En.      Potential    Kinetic En.   Total Energy    Temperature
    1.06680e+01   -4.38908e+05    8.56572e+04   -3.53251e+05    3.08921e+02
 Pres. DC (bar) Pressure (bar)   Constr. rmsd
   -8.12436e+01   -3.13986e+01    1.74074e-03

           Step           Time         Lambda
         197000      394.00000        0.00000

   Energies (kJ/mol)
       G96Angle    Proper Dih.  Improper Dih.          LJ-14     Coulomb-14
    7.31463e+02    2.21023e+02    1.97206e+01    2.12263e+04   -1.26942e+02
        LJ (SR)  Disper. corr.   Coulomb (SR)   Coul. recip. Position Rest.
    7.02738e+04   -1.69129e+03   -5.31406e+05    9.94633e+02    1.64552e+03
   COM Pull En.      Potential    Kinetic En.   Total Energy    Temperature
    8.60057e+00   -4.38103e+05    8.64321e+04   -3.51671e+05    3.11715e+02
 Pres. DC (bar) Pressure (bar)   Constr. rmsd
   -8.10206e+01   -1.32358e+02    1.74622e-03

           Step           Time         Lambda
         198000      396.00000        0.00000

   Energies (kJ/mol)
       G96Angle    Proper Dih.  Improper Dih.          LJ-14     Coulomb-14
    8.07708e+02    2.32430e+02    1.33117e+01    2.12419e+04   -1.47609e+02
        LJ (SR)  Disper. corr.   Coulomb (SR)   Coul. recip. Position Rest.
    6.95467e+04   -1.68969e+03   -5.30918e+05    9.82303e+02    1.55314e+03
   COM Pull En.      Potential    Kinetic En.   Total Energy    Temperature
    5.93230e+00   -4.38372e+05    8.61071e+04   -3.52265e+05    3.10543e+02
 Pres. DC (bar) Pressure (bar)   Constr. rmsd
   -8.08670e+01   -1.06988e+02    1.73600e-03

           Step           Time         Lambda
         199000      398.00000        0.00000

   Energies (kJ/mol)
       G96Angle    Proper Dih.  Improper Dih.          LJ-14     Coulomb-14
    7.91992e+02    2.40341e+02    1.72586e+01    2.12325e+04   -1.80507e+02
        LJ (SR)  Disper. corr.   Coulomb (SR)   Coul. recip. Position Rest.
    7.03064e+04   -1.69154e+03   -5.32123e+05    9.66459e+02    1.63556e+03
   COM Pull En.      Potential    Kinetic En.   Total Energy    Temperature
    2.88805e+00   -4.38802e+05    8.63421e+04   -3.52460e+05    3.11391e+02
 Pres. DC (bar) Pressure (bar)   Constr. rmsd
   -8.10449e+01    1.40124e+02    1.73936e-03

           Step           Time         Lambda
         200000      400.00000        0.00000

   Energies (kJ/mol)
       G96Angle    Proper Dih.  Improper Dih.          LJ-14     Coulomb-14
    8.14195e+02    2.28251e+02    9.65443e+00    2.12724e+04   -1.22939e+02
        LJ (SR)  Disper. corr.   Coulomb (SR)   Coul. recip. Position Rest.
    7.01941e+04   -1.69204e+03   -5.31763e+05    1.00577e+03    1.68516e+03
   COM Pull En.      Potential    Kinetic En.   Total Energy    Temperature
    3.01337e+00   -4.38365e+05    8.67387e+04   -3.51627e+05    3.12821e+02
 Pres. DC (bar) Pressure (bar)   Constr. rmsd
   -8.10924e+01    2.91288e+01    1.73390e-03

           Step           Time         Lambda
         201000      402.00000        0.00000

   Energies (kJ/mol)
       G96Angle    Proper Dih.  Improper Dih.          LJ-14     Coulomb-14
    7.30198e+02    2.30912e+02    9.24039e+00    2.12324e+04   -1.39873e+02
        LJ (SR)  Disper. corr.   Coulomb (SR)   Coul. recip. Position Rest.
    7.03726e+04   -1.69618e+03   -5.32597e+05    1.01930e+03    1.58021e+03
   COM Pull En.      Potential    Kinetic En.   Total Energy    Temperature
    1.61512e+00   -4.39257e+05    8.52132e+04   -3.54044e+05    3.07319e+02
 Pres. DC (bar) Pressure (bar)   Constr. rmsd
   -8.14891e+01    8.90313e+01    1.72234e-03

           Step           Time         Lambda
         202000      404.00000        0.00000

   Energies (kJ/mol)
       G96Angle    Proper Dih.  Improper Dih.          LJ-14     Coulomb-14
    7.46208e+02    2.25671e+02    2.03156e+01    2.12582e+04   -1.58974e+02
        LJ (SR)  Disper. corr.   Coulomb (SR)   Coul. recip. Position Rest.
    6.99930e+04   -1.69041e+03   -5.30994e+05    1.00584e+03    1.73330e+03
   COM Pull En.      Potential    Kinetic En.   Total Energy    Temperature
    2.68981e-01   -4.37861e+05    8.63499e+04   -3.51511e+05    3.11419e+02
 Pres. DC (bar) Pressure (bar)   Constr. rmsd
   -8.09359e+01    6.61750e+01    1.71966e-03

           Step           Time         Lambda
         203000      406.00000        0.00000

   Energies (kJ/mol)
       G96Angle    Proper Dih.  Improper Dih.          LJ-14     Coulomb-14
    7.35975e+02    2.21385e+02    1.54869e+01    2.12361e+04   -1.69609e+02
        LJ (SR)  Disper. corr.   Coulomb (SR)   Coul. recip. Position Rest.
    6.99103e+04   -1.69136e+03   -5.32264e+05    9.27793e+02    1.48031e+03
   COM Pull En.      Potential    Kinetic En.   Total Energy    Temperature
    1.38854e+00   -4.39597e+05    8.56729e+04   -3.53924e+05    3.08977e+02
 Pres. DC (bar) Pressure (bar)   Constr. rmsd
   -8.10277e+01   -1.51718e+02    1.73316e-03

           Step           Time         Lambda
         204000      408.00000        0.00000

   Energies (kJ/mol)
       G96Angle    Proper Dih.  Improper Dih.          LJ-14     Coulomb-14
    7.95603e+02    2.40704e+02    8.58254e+00    2.12374e+04   -1.48249e+02
        LJ (SR)  Disper. corr.   Coulomb (SR)   Coul. recip. Position Rest.
    7.11453e+04   -1.69224e+03   -5.32154e+05    9.65867e+02    1.62856e+03
   COM Pull En.      Potential    Kinetic En.   Total Energy    Temperature
    3.56649e-01   -4.37972e+05    8.55232e+04   -3.52448e+05    3.08437e+02
 Pres. DC (bar) Pressure (bar)   Constr. rmsd
   -8.11119e+01    1.75976e+02    1.71510e-03

           Step           Time         Lambda
         205000      410.00000        0.00000

   Energies (kJ/mol)
       G96Angle    Proper Dih.  Improper Dih.          LJ-14     Coulomb-14
    7.32989e+02    2.28396e+02    1.82851e+01    2.12220e+04   -1.30367e+02
        LJ (SR)  Disper. corr.   Coulomb (SR)   Coul. recip. Position Rest.
    7.02471e+04   -1.68839e+03   -5.31383e+05    9.46566e+02    1.68848e+03
   COM Pull En.      Potential    Kinetic En.   Total Energy    Temperature
    2.16235e-03   -4.38118e+05    8.63800e+04   -3.51738e+05    3.11527e+02
 Pres. DC (bar) Pressure (bar)   Constr. rmsd
   -8.07429e+01    3.25029e+02    1.71850e-03

           Step           Time         Lambda
         206000      412.00000        0.00000

   Energies (kJ/mol)
       G96Angle    Proper Dih.  Improper Dih.          LJ-14     Coulomb-14
    7.19035e+02    2.27306e+02    1.60185e+01    2.12131e+04   -1.56039e+02
        LJ (SR)  Disper. corr.   Coulomb (SR)   Coul. recip. Position Rest.
    6.98854e+04   -1.69107e+03   -5.32949e+05    9.67558e+02    1.44802e+03
   COM Pull En.      Potential    Kinetic En.   Total Energy    Temperature
    3.49234e-02   -4.40320e+05    8.46692e+04   -3.55651e+05    3.05357e+02
 Pres. DC (bar) Pressure (bar)   Constr. rmsd
   -8.09994e+01   -3.47810e+02    1.73698e-03

           Step           Time         Lambda
         207000      414.00000        0.00000

   Energies (kJ/mol)
       G96Angle    Proper Dih.  Improper Dih.          LJ-14     Coulomb-14
    7.24584e+02    2.24228e+02    1.23556e+01    2.12183e+04   -1.22552e+02
        LJ (SR)  Disper. corr.   Coulomb (SR)   Coul. recip. Position Rest.
    6.97998e+04   -1.69636e+03   -5.32712e+05    9.56557e+02    1.59442e+03
   COM Pull En.      Potential    Kinetic En.   Total Energy    Temperature
    9.56712e-02   -4.40000e+05    8.52602e+04   -3.54740e+05    3.07489e+02
 Pres. DC (bar) Pressure (bar)   Constr. rmsd
   -8.15072e+01   -5.10924e+01    1.71091e-03

           Step           Time         Lambda
         208000      416.00000        0.00000

   Energies (kJ/mol)
       G96Angle    Proper Dih.  Improper Dih.          LJ-14     Coulomb-14
    7.74359e+02    2.21010e+02    1.02659e+01    2.12312e+04   -1.44083e+02
        LJ (SR)  Disper. corr.   Coulomb (SR)   Coul. recip. Position Rest.
    7.05564e+04   -1.69427e+03   -5.32375e+05    9.58003e+02    1.52004e+03
   COM Pull En.      Potential    Kinetic En.   Total Energy    Temperature
    2.24801e+00   -4.38940e+05    8.60946e+04   -3.52845e+05    3.10498e+02
 Pres. DC (bar) Pressure (bar)   Constr. rmsd
   -8.13060e+01   -5.60064e+02    1.78025e-03

           Step           Time         Lambda
         209000      418.00000        0.00000

   Energies (kJ/mol)
       G96Angle    Proper Dih.  Improper Dih.          LJ-14     Coulomb-14
    6.95757e+02    2.34525e+02    1.13777e+01    2.12306e+04   -1.58947e+02
        LJ (SR)  Disper. corr.   Coulomb (SR)   Coul. recip. Position Rest.
    7.04175e+04   -1.69428e+03   -5.32079e+05    9.74333e+02    1.58339e+03
   COM Pull En.      Potential    Kinetic En.   Total Energy    Temperature
    2.24779e+01   -4.38762e+05    8.54913e+04   -3.53271e+05    3.08322e+02
 Pres. DC (bar) Pressure (bar)   Constr. rmsd
   -8.13068e+01    3.59604e+02    1.67893e-03

           Step           Time         Lambda
         210000      420.00000        0.00000

   Energies (kJ/mol)
       G96Angle    Proper Dih.  Improper Dih.          LJ-14     Coulomb-14
    6.80098e+02    2.41893e+02    1.42823e+01    2.12227e+04   -1.71266e+02
        LJ (SR)  Disper. corr.   Coulomb (SR)   Coul. recip. Position Rest.
    7.02256e+04   -1.68853e+03   -5.31640e+05    9.93228e+02    1.52262e+03
   COM Pull En.      Potential    Kinetic En.   Total Energy    Temperature
    1.91476e+01   -4.38580e+05    8.55980e+04   -3.52982e+05    3.08707e+02
 Pres. DC (bar) Pressure (bar)   Constr. rmsd
   -8.07568e+01   -1.29919e+02    1.73285e-03

           Step           Time         Lambda
         211000      422.00000        0.00000

   Energies (kJ/mol)
       G96Angle    Proper Dih.  Improper Dih.          LJ-14     Coulomb-14
    6.78744e+02    2.23309e+02    8.93371e+00    2.12360e+04   -1.36469e+02
        LJ (SR)  Disper. corr.   Coulomb (SR)   Coul. recip. Position Rest.
    6.96840e+04   -1.69182e+03   -5.32243e+05    9.90266e+02    1.58370e+03
   COM Pull En.      Potential    Kinetic En.   Total Energy    Temperature
    1.82911e+01   -4.39648e+05    8.58105e+04   -3.53838e+05    3.09474e+02
 Pres. DC (bar) Pressure (bar)   Constr. rmsd
   -8.10716e+01    2.93628e+02    1.66319e-03

           Step           Time         Lambda
         212000      424.00000        0.00000

   Energies (kJ/mol)
       G96Angle    Proper Dih.  Improper Dih.          LJ-14     Coulomb-14
    6.86418e+02    2.37133e+02    1.83300e+01    2.12424e+04   -1.41439e+02
        LJ (SR)  Disper. corr.   Coulomb (SR)   Coul. recip. Position Rest.
    6.98846e+04   -1.68981e+03   -5.31910e+05    1.00110e+03    1.62738e+03
   COM Pull En.      Potential    Kinetic En.   Total Energy    Temperature
    9.60052e+00   -4.39034e+05    8.63011e+04   -3.52733e+05    3.11243e+02
 Pres. DC (bar) Pressure (bar)   Constr. rmsd
   -8.08785e+01   -1.91300e+02    1.73634e-03

           Step           Time         Lambda
         213000      426.00000        0.00000

   Energies (kJ/mol)
       G96Angle    Proper Dih.  Improper Dih.          LJ-14     Coulomb-14
    7.01871e+02    2.23152e+02    2.20481e+01    2.11870e+04   -1.17737e+02
        LJ (SR)  Disper. corr.   Coulomb (SR)   Coul. recip. Position Rest.
    7.21626e+04   -1.69581e+03   -5.35463e+05    9.32744e+02    1.44451e+03
   COM Pull En.      Potential    Kinetic En.   Total Energy    Temperature
    1.74053e+01   -4.40585e+05    8.53498e+04   -3.55236e+05    3.07812e+02
 Pres. DC (bar) Pressure (bar)   Constr. rmsd
   -8.14540e+01   -5.52598e+01    1.74641e-03

           Step           Time         Lambda
         214000      428.00000        0.00000

   Energies (kJ/mol)
       G96Angle    Proper Dih.  Improper Dih.          LJ-14     Coulomb-14
    7.10016e+02    2.24935e+02    1.33484e+01    2.12333e+04   -1.27292e+02
        LJ (SR)  Disper. corr.   Coulomb (SR)   Coul. recip. Position Rest.
    7.03891e+04   -1.69124e+03   -5.32762e+05    9.58814e+02    1.56200e+03
   COM Pull En.      Potential    Kinetic En.   Total Energy    Temperature
    1.60224e+01   -4.39473e+05    8.48421e+04   -3.54631e+05    3.05981e+02
 Pres. DC (bar) Pressure (bar)   Constr. rmsd
   -8.10158e+01    1.38154e+02    1.68530e-03

           Step           Time         Lambda
         215000      430.00000        0.00000

   Energies (kJ/mol)
       G96Angle    Proper Dih.  Improper Dih.          LJ-14     Coulomb-14
    7.67517e+02    2.31150e+02    1.11848e+01    2.12326e+04   -1.68834e+02
        LJ (SR)  Disper. corr.   Coulomb (SR)   Coul. recip. Position Rest.
    6.95215e+04   -1.69642e+03   -5.30910e+05    9.76358e+02    1.50079e+03
   COM Pull En.      Potential    Kinetic En.   Total Energy    Temperature
    2.03682e+01   -4.38514e+05    8.67773e+04   -3.51737e+05    3.12960e+02
 Pres. DC (bar) Pressure (bar)   Constr. rmsd
   -8.15125e+01   -6.72641e+01    1.72079e-03

           Step           Time         Lambda
         216000      432.00000        0.00000

   Energies (kJ/mol)
       G96Angle    Proper Dih.  Improper Dih.          LJ-14     Coulomb-14
    7.12469e+02    2.32436e+02    1.62767e+01    2.12156e+04   -1.26180e+02
        LJ (SR)  Disper. corr.   Coulomb (SR)   Coul. recip. Position Rest.
    7.10732e+04   -1.69152e+03   -5.33162e+05    9.57018e+02    1.55913e+03
   COM Pull En.      Potential    Kinetic En.   Total Energy    Temperature
    1.72439e+01   -4.39196e+05    8.57092e+04   -3.53487e+05    3.09108e+02
 Pres. DC (bar) Pressure (bar)   Constr. rmsd
   -8.10428e+01    3.96038e+02    1.68955e-03

           Step           Time         Lambda
         217000      434.00000        0.00000

   Energies (kJ/mol)
       G96Angle    Proper Dih.  Improper Dih.          LJ-14     Coulomb-14
    7.31347e+02    2.29197e+02    7.21413e+00    2.12280e+04   -1.35745e+02
        LJ (SR)  Disper. corr.   Coulomb (SR)   Coul. recip. Position Rest.
    7.01913e+04   -1.69220e+03   -5.32405e+05    9.71992e+02    1.46617e+03
   COM Pull En.      Potential    Kinetic En.   Total Energy    Temperature
    8.93304e+00   -4.39399e+05    8.57899e+04   -3.53609e+05    3.09399e+02
 Pres. DC (bar) Pressure (bar)   Constr. rmsd
   -8.11080e+01   -1.77181e+02    1.75017e-03

           Step           Time         Lambda
         218000      436.00000        0.00000

   Energies (kJ/mol)
       G96Angle    Proper Dih.  Improper Dih.          LJ-14     Coulomb-14
    7.43975e+02    2.39893e+02    1.43082e+01    2.12119e+04   -1.51166e+02
        LJ (SR)  Disper. corr.   Coulomb (SR)   Coul. recip. Position Rest.
    7.09090e+04   -1.69232e+03   -5.33186e+05    9.37387e+02    1.68027e+03
   COM Pull En.      Potential    Kinetic En.   Total Energy    Temperature
    3.53940e+00   -4.39289e+05    8.68416e+04   -3.52448e+05    3.13192e+02
 Pres. DC (bar) Pressure (bar)   Constr. rmsd
   -8.11191e+01   -2.10044e+02    1.73985e-03

           Step           Time         Lambda
         219000      438.00000        0.00000

   Energies (kJ/mol)
       G96Angle    Proper Dih.  Improper Dih.          LJ-14     Coulomb-14
    7.46473e+02    2.22029e+02    1.20456e+01    2.12399e+04   -1.31991e+02
        LJ (SR)  Disper. corr.   Coulomb (SR)   Coul. recip. Position Rest.
    7.04806e+04   -1.69120e+03   -5.32146e+05    9.98392e+02    1.54328e+03
   COM Pull En.      Potential    Kinetic En.   Total Energy    Temperature
    2.45732e+00   -4.38724e+05    8.62615e+04   -3.52463e+05    3.11100e+02
 Pres. DC (bar) Pressure (bar)   Constr. rmsd
   -8.10119e+01    3.15017e+01    1.72216e-03

           Step           Time         Lambda
         220000      440.00000        0.00000

   Energies (kJ/mol)
       G96Angle    Proper Dih.  Improper Dih.          LJ-14     Coulomb-14
    6.60257e+02    2.23392e+02    9.85077e+00    2.12005e+04   -1.03169e+02
        LJ (SR)  Disper. corr.   Coulomb (SR)   Coul. recip. Position Rest.
    7.11124e+04   -1.69489e+03   -5.34311e+05    9.77972e+02    1.52100e+03
   COM Pull En.      Potential    Kinetic En.   Total Energy    Temperature
    3.68989e+00   -4.40400e+05    8.50480e+04   -3.55352e+05    3.06723e+02
 Pres. DC (bar) Pressure (bar)   Constr. rmsd
   -8.13656e+01    2.09626e+01    1.71666e-03

           Step           Time         Lambda
         221000      442.00000        0.00000

   Energies (kJ/mol)
       G96Angle    Proper Dih.  Improper Dih.          LJ-14     Coulomb-14
    7.38145e+02    2.23400e+02    1.29912e+01    2.12260e+04   -1.36526e+02
        LJ (SR)  Disper. corr.   Coulomb (SR)   Coul. recip. Position Rest.
    6.94814e+04   -1.69067e+03   -5.30200e+05    1.00224e+03    1.72084e+03
   COM Pull En.      Potential    Kinetic En.   Total Energy    Temperature
    2.97730e+00   -4.37620e+05    8.66600e+04   -3.50960e+05    3.12537e+02
 Pres. DC (bar) Pressure (bar)   Constr. rmsd
   -8.09614e+01   -1.50508e+02    1.72989e-03

           Step           Time         Lambda
         222000      444.00000        0.00000

   Energies (kJ/mol)
       G96Angle    Proper Dih.  Improper Dih.          LJ-14     Coulomb-14
    7.22722e+02    2.30885e+02    1.38556e+01    2.12338e+04   -1.27389e+02
        LJ (SR)  Disper. corr.   Coulomb (SR)   Coul. recip. Position Rest.
    7.09038e+04   -1.69342e+03   -5.33250e+05    9.65929e+02    1.66719e+03
   COM Pull En.      Potential    Kinetic En.   Total Energy    Temperature
    9.94889e-01   -4.39331e+05    8.59748e+04   -3.53356e+05    3.10066e+02
 Pres. DC (bar) Pressure (bar)   Constr. rmsd
   -8.12245e+01   -8.23042e+01    1.70529e-03

           Step           Time         Lambda
         223000      446.00000        0.00000

   Energies (kJ/mol)
       G96Angle    Proper Dih.  Improper Dih.          LJ-14     Coulomb-14
    7.44612e+02    2.28607e+02    1.26388e+01    2.12045e+04   -1.12952e+02
        LJ (SR)  Disper. corr.   Coulomb (SR)   Coul. recip. Position Rest.
    7.01232e+04   -1.69577e+03   -5.31089e+05    9.90800e+02    1.59265e+03
   COM Pull En.      Potential    Kinetic En.   Total Energy    Temperature
    1.23049e-02   -4.38001e+05    8.56569e+04   -3.52344e+05    3.08920e+02
 Pres. DC (bar) Pressure (bar)   Constr. rmsd
   -8.14499e+01   -3.31214e+02    1.76088e-03

           Step           Time         Lambda
         224000      448.00000        0.00000

   Energies (kJ/mol)
       G96Angle    Proper Dih.  Improper Dih.          LJ-14     Coulomb-14
    6.68402e+02    2.22111e+02    1.69104e+01    2.12237e+04   -1.21326e+02
        LJ (SR)  Disper. corr.   Coulomb (SR)   Coul. recip. Position Rest.
    7.05503e+04   -1.69444e+03   -5.33212e+05    9.39844e+02    1.48321e+03
   COM Pull En.      Potential    Kinetic En.   Total Energy    Temperature
    2.76281e-01   -4.39923e+05    8.57948e+04   -3.54128e+05    3.09417e+02
 Pres. DC (bar) Pressure (bar)   Constr. rmsd
   -8.13221e+01    1.07367e+02    1.71030e-03

           Step           Time         Lambda
         225000      450.00000        0.00000

   Energies (kJ/mol)
       G96Angle    Proper Dih.  Improper Dih.          LJ-14     Coulomb-14
    6.80424e+02    2.18433e+02    1.26613e+01    2.12242e+04   -1.32032e+02
        LJ (SR)  Disper. corr.   Coulomb (SR)   Coul. recip. Position Rest.
    7.03028e+04   -1.69767e+03   -5.32732e+05    9.63401e+02    1.56366e+03
   COM Pull En.      Potential    Kinetic En.   Total Energy    Temperature
    1.71415e+00   -4.39594e+05    8.51925e+04   -3.54402e+05    3.07245e+02
 Pres. DC (bar) Pressure (bar)   Constr. rmsd
   -8.16330e+01   -1.55022e+02    1.69772e-03

           Step           Time         Lambda
         226000      452.00000        0.00000

   Energies (kJ/mol)
       G96Angle    Proper Dih.  Improper Dih.          LJ-14     Coulomb-14
    7.60361e+02    2.27865e+02    5.92285e+00    2.12535e+04   -1.12040e+02
        LJ (SR)  Disper. corr.   Coulomb (SR)   Coul. recip. Position Rest.
    6.99221e+04   -1.69417e+03   -5.33024e+05    9.58181e+02    1.52059e+03
   COM Pull En.      Potential    Kinetic En.   Total Energy    Temperature
    5.76623e-01   -4.40181e+05    8.62789e+04   -3.53902e+05    3.11163e+02
 Pres. DC (bar) Pressure (bar)   Constr. rmsd
   -8.12962e+01   -5.60027e+01    1.69522e-03

           Step           Time         Lambda
         227000      454.00000        0.00000

   Energies (kJ/mol)
       G96Angle    Proper Dih.  Improper Dih.          LJ-14     Coulomb-14
    6.20031e+02    2.34659e+02    7.94668e+00    2.12165e+04   -1.19771e+02
        LJ (SR)  Disper. corr.   Coulomb (SR)   Coul. recip. Position Rest.
    7.02688e+04   -1.69179e+03   -5.32362e+05    9.85353e+02    1.64188e+03
   COM Pull En.      Potential    Kinetic En.   Total Energy    Temperature
    2.14112e-02   -4.39198e+05    8.53358e+04   -3.53862e+05    3.07762e+02
 Pres. DC (bar) Pressure (bar)   Constr. rmsd
   -8.10682e+01    1.24816e+02    1.69225e-03

           Step           Time         Lambda
         228000      456.00000        0.00000

   Energies (kJ/mol)
       G96Angle    Proper Dih.  Improper Dih.          LJ-14     Coulomb-14
    7.29039e+02    2.34726e+02    8.55199e+00    2.12446e+04   -1.31732e+02
        LJ (SR)  Disper. corr.   Coulomb (SR)   Coul. recip. Position Rest.
    7.04304e+04   -1.69007e+03   -5.31640e+05    9.57217e+02    1.64683e+03
   COM Pull En.      Potential    Kinetic En.   Total Energy    Temperature
    1.41084e+00   -4.38209e+05    8.64574e+04   -3.51752e+05    3.11807e+02
 Pres. DC (bar) Pressure (bar)   Constr. rmsd
   -8.09037e+01    1.20230e+02    1.69618e-03

           Step           Time         Lambda
         229000      458.00000        0.00000

   Energies (kJ/mol)
       G96Angle    Proper Dih.  Improper Dih.          LJ-14     Coulomb-14
    7.09315e+02    2.35121e+02    1.27639e+01    2.12191e+04   -1.42031e+02
        LJ (SR)  Disper. corr.   Coulomb (SR)   Coul. recip. Position Rest.
    7.09967e+04   -1.69320e+03   -5.33173e+05    1.05829e+03    1.57512e+03
   COM Pull En.      Potential    Kinetic En.   Total Energy    Temperature
    3.41220e+00   -4.39199e+05    8.61636e+04   -3.53035e+05    3.10747e+02
 Pres. DC (bar) Pressure (bar)   Constr. rmsd
   -8.12039e+01    1.33628e+02    1.71211e-03

           Step           Time         Lambda
         230000      460.00000        0.00000

   Energies (kJ/mol)
       G96Angle    Proper Dih.  Improper Dih.          LJ-14     Coulomb-14
    7.12603e+02    2.34432e+02    1.05679e+01    2.11947e+04   -1.07384e+02
        LJ (SR)  Disper. corr.   Coulomb (SR)   Coul. recip. Position Rest.
    7.02866e+04   -1.69262e+03   -5.32306e+05    9.51910e+02    1.67314e+03
   COM Pull En.      Potential    Kinetic En.   Total Energy    Temperature
    2.59065e+00   -4.39039e+05    8.71596e+04   -3.51880e+05    3.14339e+02
 Pres. DC (bar) Pressure (bar)   Constr. rmsd
   -8.11477e+01   -3.42966e+02    1.75636e-03

           Step           Time         Lambda
         231000      462.00000        0.00000

   Energies (kJ/mol)
       G96Angle    Proper Dih.  Improper Dih.          LJ-14     Coulomb-14
    7.20918e+02    2.26690e+02    4.86527e+00    2.12070e+04   -1.31913e+02
        LJ (SR)  Disper. corr.   Coulomb (SR)   Coul. recip. Position Rest.
    6.98655e+04   -1.69354e+03   -5.32168e+05    9.60529e+02    1.59028e+03
   COM Pull En.      Potential    Kinetic En.   Total Energy    Temperature
    2.65623e+00   -4.39415e+05    8.63333e+04   -3.53081e+05    3.11359e+02
 Pres. DC (bar) Pressure (bar)   Constr. rmsd
   -8.12365e+01   -2.90607e+02    1.73211e-03

           Step           Time         Lambda
         232000      464.00000        0.00000

   Energies (kJ/mol)
       G96Angle    Proper Dih.  Improper Dih.          LJ-14     Coulomb-14
    6.92104e+02    2.24411e+02    8.56921e+00    2.12202e+04   -1.46237e+02
        LJ (SR)  Disper. corr.   Coulomb (SR)   Coul. recip. Position Rest.
    7.18260e+04   -1.69267e+03   -5.35233e+05    8.85758e+02    1.46616e+03
   COM Pull En.      Potential    Kinetic En.   Total Energy    Temperature
    3.46603e+00   -4.40745e+05    8.55369e+04   -3.55208e+05    3.08487e+02
 Pres. DC (bar) Pressure (bar)   Constr. rmsd
   -8.11528e+01   -6.10296e+01    1.70636e-03

           Step           Time         Lambda
         233000      466.00000        0.00000

   Energies (kJ/mol)
       G96Angle    Proper Dih.  Improper Dih.          LJ-14     Coulomb-14
    7.03694e+02    2.28325e+02    8.42673e+00    2.12218e+04   -1.40747e+02
        LJ (SR)  Disper. corr.   Coulomb (SR)   Coul. recip. Position Rest.
    6.94665e+04   -1.69248e+03   -5.32025e+05    9.41293e+02    1.53615e+03
   COM Pull En.      Potential    Kinetic En.   Total Energy    Temperature
    1.45797e+00   -4.39750e+05    8.59653e+04   -3.53785e+05    3.10032e+02
 Pres. DC (bar) Pressure (bar)   Constr. rmsd
   -8.11343e+01   -1.64265e+02    1.72338e-03

           Step           Time         Lambda
         234000      468.00000        0.00000

   Energies (kJ/mol)
       G96Angle    Proper Dih.  Improper Dih.          LJ-14     Coulomb-14
    6.64315e+02    2.26771e+02    9.96176e+00    2.11910e+04   -1.56418e+02
        LJ (SR)  Disper. corr.   Coulomb (SR)   Coul. recip. Position Rest.
    6.95295e+04   -1.69700e+03   -5.31832e+05    9.55351e+02    1.54925e+03
   COM Pull En.      Potential    Kinetic En.   Total Energy    Temperature
    5.98984e+00   -4.39553e+05    8.53055e+04   -3.54248e+05    3.07652e+02
 Pres. DC (bar) Pressure (bar)   Constr. rmsd
   -8.15679e+01   -4.42332e+02    1.74097e-03

           Step           Time         Lambda
         235000      470.00000        0.00000

   Energies (kJ/mol)
       G96Angle    Proper Dih.  Improper Dih.          LJ-14     Coulomb-14
    6.56539e+02    2.25754e+02    1.22420e+01    2.12119e+04   -1.39816e+02
        LJ (SR)  Disper. corr.   Coulomb (SR)   Coul. recip. Position Rest.
    7.08220e+04   -1.69355e+03   -5.33518e+05    8.96707e+02    1.66727e+03
   COM Pull En.      Potential    Kinetic En.   Total Energy    Temperature
    3.81638e+00   -4.39855e+05    8.61319e+04   -3.53723e+05    3.10633e+02
 Pres. DC (bar) Pressure (bar)   Constr. rmsd
   -8.12369e+01    1.19715e+02    1.70541e-03

           Step           Time         Lambda
         236000      472.00000        0.00000

   Energies (kJ/mol)
       G96Angle    Proper Dih.  Improper Dih.          LJ-14     Coulomb-14
    7.14293e+02    2.40776e+02    1.24513e+01    2.12418e+04   -1.25250e+02
        LJ (SR)  Disper. corr.   Coulomb (SR)   Coul. recip. Position Rest.
    6.97295e+04   -1.69422e+03   -5.31595e+05    9.98961e+02    1.56700e+03
   COM Pull En.      Potential    Kinetic En.   Total Energy    Temperature
    7.69532e+00   -4.38902e+05    8.60842e+04   -3.52818e+05    3.10461e+02
 Pres. DC (bar) Pressure (bar)   Constr. rmsd
   -8.13013e+01   -1.03218e+01    1.70036e-03

           Step           Time         Lambda
         237000      474.00000        0.00000

   Energies (kJ/mol)
       G96Angle    Proper Dih.  Improper Dih.          LJ-14     Coulomb-14
    6.51358e+02    2.21479e+02    5.52158e+00    2.12014e+04   -1.36921e+02
        LJ (SR)  Disper. corr.   Coulomb (SR)   Coul. recip. Position Rest.
    6.91192e+04   -1.69617e+03   -5.31208e+05    9.55898e+02    1.53423e+03
   COM Pull En.      Potential    Kinetic En.   Total Energy    Temperature
    3.23773e+00   -4.39348e+05    8.52429e+04   -3.54105e+05    3.07426e+02
 Pres. DC (bar) Pressure (bar)   Constr. rmsd
   -8.14889e+01   -2.91578e+02    1.72144e-03

           Step           Time         Lambda
         238000      476.00000        0.00000

   Energies (kJ/mol)
       G96Angle    Proper Dih.  Improper Dih.          LJ-14     Coulomb-14
    6.42870e+02    2.14324e+02    9.79597e+00    2.11931e+04   -1.12739e+02
        LJ (SR)  Disper. corr.   Coulomb (SR)   Coul. recip. Position Rest.
    6.97456e+04   -1.69407e+03   -5.31970e+05    9.43621e+02    1.57991e+03
   COM Pull En.      Potential    Kinetic En.   Total Energy    Temperature
    7.95366e+00   -4.39440e+05    8.59066e+04   -3.53533e+05    3.09820e+02
 Pres. DC (bar) Pressure (bar)   Constr. rmsd
   -8.12875e+01    6.79790e+01    1.69343e-03

           Step           Time         Lambda
         239000      478.00000        0.00000

   Energies (kJ/mol)
       G96Angle    Proper Dih.  Improper Dih.          LJ-14     Coulomb-14
    6.87962e+02    2.36002e+02    1.00196e+01    2.12006e+04   -1.38403e+02
        LJ (SR)  Disper. corr.   Coulomb (SR)   Coul. recip. Position Rest.
    6.99727e+04   -1.69403e+03   -5.32567e+05    9.84404e+02    1.56109e+03
   COM Pull En.      Potential    Kinetic En.   Total Energy    Temperature
    7.73826e+00   -4.39739e+05    8.55938e+04   -3.54146e+05    3.08692e+02
 Pres. DC (bar) Pressure (bar)   Constr. rmsd
   -8.12829e+01   -1.67719e+02    1.71295e-03

           Step           Time         Lambda
         240000      480.00000        0.00000

   Energies (kJ/mol)
       G96Angle    Proper Dih.  Improper Dih.          LJ-14     Coulomb-14
    6.56331e+02    2.19366e+02    1.24773e+01    2.12266e+04   -1.46917e+02
        LJ (SR)  Disper. corr.   Coulomb (SR)   Coul. recip. Position Rest.
    6.94667e+04   -1.69669e+03   -5.30537e+05    9.34430e+02    1.65775e+03
   COM Pull En.      Potential    Kinetic En.   Total Energy    Temperature
    7.68845e+00   -4.38199e+05    8.59188e+04   -3.52280e+05    3.09864e+02
 Pres. DC (bar) Pressure (bar)   Constr. rmsd
   -8.15389e+01    2.98334e+01    1.70353e-03

           Step           Time         Lambda
         241000      482.00000        0.00000

   Energies (kJ/mol)
       G96Angle    Proper Dih.  Improper Dih.          LJ-14     Coulomb-14
    7.12192e+02    2.22998e+02    1.25871e+01    2.12273e+04   -1.19450e+02
        LJ (SR)  Disper. corr.   Coulomb (SR)   Coul. recip. Position Rest.
    7.03335e+04   -1.69180e+03   -5.31489e+05    9.53339e+02    1.69871e+03
   COM Pull En.      Potential    Kinetic En.   Total Energy    Temperature
    5.00096e+00   -4.38135e+05    8.67775e+04   -3.51357e+05    3.12961e+02
 Pres. DC (bar) Pressure (bar)   Constr. rmsd
   -8.10699e+01    2.30613e+02    1.69983e-03

           Step           Time         Lambda
         242000      484.00000        0.00000

   Energies (kJ/mol)
       G96Angle    Proper Dih.  Improper Dih.          LJ-14     Coulomb-14
    6.34188e+02    2.19808e+02    6.08437e+00    2.11911e+04   -1.01982e+02
        LJ (SR)  Disper. corr.   Coulomb (SR)   Coul. recip. Position Rest.
    7.07426e+04   -1.69255e+03   -5.33330e+05    9.61087e+02    1.53113e+03
   COM Pull En.      Potential    Kinetic En.   Total Energy    Temperature
    2.33380e+00   -4.39837e+05    8.52141e+04   -3.54623e+05    3.07322e+02
 Pres. DC (bar) Pressure (bar)   Constr. rmsd
   -8.11417e+01   -3.05710e+01    1.72450e-03

           Step           Time         Lambda
         243000      486.00000        0.00000

   Energies (kJ/mol)
       G96Angle    Proper Dih.  Improper Dih.          LJ-14     Coulomb-14
    6.42268e+02    2.15869e+02    9.84681e+00    2.11985e+04   -1.39686e+02
        LJ (SR)  Disper. corr.   Coulomb (SR)   Coul. recip. Position Rest.
    7.01913e+04   -1.69298e+03   -5.33474e+05    9.40796e+02    1.51043e+03
   COM Pull En.      Potential    Kinetic En.   Total Energy    Temperature
    1.68577e+00   -4.40596e+05    8.48430e+04   -3.55753e+05    3.05984e+02
 Pres. DC (bar) Pressure (bar)   Constr. rmsd
   -8.11821e+01    6.95060e+01    1.69072e-03

           Step           Time         Lambda
         244000      488.00000        0.00000

   Energies (kJ/mol)
       G96Angle    Proper Dih.  Improper Dih.          LJ-14     Coulomb-14
    6.50886e+02    2.28301e+02    1.20354e+01    2.12150e+04   -1.85016e+02
        LJ (SR)  Disper. corr.   Coulomb (SR)   Coul. recip. Position Rest.
    7.04269e+04   -1.69261e+03   -5.32411e+05    9.71203e+02    1.65914e+03
   COM Pull En.      Potential    Kinetic En.   Total Energy    Temperature
    2.83938e+00   -4.39122e+05    8.54635e+04   -3.53659e+05    3.08222e+02
 Pres. DC (bar) Pressure (bar)   Constr. rmsd
   -8.11469e+01    8.10334e+01    1.71367e-03

           Step           Time         Lambda
         245000      490.00000        0.00000

   Energies (kJ/mol)
       G96Angle    Proper Dih.  Improper Dih.          LJ-14     Coulomb-14
    6.56021e+02    2.35536e+02    1.07136e+01    2.12074e+04   -1.42021e+02
        LJ (SR)  Disper. corr.   Coulomb (SR)   Coul. recip. Position Rest.
    7.00100e+04   -1.69146e+03   -5.31696e+05    9.30572e+02    1.52975e+03
   COM Pull En.      Potential    Kinetic En.   Total Energy    Temperature
    5.15887e+00   -4.38944e+05    8.61718e+04   -3.52772e+05    3.10776e+02
 Pres. DC (bar) Pressure (bar)   Constr. rmsd
   -8.10373e+01    3.52907e+01    1.70753e-03

           Step           Time         Lambda
         246000      492.00000        0.00000

   Energies (kJ/mol)
       G96Angle    Proper Dih.  Improper Dih.          LJ-14     Coulomb-14
    7.15701e+02    2.26632e+02    1.32214e+01    2.12259e+04   -1.47456e+02
        LJ (SR)  Disper. corr.   Coulomb (SR)   Coul. recip. Position Rest.
    7.03909e+04   -1.69388e+03   -5.32150e+05    9.66606e+02    1.56525e+03
   COM Pull En.      Potential    Kinetic En.   Total Energy    Temperature
    1.62640e+00   -4.38886e+05    8.53300e+04   -3.53556e+05    3.07741e+02
 Pres. DC (bar) Pressure (bar)   Constr. rmsd
   -8.12689e+01   -3.75553e+02    1.75088e-03

           Step           Time         Lambda
         247000      494.00000        0.00000

   Energies (kJ/mol)
       G96Angle    Proper Dih.  Improper Dih.          LJ-14     Coulomb-14
    6.38278e+02    2.31269e+02    9.74285e+00    2.12138e+04   -1.49080e+02
        LJ (SR)  Disper. corr.   Coulomb (SR)   Coul. recip. Position Rest.
    7.09736e+04   -1.69096e+03   -5.33024e+05    1.01218e+03    1.51247e+03
   COM Pull En.      Potential    Kinetic En.   Total Energy    Temperature
    6.14725e-01   -4.39272e+05    8.53732e+04   -3.53899e+05    3.07896e+02
 Pres. DC (bar) Pressure (bar)   Constr. rmsd
   -8.09894e+01    3.50777e+02    1.70034e-03

           Step           Time         Lambda
         248000      496.00000        0.00000

   Energies (kJ/mol)
       G96Angle    Proper Dih.  Improper Dih.          LJ-14     Coulomb-14
    6.39761e+02    2.12445e+02    9.75633e+00    2.12114e+04   -1.17379e+02
        LJ (SR)  Disper. corr.   Coulomb (SR)   Coul. recip. Position Rest.
    7.05472e+04   -1.69559e+03   -5.33679e+05    9.39853e+02    1.52256e+03
   COM Pull En.      Potential    Kinetic En.   Total Energy    Temperature
    3.01033e+00   -4.40406e+05    8.53845e+04   -3.55022e+05    3.07937e+02
 Pres. DC (bar) Pressure (bar)   Constr. rmsd
   -8.14327e+01    8.40947e+01    1.69540e-03

           Step           Time         Lambda
         249000      498.00000        0.00000

   Energies (kJ/mol)
       G96Angle    Proper Dih.  Improper Dih.          LJ-14     Coulomb-14
    6.84127e+02    2.25298e+02    1.09643e+01    2.11956e+04   -1.47792e+02
        LJ (SR)  Disper. corr.   Coulomb (SR)   Coul. recip. Position Rest.
    7.07869e+04   -1.69557e+03   -5.32591e+05    9.84539e+02    1.64081e+03
   COM Pull En.      Potential    Kinetic En.   Total Energy    Temperature
    1.92720e+01   -4.38887e+05    8.61273e+04   -3.52759e+05    3.10616e+02
 Pres. DC (bar) Pressure (bar)   Constr. rmsd
   -8.14314e+01    2.68829e+02    1.70727e-03

           Step           Time         Lambda
         250000      500.00000        0.00000

   Energies (kJ/mol)
       G96Angle    Proper Dih.  Improper Dih.          LJ-14     Coulomb-14
    6.65139e+02    2.17371e+02    7.92211e+00    2.12051e+04   -1.48555e+02
        LJ (SR)  Disper. corr.   Coulomb (SR)   Coul. recip. Position Rest.
    7.08535e+04   -1.69164e+03   -5.33918e+05    9.24565e+02    1.57074e+03
   COM Pull En.      Potential    Kinetic En.   Total Energy    Temperature
    1.82853e+01   -4.40296e+05    8.54975e+04   -3.54799e+05    3.08345e+02
 Pres. DC (bar) Pressure (bar)   Constr. rmsd
   -8.10544e+01    1.35962e+02    1.69201e-03

           Step           Time         Lambda
         251000      502.00000        0.00000

   Energies (kJ/mol)
       G96Angle    Proper Dih.  Improper Dih.          LJ-14     Coulomb-14
    6.88405e+02    2.22179e+02    1.36801e+01    2.12107e+04   -1.41666e+02
        LJ (SR)  Disper. corr.   Coulomb (SR)   Coul. recip. Position Rest.
    7.17019e+04   -1.69428e+03   -5.34174e+05    9.96702e+02    1.65067e+03
   COM Pull En.      Potential    Kinetic En.   Total Energy    Temperature
    8.42049e+00   -4.39518e+05    8.70034e+04   -3.52514e+05    3.13775e+02
 Pres. DC (bar) Pressure (bar)   Constr. rmsd
   -8.13072e+01    3.40608e+02    1.70252e-03

           Step           Time         Lambda
         252000      504.00000        0.00000

   Energies (kJ/mol)
       G96Angle    Proper Dih.  Improper Dih.          LJ-14     Coulomb-14
    6.49733e+02    2.17811e+02    8.33335e+00    2.12092e+04   -1.46075e+02
        LJ (SR)  Disper. corr.   Coulomb (SR)   Coul. recip. Position Rest.
    7.10374e+04   -1.69413e+03   -5.33244e+05    9.73178e+02    1.61682e+03
   COM Pull En.      Potential    Kinetic En.   Total Energy    Temperature
    1.50415e+01   -4.39357e+05    8.62671e+04   -3.53090e+05    3.11120e+02
 Pres. DC (bar) Pressure (bar)   Constr. rmsd
   -8.12928e+01    3.26600e+02    1.67868e-03

           Step           Time         Lambda
         253000      506.00000        0.00000

   Energies (kJ/mol)
       G96Angle    Proper Dih.  Improper Dih.          LJ-14     Coulomb-14
    7.38161e+02    2.29115e+02    8.34032e+00    2.12287e+04   -1.35397e+02
        LJ (SR)  Disper. corr.   Coulomb (SR)   Coul. recip. Position Rest.
    7.00938e+04   -1.69322e+03   -5.31670e+05    9.94823e+02    1.64153e+03
   COM Pull En.      Potential    Kinetic En.   Total Energy    Temperature
    4.92820e+00   -4.38559e+05    8.64885e+04   -3.52071e+05    3.11919e+02
 Pres. DC (bar) Pressure (bar)   Constr. rmsd
   -8.12055e+01   -1.32388e+02    1.72918e-03

           Step           Time         Lambda
         254000      508.00000        0.00000

   Energies (kJ/mol)
       G96Angle    Proper Dih.  Improper Dih.          LJ-14     Coulomb-14
    7.08811e+02    2.32126e+02    1.24310e+01    2.11984e+04   -1.64727e+02
        LJ (SR)  Disper. corr.   Coulomb (SR)   Coul. recip. Position Rest.
    7.12023e+04   -1.69555e+03   -5.33628e+05    9.21986e+02    1.60839e+03
   COM Pull En.      Potential    Kinetic En.   Total Energy    Temperature
    4.73074e+00   -4.39599e+05    8.48689e+04   -3.54730e+05    3.06077e+02
 Pres. DC (bar) Pressure (bar)   Constr. rmsd
   -8.14292e+01    2.47719e+02    1.69404e-03

           Step           Time         Lambda
         255000      510.00000        0.00000

   Energies (kJ/mol)
       G96Angle    Proper Dih.  Improper Dih.          LJ-14     Coulomb-14
    7.04800e+02    2.21736e+02    1.71712e+01    2.12216e+04   -1.30752e+02
        LJ (SR)  Disper. corr.   Coulomb (SR)   Coul. recip. Position Rest.
    7.05118e+04   -1.69287e+03   -5.32503e+05    9.61945e+02    1.63543e+03
   COM Pull En.      Potential    Kinetic En.   Total Energy    Temperature
    1.12921e+00   -4.39051e+05    8.61412e+04   -3.52909e+05    3.10666e+02
 Pres. DC (bar) Pressure (bar)   Constr. rmsd
   -8.11719e+01   -4.83745e+01    1.70437e-03

           Step           Time         Lambda
         256000      512.00000        0.00000

   Energies (kJ/mol)
       G96Angle    Proper Dih.  Improper Dih.          LJ-14     Coulomb-14
    7.04258e+02    2.22121e+02    8.24624e+00    2.12176e+04   -1.20492e+02
        LJ (SR)  Disper. corr.   Coulomb (SR)   Coul. recip. Position Rest.
    7.06237e+04   -1.69196e+03   -5.33108e+05    1.02249e+03    1.48973e+03
   COM Pull En.      Potential    Kinetic En.   Total Energy    Temperature
    1.71437e+00   -4.39630e+05    8.58935e+04   -3.53737e+05    3.09773e+02
 Pres. DC (bar) Pressure (bar)   Constr. rmsd
   -8.10843e+01   -1.88677e+02    1.74113e-03

           Step           Time         Lambda
         257000      514.00000        0.00000

   Energies (kJ/mol)
       G96Angle    Proper Dih.  Improper Dih.          LJ-14     Coulomb-14
    6.85610e+02    2.26493e+02    1.90213e+01    2.12245e+04   -1.29580e+02
        LJ (SR)  Disper. corr.   Coulomb (SR)   Coul. recip. Position Rest.
    7.01865e+04   -1.69545e+03   -5.33146e+05    9.32878e+02    1.65833e+03
   COM Pull En.      Potential    Kinetic En.   Total Energy    Temperature
    9.25775e+00   -4.40029e+05    8.65405e+04   -3.53488e+05    3.12106e+02
 Pres. DC (bar) Pressure (bar)   Constr. rmsd
   -8.14194e+01   -5.51293e+01    1.72018e-03

           Step           Time         Lambda
         258000      516.00000        0.00000

   Energies (kJ/mol)
       G96Angle    Proper Dih.  Improper Dih.          LJ-14     Coulomb-14
    6.63442e+02    2.21431e+02    9.54364e+00    2.11924e+04   -1.77372e+02
        LJ (SR)  Disper. corr.   Coulomb (SR)   Coul. recip. Position Rest.
    7.08609e+04   -1.69283e+03   -5.32964e+05    9.62139e+02    1.55428e+03
   COM Pull En.      Potential    Kinetic En.   Total Energy    Temperature
    3.54838e+00   -4.39366e+05    8.53562e+04   -3.54010e+05    3.07835e+02
 Pres. DC (bar) Pressure (bar)   Constr. rmsd
   -8.11678e+01   -9.87646e+01    1.72080e-03

           Step           Time         Lambda
         259000      518.00000        0.00000

   Energies (kJ/mol)
       G96Angle    Proper Dih.  Improper Dih.          LJ-14     Coulomb-14
    7.14086e+02    2.23289e+02    7.19280e+00    2.12078e+04   -1.28737e+02
        LJ (SR)  Disper. corr.   Coulomb (SR)   Coul. recip. Position Rest.
    7.04973e+04   -1.69070e+03   -5.33054e+05    9.35815e+02    1.68529e+03
   COM Pull En.      Potential    Kinetic En.   Total Energy    Temperature
    9.83025e-01   -4.39602e+05    8.62474e+04   -3.53354e+05    3.11049e+02
 Pres. DC (bar) Pressure (bar)   Constr. rmsd
   -8.09644e+01    8.39379e+01    1.70913e-03

           Step           Time         Lambda
         260000      520.00000        0.00000

   Energies (kJ/mol)
       G96Angle    Proper Dih.  Improper Dih.          LJ-14     Coulomb-14
    7.42391e+02    2.30891e+02    7.56737e+00    2.12235e+04   -1.27603e+02
        LJ (SR)  Disper. corr.   Coulomb (SR)   Coul. recip. Position Rest.
    7.11097e+04   -1.69591e+03   -5.34524e+05    9.59188e+02    1.52418e+03
   COM Pull En.      Potential    Kinetic En.   Total Energy    Temperature
    4.93717e+00   -4.40546e+05    8.54993e+04   -3.55046e+05    3.08351e+02
 Pres. DC (bar) Pressure (bar)   Constr. rmsd
   -8.14637e+01   -3.33944e+01    1.71914e-03

           Step           Time         Lambda
         261000      522.00000        0.00000

   Energies (kJ/mol)
       G96Angle    Proper Dih.  Improper Dih.          LJ-14     Coulomb-14
    6.65789e+02    2.23208e+02    5.98517e+00    2.12121e+04   -1.24510e+02
        LJ (SR)  Disper. corr.   Coulomb (SR)   Coul. recip. Position Rest.
    6.98309e+04   -1.69165e+03   -5.31936e+05    1.02840e+03    1.57849e+03
   COM Pull En.      Potential    Kinetic En.   Total Energy    Temperature
    8.54300e+00   -4.39198e+05    8.59119e+04   -3.53286e+05    3.09839e+02
 Pres. DC (bar) Pressure (bar)   Constr. rmsd
   -8.10555e+01   -2.86978e+02    1.72872e-03

           Step           Time         Lambda
         262000      524.00000        0.00000

   Energies (kJ/mol)
       G96Angle    Proper Dih.  Improper Dih.          LJ-14     Coulomb-14
    6.91886e+02    2.12591e+02    7.93127e+00    2.12330e+04   -1.35513e+02
        LJ (SR)  Disper. corr.   Coulomb (SR)   Coul. recip. Position Rest.
    7.02029e+04   -1.69264e+03   -5.32233e+05    9.93527e+02    1.69259e+03
   COM Pull En.      Potential    Kinetic En.   Total Energy    Temperature
    2.67824e+00   -4.39024e+05    8.63622e+04   -3.52662e+05    3.11463e+02
 Pres. DC (bar) Pressure (bar)   Constr. rmsd
   -8.11496e+01    2.33299e+02    1.70334e-03

           Step           Time         Lambda
         263000      526.00000        0.00000

   Energies (kJ/mol)
       G96Angle    Proper Dih.  Improper Dih.          LJ-14     Coulomb-14
    7.39979e+02    2.27778e+02    9.00756e+00    2.12272e+04   -1.72278e+02
        LJ (SR)  Disper. corr.   Coulomb (SR)   Coul. recip. Position Rest.
    6.95161e+04   -1.69129e+03   -5.31798e+05    9.78938e+02    1.53940e+03
   COM Pull En.      Potential    Kinetic En.   Total Energy    Temperature
    6.60557e-01   -4.39423e+05    8.60206e+04   -3.53402e+05    3.10231e+02
 Pres. DC (bar) Pressure (bar)   Constr. rmsd
   -8.10203e+01    5.61353e+01    1.69836e-03

           Step           Time         Lambda
         264000      528.00000        0.00000

   Energies (kJ/mol)
       G96Angle    Proper Dih.  Improper Dih.          LJ-14     Coulomb-14
    7.43713e+02    2.18968e+02    1.45656e+01    2.12278e+04   -1.78365e+02
        LJ (SR)  Disper. corr.   Coulomb (SR)   Coul. recip. Position Rest.
    7.04988e+04   -1.69171e+03   -5.31805e+05    9.92044e+02    1.57000e+03
   COM Pull En.      Potential    Kinetic En.   Total Energy    Temperature
    7.03839e-01   -4.38408e+05    8.55753e+04   -3.52833e+05    3.08625e+02
 Pres. DC (bar) Pressure (bar)   Constr. rmsd
   -8.10603e+01    7.09857e+01    1.71477e-03

           Step           Time         Lambda
         265000      530.00000        0.00000

   Energies (kJ/mol)
       G96Angle    Proper Dih.  Improper Dih.          LJ-14     Coulomb-14
    6.91112e+02    2.20928e+02    8.41289e+00    2.12361e+04   -1.40438e+02
        LJ (SR)  Disper. corr.   Coulomb (SR)   Coul. recip. Position Rest.
    6.94267e+04   -1.69373e+03   -5.31717e+05    1.00663e+03    1.52416e+03
   COM Pull En.      Potential    Kinetic En.   Total Energy    Temperature
    3.83077e+00   -4.39433e+05    8.60682e+04   -3.53365e+05    3.10403e+02
 Pres. DC (bar) Pressure (bar)   Constr. rmsd
   -8.12549e+01    1.61120e+02    1.67865e-03

           Step           Time         Lambda
         266000      532.00000        0.00000

   Energies (kJ/mol)
       G96Angle    Proper Dih.  Improper Dih.          LJ-14     Coulomb-14
    7.04875e+02    2.24312e+02    1.40550e+01    2.12405e+04   -1.17657e+02
        LJ (SR)  Disper. corr.   Coulomb (SR)   Coul. recip. Position Rest.
    7.10337e+04   -1.69081e+03   -5.32646e+05    9.53903e+02    1.64532e+03
   COM Pull En.      Potential    Kinetic En.   Total Energy    Temperature
    1.38518e+00   -4.38636e+05    8.56185e+04   -3.53018e+05    3.08781e+02
 Pres. DC (bar) Pressure (bar)   Constr. rmsd
   -8.09742e+01    3.27443e+02    1.69043e-03

           Step           Time         Lambda
         267000      534.00000        0.00000

   Energies (kJ/mol)
       G96Angle    Proper Dih.  Improper Dih.          LJ-14     Coulomb-14
    6.77616e+02    2.24348e+02    1.75273e+01    2.12175e+04   -1.28640e+02
        LJ (SR)  Disper. corr.   Coulomb (SR)   Coul. recip. Position Rest.
    7.07711e+04   -1.69339e+03   -5.33923e+05    9.75789e+02    1.53589e+03
   COM Pull En.      Potential    Kinetic En.   Total Energy    Temperature
    6.38243e-01   -4.40325e+05    8.54307e+04   -3.54894e+05    3.08104e+02
 Pres. DC (bar) Pressure (bar)   Constr. rmsd
   -8.12221e+01    2.35905e+02    1.71104e-03

           Step           Time         Lambda
         268000      536.00000        0.00000

   Energies (kJ/mol)
       G96Angle    Proper Dih.  Improper Dih.          LJ-14     Coulomb-14
    7.54039e+02    2.35491e+02    9.52512e+00    2.12395e+04   -1.30312e+02
        LJ (SR)  Disper. corr.   Coulomb (SR)   Coul. recip. Position Rest.
    7.00574e+04   -1.69166e+03   -5.32749e+05    9.53090e+02    1.59806e+03
   COM Pull En.      Potential    Kinetic En.   Total Energy    Temperature
    4.69345e-02   -4.39723e+05    8.61473e+04   -3.53576e+05    3.10688e+02
 Pres. DC (bar) Pressure (bar)   Constr. rmsd
   -8.10557e+01   -4.54222e+02    1.74544e-03

           Step           Time         Lambda
         269000      538.00000        0.00000

   Energies (kJ/mol)
       G96Angle    Proper Dih.  Improper Dih.          LJ-14     Coulomb-14
    6.78614e+02    2.35731e+02    1.57311e+01    2.12159e+04   -1.47713e+02
        LJ (SR)  Disper. corr.   Coulomb (SR)   Coul. recip. Position Rest.
    7.00738e+04   -1.69278e+03   -5.32901e+05    9.66312e+02    1.44170e+03
   COM Pull En.      Potential    Kinetic En.   Total Energy    Temperature
    1.00228e+00   -4.40113e+05    8.54755e+04   -3.54637e+05    3.08266e+02
 Pres. DC (bar) Pressure (bar)   Constr. rmsd
   -8.11636e+01   -1.90887e+02    1.73529e-03

           Step           Time         Lambda
         270000      540.00000        0.00000

   Energies (kJ/mol)
       G96Angle    Proper Dih.  Improper Dih.          LJ-14     Coulomb-14
    6.97913e+02    2.30294e+02    1.57880e+01    2.12504e+04   -1.50489e+02
        LJ (SR)  Disper. corr.   Coulomb (SR)   Coul. recip. Position Rest.
    7.04249e+04   -1.69325e+03   -5.33772e+05    9.73187e+02    1.57257e+03
   COM Pull En.      Potential    Kinetic En.   Total Energy    Temperature
    2.10866e+00   -4.40448e+05    8.62958e+04   -3.54152e+05    3.11224e+02
 Pres. DC (bar) Pressure (bar)   Constr. rmsd
   -8.12085e+01    2.20071e+02    1.69665e-03

           Step           Time         Lambda
         271000      542.00000        0.00000

   Energies (kJ/mol)
       G96Angle    Proper Dih.  Improper Dih.          LJ-14     Coulomb-14
    6.95315e+02    2.39819e+02    9.25449e+00    2.12301e+04   -1.28646e+02
        LJ (SR)  Disper. corr.   Coulomb (SR)   Coul. recip. Position Rest.
    6.96511e+04   -1.69036e+03   -5.31550e+05    9.87099e+02    1.52482e+03
   COM Pull En.      Potential    Kinetic En.   Total Energy    Temperature
    4.22092e+00   -4.39027e+05    8.66440e+04   -3.52383e+05    3.12479e+02
 Pres. DC (bar) Pressure (bar)   Constr. rmsd
   -8.09318e+01   -2.71899e+02    1.74568e-03

           Step           Time         Lambda
         272000      544.00000        0.00000

   Energies (kJ/mol)
       G96Angle    Proper Dih.  Improper Dih.          LJ-14     Coulomb-14
    6.92807e+02    2.25715e+02    1.34625e+01    2.12267e+04   -1.51274e+02
        LJ (SR)  Disper. corr.   Coulomb (SR)   Coul. recip. Position Rest.
    7.09813e+04   -1.69500e+03   -5.32809e+05    1.00080e+03    1.64099e+03
   COM Pull En.      Potential    Kinetic En.   Total Energy    Temperature
    1.81216e+00   -4.38872e+05    8.55180e+04   -3.53354e+05    3.08419e+02
 Pres. DC (bar) Pressure (bar)   Constr. rmsd
   -8.13767e+01   -1.54580e+02    1.73881e-03

           Step           Time         Lambda
         273000      546.00000        0.00000

   Energies (kJ/mol)
       G96Angle    Proper Dih.  Improper Dih.          LJ-14     Coulomb-14
    7.42223e+02    2.25020e+02    1.13648e+01    2.12355e+04   -1.15409e+02
        LJ (SR)  Disper. corr.   Coulomb (SR)   Coul. recip. Position Rest.
    6.99021e+04   -1.69326e+03   -5.31484e+05    9.35946e+02    1.64628e+03
   COM Pull En.      Potential    Kinetic En.   Total Energy    Temperature
    8.34352e-02   -4.38594e+05    8.61719e+04   -3.52422e+05    3.10777e+02
 Pres. DC (bar) Pressure (bar)   Constr. rmsd
   -8.12092e+01    4.54262e+01    1.71696e-03

           Step           Time         Lambda
         274000      548.00000        0.00000

   Energies (kJ/mol)
       G96Angle    Proper Dih.  Improper Dih.          LJ-14     Coulomb-14
    7.34548e+02    2.25761e+02    1.16316e+01    2.12178e+04   -1.75182e+02
        LJ (SR)  Disper. corr.   Coulomb (SR)   Coul. recip. Position Rest.
    6.97153e+04   -1.69285e+03   -5.31550e+05    9.75056e+02    1.57941e+03
   COM Pull En.      Potential    Kinetic En.   Total Energy    Temperature
    1.85299e+00   -4.38957e+05    8.59191e+04   -3.53037e+05    3.09865e+02
 Pres. DC (bar) Pressure (bar)   Constr. rmsd
   -8.11698e+01   -1.14231e+02    1.71414e-03

           Step           Time         Lambda
         275000      550.00000        0.00000

   Energies (kJ/mol)
       G96Angle    Proper Dih.  Improper Dih.          LJ-14     Coulomb-14
    7.21372e+02    2.22073e+02    9.10386e+00    2.12044e+04   -1.23204e+02
        LJ (SR)  Disper. corr.   Coulomb (SR)   Coul. recip. Position Rest.
    7.00101e+04   -1.69264e+03   -5.31831e+05    1.01435e+03    1.59632e+03
   COM Pull En.      Potential    Kinetic En.   Total Energy    Temperature
    9.85567e+00   -4.38859e+05    8.63334e+04   -3.52526e+05    3.11359e+02
 Pres. DC (bar) Pressure (bar)   Constr. rmsd
   -8.11496e+01    1.31502e+02    1.72372e-03

           Step           Time         Lambda
         276000      552.00000        0.00000

   Energies (kJ/mol)
       G96Angle    Proper Dih.  Improper Dih.          LJ-14     Coulomb-14
    7.44784e+02    2.30524e+02    7.09917e+00    2.12181e+04   -1.56939e+02
        LJ (SR)  Disper. corr.   Coulomb (SR)   Coul. recip. Position Rest.
    7.03897e+04   -1.69169e+03   -5.33309e+05    1.00412e+03    1.51074e+03
   COM Pull En.      Potential    Kinetic En.   Total Energy    Temperature
    1.10458e+01   -4.40042e+05    8.55950e+04   -3.54447e+05    3.08696e+02
 Pres. DC (bar) Pressure (bar)   Constr. rmsd
   -8.10586e+01   -1.55082e+02    1.72132e-03

Writing checkpoint, step 276500 at Sun Jul 29 17:11:53 2018


           Step           Time         Lambda
         277000      554.00000        0.00000

   Energies (kJ/mol)
       G96Angle    Proper Dih.  Improper Dih.          LJ-14     Coulomb-14
    7.09232e+02    2.33368e+02    8.04896e+00    2.12292e+04   -1.27897e+02
        LJ (SR)  Disper. corr.   Coulomb (SR)   Coul. recip. Position Rest.
    6.99491e+04   -1.69043e+03   -5.31496e+05    9.56065e+02    1.66910e+03
   COM Pull En.      Potential    Kinetic En.   Total Energy    Temperature
    4.63416e+00   -4.38555e+05    8.54021e+04   -3.53153e+05    3.08001e+02
 Pres. DC (bar) Pressure (bar)   Constr. rmsd
   -8.09384e+01    2.34591e+02    1.69127e-03

           Step           Time         Lambda
         278000      556.00000        0.00000

   Energies (kJ/mol)
       G96Angle    Proper Dih.  Improper Dih.          LJ-14     Coulomb-14
    7.45310e+02    2.20722e+02    1.79626e+01    2.12109e+04   -1.55149e+02
        LJ (SR)  Disper. corr.   Coulomb (SR)   Coul. recip. Position Rest.
    6.99499e+04   -1.69140e+03   -5.31631e+05    9.19437e+02    1.56962e+03
   COM Pull En.      Potential    Kinetic En.   Total Energy    Temperature
    1.08612e+00   -4.38843e+05    8.62413e+04   -3.52602e+05    3.11027e+02
 Pres. DC (bar) Pressure (bar)   Constr. rmsd
   -8.10315e+01   -2.35090e+02    1.72661e-03

           Step           Time         Lambda
         279000      558.00000        0.00000

   Energies (kJ/mol)
       G96Angle    Proper Dih.  Improper Dih.          LJ-14     Coulomb-14
    6.79453e+02    2.25081e+02    9.77584e+00    2.12168e+04   -1.22471e+02
        LJ (SR)  Disper. corr.   Coulomb (SR)   Coul. recip. Position Rest.
    7.07722e+04   -1.69116e+03   -5.32862e+05    9.95386e+02    1.58656e+03
   COM Pull En.      Potential    Kinetic En.   Total Energy    Temperature
    3.20485e+00   -4.39188e+05    8.64182e+04   -3.52769e+05    3.11665e+02
 Pres. DC (bar) Pressure (bar)   Constr. rmsd
   -8.10076e+01   -1.22047e+02    1.72471e-03

           Step           Time         Lambda
         280000      560.00000        0.00000

   Energies (kJ/mol)
       G96Angle    Proper Dih.  Improper Dih.          LJ-14     Coulomb-14
    7.88571e+02    2.26369e+02    1.52206e+01    2.12233e+04   -1.29943e+02
        LJ (SR)  Disper. corr.   Coulomb (SR)   Coul. recip. Position Rest.
    7.02498e+04   -1.69063e+03   -5.31325e+05    9.37289e+02    1.62013e+03
   COM Pull En.      Potential    Kinetic En.   Total Energy    Temperature
    7.34340e+00   -4.38078e+05    8.64434e+04   -3.51634e+05    3.11756e+02
 Pres. DC (bar) Pressure (bar)   Constr. rmsd
   -8.09571e+01   -2.70959e+02    1.74994e-03

           Step           Time         Lambda
         281000      562.00000        0.00000

   Energies (kJ/mol)
       G96Angle    Proper Dih.  Improper Dih.          LJ-14     Coulomb-14
    6.74920e+02    2.34527e+02    9.81241e+00    2.12207e+04   -8.66476e+01
        LJ (SR)  Disper. corr.   Coulomb (SR)   Coul. recip. Position Rest.
    6.97946e+04   -1.69384e+03   -5.32344e+05    9.72410e+02    1.53631e+03
   COM Pull En.      Potential    Kinetic En.   Total Energy    Temperature
    4.02620e+00   -4.39678e+05    8.58132e+04   -3.53864e+05    3.09483e+02
 Pres. DC (bar) Pressure (bar)   Constr. rmsd
   -8.12654e+01    9.71060e+01    1.70470e-03

           Step           Time         Lambda
         282000      564.00000        0.00000

   Energies (kJ/mol)
       G96Angle    Proper Dih.  Improper Dih.          LJ-14     Coulomb-14
    7.46047e+02    2.25225e+02    1.28942e+01    2.12506e+04   -1.32173e+02
        LJ (SR)  Disper. corr.   Coulomb (SR)   Coul. recip. Position Rest.
    7.10602e+04   -1.68950e+03   -5.33518e+05    9.21626e+02    1.61608e+03
   COM Pull En.      Potential    Kinetic En.   Total Energy    Temperature
    8.55084e-01   -4.39506e+05    8.65012e+04   -3.53005e+05    3.11964e+02
 Pres. DC (bar) Pressure (bar)   Constr. rmsd
   -8.08493e+01    4.64833e+02    1.67814e-03

           Step           Time         Lambda
         283000      566.00000        0.00000

   Energies (kJ/mol)
       G96Angle    Proper Dih.  Improper Dih.          LJ-14     Coulomb-14
    7.51050e+02    2.24529e+02    8.58511e+00    2.12274e+04   -1.26274e+02
        LJ (SR)  Disper. corr.   Coulomb (SR)   Coul. recip. Position Rest.
    7.00120e+04   -1.69417e+03   -5.31898e+05    9.60099e+02    1.58177e+03
   COM Pull En.      Potential    Kinetic En.   Total Energy    Temperature
    8.74859e+00   -4.38945e+05    8.61426e+04   -3.52802e+05    3.10671e+02
 Pres. DC (bar) Pressure (bar)   Constr. rmsd
   -8.12967e+01    1.08722e+02    1.70066e-03

           Step           Time         Lambda
         284000      568.00000        0.00000

   Energies (kJ/mol)
       G96Angle    Proper Dih.  Improper Dih.          LJ-14     Coulomb-14
    7.40547e+02    2.21490e+02    7.73081e+00    2.12231e+04   -1.27482e+02
        LJ (SR)  Disper. corr.   Coulomb (SR)   Coul. recip. Position Rest.
    7.01785e+04   -1.69227e+03   -5.32722e+05    9.39056e+02    1.55826e+03
   COM Pull En.      Potential    Kinetic En.   Total Energy    Temperature
    1.01337e+01   -4.39663e+05    8.63506e+04   -3.53312e+05    3.11421e+02
 Pres. DC (bar) Pressure (bar)   Constr. rmsd
   -8.11145e+01   -1.27399e+00    1.70388e-03

           Step           Time         Lambda
         285000      570.00000        0.00000

   Energies (kJ/mol)
       G96Angle    Proper Dih.  Improper Dih.          LJ-14     Coulomb-14
    7.44430e+02    2.23603e+02    8.67731e+00    2.12360e+04   -1.34473e+02
        LJ (SR)  Disper. corr.   Coulomb (SR)   Coul. recip. Position Rest.
    6.99981e+04   -1.69274e+03   -5.32137e+05    8.78911e+02    1.62772e+03
   COM Pull En.      Potential    Kinetic En.   Total Energy    Temperature
    1.69522e+01   -4.39230e+05    8.61469e+04   -3.53083e+05    3.10687e+02
 Pres. DC (bar) Pressure (bar)   Constr. rmsd
   -8.11591e+01    2.58663e+02    1.68813e-03

           Step           Time         Lambda
         286000      572.00000        0.00000

   Energies (kJ/mol)
       G96Angle    Proper Dih.  Improper Dih.          LJ-14     Coulomb-14
    6.81920e+02    2.17982e+02    9.75097e+00    2.12014e+04   -1.64940e+02
        LJ (SR)  Disper. corr.   Coulomb (SR)   Coul. recip. Position Rest.
    7.06293e+04   -1.69040e+03   -5.32131e+05    9.53075e+02    1.60987e+03
   COM Pull En.      Potential    Kinetic En.   Total Energy    Temperature
    3.00660e+00   -4.38680e+05    8.60188e+04   -3.52661e+05    3.10225e+02
 Pres. DC (bar) Pressure (bar)   Constr. rmsd
   -8.09353e+01    5.35770e+01    1.71333e-03

           Step           Time         Lambda
         287000      574.00000        0.00000

   Energies (kJ/mol)
       G96Angle    Proper Dih.  Improper Dih.          LJ-14     Coulomb-14
    7.24433e+02    2.39649e+02    7.28959e+00    2.12507e+04   -1.51792e+02
        LJ (SR)  Disper. corr.   Coulomb (SR)   Coul. recip. Position Rest.
    7.10267e+04   -1.69279e+03   -5.33541e+05    1.00034e+03    1.62480e+03
   COM Pull En.      Potential    Kinetic En.   Total Energy    Temperature
    4.38050e+00   -4.39507e+05    8.59390e+04   -3.53568e+05    3.09937e+02
 Pres. DC (bar) Pressure (bar)   Constr. rmsd
   -8.11647e+01    5.87745e+02    1.65187e-03

           Step           Time         Lambda
         288000      576.00000        0.00000

   Energies (kJ/mol)
       G96Angle    Proper Dih.  Improper Dih.          LJ-14     Coulomb-14
    7.08041e+02    2.31735e+02    4.23541e+00    2.12074e+04   -1.47184e+02
        LJ (SR)  Disper. corr.   Coulomb (SR)   Coul. recip. Position Rest.
    7.00732e+04   -1.69070e+03   -5.31858e+05    9.78242e+02    1.51437e+03
   COM Pull En.      Potential    Kinetic En.   Total Energy    Temperature
    1.06680e+00   -4.38978e+05    8.54398e+04   -3.53538e+05    3.08136e+02
 Pres. DC (bar) Pressure (bar)   Constr. rmsd
   -8.09644e+01   -1.17018e+02    1.72298e-03

           Step           Time         Lambda
         289000      578.00000        0.00000

   Energies (kJ/mol)
       G96Angle    Proper Dih.  Improper Dih.          LJ-14     Coulomb-14
    7.42495e+02    2.20519e+02    1.09417e+01    2.12249e+04   -1.10079e+02
        LJ (SR)  Disper. corr.   Coulomb (SR)   Coul. recip. Position Rest.
    6.96634e+04   -1.69142e+03   -5.30370e+05    9.36154e+02    1.69148e+03
   COM Pull En.      Potential    Kinetic En.   Total Energy    Temperature
    5.81382e-01   -4.37681e+05    8.61005e+04   -3.51581e+05    3.10519e+02
 Pres. DC (bar) Pressure (bar)   Constr. rmsd
   -8.10328e+01   -3.02136e+02    1.75630e-03

           Step           Time         Lambda
         290000      580.00000        0.00000

   Energies (kJ/mol)
       G96Angle    Proper Dih.  Improper Dih.          LJ-14     Coulomb-14
    7.46850e+02    2.29616e+02    1.43767e+01    2.12113e+04   -1.72392e+02
        LJ (SR)  Disper. corr.   Coulomb (SR)   Coul. recip. Position Rest.
    7.05252e+04   -1.69469e+03   -5.33870e+05    9.10849e+02    1.54599e+03
   COM Pull En.      Potential    Kinetic En.   Total Energy    Temperature
    1.34671e+00   -4.40552e+05    8.56083e+04   -3.54943e+05    3.08744e+02
 Pres. DC (bar) Pressure (bar)   Constr. rmsd
   -8.13469e+01   -1.28505e+02    1.70587e-03

           Step           Time         Lambda
         291000      582.00000        0.00000

   Energies (kJ/mol)
       G96Angle    Proper Dih.  Improper Dih.          LJ-14     Coulomb-14
    7.18653e+02    2.24715e+02    7.13900e+00    2.12208e+04   -1.16196e+02
        LJ (SR)  Disper. corr.   Coulomb (SR)   Coul. recip. Position Rest.
    7.08102e+04   -1.69432e+03   -5.33446e+05    9.69386e+02    1.50494e+03
   COM Pull En.      Potential    Kinetic En.   Total Energy    Temperature
    5.97796e+00   -4.39795e+05    8.65776e+04   -3.53217e+05    3.12240e+02
 Pres. DC (bar) Pressure (bar)   Constr. rmsd
   -8.13111e+01   -9.37069e+01    1.74772e-03

           Step           Time         Lambda
         292000      584.00000        0.00000

   Energies (kJ/mol)
       G96Angle    Proper Dih.  Improper Dih.          LJ-14     Coulomb-14
    6.85214e+02    2.07211e+02    1.29068e+01    2.12153e+04   -1.43680e+02
        LJ (SR)  Disper. corr.   Coulomb (SR)   Coul. recip. Position Rest.
    7.16474e+04   -1.69705e+03   -5.34791e+05    9.40939e+02    1.61372e+03
   COM Pull En.      Potential    Kinetic En.   Total Energy    Temperature
    6.34068e+00   -4.40302e+05    8.56934e+04   -3.54609e+05    3.09051e+02
 Pres. DC (bar) Pressure (bar)   Constr. rmsd
   -8.15736e+01    2.77499e+02    1.69668e-03

           Step           Time         Lambda
         293000      586.00000        0.00000

   Energies (kJ/mol)
       G96Angle    Proper Dih.  Improper Dih.          LJ-14     Coulomb-14
    7.13739e+02    2.28310e+02    1.12311e+01    2.12167e+04   -1.40642e+02
        LJ (SR)  Disper. corr.   Coulomb (SR)   Coul. recip. Position Rest.
    7.00691e+04   -1.69724e+03   -5.32205e+05    9.54411e+02    1.55338e+03
   COM Pull En.      Potential    Kinetic En.   Total Energy    Temperature
    3.81918e+00   -4.39292e+05    8.55596e+04   -3.53733e+05    3.08569e+02
 Pres. DC (bar) Pressure (bar)   Constr. rmsd
   -8.15917e+01    2.50769e+02    1.67444e-03

           Step           Time         Lambda
         294000      588.00000        0.00000

   Energies (kJ/mol)
       G96Angle    Proper Dih.  Improper Dih.          LJ-14     Coulomb-14
    7.23623e+02    2.21431e+02    1.17757e+01    2.12221e+04   -1.73425e+02
        LJ (SR)  Disper. corr.   Coulomb (SR)   Coul. recip. Position Rest.
    6.95857e+04   -1.69222e+03   -5.30312e+05    1.04626e+03    1.59112e+03
   COM Pull En.      Potential    Kinetic En.   Total Energy    Temperature
    6.88232e+00   -4.37769e+05    8.60162e+04   -3.51753e+05    3.10215e+02
 Pres. DC (bar) Pressure (bar)   Constr. rmsd
   -8.11099e+01    1.12897e+02    1.70597e-03

           Step           Time         Lambda
         295000      590.00000        0.00000

   Energies (kJ/mol)
       G96Angle    Proper Dih.  Improper Dih.          LJ-14     Coulomb-14
    6.90172e+02    2.14633e+02    1.65312e+01    2.12199e+04   -1.22959e+02
        LJ (SR)  Disper. corr.   Coulomb (SR)   Coul. recip. Position Rest.
    6.85929e+04   -1.69640e+03   -5.29519e+05    9.68788e+02    1.68048e+03
   COM Pull En.      Potential    Kinetic En.   Total Energy    Temperature
    8.30176e-01   -4.37954e+05    8.63743e+04   -3.51579e+05    3.11507e+02
 Pres. DC (bar) Pressure (bar)   Constr. rmsd
   -8.15108e+01    7.59909e+01    1.68815e-03

           Step           Time         Lambda
         296000      592.00000        0.00000

   Energies (kJ/mol)
       G96Angle    Proper Dih.  Improper Dih.          LJ-14     Coulomb-14
    7.20341e+02    2.31922e+02    8.99907e+00    2.12068e+04   -1.43524e+02
        LJ (SR)  Disper. corr.   Coulomb (SR)   Coul. recip. Position Rest.
    7.00154e+04   -1.69824e+03   -5.32114e+05    9.94657e+02    1.64956e+03
   COM Pull En.      Potential    Kinetic En.   Total Energy    Temperature
    1.22890e+00   -4.39127e+05    8.58092e+04   -3.53318e+05    3.09469e+02
 Pres. DC (bar) Pressure (bar)   Constr. rmsd
   -8.16875e+01   -3.32702e+01    1.70721e-03

           Step           Time         Lambda
         297000      594.00000        0.00000

   Energies (kJ/mol)
       G96Angle    Proper Dih.  Improper Dih.          LJ-14     Coulomb-14
    7.05192e+02    2.32481e+02    9.34914e+00    2.12165e+04   -1.80130e+02
        LJ (SR)  Disper. corr.   Coulomb (SR)   Coul. recip. Position Rest.
    7.02901e+04   -1.69113e+03   -5.30849e+05    9.61581e+02    1.63257e+03
   COM Pull En.      Potential    Kinetic En.   Total Energy    Temperature
    4.90643e+00   -4.37667e+05    8.53869e+04   -3.52281e+05    3.07946e+02
 Pres. DC (bar) Pressure (bar)   Constr. rmsd
   -8.10050e+01   -9.14497e+01    1.71784e-03

           Step           Time         Lambda
         298000      596.00000        0.00000

   Energies (kJ/mol)
       G96Angle    Proper Dih.  Improper Dih.          LJ-14     Coulomb-14
    6.63968e+02    2.25272e+02    1.06003e+01    2.12358e+04   -1.55016e+02
        LJ (SR)  Disper. corr.   Coulomb (SR)   Coul. recip. Position Rest.
    6.94220e+04   -1.68834e+03   -5.31524e+05    9.98890e+02    1.59368e+03
   COM Pull En.      Potential    Kinetic En.   Total Energy    Temperature
    1.21115e+01   -4.39205e+05    8.57232e+04   -3.53481e+05    3.09159e+02
 Pres. DC (bar) Pressure (bar)   Constr. rmsd
   -8.07386e+01    1.72402e+01    1.67866e-03

           Step           Time         Lambda
         299000      598.00000        0.00000

   Energies (kJ/mol)
       G96Angle    Proper Dih.  Improper Dih.          LJ-14     Coulomb-14
    7.39229e+02    2.22056e+02    1.57542e+01    2.12001e+04   -1.25618e+02
        LJ (SR)  Disper. corr.   Coulomb (SR)   Coul. recip. Position Rest.
    7.05933e+04   -1.68957e+03   -5.31903e+05    9.75066e+02    1.68888e+03
   COM Pull En.      Potential    Kinetic En.   Total Energy    Temperature
    3.14495e+00   -4.38280e+05    8.65420e+04   -3.51738e+05    3.12111e+02
 Pres. DC (bar) Pressure (bar)   Constr. rmsd
   -8.08562e+01   -3.04666e+02    1.76681e-03

           Step           Time         Lambda
         300000      600.00000        0.00000

   Energies (kJ/mol)
       G96Angle    Proper Dih.  Improper Dih.          LJ-14     Coulomb-14
    7.38618e+02    2.22866e+02    1.51160e+01    2.12238e+04   -1.59679e+02
        LJ (SR)  Disper. corr.   Coulomb (SR)   Coul. recip. Position Rest.
    6.94894e+04   -1.69232e+03   -5.31295e+05    9.40377e+02    1.66340e+03
   COM Pull En.      Potential    Kinetic En.   Total Energy    Temperature
    3.17867e+00   -4.38850e+05    8.64991e+04   -3.52351e+05    3.11957e+02
 Pres. DC (bar) Pressure (bar)   Constr. rmsd
   -8.11196e+01   -1.10162e+01    1.70099e-03

           Step           Time         Lambda
         301000      602.00000        0.00000

   Energies (kJ/mol)
       G96Angle    Proper Dih.  Improper Dih.          LJ-14     Coulomb-14
    7.00521e+02    2.39837e+02    1.07786e+01    2.12200e+04   -1.47405e+02
        LJ (SR)  Disper. corr.   Coulomb (SR)   Coul. recip. Position Rest.
    7.00390e+04   -1.69161e+03   -5.31046e+05    9.95320e+02    1.70375e+03
   COM Pull En.      Potential    Kinetic En.   Total Energy    Temperature
    1.23297e+00   -4.37975e+05    8.62921e+04   -3.51683e+05    3.11210e+02
 Pres. DC (bar) Pressure (bar)   Constr. rmsd
   -8.10513e+01   -8.82394e+01    1.73717e-03


-------------------------------------------------------
Program gmx mdrun, VERSION 5.1.4
Source code file: /home/modarres/Downloads/gromacs-5.1.4/src/gromacs/pulling/pull.cpp, line: 520

Fatal error:
Distance between pull groups 1 and 2 (3.441473 nm) is larger than 0.49 times the box size (3.511676).
You might want to consider using "pull-geometry = direction-periodic" instead.

For more information and tips for troubleshooting, please check the GROMACS
website at http://www.gromacs.org/Documentation/Errors
-------------------------------------------------------

