Log file opened on Wed Aug 29 16:13:55 2018
Host: modarres-virtual-machine  pid: 12688  rank ID: 0  number of ranks:  1
                   :-) GROMACS - gmx mdrun, VERSION 5.1.4 (-:

                            GROMACS is written by:
     Emile Apol      Rossen Apostolov  Herman J.C. Berendsen    Par Bjelkmar   
 Aldert van Buuren   Rudi van Drunen     Anton Feenstra   Sebastian Fritsch 
  Gerrit Groenhof   Christoph Junghans   Anca Hamuraru    Vincent Hindriksen
 Dimitrios Karkoulis    Peter Kasson        Jiri Kraus      Carsten Kutzner  
    Per Larsson      Justin A. Lemkul   Magnus Lundborg   Pieter Meulenhoff 
   Erik Marklund      Teemu Murtola       Szilard Pall       Sander Pronk   
   Roland Schulz     Alexey Shvetsov     Michael Shirts     Alfons Sijbers  
   Peter Tieleman    Teemu Virolainen  Christian Wennberg    Maarten Wolf   
                           and the project leaders:
        Mark Abraham, Berk Hess, Erik Lindahl, and David van der Spoel

Copyright (c) 1991-2000, University of Groningen, The Netherlands.
Copyright (c) 2001-2015, The GROMACS development team at
Uppsala University, Stockholm University and
the Royal Institute of Technology, Sweden.
check out http://www.gromacs.org for more information.

GROMACS is free software; you can redistribute it and/or modify it
under the terms of the GNU Lesser General Public License
as published by the Free Software Foundation; either version 2.1
of the License, or (at your option) any later version.

GROMACS:      gmx mdrun, VERSION 5.1.4
Executable:   /usr/local/gromacs/bin/gmx
Data prefix:  /usr/local/gromacs
Command line:
  gmx mdrun -deffnm umbrella171 -v -nt 16

GROMACS version:    VERSION 5.1.4
Precision:          single
Memory model:       64 bit
MPI library:        thread_mpi
OpenMP support:     enabled (GMX_OPENMP_MAX_THREADS = 32)
GPU support:        disabled
OpenCL support:     disabled
invsqrt routine:    gmx_software_invsqrt(x)
SIMD instructions:  AVX2_256
FFT library:        fftw-3.3.4-sse2-avx
RDTSCP usage:       enabled
C++11 compilation:  enabled
TNG support:        enabled
Tracing support:    disabled
Built on:           ‫یکشنبه ۲۰ مه ۱۸، ساعت ۱۷:۳۹:۴۲ (+0430)‬
Built by:           modarres@modarres-virtual-machine [CMAKE]
Build OS/arch:      Linux 4.8.0-36-generic x86_64
Build CPU vendor:   GenuineIntel
Build CPU brand:    Intel(R) Xeon(R) CPU E5-2630 v4 @ 2.20GHz
Build CPU family:   6   Model: 79   Stepping: 1
Build CPU features: aes apic avx avx2 clfsh cmov cx8 cx16 f16c fma lahf_lm mmx msr nonstop_tsc pcid pclmuldq pdpe1gb popcnt pse rdrnd rdtscp sse2 sse3 sse4.1 sse4.2 ssse3 tdt x2apic
C compiler:         /usr/bin/cc GNU 5.4.0
C compiler flags:    -march=core-avx2    -Wundef -Wextra -Wno-missing-field-initializers -Wno-sign-compare -Wpointer-arith -Wall -Wno-unused -Wunused-value -Wunused-parameter  -O3 -DNDEBUG -funroll-all-loops -fexcess-precision=fast  -Wno-array-bounds 
C++ compiler:       /usr/bin/c++ GNU 5.4.0
C++ compiler flags:  -march=core-avx2   -std=c++0x  -Wundef -Wextra -Wno-missing-field-initializers -Wpointer-arith -Wall -Wno-unused-function  -O3 -DNDEBUG -funroll-all-loops -fexcess-precision=fast  -Wno-array-bounds 
Boost version:      1.55.0 (internal)


Running on 1 node with total 16 cores, 16 logical cores
Hardware detected:
  CPU info:
    Vendor: GenuineIntel
    Brand:  Intel(R) Xeon(R) CPU E5-2630 v4 @ 2.20GHz
    Family:  6  model: 79  stepping:  1
    CPU features: aes apic avx avx2 clfsh cmov cx8 cx16 f16c fma lahf_lm mmx msr nonstop_tsc pcid pclmuldq pdpe1gb popcnt pse rdrnd rdtscp sse2 sse3 sse4.1 sse4.2 ssse3 tdt x2apic
    SIMD instructions most likely to fit this hardware: AVX2_256
    SIMD instructions selected at GROMACS compile time: AVX2_256


++++ PLEASE READ AND CITE THE FOLLOWING REFERENCE ++++
M. J. Abraham, T. Murtola, R. Schulz, S. Páll, J. C. Smith, B. Hess, E.
Lindahl
GROMACS: High performance molecular simulations through multi-level
parallelism from laptops to supercomputers
SoftwareX 1 (2015) pp. 19-25
-------- -------- --- Thank You --- -------- --------


++++ PLEASE READ AND CITE THE FOLLOWING REFERENCE ++++
S. Páll, M. J. Abraham, C. Kutzner, B. Hess, E. Lindahl
Tackling Exascale Software Challenges in Molecular Dynamics Simulations with
GROMACS
In S. Markidis & E. Laure (Eds.), Solving Software Challenges for Exascale 8759 (2015) pp. 3-27
-------- -------- --- Thank You --- -------- --------


++++ PLEASE READ AND CITE THE FOLLOWING REFERENCE ++++
S. Pronk, S. Páll, R. Schulz, P. Larsson, P. Bjelkmar, R. Apostolov, M. R.
Shirts, J. C. Smith, P. M. Kasson, D. van der Spoel, B. Hess, and E. Lindahl
GROMACS 4.5: a high-throughput and highly parallel open source molecular
simulation toolkit
Bioinformatics 29 (2013) pp. 845-54
-------- -------- --- Thank You --- -------- --------


++++ PLEASE READ AND CITE THE FOLLOWING REFERENCE ++++
B. Hess and C. Kutzner and D. van der Spoel and E. Lindahl
GROMACS 4: Algorithms for highly efficient, load-balanced, and scalable
molecular simulation
J. Chem. Theory Comput. 4 (2008) pp. 435-447
-------- -------- --- Thank You --- -------- --------


++++ PLEASE READ AND CITE THE FOLLOWING REFERENCE ++++
D. van der Spoel, E. Lindahl, B. Hess, G. Groenhof, A. E. Mark and H. J. C.
Berendsen
GROMACS: Fast, Flexible and Free
J. Comp. Chem. 26 (2005) pp. 1701-1719
-------- -------- --- Thank You --- -------- --------


++++ PLEASE READ AND CITE THE FOLLOWING REFERENCE ++++
E. Lindahl and B. Hess and D. van der Spoel
GROMACS 3.0: A package for molecular simulation and trajectory analysis
J. Mol. Mod. 7 (2001) pp. 306-317
-------- -------- --- Thank You --- -------- --------


++++ PLEASE READ AND CITE THE FOLLOWING REFERENCE ++++
H. J. C. Berendsen, D. van der Spoel and R. van Drunen
GROMACS: A message-passing parallel molecular dynamics implementation
Comp. Phys. Comm. 91 (1995) pp. 43-56
-------- -------- --- Thank You --- -------- --------

Changing nstlist from 5 to 25, rlist from 1.4 to 1.435

Input Parameters:
   integrator                     = md
   tinit                          = 0
   dt                             = 0.002
   nsteps                         = 500000
   init-step                      = 0
   simulation-part                = 1
   comm-mode                      = Linear
   nstcomm                        = 100
   bd-fric                        = 0
   ld-seed                        = 1252526632
   emtol                          = 10
   emstep                         = 0.01
   niter                          = 20
   fcstep                         = 0
   nstcgsteep                     = 1000
   nbfgscorr                      = 10
   rtpi                           = 0.05
   nstxout                        = 50000
   nstvout                        = 50000
   nstfout                        = 5000
   nstlog                         = 1000
   nstcalcenergy                  = 100
   nstenergy                      = 5000
   nstxout-compressed             = 5000
   compressed-x-precision         = 1000
   cutoff-scheme                  = Verlet
   nstlist                        = 25
   ns-type                        = Grid
   pbc                            = xyz
   periodic-molecules             = FALSE
   verlet-buffer-tolerance        = 0.005
   rlist                          = 1.435
   rlistlong                      = 1.435
   nstcalclr                      = 5
   coulombtype                    = PME
   coulomb-modifier               = Potential-shift
   rcoulomb-switch                = 0
   rcoulomb                       = 1.4
   epsilon-r                      = 1
   epsilon-rf                     = inf
   vdw-type                       = Cut-off
   vdw-modifier                   = Potential-shift
   rvdw-switch                    = 0
   rvdw                           = 1.4
   DispCorr                       = EnerPres
   table-extension                = 1
   fourierspacing                 = 0.12
   fourier-nx                     = 60
   fourier-ny                     = 60
   fourier-nz                     = 60
   pme-order                      = 4
   ewald-rtol                     = 1e-05
   ewald-rtol-lj                  = 0.001
   lj-pme-comb-rule               = Geometric
   ewald-geometry                 = 0
   epsilon-surface                = 0
   implicit-solvent               = No
   gb-algorithm                   = Still
   nstgbradii                     = 1
   rgbradii                       = 1
   gb-epsilon-solvent             = 80
   gb-saltconc                    = 0
   gb-obc-alpha                   = 1
   gb-obc-beta                    = 0.8
   gb-obc-gamma                   = 4.85
   gb-dielectric-offset           = 0.009
   sa-algorithm                   = Ace-approximation
   sa-surface-tension             = 2.05016
   tcoupl                         = V-rescale
   nsttcouple                     = 5
   nh-chain-length                = 0
   print-nose-hoover-chain-variables = FALSE
   pcoupl                         = Berendsen
   pcoupltype                     = Isotropic
   nstpcouple                     = 5
   tau-p                          = 1
   compressibility (3x3):
      compressibility[    0]={ 4.50000e-05,  0.00000e+00,  0.00000e+00}
      compressibility[    1]={ 0.00000e+00,  4.50000e-05,  0.00000e+00}
      compressibility[    2]={ 0.00000e+00,  0.00000e+00,  4.50000e-05}
   ref-p (3x3):
      ref-p[    0]={ 1.00000e+00,  0.00000e+00,  0.00000e+00}
      ref-p[    1]={ 0.00000e+00,  1.00000e+00,  0.00000e+00}
      ref-p[    2]={ 0.00000e+00,  0.00000e+00,  1.00000e+00}
   refcoord-scaling               = COM
   posres-com (3):
      posres-com[0]= 4.99944e-01
      posres-com[1]= 5.00469e-01
      posres-com[2]= 4.79130e-01
   posres-comB (3):
      posres-comB[0]= 4.99944e-01
      posres-comB[1]= 5.00469e-01
      posres-comB[2]= 4.79130e-01
   QMMM                           = FALSE
   QMconstraints                  = 0
   QMMMscheme                     = 0
   MMChargeScaleFactor            = 1
qm-opts:
   ngQM                           = 0
   constraint-algorithm           = Lincs
   continuation                   = TRUE
   Shake-SOR                      = FALSE
   shake-tol                      = 0.0001
   lincs-order                    = 4
   lincs-iter                     = 1
   lincs-warnangle                = 30
   nwall                          = 0
   wall-type                      = 9-3
   wall-r-linpot                  = -1
   wall-atomtype[0]               = -1
   wall-atomtype[1]               = -1
   wall-density[0]                = 0
   wall-density[1]                = 0
   wall-ewald-zfac                = 3
   pull                           = TRUE
   pull-cylinder-r                = 1.5
   pull-constr-tol                = 1e-06
   pull-print-COM1                = FALSE
   pull-print-COM2                = FALSE
   pull-print-ref-value           = FALSE
   pull-print-components          = FALSE
   pull-nstxout                   = 50
   pull-nstfout                   = 50
   pull-ngroups                   = 3
   pull-group 0:
     atom: not available
     weight: not available
     pbcatom                        = -1
   pull-group 1:
     atom (838):
        atom[0,...,837] = {0,...,837}
     weight: not available
     pbcatom                        = 418
   pull-group 2:
     atom (68):
        atom[0,...,67] = {838,...,905}
     weight: not available
     pbcatom                        = 871
   pull-ncoords                   = 1
   pull-coord 0:
   group[0]                       = 1
   group[1]                       = 2
   type                           = umbrella
   geometry                       = direction
   dim (3):
      dim[0]=0
      dim[1]=0
      dim[2]=1
   origin (3):
      origin[0]= 0.00000e+00
      origin[1]= 0.00000e+00
      origin[2]= 0.00000e+00
   vec (3):
      vec[0]= 0.00000e+00
      vec[1]= 0.00000e+00
      vec[2]= 1.00000e+00
   start                          = TRUE
   init                           = -2.60812
   rate                           = 0
   k                              = 1000
   kB                             = 1000
   rotation                       = FALSE
   interactiveMD                  = FALSE
   disre                          = No
   disre-weighting                = Conservative
   disre-mixed                    = FALSE
   dr-fc                          = 1000
   dr-tau                         = 0
   nstdisreout                    = 100
   orire-fc                       = 0
   orire-tau                      = 0
   nstorireout                    = 100
   free-energy                    = no
   cos-acceleration               = 0
   deform (3x3):
      deform[    0]={ 0.00000e+00,  0.00000e+00,  0.00000e+00}
      deform[    1]={ 0.00000e+00,  0.00000e+00,  0.00000e+00}
      deform[    2]={ 0.00000e+00,  0.00000e+00,  0.00000e+00}
   simulated-tempering            = FALSE
   E-x:
      n = 0
   E-xt:
      n = 0
   E-y:
      n = 0
   E-yt:
      n = 0
   E-z:
      n = 0
   E-zt:
      n = 0
   swapcoords                     = no
   adress                         = FALSE
   userint1                       = 0
   userint2                       = 0
   userint3                       = 0
   userint4                       = 0
   userreal1                      = 0
   userreal2                      = 0
   userreal3                      = 0
   userreal4                      = 0
grpopts:
   nrdf:     1330.94     131.994     65235.1
   ref-t:         310         310         310
   tau-t:         0.5         0.5         0.5
annealing:          No          No          No
annealing-npoints:           0           0           0
   acc:	           0           0           0
   nfreeze:           N           N           N
   energygrp-flags[  0]: 0

Using 1 MPI thread
Using 16 OpenMP threads 

Will do PME sum in reciprocal space for electrostatic interactions.

++++ PLEASE READ AND CITE THE FOLLOWING REFERENCE ++++
U. Essmann, L. Perera, M. L. Berkowitz, T. Darden, H. Lee and L. G. Pedersen 
A smooth particle mesh Ewald method
J. Chem. Phys. 103 (1995) pp. 8577-8592
-------- -------- --- Thank You --- -------- --------

Will do ordinary reciprocal space Ewald sum.
Using a Gaussian width (1/beta) of 0.448228 nm for Ewald
Cut-off's:   NS: 1.435   Coulomb: 1.4   LJ: 1.4
Long Range LJ corr.: <C6> 3.4215e-04
System total charge: -0.000
Generated table with 1217 data points for Ewald.
Tabscale = 500 points/nm
Generated table with 1217 data points for LJ6.
Tabscale = 500 points/nm
Generated table with 1217 data points for LJ12.
Tabscale = 500 points/nm
Generated table with 1217 data points for 1-4 COUL.
Tabscale = 500 points/nm
Generated table with 1217 data points for 1-4 LJ6.
Tabscale = 500 points/nm
Generated table with 1217 data points for 1-4 LJ12.
Tabscale = 500 points/nm
Potential shift: LJ r^-12: -1.764e-02 r^-6: -1.328e-01, Ewald -1.000e-05
Initialized non-bonded Ewald correction tables, spacing: 1.10e-03 size: 1270


Using AVX2_256 4x8 non-bonded kernels

Using full Lennard-Jones parameter combination matrix

Pinning threads with an auto-selected logical core stride of 1

Will apply potential COM pulling
with 1 pull coordinate and 3 groups
Pull group 1:   838 atoms, mass  9670.755
Pull group 2:    68 atoms, mass   543.529

Initializing LINear Constraint Solver

++++ PLEASE READ AND CITE THE FOLLOWING REFERENCE ++++
B. Hess and H. Bekker and H. J. C. Berendsen and J. G. E. M. Fraaije
LINCS: A Linear Constraint Solver for molecular simulations
J. Comp. Chem. 18 (1997) pp. 1463-1472
-------- -------- --- Thank You --- -------- --------

The number of constraints is 1255

++++ PLEASE READ AND CITE THE FOLLOWING REFERENCE ++++
S. Miyamoto and P. A. Kollman
SETTLE: An Analytical Version of the SHAKE and RATTLE Algorithms for Rigid
Water Models
J. Comp. Chem. 13 (1992) pp. 952-962
-------- -------- --- Thank You --- -------- --------

Center of mass motion removal mode is Linear
We have the following groups for center of mass motion removal:
  0:  rest

++++ PLEASE READ AND CITE THE FOLLOWING REFERENCE ++++
G. Bussi, D. Donadio and M. Parrinello
Canonical sampling through velocity rescaling
J. Chem. Phys. 126 (2007) pp. 014101
-------- -------- --- Thank You --- -------- --------

There are: 33518 Atoms
Initial temperature: 307.985 K

Started mdrun on rank 0 Wed Aug 29 16:13:57 2018
           Step           Time         Lambda
              0        0.00000        0.00000

   Energies (kJ/mol)
       G96Angle    Proper Dih.  Improper Dih.          LJ-14     Coulomb-14
    6.06046e+02    2.41245e+02    1.16512e+01    2.14007e+04   -1.01634e+02
        LJ (SR)  Disper. corr.   Coulomb (SR)   Coul. recip. Position Rest.
    7.05291e+04   -1.69781e+03   -5.33289e+05    9.38184e+02    1.01140e+01
   COM Pull En.      Potential    Kinetic En.   Total Energy    Temperature
    1.59059e-12   -4.41352e+05    8.54162e+04   -3.55936e+05    3.08051e+02
 Pres. DC (bar) Pressure (bar)   Constr. rmsd
   -8.16457e+01   -1.76007e+03    1.22059e-03

           Step           Time         Lambda
           1000        2.00000        0.00000

   Energies (kJ/mol)
       G96Angle    Proper Dih.  Improper Dih.          LJ-14     Coulomb-14
    6.64197e+02    2.40617e+02    6.36570e+00    2.15062e+04   -1.48392e+02
        LJ (SR)  Disper. corr.   Coulomb (SR)   Coul. recip. Position Rest.
    6.99317e+04   -1.69552e+03   -5.31166e+05    9.85551e+02    1.37910e+03
   COM Pull En.      Potential    Kinetic En.   Total Energy    Temperature
    1.17687e-01   -4.38296e+05    8.60475e+04   -3.52248e+05    3.10328e+02
 Pres. DC (bar) Pressure (bar)   Constr. rmsd
   -8.14263e+01    1.66221e+02    1.07185e-03

           Step           Time         Lambda
           2000        4.00000        0.00000

   Energies (kJ/mol)
       G96Angle    Proper Dih.  Improper Dih.          LJ-14     Coulomb-14
    6.93695e+02    2.49817e+02    1.11196e+01    2.14919e+04   -1.19947e+02
        LJ (SR)  Disper. corr.   Coulomb (SR)   Coul. recip. Position Rest.
    7.00901e+04   -1.69398e+03   -5.32459e+05    9.74236e+02    1.11168e+03
   COM Pull En.      Potential    Kinetic En.   Total Energy    Temperature
    1.92228e-01   -4.39650e+05    8.58038e+04   -3.53846e+05    3.09449e+02
 Pres. DC (bar) Pressure (bar)   Constr. rmsd
   -8.12780e+01   -3.18741e+02    1.13001e-03

           Step           Time         Lambda
           3000        6.00000        0.00000

   Energies (kJ/mol)
       G96Angle    Proper Dih.  Improper Dih.          LJ-14     Coulomb-14
    6.59255e+02    2.39368e+02    1.85662e+01    2.14920e+04   -1.29247e+02
        LJ (SR)  Disper. corr.   Coulomb (SR)   Coul. recip. Position Rest.
    7.00757e+04   -1.69346e+03   -5.32281e+05    9.19807e+02    1.21635e+03
   COM Pull En.      Potential    Kinetic En.   Total Energy    Temperature
    5.35529e-02   -4.39483e+05    8.61423e+04   -3.53341e+05    3.10670e+02
 Pres. DC (bar) Pressure (bar)   Constr. rmsd
   -8.12284e+01    3.01706e+02    1.06529e-03

           Step           Time         Lambda
           4000        8.00000        0.00000

   Energies (kJ/mol)
       G96Angle    Proper Dih.  Improper Dih.          LJ-14     Coulomb-14
    6.54781e+02    2.46669e+02    1.06911e+01    2.15061e+04   -1.13106e+02
        LJ (SR)  Disper. corr.   Coulomb (SR)   Coul. recip. Position Rest.
    6.94858e+04   -1.69514e+03   -5.31160e+05    9.90579e+02    1.11855e+03
   COM Pull En.      Potential    Kinetic En.   Total Energy    Temperature
    1.02444e+00   -4.38954e+05    8.57893e+04   -3.53165e+05    3.09397e+02
 Pres. DC (bar) Pressure (bar)   Constr. rmsd
   -8.13895e+01   -2.64850e+02    1.11579e-03

           Step           Time         Lambda
           5000       10.00000        0.00000

   Energies (kJ/mol)
       G96Angle    Proper Dih.  Improper Dih.          LJ-14     Coulomb-14
    7.08969e+02    2.49671e+02    1.48401e+01    2.14935e+04   -1.23507e+02
        LJ (SR)  Disper. corr.   Coulomb (SR)   Coul. recip. Position Rest.
    7.05423e+04   -1.70038e+03   -5.33403e+05    9.77448e+02    1.15114e+03
   COM Pull En.      Potential    Kinetic En.   Total Energy    Temperature
    2.19754e-03   -4.40089e+05    8.60512e+04   -3.54038e+05    3.10342e+02
 Pres. DC (bar) Pressure (bar)   Constr. rmsd
   -8.18934e+01   -1.99911e+02    1.14240e-03

           Step           Time         Lambda
           6000       12.00000        0.00000

   Energies (kJ/mol)
       G96Angle    Proper Dih.  Improper Dih.          LJ-14     Coulomb-14
    6.91965e+02    2.30928e+02    1.15034e+01    2.15330e+04   -1.17694e+02
        LJ (SR)  Disper. corr.   Coulomb (SR)   Coul. recip. Position Rest.
    6.93189e+04   -1.70332e+03   -5.31919e+05    9.77170e+02    1.07989e+03
   COM Pull En.      Potential    Kinetic En.   Total Energy    Temperature
    4.94052e-02   -4.39896e+05    8.55600e+04   -3.54336e+05    3.08570e+02
 Pres. DC (bar) Pressure (bar)   Constr. rmsd
   -8.21768e+01    1.93077e+02    1.04613e-03

           Step           Time         Lambda
           7000       14.00000        0.00000

   Energies (kJ/mol)
       G96Angle    Proper Dih.  Improper Dih.          LJ-14     Coulomb-14
    6.47974e+02    2.35399e+02    1.24427e+01    2.14825e+04   -1.15628e+02
        LJ (SR)  Disper. corr.   Coulomb (SR)   Coul. recip. Position Rest.
    7.06467e+04   -1.70075e+03   -5.32860e+05    1.00365e+03    1.10374e+03
   COM Pull En.      Potential    Kinetic En.   Total Energy    Temperature
    1.58615e-04   -4.39544e+05    8.56212e+04   -3.53923e+05    3.08791e+02
 Pres. DC (bar) Pressure (bar)   Constr. rmsd
   -8.19290e+01    7.10210e+01    1.10870e-03

           Step           Time         Lambda
           8000       16.00000        0.00000

   Energies (kJ/mol)
       G96Angle    Proper Dih.  Improper Dih.          LJ-14     Coulomb-14
    6.77273e+02    2.26155e+02    1.07758e+01    2.14851e+04   -1.50875e+02
        LJ (SR)  Disper. corr.   Coulomb (SR)   Coul. recip. Position Rest.
    7.00886e+04   -1.69888e+03   -5.33180e+05    1.00256e+03    1.03089e+03
   COM Pull En.      Potential    Kinetic En.   Total Energy    Temperature
    3.16205e-02   -4.40509e+05    8.52701e+04   -3.55239e+05    3.07524e+02
 Pres. DC (bar) Pressure (bar)   Constr. rmsd
   -8.17494e+01   -2.14188e+02    1.11926e-03

           Step           Time         Lambda
           9000       18.00000        0.00000

   Energies (kJ/mol)
       G96Angle    Proper Dih.  Improper Dih.          LJ-14     Coulomb-14
    6.43759e+02    2.35337e+02    1.23117e+01    2.15054e+04   -1.56720e+02
        LJ (SR)  Disper. corr.   Coulomb (SR)   Coul. recip. Position Rest.
    7.09010e+04   -1.69709e+03   -5.33942e+05    9.27810e+02    1.10038e+03
   COM Pull En.      Potential    Kinetic En.   Total Energy    Temperature
    6.59489e-01   -4.40470e+05    8.47866e+04   -3.55683e+05    3.05781e+02
 Pres. DC (bar) Pressure (bar)   Constr. rmsd
   -8.15767e+01    6.42531e+02    1.03189e-03

           Step           Time         Lambda
          10000       20.00000        0.00000

   Energies (kJ/mol)
       G96Angle    Proper Dih.  Improper Dih.          LJ-14     Coulomb-14
    7.23296e+02    2.33045e+02    1.18258e+01    2.15139e+04   -1.16825e+02
        LJ (SR)  Disper. corr.   Coulomb (SR)   Coul. recip. Position Rest.
    6.93040e+04   -1.70051e+03   -5.31360e+05    9.68599e+02    1.10334e+03
   COM Pull En.      Potential    Kinetic En.   Total Energy    Temperature
    1.00197e-04   -4.39319e+05    8.55498e+04   -3.53769e+05    3.08533e+02
 Pres. DC (bar) Pressure (bar)   Constr. rmsd
   -8.19061e+01   -4.63882e+02    1.15288e-03

           Step           Time         Lambda
          11000       22.00000        0.00000

   Energies (kJ/mol)
       G96Angle    Proper Dih.  Improper Dih.          LJ-14     Coulomb-14
    6.34803e+02    2.59097e+02    1.32630e+01    2.15122e+04   -8.75508e+01
        LJ (SR)  Disper. corr.   Coulomb (SR)   Coul. recip. Position Rest.
    7.03931e+04   -1.69591e+03   -5.32318e+05    9.55240e+02    1.12708e+03
   COM Pull En.      Potential    Kinetic En.   Total Energy    Temperature
    1.98159e+00   -4.39204e+05    8.57966e+04   -3.53408e+05    3.09423e+02
 Pres. DC (bar) Pressure (bar)   Constr. rmsd
   -8.14633e+01    1.69271e+02    1.08224e-03

           Step           Time         Lambda
          12000       24.00000        0.00000

   Energies (kJ/mol)
       G96Angle    Proper Dih.  Improper Dih.          LJ-14     Coulomb-14
    6.87903e+02    2.46229e+02    1.43155e+01    2.15257e+04   -1.39793e+02
        LJ (SR)  Disper. corr.   Coulomb (SR)   Coul. recip. Position Rest.
    7.01288e+04   -1.69152e+03   -5.31833e+05    9.05755e+02    1.15565e+03
   COM Pull En.      Potential    Kinetic En.   Total Energy    Temperature
    1.07583e-01   -4.39000e+05    8.52822e+04   -3.53718e+05    3.07568e+02
 Pres. DC (bar) Pressure (bar)   Constr. rmsd
   -8.10422e+01    1.47179e+02    1.08656e-03

           Step           Time         Lambda
          13000       26.00000        0.00000

   Energies (kJ/mol)
       G96Angle    Proper Dih.  Improper Dih.          LJ-14     Coulomb-14
    6.39266e+02    2.37871e+02    1.45873e+01    2.14924e+04   -1.46594e+02
        LJ (SR)  Disper. corr.   Coulomb (SR)   Coul. recip. Position Rest.
    6.95962e+04   -1.69907e+03   -5.32224e+05    9.05771e+02    1.02550e+03
   COM Pull En.      Potential    Kinetic En.   Total Energy    Temperature
    1.03280e-01   -4.40158e+05    8.53938e+04   -3.54764e+05    3.07971e+02
 Pres. DC (bar) Pressure (bar)   Constr. rmsd
   -8.17677e+01    3.21049e+02    1.05075e-03

           Step           Time         Lambda
          14000       28.00000        0.00000

   Energies (kJ/mol)
       G96Angle    Proper Dih.  Improper Dih.          LJ-14     Coulomb-14
    7.26189e+02    2.50014e+02    8.92314e+00    2.15249e+04   -1.09301e+02
        LJ (SR)  Disper. corr.   Coulomb (SR)   Coul. recip. Position Rest.
    7.07452e+04   -1.69723e+03   -5.34091e+05    9.38127e+02    1.08692e+03
   COM Pull En.      Potential    Kinetic En.   Total Energy    Temperature
    2.06710e+00   -4.40615e+05    8.58948e+04   -3.54721e+05    3.09777e+02
 Pres. DC (bar) Pressure (bar)   Constr. rmsd
   -8.15904e+01    1.16270e+02    1.07932e-03

           Step           Time         Lambda
          15000       30.00000        0.00000

   Energies (kJ/mol)
       G96Angle    Proper Dih.  Improper Dih.          LJ-14     Coulomb-14
    6.75189e+02    2.45911e+02    1.50860e+01    2.15113e+04   -1.25400e+02
        LJ (SR)  Disper. corr.   Coulomb (SR)   Coul. recip. Position Rest.
    7.01975e+04   -1.69759e+03   -5.32154e+05    1.03981e+03    9.65793e+02
   COM Pull En.      Potential    Kinetic En.   Total Energy    Temperature
    1.39563e+00   -4.39325e+05    8.56267e+04   -3.53698e+05    3.08811e+02
 Pres. DC (bar) Pressure (bar)   Constr. rmsd
   -8.16245e+01    1.51867e+02    1.06686e-03

           Step           Time         Lambda
          16000       32.00000        0.00000

   Energies (kJ/mol)
       G96Angle    Proper Dih.  Improper Dih.          LJ-14     Coulomb-14
    7.11223e+02    2.33608e+02    1.95587e+01    2.15101e+04   -1.45820e+02
        LJ (SR)  Disper. corr.   Coulomb (SR)   Coul. recip. Position Rest.
    7.01822e+04   -1.69866e+03   -5.33356e+05    9.79532e+02    1.06471e+03
   COM Pull En.      Potential    Kinetic En.   Total Energy    Temperature
    6.23081e-02   -4.40499e+05    8.55429e+04   -3.54956e+05    3.08508e+02
 Pres. DC (bar) Pressure (bar)   Constr. rmsd
   -8.17275e+01    2.87235e+02    1.08609e-03

           Step           Time         Lambda
          17000       34.00000        0.00000

   Energies (kJ/mol)
       G96Angle    Proper Dih.  Improper Dih.          LJ-14     Coulomb-14
    6.84932e+02    2.35388e+02    1.45026e+01    2.14725e+04   -1.42428e+02
        LJ (SR)  Disper. corr.   Coulomb (SR)   Coul. recip. Position Rest.
    7.20505e+04   -1.69570e+03   -5.35309e+05    9.90698e+02    9.71648e+02
   COM Pull En.      Potential    Kinetic En.   Total Energy    Temperature
    7.06650e-01   -4.40726e+05    8.56672e+04   -3.55059e+05    3.08957e+02
 Pres. DC (bar) Pressure (bar)   Constr. rmsd
   -8.14435e+01   -2.65872e+02    1.13559e-03

           Step           Time         Lambda
          18000       36.00000        0.00000

   Energies (kJ/mol)
       G96Angle    Proper Dih.  Improper Dih.          LJ-14     Coulomb-14
    6.99778e+02    2.40868e+02    1.06408e+01    2.15169e+04   -1.82164e+02
        LJ (SR)  Disper. corr.   Coulomb (SR)   Coul. recip. Position Rest.
    7.20126e+04   -1.69631e+03   -5.33823e+05    1.00548e+03    1.17052e+03
   COM Pull En.      Potential    Kinetic En.   Total Energy    Temperature
    1.13421e+00   -4.39043e+05    8.59531e+04   -3.53090e+05    3.09988e+02
 Pres. DC (bar) Pressure (bar)   Constr. rmsd
   -8.15017e+01    5.16766e+02    1.08005e-03

           Step           Time         Lambda
          19000       38.00000        0.00000

   Energies (kJ/mol)
       G96Angle    Proper Dih.  Improper Dih.          LJ-14     Coulomb-14
    6.89558e+02    2.48900e+02    8.29844e+00    2.15019e+04   -1.40423e+02
        LJ (SR)  Disper. corr.   Coulomb (SR)   Coul. recip. Position Rest.
    6.89362e+04   -1.69551e+03   -5.30753e+05    9.26590e+02    1.10829e+03
   COM Pull En.      Potential    Kinetic En.   Total Energy    Temperature
    2.01878e+00   -4.39167e+05    8.64825e+04   -3.52684e+05    3.11897e+02
 Pres. DC (bar) Pressure (bar)   Constr. rmsd
   -8.14256e+01    2.38569e+00    1.08043e-03

           Step           Time         Lambda
          20000       40.00000        0.00000

   Energies (kJ/mol)
       G96Angle    Proper Dih.  Improper Dih.          LJ-14     Coulomb-14
    6.44821e+02    2.51365e+02    1.06437e+01    2.14862e+04   -1.54134e+02
        LJ (SR)  Disper. corr.   Coulomb (SR)   Coul. recip. Position Rest.
    7.05597e+04   -1.69608e+03   -5.32936e+05    9.29039e+02    1.10097e+03
   COM Pull En.      Potential    Kinetic En.   Total Energy    Temperature
    3.31364e-01   -4.39804e+05    8.58000e+04   -3.54003e+05    3.09436e+02
 Pres. DC (bar) Pressure (bar)   Constr. rmsd
   -8.14801e+01    7.01993e+01    1.10952e-03

           Step           Time         Lambda
          21000       42.00000        0.00000

   Energies (kJ/mol)
       G96Angle    Proper Dih.  Improper Dih.          LJ-14     Coulomb-14
    6.43328e+02    2.46896e+02    1.38953e+01    2.14910e+04   -1.30413e+02
        LJ (SR)  Disper. corr.   Coulomb (SR)   Coul. recip. Position Rest.
    6.97830e+04   -1.69584e+03   -5.32018e+05    9.46478e+02    9.34366e+02
   COM Pull En.      Potential    Kinetic En.   Total Energy    Temperature
    1.63278e+00   -4.39784e+05    8.51349e+04   -3.54649e+05    3.07037e+02
 Pres. DC (bar) Pressure (bar)   Constr. rmsd
   -8.14572e+01   -1.03503e+02    1.10499e-03

           Step           Time         Lambda
          22000       44.00000        0.00000

   Energies (kJ/mol)
       G96Angle    Proper Dih.  Improper Dih.          LJ-14     Coulomb-14
    6.81185e+02    2.43151e+02    1.27167e+01    2.14862e+04   -1.10732e+02
        LJ (SR)  Disper. corr.   Coulomb (SR)   Coul. recip. Position Rest.
    7.11195e+04   -1.69524e+03   -5.33952e+05    1.02333e+03    1.11795e+03
   COM Pull En.      Potential    Kinetic En.   Total Energy    Temperature
    3.65053e+00   -4.40070e+05    8.61304e+04   -3.53940e+05    3.10627e+02
 Pres. DC (bar) Pressure (bar)   Constr. rmsd
   -8.13992e+01   -1.04211e+02    1.10896e-03

           Step           Time         Lambda
          23000       46.00000        0.00000

   Energies (kJ/mol)
       G96Angle    Proper Dih.  Improper Dih.          LJ-14     Coulomb-14
    6.74072e+02    2.42367e+02    1.19598e+01    2.14953e+04   -1.34161e+02
        LJ (SR)  Disper. corr.   Coulomb (SR)   Coul. recip. Position Rest.
    7.13487e+04   -1.69555e+03   -5.34249e+05    9.93530e+02    1.05190e+03
   COM Pull En.      Potential    Kinetic En.   Total Energy    Temperature
    6.21906e+00   -4.40255e+05    8.59352e+04   -3.54320e+05    3.09923e+02
 Pres. DC (bar) Pressure (bar)   Constr. rmsd
   -8.14288e+01   -1.95378e+02    1.11966e-03

           Step           Time         Lambda
          24000       48.00000        0.00000

   Energies (kJ/mol)
       G96Angle    Proper Dih.  Improper Dih.          LJ-14     Coulomb-14
    6.35811e+02    2.54716e+02    7.02320e+00    2.15281e+04   -1.35062e+02
        LJ (SR)  Disper. corr.   Coulomb (SR)   Coul. recip. Position Rest.
    7.02670e+04   -1.69782e+03   -5.33293e+05    9.75831e+02    1.10158e+03
   COM Pull En.      Potential    Kinetic En.   Total Energy    Temperature
    5.98731e+00   -4.40350e+05    8.53236e+04   -3.55026e+05    3.07718e+02
 Pres. DC (bar) Pressure (bar)   Constr. rmsd
   -8.16470e+01    2.91073e+02    1.04198e-03

           Step           Time         Lambda
          25000       50.00000        0.00000

   Energies (kJ/mol)
       G96Angle    Proper Dih.  Improper Dih.          LJ-14     Coulomb-14
    6.91407e+02    2.33869e+02    1.09732e+01    2.14966e+04   -1.48101e+02
        LJ (SR)  Disper. corr.   Coulomb (SR)   Coul. recip. Position Rest.
    7.05888e+04   -1.69867e+03   -5.34958e+05    9.90880e+02    1.02284e+03
   COM Pull En.      Potential    Kinetic En.   Total Energy    Temperature
    5.73942e+00   -4.41764e+05    8.50547e+04   -3.56709e+05    3.06748e+02
 Pres. DC (bar) Pressure (bar)   Constr. rmsd
   -8.17284e+01   -5.75023e+01    1.08587e-03

           Step           Time         Lambda
          26000       52.00000        0.00000

   Energies (kJ/mol)
       G96Angle    Proper Dih.  Improper Dih.          LJ-14     Coulomb-14
    6.31248e+02    2.46748e+02    1.05780e+01    2.14843e+04   -9.68700e+01
        LJ (SR)  Disper. corr.   Coulomb (SR)   Coul. recip. Position Rest.
    7.04002e+04   -1.69905e+03   -5.34316e+05    9.44540e+02    1.04321e+03
   COM Pull En.      Potential    Kinetic En.   Total Energy    Temperature
    2.71643e+00   -4.41348e+05    8.59452e+04   -3.55403e+05    3.09959e+02
 Pres. DC (bar) Pressure (bar)   Constr. rmsd
   -8.17650e+01   -3.12702e+02    1.13245e-03

           Step           Time         Lambda
          27000       54.00000        0.00000

   Energies (kJ/mol)
       G96Angle    Proper Dih.  Improper Dih.          LJ-14     Coulomb-14
    6.44787e+02    2.44112e+02    1.14358e+01    2.14702e+04   -1.27115e+02
        LJ (SR)  Disper. corr.   Coulomb (SR)   Coul. recip. Position Rest.
    7.04811e+04   -1.69617e+03   -5.32690e+05    9.92293e+02    1.08407e+03
   COM Pull En.      Potential    Kinetic En.   Total Energy    Temperature
    1.85519e+00   -4.39583e+05    8.58175e+04   -3.53766e+05    3.09499e+02
 Pres. DC (bar) Pressure (bar)   Constr. rmsd
   -8.14884e+01   -7.00206e+02    1.16922e-03

           Step           Time         Lambda
          28000       56.00000        0.00000

   Energies (kJ/mol)
       G96Angle    Proper Dih.  Improper Dih.          LJ-14     Coulomb-14
    7.41029e+02    2.44709e+02    1.49687e+01    2.15068e+04   -1.11786e+02
        LJ (SR)  Disper. corr.   Coulomb (SR)   Coul. recip. Position Rest.
    7.02694e+04   -1.69635e+03   -5.32355e+05    9.98596e+02    1.17301e+03
   COM Pull En.      Potential    Kinetic En.   Total Energy    Temperature
    3.78589e+00   -4.39211e+05    8.64879e+04   -3.52723e+05    3.11917e+02
 Pres. DC (bar) Pressure (bar)   Constr. rmsd
   -8.15061e+01    1.08170e+01    1.09092e-03

           Step           Time         Lambda
          29000       58.00000        0.00000

   Energies (kJ/mol)
       G96Angle    Proper Dih.  Improper Dih.          LJ-14     Coulomb-14
    6.88992e+02    2.59001e+02    7.46499e+00    2.15333e+04   -1.05560e+02
        LJ (SR)  Disper. corr.   Coulomb (SR)   Coul. recip. Position Rest.
    7.02646e+04   -1.69241e+03   -5.31837e+05    1.02095e+03    1.07482e+03
   COM Pull En.      Potential    Kinetic En.   Total Energy    Temperature
    2.25936e-01   -4.38786e+05    8.68513e+04   -3.51934e+05    3.13227e+02
 Pres. DC (bar) Pressure (bar)   Constr. rmsd
   -8.11278e+01    2.13293e+02    1.08647e-03

           Step           Time         Lambda
          30000       60.00000        0.00000

   Energies (kJ/mol)
       G96Angle    Proper Dih.  Improper Dih.          LJ-14     Coulomb-14
    6.29975e+02    2.32377e+02    1.45200e+01    2.15196e+04   -1.44823e+02
        LJ (SR)  Disper. corr.   Coulomb (SR)   Coul. recip. Position Rest.
    7.17083e+04   -1.69399e+03   -5.34885e+05    9.85713e+02    1.15829e+03
   COM Pull En.      Potential    Kinetic En.   Total Energy    Temperature
    1.32176e-01   -4.40475e+05    8.57898e+04   -3.54685e+05    3.09399e+02
 Pres. DC (bar) Pressure (bar)   Constr. rmsd
   -8.12793e+01    6.06792e+02    1.03013e-03

           Step           Time         Lambda
          31000       62.00000        0.00000

   Energies (kJ/mol)
       G96Angle    Proper Dih.  Improper Dih.          LJ-14     Coulomb-14
    6.31672e+02    2.42546e+02    9.36710e+00    2.14993e+04   -1.30089e+02
        LJ (SR)  Disper. corr.   Coulomb (SR)   Coul. recip. Position Rest.
    7.09890e+04   -1.69577e+03   -5.33478e+05    9.40968e+02    1.10312e+03
   COM Pull En.      Potential    Kinetic En.   Total Energy    Temperature
    2.96524e-01   -4.39887e+05    8.53567e+04   -3.54530e+05    3.07837e+02
 Pres. DC (bar) Pressure (bar)   Constr. rmsd
   -8.14498e+01   -6.27340e+01    1.10019e-03

           Step           Time         Lambda
          32000       64.00000        0.00000

   Energies (kJ/mol)
       G96Angle    Proper Dih.  Improper Dih.          LJ-14     Coulomb-14
    6.51916e+02    2.47003e+02    6.46454e+00    2.14944e+04   -1.42370e+02
        LJ (SR)  Disper. corr.   Coulomb (SR)   Coul. recip. Position Rest.
    7.00036e+04   -1.69568e+03   -5.32940e+05    1.01398e+03    1.13296e+03
   COM Pull En.      Potential    Kinetic En.   Total Energy    Temperature
    8.58477e-02   -4.40228e+05    8.52294e+04   -3.54998e+05    3.07378e+02
 Pres. DC (bar) Pressure (bar)   Constr. rmsd
   -8.14411e+01   -3.32935e+01    1.07518e-03

           Step           Time         Lambda
          33000       66.00000        0.00000

   Energies (kJ/mol)
       G96Angle    Proper Dih.  Improper Dih.          LJ-14     Coulomb-14
    6.89086e+02    2.53997e+02    9.58650e+00    2.15103e+04   -1.25211e+02
        LJ (SR)  Disper. corr.   Coulomb (SR)   Coul. recip. Position Rest.
    6.96551e+04   -1.69705e+03   -5.31827e+05    9.77176e+02    1.15326e+03
   COM Pull En.      Potential    Kinetic En.   Total Energy    Temperature
    1.51368e+00   -4.39399e+05    8.63927e+04   -3.53007e+05    3.11573e+02
 Pres. DC (bar) Pressure (bar)   Constr. rmsd
   -8.15727e+01    1.64775e+01    1.07278e-03

           Step           Time         Lambda
          34000       68.00000        0.00000

   Energies (kJ/mol)
       G96Angle    Proper Dih.  Improper Dih.          LJ-14     Coulomb-14
    6.68248e+02    2.46847e+02    1.07612e+01    2.15221e+04   -1.22955e+02
        LJ (SR)  Disper. corr.   Coulomb (SR)   Coul. recip. Position Rest.
    6.93076e+04   -1.69615e+03   -5.31065e+05    9.44630e+02    1.11153e+03
   COM Pull En.      Potential    Kinetic En.   Total Energy    Temperature
    1.29916e-03   -4.39072e+05    8.64698e+04   -3.52603e+05    3.11851e+02
 Pres. DC (bar) Pressure (bar)   Constr. rmsd
   -8.14864e+01   -2.44918e+02    1.09629e-03

           Step           Time         Lambda
          35000       70.00000        0.00000

   Energies (kJ/mol)
       G96Angle    Proper Dih.  Improper Dih.          LJ-14     Coulomb-14
    6.91248e+02    2.48223e+02    1.08538e+01    2.15349e+04   -7.24364e+01
        LJ (SR)  Disper. corr.   Coulomb (SR)   Coul. recip. Position Rest.
    7.00984e+04   -1.69430e+03   -5.32419e+05    9.53363e+02    1.17226e+03
   COM Pull En.      Potential    Kinetic En.   Total Energy    Temperature
    3.01223e+00   -4.39474e+05    8.63003e+04   -3.53174e+05    3.11240e+02
 Pres. DC (bar) Pressure (bar)   Constr. rmsd
   -8.13089e+01    7.99388e+01    1.09509e-03

           Step           Time         Lambda
          36000       72.00000        0.00000

   Energies (kJ/mol)
       G96Angle    Proper Dih.  Improper Dih.          LJ-14     Coulomb-14
    6.74940e+02    2.28791e+02    1.53276e+01    2.15306e+04   -1.33652e+02
        LJ (SR)  Disper. corr.   Coulomb (SR)   Coul. recip. Position Rest.
    7.05902e+04   -1.69518e+03   -5.33943e+05    9.40619e+02    1.01096e+03
   COM Pull En.      Potential    Kinetic En.   Total Energy    Temperature
    2.51159e+00   -4.40778e+05    8.58636e+04   -3.54914e+05    3.09665e+02
 Pres. DC (bar) Pressure (bar)   Constr. rmsd
   -8.13931e+01    5.60885e+02    1.03573e-03

           Step           Time         Lambda
          37000       74.00000        0.00000

   Energies (kJ/mol)
       G96Angle    Proper Dih.  Improper Dih.          LJ-14     Coulomb-14
    7.00026e+02    2.45610e+02    1.31520e+01    2.14969e+04   -1.49587e+02
        LJ (SR)  Disper. corr.   Coulomb (SR)   Coul. recip. Position Rest.
    7.14335e+04   -1.69261e+03   -5.33698e+05    9.71809e+02    1.07647e+03
   COM Pull En.      Potential    Kinetic En.   Total Energy    Temperature
    1.46540e+00   -4.39601e+05    8.52421e+04   -3.54359e+05    3.07424e+02
 Pres. DC (bar) Pressure (bar)   Constr. rmsd
   -8.11471e+01    2.40233e+02    1.08056e-03

           Step           Time         Lambda
          38000       76.00000        0.00000

   Energies (kJ/mol)
       G96Angle    Proper Dih.  Improper Dih.          LJ-14     Coulomb-14
    6.28144e+02    2.26564e+02    1.18820e+01    2.15026e+04   -1.26547e+02
        LJ (SR)  Disper. corr.   Coulomb (SR)   Coul. recip. Position Rest.
    6.98694e+04   -1.69057e+03   -5.32462e+05    9.74477e+02    1.03420e+03
   COM Pull En.      Potential    Kinetic En.   Total Energy    Temperature
    5.73374e+00   -4.40026e+05    8.51502e+04   -3.54876e+05    3.07092e+02
 Pres. DC (bar) Pressure (bar)   Constr. rmsd
   -8.09521e+01   -1.42287e+02    1.10878e-03

           Step           Time         Lambda
          39000       78.00000        0.00000

   Energies (kJ/mol)
       G96Angle    Proper Dih.  Improper Dih.          LJ-14     Coulomb-14
    7.11397e+02    2.44126e+02    1.67178e+01    2.15303e+04   -1.29547e+02
        LJ (SR)  Disper. corr.   Coulomb (SR)   Coul. recip. Position Rest.
    6.99955e+04   -1.69329e+03   -5.32637e+05    9.85958e+02    1.11657e+03
   COM Pull En.      Potential    Kinetic En.   Total Energy    Temperature
    3.41513e+00   -4.39856e+05    8.57358e+04   -3.54120e+05    3.09204e+02
 Pres. DC (bar) Pressure (bar)   Constr. rmsd
   -8.12124e+01    3.63297e+02    1.04902e-03

           Step           Time         Lambda
          40000       80.00000        0.00000

   Energies (kJ/mol)
       G96Angle    Proper Dih.  Improper Dih.          LJ-14     Coulomb-14
    7.06461e+02    2.42321e+02    1.46227e+01    2.14770e+04   -1.59192e+02
        LJ (SR)  Disper. corr.   Coulomb (SR)   Coul. recip. Position Rest.
    6.98284e+04   -1.69555e+03   -5.31884e+05    9.85064e+02    1.04954e+03
   COM Pull En.      Potential    Kinetic En.   Total Energy    Temperature
    8.18605e-02   -4.39436e+05    8.62018e+04   -3.53234e+05    3.10885e+02
 Pres. DC (bar) Pressure (bar)   Constr. rmsd
   -8.14288e+01   -5.20302e+02    1.15818e-03

           Step           Time         Lambda
          41000       82.00000        0.00000

   Energies (kJ/mol)
       G96Angle    Proper Dih.  Improper Dih.          LJ-14     Coulomb-14
    6.92883e+02    2.47287e+02    1.08699e+01    2.15195e+04   -1.23389e+02
        LJ (SR)  Disper. corr.   Coulomb (SR)   Coul. recip. Position Rest.
    7.01249e+04   -1.69489e+03   -5.32113e+05    9.82877e+02    1.19480e+03
   COM Pull En.      Potential    Kinetic En.   Total Energy    Temperature
    1.36059e+00   -4.39157e+05    8.62215e+04   -3.52935e+05    3.10956e+02
 Pres. DC (bar) Pressure (bar)   Constr. rmsd
   -8.13656e+01    1.02394e+02    1.08837e-03

           Step           Time         Lambda
          42000       84.00000        0.00000

   Energies (kJ/mol)
       G96Angle    Proper Dih.  Improper Dih.          LJ-14     Coulomb-14
    6.62747e+02    2.57424e+02    6.72074e+00    2.15067e+04   -1.18587e+02
        LJ (SR)  Disper. corr.   Coulomb (SR)   Coul. recip. Position Rest.
    6.96082e+04   -1.69390e+03   -5.32691e+05    9.89196e+02    1.02801e+03
   COM Pull En.      Potential    Kinetic En.   Total Energy    Temperature
    3.46796e+00   -4.40441e+05    8.67659e+04   -3.53675e+05    3.12919e+02
 Pres. DC (bar) Pressure (bar)   Constr. rmsd
   -8.12712e+01   -2.08900e+02    1.11356e-03

           Step           Time         Lambda
          43000       86.00000        0.00000

   Energies (kJ/mol)
       G96Angle    Proper Dih.  Improper Dih.          LJ-14     Coulomb-14
    7.17395e+02    2.65746e+02    1.54531e+01    2.15095e+04   -1.32185e+02
        LJ (SR)  Disper. corr.   Coulomb (SR)   Coul. recip. Position Rest.
    7.00767e+04   -1.69682e+03   -5.32231e+05    1.02006e+03    1.16395e+03
   COM Pull En.      Potential    Kinetic En.   Total Energy    Temperature
    3.24826e-02   -4.39291e+05    8.58678e+04   -3.53424e+05    3.09680e+02
 Pres. DC (bar) Pressure (bar)   Constr. rmsd
   -8.15511e+01   -7.21982e+00    1.10064e-03

           Step           Time         Lambda
          44000       88.00000        0.00000

   Energies (kJ/mol)
       G96Angle    Proper Dih.  Improper Dih.          LJ-14     Coulomb-14
    7.10329e+02    2.57656e+02    1.58513e+01    2.15185e+04   -1.05744e+02
        LJ (SR)  Disper. corr.   Coulomb (SR)   Coul. recip. Position Rest.
    6.99566e+04   -1.69627e+03   -5.32020e+05    9.96899e+02    9.77512e+02
   COM Pull En.      Potential    Kinetic En.   Total Energy    Temperature
    6.60293e-01   -4.39389e+05    8.54377e+04   -3.53951e+05    3.08129e+02
 Pres. DC (bar) Pressure (bar)   Constr. rmsd
   -8.14978e+01    1.28809e+02    1.09159e-03

           Step           Time         Lambda
          45000       90.00000        0.00000

   Energies (kJ/mol)
       G96Angle    Proper Dih.  Improper Dih.          LJ-14     Coulomb-14
    7.01535e+02    2.49376e+02    1.35096e+01    2.15357e+04   -1.24657e+02
        LJ (SR)  Disper. corr.   Coulomb (SR)   Coul. recip. Position Rest.
    7.03613e+04   -1.69391e+03   -5.32273e+05    9.67329e+02    1.20533e+03
   COM Pull En.      Potential    Kinetic En.   Total Energy    Temperature
    2.74320e+00   -4.39055e+05    8.58645e+04   -3.53190e+05    3.09668e+02
 Pres. DC (bar) Pressure (bar)   Constr. rmsd
   -8.12715e+01    1.82346e+02    1.08200e-03

           Step           Time         Lambda
          46000       92.00000        0.00000

   Energies (kJ/mol)
       G96Angle    Proper Dih.  Improper Dih.          LJ-14     Coulomb-14
    6.82041e+02    2.44903e+02    6.57822e+00    2.14981e+04   -1.43358e+02
        LJ (SR)  Disper. corr.   Coulomb (SR)   Coul. recip. Position Rest.
    7.03340e+04   -1.69280e+03   -5.32759e+05    9.54637e+02    9.65542e+02
   COM Pull En.      Potential    Kinetic En.   Total Energy    Temperature
    4.42661e+00   -4.39905e+05    8.52903e+04   -3.54614e+05    3.07597e+02
 Pres. DC (bar) Pressure (bar)   Constr. rmsd
   -8.11650e+01   -2.30672e+02    1.10207e-03

           Step           Time         Lambda
          47000       94.00000        0.00000

   Energies (kJ/mol)
       G96Angle    Proper Dih.  Improper Dih.          LJ-14     Coulomb-14
    6.88888e+02    2.42513e+02    1.35417e+01    2.15017e+04   -1.18916e+02
        LJ (SR)  Disper. corr.   Coulomb (SR)   Coul. recip. Position Rest.
    7.11944e+04   -1.69627e+03   -5.33742e+05    9.62148e+02    1.19322e+03
   COM Pull En.      Potential    Kinetic En.   Total Energy    Temperature
    1.02067e-02   -4.39761e+05    8.55748e+04   -3.54186e+05    3.08623e+02
 Pres. DC (bar) Pressure (bar)   Constr. rmsd
   -8.14980e+01    6.73465e+01    1.07866e-03

           Step           Time         Lambda
          48000       96.00000        0.00000

   Energies (kJ/mol)
       G96Angle    Proper Dih.  Improper Dih.          LJ-14     Coulomb-14
    7.29211e+02    2.38560e+02    9.65138e+00    2.15223e+04   -1.40574e+02
        LJ (SR)  Disper. corr.   Coulomb (SR)   Coul. recip. Position Rest.
    7.07482e+04   -1.69342e+03   -5.33434e+05    9.45792e+02    1.16572e+03
   COM Pull En.      Potential    Kinetic En.   Total Energy    Temperature
    4.41909e-01   -4.39908e+05    8.59205e+04   -3.53987e+05    3.09870e+02
 Pres. DC (bar) Pressure (bar)   Constr. rmsd
   -8.12248e+01   -7.01747e+01    1.10138e-03

           Step           Time         Lambda
          49000       98.00000        0.00000

   Energies (kJ/mol)
       G96Angle    Proper Dih.  Improper Dih.          LJ-14     Coulomb-14
    7.14379e+02    2.54763e+02    7.72369e+00    2.14800e+04   -1.22573e+02
        LJ (SR)  Disper. corr.   Coulomb (SR)   Coul. recip. Position Rest.
    7.05816e+04   -1.69969e+03   -5.34074e+05    9.40670e+02    1.14511e+03
   COM Pull En.      Potential    Kinetic En.   Total Energy    Temperature
    2.53857e-02   -4.40772e+05    8.64138e+04   -3.54358e+05    3.11649e+02
 Pres. DC (bar) Pressure (bar)   Constr. rmsd
   -8.18266e+01   -3.57897e+02    1.14206e-03

           Step           Time         Lambda
          50000      100.00000        0.00000

   Energies (kJ/mol)
       G96Angle    Proper Dih.  Improper Dih.          LJ-14     Coulomb-14
    7.16982e+02    2.37104e+02    1.00182e+01    2.14995e+04   -1.59858e+02
        LJ (SR)  Disper. corr.   Coulomb (SR)   Coul. recip. Position Rest.
    7.13784e+04   -1.69759e+03   -5.34744e+05    9.67033e+02    1.13610e+03
   COM Pull En.      Potential    Kinetic En.   Total Energy    Temperature
    1.09781e+00   -4.40655e+05    8.56975e+04   -3.54957e+05    3.09066e+02
 Pres. DC (bar) Pressure (bar)   Constr. rmsd
   -8.16251e+01   -5.52315e+01    1.08909e-03

           Step           Time         Lambda
          51000      102.00000        0.00000

   Energies (kJ/mol)
       G96Angle    Proper Dih.  Improper Dih.          LJ-14     Coulomb-14
    6.59404e+02    2.33957e+02    1.09178e+01    2.15090e+04   -1.27702e+02
        LJ (SR)  Disper. corr.   Coulomb (SR)   Coul. recip. Position Rest.
    7.06670e+04   -1.69737e+03   -5.33589e+05    9.67215e+02    1.16925e+03
   COM Pull En.      Potential    Kinetic En.   Total Energy    Temperature
    1.13980e-01   -4.40197e+05    8.55519e+04   -3.54645e+05    3.08541e+02
 Pres. DC (bar) Pressure (bar)   Constr. rmsd
   -8.16038e+01    1.10807e+02    1.06719e-03

           Step           Time         Lambda
          52000      104.00000        0.00000

   Energies (kJ/mol)
       G96Angle    Proper Dih.  Improper Dih.          LJ-14     Coulomb-14
    6.39713e+02    2.47306e+02    7.46713e+00    2.15074e+04   -1.10544e+02
        LJ (SR)  Disper. corr.   Coulomb (SR)   Coul. recip. Position Rest.
    7.09039e+04   -1.70275e+03   -5.32452e+05    9.87038e+02    1.22733e+03
   COM Pull En.      Potential    Kinetic En.   Total Energy    Temperature
    9.30214e-01   -4.38744e+05    8.55123e+04   -3.53231e+05    3.08398e+02
 Pres. DC (bar) Pressure (bar)   Constr. rmsd
   -8.21220e+01    2.06869e+02    1.10824e-03

           Step           Time         Lambda
          53000      106.00000        0.00000

   Energies (kJ/mol)
       G96Angle    Proper Dih.  Improper Dih.          LJ-14     Coulomb-14
    6.93303e+02    2.40856e+02    8.07563e+00    2.15367e+04   -1.18090e+02
        LJ (SR)  Disper. corr.   Coulomb (SR)   Coul. recip. Position Rest.
    7.03931e+04   -1.69829e+03   -5.33640e+05    9.65793e+02    1.13075e+03
   COM Pull En.      Potential    Kinetic En.   Total Energy    Temperature
    4.30234e-01   -4.40487e+05    8.51660e+04   -3.55321e+05    3.07149e+02
 Pres. DC (bar) Pressure (bar)   Constr. rmsd
   -8.16921e+01    8.38355e+01    1.05167e-03

           Step           Time         Lambda
          54000      108.00000        0.00000

   Energies (kJ/mol)
       G96Angle    Proper Dih.  Improper Dih.          LJ-14     Coulomb-14
    6.79434e+02    2.31890e+02    1.03096e+01    2.15039e+04   -1.24638e+02
        LJ (SR)  Disper. corr.   Coulomb (SR)   Coul. recip. Position Rest.
    7.05676e+04   -1.69633e+03   -5.33913e+05    9.61664e+02    1.19131e+03
   COM Pull En.      Potential    Kinetic En.   Total Energy    Temperature
    8.60714e-01   -4.40587e+05    8.57545e+04   -3.54833e+05    3.09272e+02
 Pres. DC (bar) Pressure (bar)   Constr. rmsd
   -8.15035e+01    2.12718e+01    1.09523e-03

           Step           Time         Lambda
          55000      110.00000        0.00000

   Energies (kJ/mol)
       G96Angle    Proper Dih.  Improper Dih.          LJ-14     Coulomb-14
    7.10201e+02    2.29200e+02    8.57906e+00    2.15063e+04   -1.43919e+02
        LJ (SR)  Disper. corr.   Coulomb (SR)   Coul. recip. Position Rest.
    7.07522e+04   -1.69093e+03   -5.32739e+05    9.70025e+02    1.01972e+03
   COM Pull En.      Potential    Kinetic En.   Total Energy    Temperature
    1.15051e+00   -4.39377e+05    8.52728e+04   -3.54104e+05    3.07534e+02
 Pres. DC (bar) Pressure (bar)   Constr. rmsd
   -8.09862e+01    3.07511e+02    1.06388e-03

           Step           Time         Lambda
          56000      112.00000        0.00000

   Energies (kJ/mol)
       G96Angle    Proper Dih.  Improper Dih.          LJ-14     Coulomb-14
    6.66558e+02    2.45979e+02    5.44677e+00    2.14963e+04   -1.60347e+02
        LJ (SR)  Disper. corr.   Coulomb (SR)   Coul. recip. Position Rest.
    7.04585e+04   -1.69084e+03   -5.32036e+05    9.73164e+02    1.27622e+03
   COM Pull En.      Potential    Kinetic En.   Total Energy    Temperature
    1.39037e-01   -4.38765e+05    8.66877e+04   -3.52077e+05    3.12637e+02
 Pres. DC (bar) Pressure (bar)   Constr. rmsd
   -8.09774e+01   -1.10345e+02    1.10002e-03

           Step           Time         Lambda
          57000      114.00000        0.00000

   Energies (kJ/mol)
       G96Angle    Proper Dih.  Improper Dih.          LJ-14     Coulomb-14
    6.74246e+02    2.51768e+02    1.35991e+01    2.15051e+04   -1.33875e+02
        LJ (SR)  Disper. corr.   Coulomb (SR)   Coul. recip. Position Rest.
    7.09159e+04   -1.68951e+03   -5.32797e+05    9.92984e+02    1.00600e+03
   COM Pull En.      Potential    Kinetic En.   Total Energy    Temperature
    6.97212e-02   -4.39261e+05    8.59641e+04   -3.53297e+05    3.10027e+02
 Pres. DC (bar) Pressure (bar)   Constr. rmsd
   -8.08499e+01    5.78236e+00    1.08993e-03

           Step           Time         Lambda
          58000      116.00000        0.00000

   Energies (kJ/mol)
       G96Angle    Proper Dih.  Improper Dih.          LJ-14     Coulomb-14
    6.37843e+02    2.40678e+02    1.28490e+01    2.14641e+04   -1.16417e+02
        LJ (SR)  Disper. corr.   Coulomb (SR)   Coul. recip. Position Rest.
    7.08881e+04   -1.69334e+03   -5.33368e+05    9.87003e+02    1.19517e+03
   COM Pull En.      Potential    Kinetic En.   Total Energy    Temperature
    4.01091e+00   -4.39748e+05    8.54744e+04   -3.54274e+05    3.08261e+02
 Pres. DC (bar) Pressure (bar)   Constr. rmsd
   -8.12174e+01   -3.86838e+02    1.13264e-03

           Step           Time         Lambda
          59000      118.00000        0.00000

   Energies (kJ/mol)
       G96Angle    Proper Dih.  Improper Dih.          LJ-14     Coulomb-14
    6.60728e+02    2.47185e+02    1.30856e+01    2.14934e+04   -1.31616e+02
        LJ (SR)  Disper. corr.   Coulomb (SR)   Coul. recip. Position Rest.
    7.04882e+04   -1.70128e+03   -5.33142e+05    9.40323e+02    1.00301e+03
   COM Pull En.      Potential    Kinetic En.   Total Energy    Temperature
    3.54646e+00   -4.40126e+05    8.57168e+04   -3.54409e+05    3.09135e+02
 Pres. DC (bar) Pressure (bar)   Constr. rmsd
   -8.19797e+01   -1.33768e+02    1.11380e-03

           Step           Time         Lambda
          60000      120.00000        0.00000

   Energies (kJ/mol)
       G96Angle    Proper Dih.  Improper Dih.          LJ-14     Coulomb-14
    6.04350e+02    2.54071e+02    1.63020e+01    2.15055e+04   -1.64913e+02
        LJ (SR)  Disper. corr.   Coulomb (SR)   Coul. recip. Position Rest.
    6.92647e+04   -1.69728e+03   -5.30648e+05    9.62023e+02    1.25122e+03
   COM Pull En.      Potential    Kinetic En.   Total Energy    Temperature
    1.91260e-01   -4.38652e+05    8.55262e+04   -3.53126e+05    3.08448e+02
 Pres. DC (bar) Pressure (bar)   Constr. rmsd
   -8.15954e+01   -7.23387e+01    1.08024e-03

           Step           Time         Lambda
          61000      122.00000        0.00000

   Energies (kJ/mol)
       G96Angle    Proper Dih.  Improper Dih.          LJ-14     Coulomb-14
    6.50867e+02    2.47820e+02    9.06963e+00    2.14993e+04   -1.21050e+02
        LJ (SR)  Disper. corr.   Coulomb (SR)   Coul. recip. Position Rest.
    7.01966e+04   -1.69868e+03   -5.32787e+05    9.09996e+02    1.13792e+03
   COM Pull En.      Potential    Kinetic En.   Total Energy    Temperature
    3.53733e-01   -4.39955e+05    8.61352e+04   -3.53820e+05    3.10644e+02
 Pres. DC (bar) Pressure (bar)   Constr. rmsd
   -8.17299e+01    3.06420e+02    1.06162e-03

           Step           Time         Lambda
          62000      124.00000        0.00000

   Energies (kJ/mol)
       G96Angle    Proper Dih.  Improper Dih.          LJ-14     Coulomb-14
    6.31413e+02    2.46684e+02    1.19938e+01    2.15042e+04   -1.58621e+02
        LJ (SR)  Disper. corr.   Coulomb (SR)   Coul. recip. Position Rest.
    7.07352e+04   -1.69148e+03   -5.33484e+05    9.98394e+02    1.25453e+03
   COM Pull En.      Potential    Kinetic En.   Total Energy    Temperature
    4.15494e-01   -4.39951e+05    8.57019e+04   -3.54249e+05    3.09082e+02
 Pres. DC (bar) Pressure (bar)   Constr. rmsd
   -8.10388e+01    1.79073e+02    1.06484e-03

           Step           Time         Lambda
          63000      126.00000        0.00000

   Energies (kJ/mol)
       G96Angle    Proper Dih.  Improper Dih.          LJ-14     Coulomb-14
    6.87902e+02    2.41602e+02    1.43352e+01    2.15239e+04   -1.20080e+02
        LJ (SR)  Disper. corr.   Coulomb (SR)   Coul. recip. Position Rest.
    7.02450e+04   -1.69566e+03   -5.32352e+05    1.01949e+03    1.12087e+03
   COM Pull En.      Potential    Kinetic En.   Total Energy    Temperature
    1.23792e-02   -4.39315e+05    8.57480e+04   -3.53567e+05    3.09248e+02
 Pres. DC (bar) Pressure (bar)   Constr. rmsd
   -8.14397e+01    2.68321e+02    1.06927e-03

           Step           Time         Lambda
          64000      128.00000        0.00000

   Energies (kJ/mol)
       G96Angle    Proper Dih.  Improper Dih.          LJ-14     Coulomb-14
    6.83619e+02    2.43949e+02    1.47537e+01    2.14960e+04   -1.40628e+02
        LJ (SR)  Disper. corr.   Coulomb (SR)   Coul. recip. Position Rest.
    7.02316e+04   -1.69319e+03   -5.32306e+05    9.95429e+02    1.24634e+03
   COM Pull En.      Potential    Kinetic En.   Total Energy    Temperature
    7.92409e-01   -4.39227e+05    8.55791e+04   -3.53648e+05    3.08639e+02
 Pres. DC (bar) Pressure (bar)   Constr. rmsd
   -8.12031e+01   -1.90370e+02    1.11401e-03

           Step           Time         Lambda
          65000      130.00000        0.00000

   Energies (kJ/mol)
       G96Angle    Proper Dih.  Improper Dih.          LJ-14     Coulomb-14
    6.35200e+02    2.30164e+02    2.24146e+01    2.15151e+04   -1.20591e+02
        LJ (SR)  Disper. corr.   Coulomb (SR)   Coul. recip. Position Rest.
    6.99970e+04   -1.69588e+03   -5.32442e+05    1.00680e+03    1.17733e+03
   COM Pull En.      Potential    Kinetic En.   Total Energy    Temperature
    1.05254e+00   -4.39674e+05    8.58796e+04   -3.53794e+05    3.09723e+02
 Pres. DC (bar) Pressure (bar)   Constr. rmsd
   -8.14611e+01    2.06509e+02    1.06298e-03

           Step           Time         Lambda
          66000      132.00000        0.00000

   Energies (kJ/mol)
       G96Angle    Proper Dih.  Improper Dih.          LJ-14     Coulomb-14
    6.58614e+02    2.44984e+02    1.67978e+01    2.15121e+04   -8.98827e+01
        LJ (SR)  Disper. corr.   Coulomb (SR)   Coul. recip. Position Rest.
    6.98373e+04   -1.69236e+03   -5.31321e+05    9.92818e+02    1.37392e+03
   COM Pull En.      Potential    Kinetic En.   Total Energy    Temperature
    6.78137e-02   -4.38466e+05    8.65407e+04   -3.51926e+05    3.12107e+02
 Pres. DC (bar) Pressure (bar)   Constr. rmsd
   -8.11229e+01    3.86820e+02    1.04263e-03

           Step           Time         Lambda
          67000      134.00000        0.00000

   Energies (kJ/mol)
       G96Angle    Proper Dih.  Improper Dih.          LJ-14     Coulomb-14
    6.21423e+02    2.53675e+02    1.70924e+01    2.14769e+04   -1.14370e+02
        LJ (SR)  Disper. corr.   Coulomb (SR)   Coul. recip. Position Rest.
    6.93181e+04   -1.69434e+03   -5.30927e+05    1.00746e+03    1.24056e+03
   COM Pull En.      Potential    Kinetic En.   Total Energy    Temperature
    9.83715e-02   -4.38801e+05    8.56705e+04   -3.53130e+05    3.08969e+02
 Pres. DC (bar) Pressure (bar)   Constr. rmsd
   -8.13128e+01   -6.54464e+01    1.07806e-03

           Step           Time         Lambda
          68000      136.00000        0.00000

   Energies (kJ/mol)
       G96Angle    Proper Dih.  Improper Dih.          LJ-14     Coulomb-14
    6.94287e+02    2.55311e+02    1.21991e+01    2.15047e+04   -1.37209e+02
        LJ (SR)  Disper. corr.   Coulomb (SR)   Coul. recip. Position Rest.
    7.01374e+04   -1.69427e+03   -5.31437e+05    9.20184e+02    1.25636e+03
   COM Pull En.      Potential    Kinetic En.   Total Energy    Temperature
    7.21392e-02   -4.38488e+05    8.59076e+04   -3.52580e+05    3.09824e+02
 Pres. DC (bar) Pressure (bar)   Constr. rmsd
   -8.13057e+01    1.84901e+00    1.09056e-03

           Step           Time         Lambda
          69000      138.00000        0.00000

   Energies (kJ/mol)
       G96Angle    Proper Dih.  Improper Dih.          LJ-14     Coulomb-14
    6.15125e+02    2.52687e+02    1.82019e+01    2.15116e+04   -1.17508e+02
        LJ (SR)  Disper. corr.   Coulomb (SR)   Coul. recip. Position Rest.
    7.02499e+04   -1.69834e+03   -5.32573e+05    9.60990e+02    1.13358e+03
   COM Pull En.      Potential    Kinetic En.   Total Energy    Temperature
    2.54009e-01   -4.39646e+05    8.50864e+04   -3.54560e+05    3.06862e+02
 Pres. DC (bar) Pressure (bar)   Constr. rmsd
   -8.16972e+01    1.70253e+02    1.06016e-03

           Step           Time         Lambda
          70000      140.00000        0.00000

   Energies (kJ/mol)
       G96Angle    Proper Dih.  Improper Dih.          LJ-14     Coulomb-14
    6.51894e+02    2.53341e+02    1.44459e+01    2.14675e+04   -1.48755e+02
        LJ (SR)  Disper. corr.   Coulomb (SR)   Coul. recip. Position Rest.
    7.04924e+04   -1.69590e+03   -5.34031e+05    9.41094e+02    1.06800e+03
   COM Pull En.      Potential    Kinetic En.   Total Energy    Temperature
    3.20037e+00   -4.40984e+05    8.49844e+04   -3.55999e+05    3.06494e+02
 Pres. DC (bar) Pressure (bar)   Constr. rmsd
   -8.14628e+01   -5.35648e+02    1.13484e-03

           Step           Time         Lambda
          71000      142.00000        0.00000

   Energies (kJ/mol)
       G96Angle    Proper Dih.  Improper Dih.          LJ-14     Coulomb-14
    6.62926e+02    2.46747e+02    1.54889e+01    2.14944e+04   -1.29670e+02
        LJ (SR)  Disper. corr.   Coulomb (SR)   Coul. recip. Position Rest.
    7.10289e+04   -1.69886e+03   -5.33650e+05    9.75281e+02    1.20924e+03
   COM Pull En.      Potential    Kinetic En.   Total Energy    Temperature
    9.50107e-03   -4.39846e+05    8.58185e+04   -3.54027e+05    3.09502e+02
 Pres. DC (bar) Pressure (bar)   Constr. rmsd
   -8.17473e+01    4.36460e+02    1.05419e-03

           Step           Time         Lambda
          72000      144.00000        0.00000

   Energies (kJ/mol)
       G96Angle    Proper Dih.  Improper Dih.          LJ-14     Coulomb-14
    6.40750e+02    2.37802e+02    1.38852e+01    2.15117e+04   -1.33332e+02
        LJ (SR)  Disper. corr.   Coulomb (SR)   Coul. recip. Position Rest.
    6.95737e+04   -1.69774e+03   -5.31784e+05    9.68451e+02    1.13004e+03
   COM Pull En.      Potential    Kinetic En.   Total Energy    Temperature
    2.34837e+00   -4.39537e+05    8.56508e+04   -3.53886e+05    3.08898e+02
 Pres. DC (bar) Pressure (bar)   Constr. rmsd
   -8.16392e+01    4.04341e+01    1.06471e-03

           Step           Time         Lambda
          73000      146.00000        0.00000

   Energies (kJ/mol)
       G96Angle    Proper Dih.  Improper Dih.          LJ-14     Coulomb-14
    6.44345e+02    2.42178e+02    7.88875e+00    2.14942e+04   -9.68171e+01
        LJ (SR)  Disper. corr.   Coulomb (SR)   Coul. recip. Position Rest.
    7.00416e+04   -1.69767e+03   -5.33132e+05    9.65211e+02    1.20982e+03
   COM Pull En.      Potential    Kinetic En.   Total Energy    Temperature
    8.38386e-04   -4.40321e+05    8.56108e+04   -3.54710e+05    3.08753e+02
 Pres. DC (bar) Pressure (bar)   Constr. rmsd
   -8.16328e+01   -2.55950e+02    1.11166e-03

           Step           Time         Lambda
          74000      148.00000        0.00000

   Energies (kJ/mol)
       G96Angle    Proper Dih.  Improper Dih.          LJ-14     Coulomb-14
    6.46869e+02    2.31952e+02    1.79509e+01    2.14760e+04   -1.36083e+02
        LJ (SR)  Disper. corr.   Coulomb (SR)   Coul. recip. Position Rest.
    7.11668e+04   -1.69945e+03   -5.34082e+05    9.70852e+02    1.08178e+03
   COM Pull En.      Potential    Kinetic En.   Total Energy    Temperature
    7.30438e-02   -4.40326e+05    8.56453e+04   -3.54680e+05    3.08878e+02
 Pres. DC (bar) Pressure (bar)   Constr. rmsd
   -8.18038e+01    2.75957e+01    1.09429e-03

           Step           Time         Lambda
          75000      150.00000        0.00000

   Energies (kJ/mol)
       G96Angle    Proper Dih.  Improper Dih.          LJ-14     Coulomb-14
    6.53936e+02    2.47344e+02    1.20700e+01    2.14789e+04   -1.04688e+02
        LJ (SR)  Disper. corr.   Coulomb (SR)   Coul. recip. Position Rest.
    7.05331e+04   -1.69559e+03   -5.33883e+05    9.59293e+02    1.18981e+03
   COM Pull En.      Potential    Kinetic En.   Total Energy    Temperature
    7.21120e-01   -4.40608e+05    8.61554e+04   -3.54453e+05    3.10717e+02
 Pres. DC (bar) Pressure (bar)   Constr. rmsd
   -8.14332e+01   -1.59688e+02    1.11853e-03

           Step           Time         Lambda
          76000      152.00000        0.00000

   Energies (kJ/mol)
       G96Angle    Proper Dih.  Improper Dih.          LJ-14     Coulomb-14
    6.88661e+02    2.42931e+02    1.30006e+01    2.14808e+04   -1.47995e+02
        LJ (SR)  Disper. corr.   Coulomb (SR)   Coul. recip. Position Rest.
    6.97102e+04   -1.69546e+03   -5.32862e+05    9.55154e+02    1.02952e+03
   COM Pull En.      Potential    Kinetic En.   Total Energy    Temperature
    2.16392e-02   -4.40586e+05    8.46932e+04   -3.55892e+05    3.05444e+02
 Pres. DC (bar) Pressure (bar)   Constr. rmsd
   -8.14199e+01   -3.30943e+02    1.11739e-03

           Step           Time         Lambda
          77000      154.00000        0.00000

   Energies (kJ/mol)
       G96Angle    Proper Dih.  Improper Dih.          LJ-14     Coulomb-14
    6.72099e+02    2.53667e+02    7.88109e+00    2.15200e+04   -1.36693e+02
        LJ (SR)  Disper. corr.   Coulomb (SR)   Coul. recip. Position Rest.
    7.14160e+04   -1.69614e+03   -5.34318e+05    9.62723e+02    1.17330e+03
   COM Pull En.      Potential    Kinetic En.   Total Energy    Temperature
    6.34001e-02   -4.40145e+05    8.56935e+04   -3.54451e+05    3.09052e+02
 Pres. DC (bar) Pressure (bar)   Constr. rmsd
   -8.14857e+01    3.17134e+02    1.04578e-03

           Step           Time         Lambda
          78000      156.00000        0.00000

   Energies (kJ/mol)
       G96Angle    Proper Dih.  Improper Dih.          LJ-14     Coulomb-14
    6.89773e+02    2.29430e+02    9.86258e+00    2.14910e+04   -1.58380e+02
        LJ (SR)  Disper. corr.   Coulomb (SR)   Coul. recip. Position Rest.
    7.02315e+04   -1.69211e+03   -5.33902e+05    9.24753e+02    9.81112e+02
   COM Pull En.      Potential    Kinetic En.   Total Energy    Temperature
    1.32448e+00   -4.41193e+05    8.59514e+04   -3.55242e+05    3.09982e+02
 Pres. DC (bar) Pressure (bar)   Constr. rmsd
   -8.10994e+01   -2.50846e+02    1.10076e-03

           Step           Time         Lambda
          79000      158.00000        0.00000

   Energies (kJ/mol)
       G96Angle    Proper Dih.  Improper Dih.          LJ-14     Coulomb-14
    6.69882e+02    2.44144e+02    1.26246e+01    2.15079e+04   -1.38201e+02
        LJ (SR)  Disper. corr.   Coulomb (SR)   Coul. recip. Position Rest.
    7.07712e+04   -1.69679e+03   -5.33673e+05    9.99134e+02    1.22715e+03
   COM Pull En.      Potential    Kinetic En.   Total Energy    Temperature
    5.61964e-02   -4.40076e+05    8.56787e+04   -3.54398e+05    3.08998e+02
 Pres. DC (bar) Pressure (bar)   Constr. rmsd
   -8.15485e+01    2.64665e+02    1.06076e-03

           Step           Time         Lambda
          80000      160.00000        0.00000

   Energies (kJ/mol)
       G96Angle    Proper Dih.  Improper Dih.          LJ-14     Coulomb-14
    6.54702e+02    2.37466e+02    1.27088e+01    2.15084e+04   -1.16459e+02
        LJ (SR)  Disper. corr.   Coulomb (SR)   Coul. recip. Position Rest.
    6.88234e+04   -1.69998e+03   -5.30321e+05    9.90403e+02    1.09411e+03
   COM Pull En.      Potential    Kinetic En.   Total Energy    Temperature
    2.42951e-01   -4.38816e+05    8.52984e+04   -3.53517e+05    3.07627e+02
 Pres. DC (bar) Pressure (bar)   Constr. rmsd
   -8.18549e+01   -6.87446e+01    1.10697e-03

           Step           Time         Lambda
          81000      162.00000        0.00000

   Energies (kJ/mol)
       G96Angle    Proper Dih.  Improper Dih.          LJ-14     Coulomb-14
    6.28546e+02    2.52782e+02    9.64803e+00    2.14933e+04   -1.10332e+02
        LJ (SR)  Disper. corr.   Coulomb (SR)   Coul. recip. Position Rest.
    7.07124e+04   -1.69783e+03   -5.32748e+05    1.00104e+03    1.24667e+03
   COM Pull En.      Potential    Kinetic En.   Total Energy    Temperature
    1.33907e+00   -4.39210e+05    8.58892e+04   -3.53321e+05    3.09757e+02
 Pres. DC (bar) Pressure (bar)   Constr. rmsd
   -8.16477e+01    1.33266e+02    1.10034e-03

           Step           Time         Lambda
          82000      164.00000        0.00000

   Energies (kJ/mol)
       G96Angle    Proper Dih.  Improper Dih.          LJ-14     Coulomb-14
    6.34087e+02    2.47101e+02    9.61518e+00    2.14767e+04   -1.10303e+02
        LJ (SR)  Disper. corr.   Coulomb (SR)   Coul. recip. Position Rest.
    7.01057e+04   -1.69783e+03   -5.33318e+05    9.60745e+02    1.11378e+03
   COM Pull En.      Potential    Kinetic En.   Total Energy    Temperature
    3.98244e-01   -4.40578e+05    8.60704e+04   -3.54507e+05    3.10411e+02
 Pres. DC (bar) Pressure (bar)   Constr. rmsd
   -8.16479e+01   -1.07450e+00    1.07868e-03

           Step           Time         Lambda
          83000      166.00000        0.00000

   Energies (kJ/mol)
       G96Angle    Proper Dih.  Improper Dih.          LJ-14     Coulomb-14
    6.54694e+02    2.60488e+02    1.51378e+01    2.14788e+04   -1.26274e+02
        LJ (SR)  Disper. corr.   Coulomb (SR)   Coul. recip. Position Rest.
    7.05869e+04   -1.69253e+03   -5.31538e+05    9.79969e+02    1.24650e+03
   COM Pull En.      Potential    Kinetic En.   Total Energy    Temperature
    1.39507e-01   -4.38134e+05    8.60718e+04   -3.52062e+05    3.10416e+02
 Pres. DC (bar) Pressure (bar)   Constr. rmsd
   -8.11391e+01   -2.63655e+02    1.12594e-03

           Step           Time         Lambda
          84000      168.00000        0.00000

   Energies (kJ/mol)
       G96Angle    Proper Dih.  Improper Dih.          LJ-14     Coulomb-14
    6.40798e+02    2.39045e+02    2.13064e+01    2.15214e+04   -1.03393e+02
        LJ (SR)  Disper. corr.   Coulomb (SR)   Coul. recip. Position Rest.
    6.92694e+04   -1.69523e+03   -5.30911e+05    1.04821e+03    1.20114e+03
   COM Pull En.      Potential    Kinetic En.   Total Energy    Temperature
    2.57072e-02   -4.38768e+05    8.61604e+04   -3.52608e+05    3.10735e+02
 Pres. DC (bar) Pressure (bar)   Constr. rmsd
   -8.13985e+01   -4.91371e+01    1.10356e-03

           Step           Time         Lambda
          85000      170.00000        0.00000

   Energies (kJ/mol)
       G96Angle    Proper Dih.  Improper Dih.          LJ-14     Coulomb-14
    6.46650e+02    2.48938e+02    7.29050e+00    2.14883e+04   -1.14884e+02
        LJ (SR)  Disper. corr.   Coulomb (SR)   Coul. recip. Position Rest.
    7.06238e+04   -1.69860e+03   -5.33332e+05    9.80298e+02    1.13029e+03
   COM Pull En.      Potential    Kinetic En.   Total Energy    Temperature
    7.58478e-02   -4.40020e+05    8.57525e+04   -3.54267e+05    3.09264e+02
 Pres. DC (bar) Pressure (bar)   Constr. rmsd
   -8.17223e+01   -2.80146e+02    1.12137e-03

           Step           Time         Lambda
          86000      172.00000        0.00000

   Energies (kJ/mol)
       G96Angle    Proper Dih.  Improper Dih.          LJ-14     Coulomb-14
    7.14009e+02    2.55392e+02    1.22852e+01    2.14938e+04   -1.46604e+02
        LJ (SR)  Disper. corr.   Coulomb (SR)   Coul. recip. Position Rest.
    7.03941e+04   -1.69350e+03   -5.32974e+05    9.60023e+02    1.16026e+03
   COM Pull En.      Potential    Kinetic En.   Total Energy    Temperature
    2.08520e-02   -4.39824e+05    8.51591e+04   -3.54665e+05    3.07124e+02
 Pres. DC (bar) Pressure (bar)   Constr. rmsd
   -8.12327e+01    1.02374e+02    1.07138e-03

           Step           Time         Lambda
          87000      174.00000        0.00000

   Energies (kJ/mol)
       G96Angle    Proper Dih.  Improper Dih.          LJ-14     Coulomb-14
    6.48125e+02    2.49708e+02    1.13306e+01    2.15114e+04   -1.46083e+02
        LJ (SR)  Disper. corr.   Coulomb (SR)   Coul. recip. Position Rest.
    7.08513e+04   -1.69370e+03   -5.33744e+05    9.97847e+02    1.07631e+03
   COM Pull En.      Potential    Kinetic En.   Total Energy    Temperature
    2.53829e-01   -4.40238e+05    8.57971e+04   -3.54441e+05    3.09425e+02
 Pres. DC (bar) Pressure (bar)   Constr. rmsd
   -8.12514e+01    2.19720e+02    1.05869e-03

           Step           Time         Lambda
          88000      176.00000        0.00000

   Energies (kJ/mol)
       G96Angle    Proper Dih.  Improper Dih.          LJ-14     Coulomb-14
    6.29541e+02    2.43831e+02    1.10345e+01    2.15013e+04   -1.47170e+02
        LJ (SR)  Disper. corr.   Coulomb (SR)   Coul. recip. Position Rest.
    7.16275e+04   -1.69697e+03   -5.34799e+05    9.87151e+02    1.07110e+03
   COM Pull En.      Potential    Kinetic En.   Total Energy    Temperature
    7.70202e-01   -4.40571e+05    8.62987e+04   -3.54272e+05    3.11234e+02
 Pres. DC (bar) Pressure (bar)   Constr. rmsd
   -8.15658e+01    2.22121e+02    1.06777e-03

           Step           Time         Lambda
          89000      178.00000        0.00000

   Energies (kJ/mol)
       G96Angle    Proper Dih.  Improper Dih.          LJ-14     Coulomb-14
    6.49203e+02    2.53411e+02    9.40846e+00    2.14760e+04   -9.72297e+01
        LJ (SR)  Disper. corr.   Coulomb (SR)   Coul. recip. Position Rest.
    7.08811e+04   -1.69668e+03   -5.33354e+05    9.50570e+02    1.10028e+03
   COM Pull En.      Potential    Kinetic En.   Total Energy    Temperature
    4.51409e-02   -4.39828e+05    8.48493e+04   -3.54978e+05    3.06007e+02
 Pres. DC (bar) Pressure (bar)   Constr. rmsd
   -8.15380e+01   -1.22826e+02    1.12043e-03

           Step           Time         Lambda
          90000      180.00000        0.00000

   Energies (kJ/mol)
       G96Angle    Proper Dih.  Improper Dih.          LJ-14     Coulomb-14
    6.42224e+02    2.44007e+02    6.29458e+00    2.14846e+04   -1.22285e+02
        LJ (SR)  Disper. corr.   Coulomb (SR)   Coul. recip. Position Rest.
    7.01292e+04   -1.69699e+03   -5.33016e+05    9.89171e+02    1.06985e+03
   COM Pull En.      Potential    Kinetic En.   Total Energy    Temperature
    2.08184e+00   -4.40268e+05    8.57419e+04   -3.54526e+05    3.09226e+02
 Pres. DC (bar) Pressure (bar)   Constr. rmsd
   -8.15672e+01   -2.64564e+02    1.11470e-03

           Step           Time         Lambda
          91000      182.00000        0.00000

   Energies (kJ/mol)
       G96Angle    Proper Dih.  Improper Dih.          LJ-14     Coulomb-14
    6.54407e+02    2.56309e+02    1.22898e+01    2.15103e+04   -9.92596e+01
        LJ (SR)  Disper. corr.   Coulomb (SR)   Coul. recip. Position Rest.
    7.09571e+04   -1.69487e+03   -5.32603e+05    9.54846e+02    1.11715e+03
   COM Pull En.      Potential    Kinetic En.   Total Energy    Temperature
    1.08651e-01   -4.38935e+05    8.60524e+04   -3.52882e+05    3.10346e+02
 Pres. DC (bar) Pressure (bar)   Constr. rmsd
   -8.13633e+01    5.30758e+01    1.10080e-03

           Step           Time         Lambda
          92000      184.00000        0.00000

   Energies (kJ/mol)
       G96Angle    Proper Dih.  Improper Dih.          LJ-14     Coulomb-14
    6.61146e+02    2.49528e+02    5.21979e+00    2.15181e+04   -7.56754e+01
        LJ (SR)  Disper. corr.   Coulomb (SR)   Coul. recip. Position Rest.
    7.04319e+04   -1.69710e+03   -5.31975e+05    1.03378e+03    1.18091e+03
   COM Pull En.      Potential    Kinetic En.   Total Energy    Temperature
    3.51434e-01   -4.38667e+05    8.54104e+04   -3.53257e+05    3.08030e+02
 Pres. DC (bar) Pressure (bar)   Constr. rmsd
   -8.15777e+01    2.28138e+02    1.06915e-03

           Step           Time         Lambda
          93000      186.00000        0.00000

   Energies (kJ/mol)
       G96Angle    Proper Dih.  Improper Dih.          LJ-14     Coulomb-14
    6.68682e+02    2.45090e+02    1.05899e+01    2.15002e+04   -1.59451e+02
        LJ (SR)  Disper. corr.   Coulomb (SR)   Coul. recip. Position Rest.
    7.02816e+04   -1.69469e+03   -5.32752e+05    9.13779e+02    1.08735e+03
   COM Pull En.      Potential    Kinetic En.   Total Energy    Temperature
    1.61592e+00   -4.39897e+05    8.57599e+04   -3.54137e+05    3.09291e+02
 Pres. DC (bar) Pressure (bar)   Constr. rmsd
   -8.13463e+01   -2.46868e+02    1.09416e-03

           Step           Time         Lambda
          94000      188.00000        0.00000

   Energies (kJ/mol)
       G96Angle    Proper Dih.  Improper Dih.          LJ-14     Coulomb-14
    7.16555e+02    2.39189e+02    1.33289e+01    2.14975e+04   -1.18142e+02
        LJ (SR)  Disper. corr.   Coulomb (SR)   Coul. recip. Position Rest.
    7.07772e+04   -1.68981e+03   -5.33099e+05    9.35334e+02    1.16343e+03
   COM Pull En.      Potential    Kinetic En.   Total Energy    Temperature
    8.76320e-01   -4.39563e+05    8.67842e+04   -3.52779e+05    3.12985e+02
 Pres. DC (bar) Pressure (bar)   Constr. rmsd
   -8.08786e+01   -1.80748e+02    1.09587e-03

           Step           Time         Lambda
          95000      190.00000        0.00000

   Energies (kJ/mol)
       G96Angle    Proper Dih.  Improper Dih.          LJ-14     Coulomb-14
    7.15082e+02    2.36701e+02    1.05910e+01    2.14936e+04   -8.53811e+01
        LJ (SR)  Disper. corr.   Coulomb (SR)   Coul. recip. Position Rest.
    6.88605e+04   -1.69063e+03   -5.29370e+05    9.76112e+02    1.21648e+03
   COM Pull En.      Potential    Kinetic En.   Total Energy    Temperature
    2.18047e+00   -4.37635e+05    8.68370e+04   -3.50798e+05    3.13176e+02
 Pres. DC (bar) Pressure (bar)   Constr. rmsd
   -8.09574e+01   -3.71634e+02    1.14387e-03

           Step           Time         Lambda
          96000      192.00000        0.00000

   Energies (kJ/mol)
       G96Angle    Proper Dih.  Improper Dih.          LJ-14     Coulomb-14
    6.74366e+02    2.45665e+02    1.50418e+01    2.14871e+04   -1.04624e+02
        LJ (SR)  Disper. corr.   Coulomb (SR)   Coul. recip. Position Rest.
    7.05012e+04   -1.69484e+03   -5.32359e+05    9.82807e+02    1.15089e+03
   COM Pull En.      Potential    Kinetic En.   Total Energy    Temperature
    3.04594e+00   -4.39098e+05    8.65820e+04   -3.52516e+05    3.12256e+02
 Pres. DC (bar) Pressure (bar)   Constr. rmsd
   -8.13609e+01   -1.91236e+02    1.12253e-03

           Step           Time         Lambda
          97000      194.00000        0.00000

   Energies (kJ/mol)
       G96Angle    Proper Dih.  Improper Dih.          LJ-14     Coulomb-14
    6.57615e+02    2.56177e+02    1.12365e+01    2.14898e+04   -1.03489e+02
        LJ (SR)  Disper. corr.   Coulomb (SR)   Coul. recip. Position Rest.
    7.04634e+04   -1.69370e+03   -5.32222e+05    9.28426e+02    1.16350e+03
   COM Pull En.      Potential    Kinetic En.   Total Energy    Temperature
    3.68163e-01   -4.39049e+05    8.61282e+04   -3.52921e+05    3.10619e+02
 Pres. DC (bar) Pressure (bar)   Constr. rmsd
   -8.12515e+01   -1.19206e+02    1.10345e-03

           Step           Time         Lambda
          98000      196.00000        0.00000

   Energies (kJ/mol)
       G96Angle    Proper Dih.  Improper Dih.          LJ-14     Coulomb-14
    6.30690e+02    2.56484e+02    1.44298e+01    2.14955e+04   -1.42317e+02
        LJ (SR)  Disper. corr.   Coulomb (SR)   Coul. recip. Position Rest.
    7.04415e+04   -1.69199e+03   -5.33140e+05    9.63466e+02    1.17025e+03
   COM Pull En.      Potential    Kinetic En.   Total Energy    Temperature
    4.62422e-03   -4.40002e+05    8.60800e+04   -3.53922e+05    3.10445e+02
 Pres. DC (bar) Pressure (bar)   Constr. rmsd
   -8.10874e+01   -1.48433e+02    1.08393e-03

           Step           Time         Lambda
          99000      198.00000        0.00000

   Energies (kJ/mol)
       G96Angle    Proper Dih.  Improper Dih.          LJ-14     Coulomb-14
    6.73518e+02    2.50984e+02    1.26085e+01    2.15212e+04   -1.09167e+02
        LJ (SR)  Disper. corr.   Coulomb (SR)   Coul. recip. Position Rest.
    6.97220e+04   -1.69357e+03   -5.31036e+05    9.13071e+02    1.22311e+03
   COM Pull En.      Potential    Kinetic En.   Total Energy    Temperature
    7.18778e-04   -4.38523e+05    8.56597e+04   -3.52863e+05    3.08930e+02
 Pres. DC (bar) Pressure (bar)   Constr. rmsd
   -8.12388e+01    3.34810e+02    1.05508e-03

           Step           Time         Lambda
         100000      200.00000        0.00000

   Energies (kJ/mol)
       G96Angle    Proper Dih.  Improper Dih.          LJ-14     Coulomb-14
    6.61738e+02    2.54586e+02    9.41357e+00    2.14884e+04   -1.32668e+02
        LJ (SR)  Disper. corr.   Coulomb (SR)   Coul. recip. Position Rest.
    6.91539e+04   -1.69670e+03   -5.30476e+05    9.98266e+02    1.24512e+03
   COM Pull En.      Potential    Kinetic En.   Total Energy    Temperature
    1.36330e+00   -4.38492e+05    8.63849e+04   -3.52107e+05    3.11545e+02
 Pres. DC (bar) Pressure (bar)   Constr. rmsd
   -8.15393e+01   -8.38540e+01    1.10679e-03

           Step           Time         Lambda
         101000      202.00000        0.00000

   Energies (kJ/mol)
       G96Angle    Proper Dih.  Improper Dih.          LJ-14     Coulomb-14
    6.25638e+02    2.28824e+02    7.67116e+00    2.15032e+04   -1.10537e+02
        LJ (SR)  Disper. corr.   Coulomb (SR)   Coul. recip. Position Rest.
    7.10020e+04   -1.69319e+03   -5.32750e+05    1.02675e+03    1.06227e+03
   COM Pull En.      Potential    Kinetic En.   Total Energy    Temperature
    2.45475e-01   -4.39097e+05    8.54936e+04   -3.53604e+05    3.08330e+02
 Pres. DC (bar) Pressure (bar)   Constr. rmsd
   -8.12024e+01   -2.78856e+02    1.10947e-03

           Step           Time         Lambda
         102000      204.00000        0.00000

   Energies (kJ/mol)
       G96Angle    Proper Dih.  Improper Dih.          LJ-14     Coulomb-14
    6.78679e+02    2.36368e+02    1.03516e+01    2.15159e+04   -1.68030e+02
        LJ (SR)  Disper. corr.   Coulomb (SR)   Coul. recip. Position Rest.
    7.12596e+04   -1.69461e+03   -5.33904e+05    9.80631e+02    1.28997e+03
   COM Pull En.      Potential    Kinetic En.   Total Energy    Temperature
    6.93116e-01   -4.39794e+05    8.61333e+04   -3.53661e+05    3.10638e+02
 Pres. DC (bar) Pressure (bar)   Constr. rmsd
   -8.13391e+01    4.87596e+02    1.04962e-03

           Step           Time         Lambda
         103000      206.00000        0.00000

   Energies (kJ/mol)
       G96Angle    Proper Dih.  Improper Dih.          LJ-14     Coulomb-14
    6.55238e+02    2.43741e+02    6.96259e+00    2.15142e+04   -9.84008e+01
        LJ (SR)  Disper. corr.   Coulomb (SR)   Coul. recip. Position Rest.
    7.01364e+04   -1.69791e+03   -5.32309e+05    1.04115e+03    1.12743e+03
   COM Pull En.      Potential    Kinetic En.   Total Energy    Temperature
    5.40502e-02   -4.39380e+05    8.65094e+04   -3.52870e+05    3.11994e+02
 Pres. DC (bar) Pressure (bar)   Constr. rmsd
   -8.16557e+01    5.97862e+00    1.11541e-03

           Step           Time         Lambda
         104000      208.00000        0.00000

   Energies (kJ/mol)
       G96Angle    Proper Dih.  Improper Dih.          LJ-14     Coulomb-14
    6.32311e+02    2.53403e+02    1.09583e+01    2.14792e+04   -9.74736e+01
        LJ (SR)  Disper. corr.   Coulomb (SR)   Coul. recip. Position Rest.
    7.13056e+04   -1.69695e+03   -5.33912e+05    9.02053e+02    1.20218e+03
   COM Pull En.      Potential    Kinetic En.   Total Energy    Temperature
    2.65824e-02   -4.39921e+05    8.58952e+04   -3.54026e+05    3.09779e+02
 Pres. DC (bar) Pressure (bar)   Constr. rmsd
   -8.15632e+01    5.87712e+01    1.10918e-03

           Step           Time         Lambda
         105000      210.00000        0.00000

   Energies (kJ/mol)
       G96Angle    Proper Dih.  Improper Dih.          LJ-14     Coulomb-14
    6.79478e+02    2.55197e+02    1.54012e+01    2.14977e+04   -1.15335e+02
        LJ (SR)  Disper. corr.   Coulomb (SR)   Coul. recip. Position Rest.
    6.93718e+04   -1.70124e+03   -5.29794e+05    9.78387e+02    1.24158e+03
   COM Pull En.      Potential    Kinetic En.   Total Energy    Temperature
    1.50853e-01   -4.37571e+05    8.64126e+04   -3.51159e+05    3.11645e+02
 Pres. DC (bar) Pressure (bar)   Constr. rmsd
   -8.19766e+01   -1.62449e+02    1.12586e-03

           Step           Time         Lambda
         106000      212.00000        0.00000

   Energies (kJ/mol)
       G96Angle    Proper Dih.  Improper Dih.          LJ-14     Coulomb-14
    6.58777e+02    2.41171e+02    9.90028e+00    2.14885e+04   -1.18921e+02
        LJ (SR)  Disper. corr.   Coulomb (SR)   Coul. recip. Position Rest.
    6.99813e+04   -1.69475e+03   -5.32234e+05    1.00959e+03    1.23719e+03
   COM Pull En.      Potential    Kinetic En.   Total Energy    Temperature
    8.33584e-01   -4.39420e+05    8.62183e+04   -3.53202e+05    3.10944e+02
 Pres. DC (bar) Pressure (bar)   Constr. rmsd
   -8.13527e+01   -4.50426e+02    1.12751e-03

           Step           Time         Lambda
         107000      214.00000        0.00000

   Energies (kJ/mol)
       G96Angle    Proper Dih.  Improper Dih.          LJ-14     Coulomb-14
    6.79483e+02    2.41853e+02    6.86568e+00    2.15086e+04   -1.24861e+02
        LJ (SR)  Disper. corr.   Coulomb (SR)   Coul. recip. Position Rest.
    7.07325e+04   -1.69697e+03   -5.33088e+05    9.50290e+02    1.17135e+03
   COM Pull En.      Potential    Kinetic En.   Total Energy    Temperature
    1.65718e-03   -4.39619e+05    8.63034e+04   -3.53315e+05    3.11251e+02
 Pres. DC (bar) Pressure (bar)   Constr. rmsd
   -8.15651e+01   -1.26366e+00    1.08627e-03

           Step           Time         Lambda
         108000      216.00000        0.00000

   Energies (kJ/mol)
       G96Angle    Proper Dih.  Improper Dih.          LJ-14     Coulomb-14
    6.58590e+02    2.39493e+02    1.47333e+01    2.14922e+04   -1.34488e+02
        LJ (SR)  Disper. corr.   Coulomb (SR)   Coul. recip. Position Rest.
    6.94308e+04   -1.69904e+03   -5.32119e+05    9.52500e+02    1.09857e+03
   COM Pull En.      Potential    Kinetic En.   Total Energy    Temperature
    1.38798e-01   -4.40065e+05    8.59397e+04   -3.54126e+05    3.09939e+02
 Pres. DC (bar) Pressure (bar)   Constr. rmsd
   -8.17648e+01   -1.48139e+02    1.06213e-03

           Step           Time         Lambda
         109000      218.00000        0.00000

   Energies (kJ/mol)
       G96Angle    Proper Dih.  Improper Dih.          LJ-14     Coulomb-14
    6.35726e+02    2.44448e+02    1.13150e+01    2.15040e+04   -1.67151e+02
        LJ (SR)  Disper. corr.   Coulomb (SR)   Coul. recip. Position Rest.
    6.91981e+04   -1.69763e+03   -5.30943e+05    9.61352e+02    1.15589e+03
   COM Pull En.      Potential    Kinetic En.   Total Energy    Temperature
    4.62097e-03   -4.39097e+05    8.50778e+04   -3.54020e+05    3.06831e+02
 Pres. DC (bar) Pressure (bar)   Constr. rmsd
   -8.16289e+01    9.03032e+01    1.06317e-03

           Step           Time         Lambda
         110000      220.00000        0.00000

   Energies (kJ/mol)
       G96Angle    Proper Dih.  Improper Dih.          LJ-14     Coulomb-14
    6.58993e+02    2.44841e+02    1.98374e+01    2.15014e+04   -1.41585e+02
        LJ (SR)  Disper. corr.   Coulomb (SR)   Coul. recip. Position Rest.
    7.02034e+04   -1.69287e+03   -5.32386e+05    9.33046e+02    1.09732e+03
   COM Pull En.      Potential    Kinetic En.   Total Energy    Temperature
    9.72590e-04   -4.39561e+05    8.60817e+04   -3.53480e+05    3.10452e+02
 Pres. DC (bar) Pressure (bar)   Constr. rmsd
   -8.11720e+01    9.71931e+01    1.07772e-03

           Step           Time         Lambda
         111000      222.00000        0.00000

   Energies (kJ/mol)
       G96Angle    Proper Dih.  Improper Dih.          LJ-14     Coulomb-14
    6.36505e+02    2.48793e+02    8.44313e+00    2.15374e+04   -1.56201e+02
        LJ (SR)  Disper. corr.   Coulomb (SR)   Coul. recip. Position Rest.
    6.94870e+04   -1.69486e+03   -5.31773e+05    9.82747e+02    1.22878e+03
   COM Pull En.      Potential    Kinetic En.   Total Energy    Temperature
    2.59049e-01   -4.39494e+05    8.74006e+04   -3.52094e+05    3.15208e+02
 Pres. DC (bar) Pressure (bar)   Constr. rmsd
   -8.13632e+01    3.80493e+02    1.03810e-03

           Step           Time         Lambda
         112000      224.00000        0.00000

   Energies (kJ/mol)
       G96Angle    Proper Dih.  Improper Dih.          LJ-14     Coulomb-14
    7.00109e+02    2.45964e+02    1.10287e+01    2.14878e+04   -1.23540e+02
        LJ (SR)  Disper. corr.   Coulomb (SR)   Coul. recip. Position Rest.
    7.04544e+04   -1.69247e+03   -5.32291e+05    1.01464e+03    1.12800e+03
   COM Pull En.      Potential    Kinetic En.   Total Energy    Temperature
    1.44817e-01   -4.39065e+05    8.66376e+04   -3.52427e+05    3.12456e+02
 Pres. DC (bar) Pressure (bar)   Constr. rmsd
   -8.11333e+01   -3.90275e+02    1.13262e-03

           Step           Time         Lambda
         113000      226.00000        0.00000

   Energies (kJ/mol)
       G96Angle    Proper Dih.  Improper Dih.          LJ-14     Coulomb-14
    6.86563e+02    2.51184e+02    7.84673e+00    2.14762e+04   -1.40250e+02
        LJ (SR)  Disper. corr.   Coulomb (SR)   Coul. recip. Position Rest.
    7.08978e+04   -1.69379e+03   -5.33773e+05    9.95691e+02    1.15428e+03
   COM Pull En.      Potential    Kinetic En.   Total Energy    Temperature
    4.12721e-01   -4.40137e+05    8.62131e+04   -3.53924e+05    3.10925e+02
 Pres. DC (bar) Pressure (bar)   Constr. rmsd
   -8.12606e+01   -1.65286e+02    1.12425e-03

           Step           Time         Lambda
         114000      228.00000        0.00000

   Energies (kJ/mol)
       G96Angle    Proper Dih.  Improper Dih.          LJ-14     Coulomb-14
    6.64533e+02    2.46152e+02    1.21150e+01    2.14847e+04   -1.66104e+02
        LJ (SR)  Disper. corr.   Coulomb (SR)   Coul. recip. Position Rest.
    6.97617e+04   -1.69348e+03   -5.30689e+05    9.77996e+02    1.09577e+03
   COM Pull En.      Potential    Kinetic En.   Total Energy    Temperature
    7.40535e-01   -4.38304e+05    8.55395e+04   -3.52765e+05    3.08496e+02
 Pres. DC (bar) Pressure (bar)   Constr. rmsd
   -8.12306e+01    2.55850e+01    1.07302e-03

           Step           Time         Lambda
         115000      230.00000        0.00000

   Energies (kJ/mol)
       G96Angle    Proper Dih.  Improper Dih.          LJ-14     Coulomb-14
    6.51448e+02    2.31875e+02    1.02668e+01    2.14842e+04   -1.12878e+02
        LJ (SR)  Disper. corr.   Coulomb (SR)   Coul. recip. Position Rest.
    6.99440e+04   -1.69659e+03   -5.31926e+05    9.36123e+02    1.17349e+03
   COM Pull En.      Potential    Kinetic En.   Total Energy    Temperature
    8.22284e-02   -4.39304e+05    8.54150e+04   -3.53889e+05    3.08047e+02
 Pres. DC (bar) Pressure (bar)   Constr. rmsd
   -8.15286e+01   -2.82521e+02    1.10658e-03

           Step           Time         Lambda
         116000      232.00000        0.00000

   Energies (kJ/mol)
       G96Angle    Proper Dih.  Improper Dih.          LJ-14     Coulomb-14
    6.64441e+02    2.51788e+02    1.07114e+01    2.15153e+04   -1.40069e+02
        LJ (SR)  Disper. corr.   Coulomb (SR)   Coul. recip. Position Rest.
    7.05994e+04   -1.70021e+03   -5.33444e+05    1.00389e+03    1.08698e+03
   COM Pull En.      Potential    Kinetic En.   Total Energy    Temperature
    1.02866e+00   -4.40150e+05    8.58253e+04   -3.54325e+05    3.09527e+02
 Pres. DC (bar) Pressure (bar)   Constr. rmsd
   -8.18773e+01    1.35144e+02    1.08918e-03

Writing checkpoint, step 116450 at Wed Aug 29 16:28:57 2018


           Step           Time         Lambda
         117000      234.00000        0.00000

   Energies (kJ/mol)
       G96Angle    Proper Dih.  Improper Dih.          LJ-14     Coulomb-14
    6.68250e+02    2.49052e+02    1.10675e+01    2.15219e+04   -1.48522e+02
        LJ (SR)  Disper. corr.   Coulomb (SR)   Coul. recip. Position Rest.
    6.99341e+04   -1.69844e+03   -5.31862e+05    9.96501e+02    1.20428e+03
   COM Pull En.      Potential    Kinetic En.   Total Energy    Temperature
    3.68029e-01   -4.39124e+05    8.53851e+04   -3.53739e+05    3.07939e+02
 Pres. DC (bar) Pressure (bar)   Constr. rmsd
   -8.17067e+01    3.45532e+02    1.04122e-03

           Step           Time         Lambda
         118000      236.00000        0.00000

   Energies (kJ/mol)
       G96Angle    Proper Dih.  Improper Dih.          LJ-14     Coulomb-14
    6.49689e+02    2.37982e+02    1.07910e+01    2.14859e+04   -1.31181e+02
        LJ (SR)  Disper. corr.   Coulomb (SR)   Coul. recip. Position Rest.
    6.98637e+04   -1.69460e+03   -5.32320e+05    9.55224e+02    1.17685e+03
   COM Pull En.      Potential    Kinetic En.   Total Energy    Temperature
    4.04947e-02   -4.39766e+05    8.58965e+04   -3.53869e+05    3.09784e+02
 Pres. DC (bar) Pressure (bar)   Constr. rmsd
   -8.13376e+01   -4.63926e+02    1.14486e-03

           Step           Time         Lambda
         119000      238.00000        0.00000

   Energies (kJ/mol)
       G96Angle    Proper Dih.  Improper Dih.          LJ-14     Coulomb-14
    6.99949e+02    2.52079e+02    8.50067e+00    2.14918e+04   -1.07118e+02
        LJ (SR)  Disper. corr.   Coulomb (SR)   Coul. recip. Position Rest.
    6.93055e+04   -1.69967e+03   -5.31805e+05    9.30457e+02    1.22748e+03
   COM Pull En.      Potential    Kinetic En.   Total Energy    Temperature
    1.65841e+00   -4.39694e+05    8.57501e+04   -3.53944e+05    3.09256e+02
 Pres. DC (bar) Pressure (bar)   Constr. rmsd
   -8.18248e+01    3.08024e+01    1.07006e-03

           Step           Time         Lambda
         120000      240.00000        0.00000

   Energies (kJ/mol)
       G96Angle    Proper Dih.  Improper Dih.          LJ-14     Coulomb-14
    6.90578e+02    2.42978e+02    8.47386e+00    2.15059e+04   -1.30467e+02
        LJ (SR)  Disper. corr.   Coulomb (SR)   Coul. recip. Position Rest.
    6.98918e+04   -1.69338e+03   -5.32297e+05    9.95805e+02    1.20669e+03
   COM Pull En.      Potential    Kinetic En.   Total Energy    Temperature
    6.27508e-01   -4.39578e+05    8.63482e+04   -3.53230e+05    3.11413e+02
 Pres. DC (bar) Pressure (bar)   Constr. rmsd
   -8.12209e+01    1.18450e+01    1.07012e-03

           Step           Time         Lambda
         121000      242.00000        0.00000

   Energies (kJ/mol)
       G96Angle    Proper Dih.  Improper Dih.          LJ-14     Coulomb-14
    7.02505e+02    2.34319e+02    1.41600e+01    2.14881e+04   -1.48972e+02
        LJ (SR)  Disper. corr.   Coulomb (SR)   Coul. recip. Position Rest.
    6.87573e+04   -1.69717e+03   -5.31565e+05    9.75027e+02    1.09832e+03
   COM Pull En.      Potential    Kinetic En.   Total Energy    Temperature
    2.75457e+00   -4.40138e+05    8.59412e+04   -3.54197e+05    3.09945e+02
 Pres. DC (bar) Pressure (bar)   Constr. rmsd
   -8.15850e+01   -5.77352e+02    1.11215e-03

           Step           Time         Lambda
         122000      244.00000        0.00000

   Energies (kJ/mol)
       G96Angle    Proper Dih.  Improper Dih.          LJ-14     Coulomb-14
    6.73195e+02    2.40676e+02    8.24210e+00    2.14811e+04   -1.31794e+02
        LJ (SR)  Disper. corr.   Coulomb (SR)   Coul. recip. Position Rest.
    7.03390e+04   -1.69509e+03   -5.33765e+05    9.82972e+02    1.14648e+03
   COM Pull En.      Potential    Kinetic En.   Total Energy    Temperature
    1.98357e+00   -4.40718e+05    8.54200e+04   -3.55298e+05    3.08065e+02
 Pres. DC (bar) Pressure (bar)   Constr. rmsd
   -8.13845e+01   -1.59031e+02    1.08718e-03

           Step           Time         Lambda
         123000      246.00000        0.00000

   Energies (kJ/mol)
       G96Angle    Proper Dih.  Improper Dih.          LJ-14     Coulomb-14
    6.35766e+02    2.52768e+02    9.30261e+00    2.14719e+04   -1.50093e+02
        LJ (SR)  Disper. corr.   Coulomb (SR)   Coul. recip. Position Rest.
    6.89310e+04   -1.69486e+03   -5.30504e+05    9.68078e+02    1.12745e+03
   COM Pull En.      Potential    Kinetic En.   Total Energy    Temperature
    3.05692e+00   -4.38950e+05    8.55547e+04   -3.53395e+05    3.08551e+02
 Pres. DC (bar) Pressure (bar)   Constr. rmsd
   -8.13624e+01   -8.58833e+01    1.07167e-03

           Step           Time         Lambda
         124000      248.00000        0.00000

   Energies (kJ/mol)
       G96Angle    Proper Dih.  Improper Dih.          LJ-14     Coulomb-14
    6.60125e+02    2.39523e+02    1.05067e+01    2.15008e+04   -9.54995e+01
        LJ (SR)  Disper. corr.   Coulomb (SR)   Coul. recip. Position Rest.
    7.05668e+04   -1.69924e+03   -5.33973e+05    9.29061e+02    1.15702e+03
   COM Pull En.      Potential    Kinetic En.   Total Energy    Temperature
    2.92548e+00   -4.40701e+05    8.60251e+04   -3.54676e+05    3.10248e+02
 Pres. DC (bar) Pressure (bar)   Constr. rmsd
   -8.17839e+01   -9.16831e+01    1.07366e-03

           Step           Time         Lambda
         125000      250.00000        0.00000

   Energies (kJ/mol)
       G96Angle    Proper Dih.  Improper Dih.          LJ-14     Coulomb-14
    6.42251e+02    2.29425e+02    1.28479e+01    2.14663e+04   -1.37251e+02
        LJ (SR)  Disper. corr.   Coulomb (SR)   Coul. recip. Position Rest.
    7.13215e+04   -1.69605e+03   -5.34999e+05    9.35634e+02    1.05285e+03
   COM Pull En.      Potential    Kinetic En.   Total Energy    Temperature
    4.97758e+00   -4.41166e+05    8.57403e+04   -3.55426e+05    3.09220e+02
 Pres. DC (bar) Pressure (bar)   Constr. rmsd
   -8.14771e+01   -3.14386e+01    1.08146e-03

           Step           Time         Lambda
         126000      252.00000        0.00000

   Energies (kJ/mol)
       G96Angle    Proper Dih.  Improper Dih.          LJ-14     Coulomb-14
    6.42382e+02    2.37586e+02    1.06415e+01    2.14683e+04   -1.34870e+02
        LJ (SR)  Disper. corr.   Coulomb (SR)   Coul. recip. Position Rest.
    7.08597e+04   -1.69345e+03   -5.34320e+05    9.73554e+02    1.14701e+03
   COM Pull En.      Potential    Kinetic En.   Total Energy    Temperature
    1.84993e+00   -4.40808e+05    8.55469e+04   -3.55261e+05    3.08523e+02
 Pres. DC (bar) Pressure (bar)   Constr. rmsd
   -8.12272e+01   -2.29793e+02    1.08838e-03

           Step           Time         Lambda
         127000      254.00000        0.00000

   Energies (kJ/mol)
       G96Angle    Proper Dih.  Improper Dih.          LJ-14     Coulomb-14
    5.95001e+02    2.41075e+02    9.63296e+00    2.14749e+04   -1.36064e+02
        LJ (SR)  Disper. corr.   Coulomb (SR)   Coul. recip. Position Rest.
    6.98636e+04   -1.69869e+03   -5.33247e+05    9.25595e+02    1.05507e+03
   COM Pull En.      Potential    Kinetic En.   Total Energy    Temperature
    3.35451e-01   -4.40916e+05    8.55741e+04   -3.55342e+05    3.08621e+02
 Pres. DC (bar) Pressure (bar)   Constr. rmsd
   -8.17308e+01   -2.40399e+02    1.08971e-03

           Step           Time         Lambda
         128000      256.00000        0.00000

   Energies (kJ/mol)
       G96Angle    Proper Dih.  Improper Dih.          LJ-14     Coulomb-14
    6.40980e+02    2.34128e+02    9.78553e+00    2.15030e+04   -1.70596e+02
        LJ (SR)  Disper. corr.   Coulomb (SR)   Coul. recip. Position Rest.
    7.01269e+04   -1.69377e+03   -5.32424e+05    9.55281e+02    1.25048e+03
   COM Pull En.      Potential    Kinetic En.   Total Energy    Temperature
    9.70593e-01   -4.39567e+05    8.58287e+04   -3.53738e+05    3.09539e+02
 Pres. DC (bar) Pressure (bar)   Constr. rmsd
   -8.12586e+01    4.82410e+02    1.04471e-03

           Step           Time         Lambda
         129000      258.00000        0.00000

   Energies (kJ/mol)
       G96Angle    Proper Dih.  Improper Dih.          LJ-14     Coulomb-14
    7.00613e+02    2.36230e+02    9.20356e+00    2.14874e+04   -1.36491e+02
        LJ (SR)  Disper. corr.   Coulomb (SR)   Coul. recip. Position Rest.
    6.93241e+04   -1.69072e+03   -5.31425e+05    9.08589e+02    1.13712e+03
   COM Pull En.      Potential    Kinetic En.   Total Energy    Temperature
    9.32388e-05   -4.39449e+05    8.66254e+04   -3.52824e+05    3.12412e+02
 Pres. DC (bar) Pressure (bar)   Constr. rmsd
   -8.09659e+01   -4.45262e+02    1.11816e-03

           Step           Time         Lambda
         130000      260.00000        0.00000

   Energies (kJ/mol)
       G96Angle    Proper Dih.  Improper Dih.          LJ-14     Coulomb-14
    6.44926e+02    2.42259e+02    9.72118e+00    2.15086e+04   -1.22427e+02
        LJ (SR)  Disper. corr.   Coulomb (SR)   Coul. recip. Position Rest.
    7.05140e+04   -1.69061e+03   -5.31814e+05    9.80395e+02    1.21005e+03
   COM Pull En.      Potential    Kinetic En.   Total Energy    Temperature
    1.51263e-01   -4.38517e+05    8.56225e+04   -3.52895e+05    3.08796e+02
 Pres. DC (bar) Pressure (bar)   Constr. rmsd
   -8.09553e+01    3.46171e+02    1.06106e-03

           Step           Time         Lambda
         131000      262.00000        0.00000

   Energies (kJ/mol)
       G96Angle    Proper Dih.  Improper Dih.          LJ-14     Coulomb-14
    6.41542e+02    2.41027e+02    1.07711e+01    2.14955e+04   -1.03884e+02
        LJ (SR)  Disper. corr.   Coulomb (SR)   Coul. recip. Position Rest.
    6.99532e+04   -1.69593e+03   -5.32024e+05    9.80061e+02    1.06074e+03
   COM Pull En.      Potential    Kinetic En.   Total Energy    Temperature
    8.15789e-03   -4.39441e+05    8.58602e+04   -3.53581e+05    3.09653e+02
 Pres. DC (bar) Pressure (bar)   Constr. rmsd
   -8.14651e+01    2.02710e+02    1.05663e-03

           Step           Time         Lambda
         132000      264.00000        0.00000

   Energies (kJ/mol)
       G96Angle    Proper Dih.  Improper Dih.          LJ-14     Coulomb-14
    6.25687e+02    2.40687e+02    1.27147e+01    2.14723e+04   -1.52143e+02
        LJ (SR)  Disper. corr.   Coulomb (SR)   Coul. recip. Position Rest.
    7.02568e+04   -1.69619e+03   -5.32624e+05    9.47768e+02    1.26376e+03
   COM Pull En.      Potential    Kinetic En.   Total Energy    Temperature
    1.28630e-01   -4.39652e+05    8.59208e+04   -3.53732e+05    3.09871e+02
 Pres. DC (bar) Pressure (bar)   Constr. rmsd
   -8.14908e+01    2.77432e+02    1.05046e-03

           Step           Time         Lambda
         133000      266.00000        0.00000

   Energies (kJ/mol)
       G96Angle    Proper Dih.  Improper Dih.          LJ-14     Coulomb-14
    6.71652e+02    2.34905e+02    1.05111e+01    2.14554e+04   -1.30345e+02
        LJ (SR)  Disper. corr.   Coulomb (SR)   Coul. recip. Position Rest.
    7.10541e+04   -1.69425e+03   -5.34473e+05    9.54232e+02    1.03981e+03
   COM Pull En.      Potential    Kinetic En.   Total Energy    Temperature
    4.10641e+00   -4.40873e+05    8.50834e+04   -3.55789e+05    3.06851e+02
 Pres. DC (bar) Pressure (bar)   Constr. rmsd
   -8.13039e+01   -5.11959e+02    1.13498e-03

           Step           Time         Lambda
         134000      268.00000        0.00000

   Energies (kJ/mol)
       G96Angle    Proper Dih.  Improper Dih.          LJ-14     Coulomb-14
    6.46246e+02    2.56482e+02    6.88466e+00    2.14812e+04   -9.48881e+01
        LJ (SR)  Disper. corr.   Coulomb (SR)   Coul. recip. Position Rest.
    7.04745e+04   -1.69449e+03   -5.33066e+05    9.64922e+02    1.28392e+03
   COM Pull En.      Potential    Kinetic En.   Total Energy    Temperature
    2.11925e+00   -4.39739e+05    8.60152e+04   -3.53724e+05    3.10212e+02
 Pres. DC (bar) Pressure (bar)   Constr. rmsd
   -8.13271e+01    1.92866e+01    1.10218e-03

           Step           Time         Lambda
         135000      270.00000        0.00000

   Energies (kJ/mol)
       G96Angle    Proper Dih.  Improper Dih.          LJ-14     Coulomb-14
    7.16390e+02    2.49087e+02    1.16558e+01    2.14902e+04   -1.31471e+02
        LJ (SR)  Disper. corr.   Coulomb (SR)   Coul. recip. Position Rest.
    6.99912e+04   -1.69788e+03   -5.31801e+05    1.01300e+03    1.10389e+03
   COM Pull En.      Potential    Kinetic En.   Total Energy    Temperature
    7.72451e-04   -4.39055e+05    8.54800e+04   -3.53575e+05    3.08282e+02
 Pres. DC (bar) Pressure (bar)   Constr. rmsd
   -8.16532e+01   -3.32695e+01    1.07958e-03

           Step           Time         Lambda
         136000      272.00000        0.00000

   Energies (kJ/mol)
       G96Angle    Proper Dih.  Improper Dih.          LJ-14     Coulomb-14
    6.66441e+02    2.40764e+02    9.74071e+00    2.14817e+04   -1.33717e+02
        LJ (SR)  Disper. corr.   Coulomb (SR)   Coul. recip. Position Rest.
    6.98438e+04   -1.69972e+03   -5.32716e+05    9.55072e+02    1.21048e+03
   COM Pull En.      Potential    Kinetic En.   Total Energy    Temperature
    3.99925e-01   -4.40141e+05    8.53762e+04   -3.54764e+05    3.07907e+02
 Pres. DC (bar) Pressure (bar)   Constr. rmsd
   -8.18300e+01   -1.03251e+02    1.08234e-03

           Step           Time         Lambda
         137000      274.00000        0.00000

   Energies (kJ/mol)
       G96Angle    Proper Dih.  Improper Dih.          LJ-14     Coulomb-14
    6.67614e+02    2.30575e+02    1.84582e+01    2.14888e+04   -7.67277e+01
        LJ (SR)  Disper. corr.   Coulomb (SR)   Coul. recip. Position Rest.
    6.99489e+04   -1.70139e+03   -5.32582e+05    9.38754e+02    1.14742e+03
   COM Pull En.      Potential    Kinetic En.   Total Energy    Temperature
    8.93510e-02   -4.39919e+05    8.55275e+04   -3.54392e+05    3.08453e+02
 Pres. DC (bar) Pressure (bar)   Constr. rmsd
   -8.19907e+01    3.29276e+02    1.07600e-03

           Step           Time         Lambda
         138000      276.00000        0.00000

   Energies (kJ/mol)
       G96Angle    Proper Dih.  Improper Dih.          LJ-14     Coulomb-14
    7.16050e+02    2.47744e+02    1.44777e+01    2.15083e+04   -1.11826e+02
        LJ (SR)  Disper. corr.   Coulomb (SR)   Coul. recip. Position Rest.
    7.09045e+04   -1.69518e+03   -5.33805e+05    9.80648e+02    1.26170e+03
   COM Pull En.      Potential    Kinetic En.   Total Energy    Temperature
    2.78232e-01   -4.39978e+05    8.63588e+04   -3.53619e+05    3.11451e+02
 Pres. DC (bar) Pressure (bar)   Constr. rmsd
   -8.13933e+01    1.98231e+02    1.06208e-03

           Step           Time         Lambda
         139000      278.00000        0.00000

   Energies (kJ/mol)
       G96Angle    Proper Dih.  Improper Dih.          LJ-14     Coulomb-14
    6.36073e+02    2.43447e+02    7.69309e+00    2.14955e+04   -1.36133e+02
        LJ (SR)  Disper. corr.   Coulomb (SR)   Coul. recip. Position Rest.
    7.04453e+04   -1.69363e+03   -5.33036e+05    9.45631e+02    1.12658e+03
   COM Pull En.      Potential    Kinetic En.   Total Energy    Temperature
    5.90317e-01   -4.39965e+05    8.51174e+04   -3.54848e+05    3.06974e+02
 Pres. DC (bar) Pressure (bar)   Constr. rmsd
   -8.12449e+01    1.42742e+02    1.05704e-03

           Step           Time         Lambda
         140000      280.00000        0.00000

   Energies (kJ/mol)
       G96Angle    Proper Dih.  Improper Dih.          LJ-14     Coulomb-14
    6.80557e+02    2.50961e+02    1.06345e+01    2.14930e+04   -1.70342e+02
        LJ (SR)  Disper. corr.   Coulomb (SR)   Coul. recip. Position Rest.
    7.13711e+04   -1.69562e+03   -5.34637e+05    9.37362e+02    1.27441e+03
   COM Pull En.      Potential    Kinetic En.   Total Energy    Temperature
    8.65931e-01   -4.40484e+05    8.59051e+04   -3.54579e+05    3.09815e+02
 Pres. DC (bar) Pressure (bar)   Constr. rmsd
   -8.14361e+01    5.02047e+02    1.05429e-03

           Step           Time         Lambda
         141000      282.00000        0.00000

   Energies (kJ/mol)
       G96Angle    Proper Dih.  Improper Dih.          LJ-14     Coulomb-14
    6.11842e+02    2.24702e+02    1.42316e+01    2.14732e+04   -1.01819e+02
        LJ (SR)  Disper. corr.   Coulomb (SR)   Coul. recip. Position Rest.
    7.14291e+04   -1.69760e+03   -5.34868e+05    1.00775e+03    1.09810e+03
   COM Pull En.      Potential    Kinetic En.   Total Energy    Temperature
    4.23109e-01   -4.40808e+05    8.58879e+04   -3.54920e+05    3.09753e+02
 Pres. DC (bar) Pressure (bar)   Constr. rmsd
   -8.16264e+01    1.32936e+02    1.08134e-03

           Step           Time         Lambda
         142000      284.00000        0.00000

   Energies (kJ/mol)
       G96Angle    Proper Dih.  Improper Dih.          LJ-14     Coulomb-14
    6.54805e+02    2.49343e+02    1.03398e+01    2.15129e+04   -1.25253e+02
        LJ (SR)  Disper. corr.   Coulomb (SR)   Coul. recip. Position Rest.
    6.99361e+04   -1.69866e+03   -5.33329e+05    9.93236e+02    1.15436e+03
   COM Pull En.      Potential    Kinetic En.   Total Energy    Temperature
    3.50953e-01   -4.40641e+05    8.57920e+04   -3.54849e+05    3.09407e+02
 Pres. DC (bar) Pressure (bar)   Constr. rmsd
   -8.17281e+01    1.27526e+02    1.05289e-03

           Step           Time         Lambda
         143000      286.00000        0.00000

   Energies (kJ/mol)
       G96Angle    Proper Dih.  Improper Dih.          LJ-14     Coulomb-14
    6.38079e+02    2.47198e+02    8.97113e+00    2.15093e+04   -9.75428e+01
        LJ (SR)  Disper. corr.   Coulomb (SR)   Coul. recip. Position Rest.
    7.02728e+04   -1.69581e+03   -5.33989e+05    9.62255e+02    1.11308e+03
   COM Pull En.      Potential    Kinetic En.   Total Energy    Temperature
    2.01759e-01   -4.41030e+05    8.60179e+04   -3.55013e+05    3.10221e+02
 Pres. DC (bar) Pressure (bar)   Constr. rmsd
   -8.14543e+01    2.80889e+02    1.02959e-03

           Step           Time         Lambda
         144000      288.00000        0.00000

   Energies (kJ/mol)
       G96Angle    Proper Dih.  Improper Dih.          LJ-14     Coulomb-14
    6.41619e+02    2.59977e+02    7.38617e+00    2.14935e+04   -1.22730e+02
        LJ (SR)  Disper. corr.   Coulomb (SR)   Coul. recip. Position Rest.
    6.99784e+04   -1.69402e+03   -5.31901e+05    1.01472e+03    1.18205e+03
   COM Pull En.      Potential    Kinetic En.   Total Energy    Temperature
    5.62698e-02   -4.39140e+05    8.60487e+04   -3.53091e+05    3.10333e+02
 Pres. DC (bar) Pressure (bar)   Constr. rmsd
   -8.12819e+01    4.83179e+01    1.07201e-03

           Step           Time         Lambda
         145000      290.00000        0.00000

   Energies (kJ/mol)
       G96Angle    Proper Dih.  Improper Dih.          LJ-14     Coulomb-14
    6.75363e+02    2.35429e+02    1.34688e+01    2.15088e+04   -1.38144e+02
        LJ (SR)  Disper. corr.   Coulomb (SR)   Coul. recip. Position Rest.
    6.98860e+04   -1.69396e+03   -5.33280e+05    9.60785e+02    1.22092e+03
   COM Pull En.      Potential    Kinetic En.   Total Energy    Temperature
    8.29036e-01   -4.40611e+05    8.62581e+04   -3.54352e+05    3.11088e+02
 Pres. DC (bar) Pressure (bar)   Constr. rmsd
   -8.12764e+01    1.29660e+02    1.04718e-03

           Step           Time         Lambda
         146000      292.00000        0.00000

   Energies (kJ/mol)
       G96Angle    Proper Dih.  Improper Dih.          LJ-14     Coulomb-14
    6.64580e+02    2.32922e+02    1.30887e+01    2.14794e+04   -1.04331e+02
        LJ (SR)  Disper. corr.   Coulomb (SR)   Coul. recip. Position Rest.
    7.00949e+04   -1.69218e+03   -5.32849e+05    9.97368e+02    1.21647e+03
   COM Pull En.      Potential    Kinetic En.   Total Energy    Temperature
    6.58455e-01   -4.39946e+05    8.58530e+04   -3.54093e+05    3.09627e+02
 Pres. DC (bar) Pressure (bar)   Constr. rmsd
   -8.11058e+01   -3.25937e+02    1.10182e-03

           Step           Time         Lambda
         147000      294.00000        0.00000

   Energies (kJ/mol)
       G96Angle    Proper Dih.  Improper Dih.          LJ-14     Coulomb-14
    7.21698e+02    2.58742e+02    1.21503e+01    2.14816e+04   -1.64311e+02
        LJ (SR)  Disper. corr.   Coulomb (SR)   Coul. recip. Position Rest.
    7.18691e+04   -1.69240e+03   -5.34806e+05    9.69426e+02    1.29159e+03
   COM Pull En.      Potential    Kinetic En.   Total Energy    Temperature
    1.04583e-01   -4.40058e+05    8.59843e+04   -3.54074e+05    3.10100e+02
 Pres. DC (bar) Pressure (bar)   Constr. rmsd
   -8.11274e+01    2.31706e+02    1.08084e-03

           Step           Time         Lambda
         148000      296.00000        0.00000

   Energies (kJ/mol)
       G96Angle    Proper Dih.  Improper Dih.          LJ-14     Coulomb-14
    6.38982e+02    2.35742e+02    8.63011e+00    2.14740e+04   -1.52636e+02
        LJ (SR)  Disper. corr.   Coulomb (SR)   Coul. recip. Position Rest.
    7.04793e+04   -1.69183e+03   -5.32800e+05    1.04105e+03    1.12153e+03
   COM Pull En.      Potential    Kinetic En.   Total Energy    Temperature
    1.34619e+00   -4.39644e+05    8.56610e+04   -3.53983e+05    3.08934e+02
 Pres. DC (bar) Pressure (bar)   Constr. rmsd
   -8.10722e+01   -6.03355e+01    1.11207e-03

           Step           Time         Lambda
         149000      298.00000        0.00000

   Energies (kJ/mol)
       G96Angle    Proper Dih.  Improper Dih.          LJ-14     Coulomb-14
    6.68799e+02    2.34260e+02    1.88519e+01    2.14683e+04   -1.39062e+02
        LJ (SR)  Disper. corr.   Coulomb (SR)   Coul. recip. Position Rest.
    6.99744e+04   -1.69321e+03   -5.32745e+05    1.01617e+03    1.24833e+03
   COM Pull En.      Potential    Kinetic En.   Total Energy    Temperature
    9.61261e-01   -4.39948e+05    8.65551e+04   -3.53392e+05    3.12159e+02
 Pres. DC (bar) Pressure (bar)   Constr. rmsd
   -8.12045e+01   -4.51279e+02    1.13420e-03

           Step           Time         Lambda
         150000      300.00000        0.00000

   Energies (kJ/mol)
       G96Angle    Proper Dih.  Improper Dih.          LJ-14     Coulomb-14
    6.50884e+02    2.33624e+02    1.59650e+01    2.15109e+04   -1.22236e+02
        LJ (SR)  Disper. corr.   Coulomb (SR)   Coul. recip. Position Rest.
    7.03292e+04   -1.69216e+03   -5.32940e+05    9.41721e+02    1.11978e+03
   COM Pull En.      Potential    Kinetic En.   Total Energy    Temperature
    3.42076e-01   -4.39952e+05    8.63048e+04   -3.53647e+05    3.11256e+02
 Pres. DC (bar) Pressure (bar)   Constr. rmsd
   -8.11042e+01    6.32886e+01    1.08057e-03

           Step           Time         Lambda
         151000      302.00000        0.00000

   Energies (kJ/mol)
       G96Angle    Proper Dih.  Improper Dih.          LJ-14     Coulomb-14
    6.52969e+02    2.64537e+02    9.44890e+00    2.14960e+04   -1.36098e+02
        LJ (SR)  Disper. corr.   Coulomb (SR)   Coul. recip. Position Rest.
    7.04679e+04   -1.69331e+03   -5.32284e+05    9.54348e+02    1.23337e+03
   COM Pull En.      Potential    Kinetic En.   Total Energy    Temperature
    2.04896e+00   -4.39033e+05    8.64655e+04   -3.52568e+05    3.11836e+02
 Pres. DC (bar) Pressure (bar)   Constr. rmsd
   -8.12146e+01    2.31897e+02    1.07238e-03

           Step           Time         Lambda
         152000      304.00000        0.00000

   Energies (kJ/mol)
       G96Angle    Proper Dih.  Improper Dih.          LJ-14     Coulomb-14
    6.96599e+02    2.52395e+02    1.55639e+01    2.14908e+04   -9.95640e+01
        LJ (SR)  Disper. corr.   Coulomb (SR)   Coul. recip. Position Rest.
    6.93222e+04   -1.69460e+03   -5.30185e+05    9.93689e+02    1.13396e+03
   COM Pull En.      Potential    Kinetic En.   Total Energy    Temperature
    6.55143e+00   -4.38068e+05    8.65934e+04   -3.51474e+05    3.12297e+02
 Pres. DC (bar) Pressure (bar)   Constr. rmsd
   -8.13374e+01   -4.60025e+02    1.14680e-03

           Step           Time         Lambda
         153000      306.00000        0.00000

   Energies (kJ/mol)
       G96Angle    Proper Dih.  Improper Dih.          LJ-14     Coulomb-14
    6.62127e+02    2.49605e+02    1.02809e+01    2.15022e+04   -1.28135e+02
        LJ (SR)  Disper. corr.   Coulomb (SR)   Coul. recip. Position Rest.
    6.95132e+04   -1.69242e+03   -5.30852e+05    1.02213e+03    1.32431e+03
   COM Pull En.      Potential    Kinetic En.   Total Energy    Temperature
    2.31521e+00   -4.38386e+05    8.70578e+04   -3.51328e+05    3.13972e+02
 Pres. DC (bar) Pressure (bar)   Constr. rmsd
   -8.11289e+01   -1.00886e+02    1.10087e-03

           Step           Time         Lambda
         154000      308.00000        0.00000

   Energies (kJ/mol)
       G96Angle    Proper Dih.  Improper Dih.          LJ-14     Coulomb-14
    6.43869e+02    2.38914e+02    1.03141e+01    2.14984e+04   -1.13166e+02
        LJ (SR)  Disper. corr.   Coulomb (SR)   Coul. recip. Position Rest.
    6.93375e+04   -1.69311e+03   -5.31662e+05    9.25729e+02    1.09972e+03
   COM Pull En.      Potential    Kinetic En.   Total Energy    Temperature
    7.24434e-01   -4.39713e+05    8.55350e+04   -3.54178e+05    3.08480e+02
 Pres. DC (bar) Pressure (bar)   Constr. rmsd
   -8.11953e+01   -2.56454e+02    1.09680e-03

           Step           Time         Lambda
         155000      310.00000        0.00000

   Energies (kJ/mol)
       G96Angle    Proper Dih.  Improper Dih.          LJ-14     Coulomb-14
    6.36116e+02    2.43661e+02    1.68030e+01    2.15003e+04   -9.72037e+01
        LJ (SR)  Disper. corr.   Coulomb (SR)   Coul. recip. Position Rest.
    7.02101e+04   -1.69307e+03   -5.31582e+05    9.92448e+02    1.21104e+03
   COM Pull En.      Potential    Kinetic En.   Total Energy    Temperature
    1.16905e+00   -4.38561e+05    8.58288e+04   -3.52732e+05    3.09540e+02
 Pres. DC (bar) Pressure (bar)   Constr. rmsd
   -8.11915e+01   -3.24845e+02    1.12616e-03

           Step           Time         Lambda
         156000      312.00000        0.00000

   Energies (kJ/mol)
       G96Angle    Proper Dih.  Improper Dih.          LJ-14     Coulomb-14
    6.54186e+02    2.51081e+02    1.78157e+01    2.15001e+04   -1.33689e+02
        LJ (SR)  Disper. corr.   Coulomb (SR)   Coul. recip. Position Rest.
    6.99529e+04   -1.70056e+03   -5.30982e+05    9.83625e+02    1.21384e+03
   COM Pull En.      Potential    Kinetic En.   Total Energy    Temperature
    4.15111e+00   -4.38238e+05    8.61598e+04   -3.52078e+05    3.10733e+02
 Pres. DC (bar) Pressure (bar)   Constr. rmsd
   -8.19105e+01   -7.45292e+01    1.12096e-03

           Step           Time         Lambda
         157000      314.00000        0.00000

   Energies (kJ/mol)
       G96Angle    Proper Dih.  Improper Dih.          LJ-14     Coulomb-14
    6.10333e+02    2.39022e+02    1.11974e+01    2.14586e+04   -1.36741e+02
        LJ (SR)  Disper. corr.   Coulomb (SR)   Coul. recip. Position Rest.
    7.15623e+04   -1.69789e+03   -5.35139e+05    9.90515e+02    1.18932e+03
   COM Pull En.      Potential    Kinetic En.   Total Energy    Temperature
    1.05967e+01   -4.40902e+05    8.58272e+04   -3.55075e+05    3.09534e+02
 Pres. DC (bar) Pressure (bar)   Constr. rmsd
   -8.16538e+01    3.54389e+02    1.06540e-03

           Step           Time         Lambda
         158000      316.00000        0.00000

   Energies (kJ/mol)
       G96Angle    Proper Dih.  Improper Dih.          LJ-14     Coulomb-14
    6.66809e+02    2.45187e+02    1.32513e+01    2.14895e+04   -1.60514e+02
        LJ (SR)  Disper. corr.   Coulomb (SR)   Coul. recip. Position Rest.
    6.97860e+04   -1.69383e+03   -5.32251e+05    9.67219e+02    1.26222e+03
   COM Pull En.      Potential    Kinetic En.   Total Energy    Temperature
    1.22501e+01   -4.39663e+05    8.62334e+04   -3.53430e+05    3.10999e+02
 Pres. DC (bar) Pressure (bar)   Constr. rmsd
   -8.12643e+01   -3.05508e+02    1.12300e-03

           Step           Time         Lambda
         159000      318.00000        0.00000

   Energies (kJ/mol)
       G96Angle    Proper Dih.  Improper Dih.          LJ-14     Coulomb-14
    6.26611e+02    2.54229e+02    1.13644e+01    2.14864e+04   -1.21115e+02
        LJ (SR)  Disper. corr.   Coulomb (SR)   Coul. recip. Position Rest.
    6.94811e+04   -1.69276e+03   -5.30416e+05    9.44581e+02    1.27450e+03
   COM Pull En.      Potential    Kinetic En.   Total Energy    Temperature
    3.71167e+00   -4.38148e+05    8.64828e+04   -3.51665e+05    3.11898e+02
 Pres. DC (bar) Pressure (bar)   Constr. rmsd
   -8.11617e+01    1.13074e+02    1.09341e-03

           Step           Time         Lambda
         160000      320.00000        0.00000

   Energies (kJ/mol)
       G96Angle    Proper Dih.  Improper Dih.          LJ-14     Coulomb-14
    6.54887e+02    2.41476e+02    1.77801e+01    2.14797e+04   -1.52994e+02
        LJ (SR)  Disper. corr.   Coulomb (SR)   Coul. recip. Position Rest.
    7.05825e+04   -1.69225e+03   -5.33022e+05    9.82848e+02    1.15465e+03
   COM Pull En.      Potential    Kinetic En.   Total Energy    Temperature
    3.59494e-01   -4.39753e+05    8.58539e+04   -3.53899e+05    3.09630e+02
 Pres. DC (bar) Pressure (bar)   Constr. rmsd
   -8.11122e+01    6.87365e+01    1.08399e-03

           Step           Time         Lambda
         161000      322.00000        0.00000

   Energies (kJ/mol)
       G96Angle    Proper Dih.  Improper Dih.          LJ-14     Coulomb-14
    6.82459e+02    2.34244e+02    1.06484e+01    2.15110e+04   -8.64291e+01
        LJ (SR)  Disper. corr.   Coulomb (SR)   Coul. recip. Position Rest.
    7.05752e+04   -1.69632e+03   -5.32792e+05    9.99829e+02    1.23553e+03
   COM Pull En.      Potential    Kinetic En.   Total Energy    Temperature
    4.67888e-02   -4.39326e+05    8.57696e+04   -3.53556e+05    3.09326e+02
 Pres. DC (bar) Pressure (bar)   Constr. rmsd
   -8.15030e+01    5.13385e+02    1.03285e-03

           Step           Time         Lambda
         162000      324.00000        0.00000

   Energies (kJ/mol)
       G96Angle    Proper Dih.  Improper Dih.          LJ-14     Coulomb-14
    6.67537e+02    2.53714e+02    1.92870e+01    2.14625e+04   -1.98911e+02
        LJ (SR)  Disper. corr.   Coulomb (SR)   Coul. recip. Position Rest.
    7.01512e+04   -1.69209e+03   -5.32864e+05    9.51305e+02    1.38441e+03
   COM Pull En.      Potential    Kinetic En.   Total Energy    Temperature
    1.49788e-02   -4.39865e+05    8.68830e+04   -3.52982e+05    3.13342e+02
 Pres. DC (bar) Pressure (bar)   Constr. rmsd
   -8.10973e+01   -2.30857e+02    1.11409e-03

           Step           Time         Lambda
         163000      326.00000        0.00000

   Energies (kJ/mol)
       G96Angle    Proper Dih.  Improper Dih.          LJ-14     Coulomb-14
    6.40680e+02    2.44704e+02    7.49962e+00    2.14977e+04   -1.60810e+02
        LJ (SR)  Disper. corr.   Coulomb (SR)   Coul. recip. Position Rest.
    7.03636e+04   -1.69763e+03   -5.32585e+05    9.50569e+02    1.16756e+03
   COM Pull En.      Potential    Kinetic En.   Total Energy    Temperature
    7.55884e-02   -4.39571e+05    8.61441e+04   -3.53427e+05    3.10677e+02
 Pres. DC (bar) Pressure (bar)   Constr. rmsd
   -8.16288e+01    7.08065e+01    1.08448e-03

           Step           Time         Lambda
         164000      328.00000        0.00000

   Energies (kJ/mol)
       G96Angle    Proper Dih.  Improper Dih.          LJ-14     Coulomb-14
    6.34819e+02    2.34576e+02    1.24512e+01    2.14928e+04   -1.40842e+02
        LJ (SR)  Disper. corr.   Coulomb (SR)   Coul. recip. Position Rest.
    6.99186e+04   -1.69260e+03   -5.32286e+05    9.80732e+02    1.35564e+03
   COM Pull En.      Potential    Kinetic En.   Total Energy    Temperature
    5.80828e-01   -4.39490e+05    8.56922e+04   -3.53797e+05    3.09047e+02
 Pres. DC (bar) Pressure (bar)   Constr. rmsd
   -8.11464e+01    7.12628e+01    1.06202e-03

           Step           Time         Lambda
         165000      330.00000        0.00000

   Energies (kJ/mol)
       G96Angle    Proper Dih.  Improper Dih.          LJ-14     Coulomb-14
    6.88086e+02    2.48090e+02    1.71794e+01    2.14841e+04   -1.25835e+02
        LJ (SR)  Disper. corr.   Coulomb (SR)   Coul. recip. Position Rest.
    7.05540e+04   -1.69201e+03   -5.31634e+05    9.76817e+02    1.15420e+03
   COM Pull En.      Potential    Kinetic En.   Total Energy    Temperature
    1.95493e+00   -4.38327e+05    8.58651e+04   -3.52462e+05    3.09670e+02
 Pres. DC (bar) Pressure (bar)   Constr. rmsd
   -8.10895e+01   -5.80139e+01    1.10902e-03

           Step           Time         Lambda
         166000      332.00000        0.00000

   Energies (kJ/mol)
       G96Angle    Proper Dih.  Improper Dih.          LJ-14     Coulomb-14
    6.36865e+02    2.45906e+02    1.11598e+01    2.14670e+04   -1.32269e+02
        LJ (SR)  Disper. corr.   Coulomb (SR)   Coul. recip. Position Rest.
    6.95613e+04   -1.69838e+03   -5.32077e+05    9.29120e+02    1.26577e+03
   COM Pull En.      Potential    Kinetic En.   Total Energy    Temperature
    7.14506e-01   -4.39790e+05    8.60904e+04   -3.53699e+05    3.10483e+02
 Pres. DC (bar) Pressure (bar)   Constr. rmsd
   -8.17009e+01    7.17915e+01    1.06184e-03

           Step           Time         Lambda
         167000      334.00000        0.00000

   Energies (kJ/mol)
       G96Angle    Proper Dih.  Improper Dih.          LJ-14     Coulomb-14
    6.49786e+02    2.54968e+02    1.08067e+01    2.14788e+04   -1.28878e+02
        LJ (SR)  Disper. corr.   Coulomb (SR)   Coul. recip. Position Rest.
    6.88986e+04   -1.69772e+03   -5.31657e+05    9.21206e+02    1.16963e+03
   COM Pull En.      Potential    Kinetic En.   Total Energy    Temperature
    1.60704e+00   -4.40098e+05    8.56925e+04   -3.54405e+05    3.09048e+02
 Pres. DC (bar) Pressure (bar)   Constr. rmsd
   -8.16373e+01   -5.03922e+02    1.11938e-03

           Step           Time         Lambda
         168000      336.00000        0.00000

   Energies (kJ/mol)
       G96Angle    Proper Dih.  Improper Dih.          LJ-14     Coulomb-14
    6.64041e+02    2.56391e+02    1.27915e+01    2.15025e+04   -1.51331e+02
        LJ (SR)  Disper. corr.   Coulomb (SR)   Coul. recip. Position Rest.
    7.10242e+04   -1.69446e+03   -5.33478e+05    1.00000e+03    1.24171e+03
   COM Pull En.      Potential    Kinetic En.   Total Energy    Temperature
    2.30859e+00   -4.39620e+05    8.65101e+04   -3.53110e+05    3.11997e+02
 Pres. DC (bar) Pressure (bar)   Constr. rmsd
   -8.13245e+01    3.76364e+02    1.05446e-03

           Step           Time         Lambda
         169000      338.00000        0.00000

   Energies (kJ/mol)
       G96Angle    Proper Dih.  Improper Dih.          LJ-14     Coulomb-14
    6.72094e+02    2.35381e+02    9.24060e+00    2.14719e+04   -1.38948e+02
        LJ (SR)  Disper. corr.   Coulomb (SR)   Coul. recip. Position Rest.
    7.01182e+04   -1.69464e+03   -5.31908e+05    9.64603e+02    1.23552e+03
   COM Pull En.      Potential    Kinetic En.   Total Energy    Temperature
    8.45337e-02   -4.39035e+05    8.64995e+04   -3.52535e+05    3.11958e+02
 Pres. DC (bar) Pressure (bar)   Constr. rmsd
   -8.13417e+01   -3.65737e+02    1.13216e-03

           Step           Time         Lambda
         170000      340.00000        0.00000

   Energies (kJ/mol)
       G96Angle    Proper Dih.  Improper Dih.          LJ-14     Coulomb-14
    7.06182e+02    2.35026e+02    1.55774e+01    2.14791e+04   -1.17757e+02
        LJ (SR)  Disper. corr.   Coulomb (SR)   Coul. recip. Position Rest.
    7.04205e+04   -1.69384e+03   -5.32023e+05    9.71321e+02    1.22027e+03
   COM Pull En.      Potential    Kinetic En.   Total Energy    Temperature
    3.70911e-01   -4.38786e+05    8.62466e+04   -3.52539e+05    3.11046e+02
 Pres. DC (bar) Pressure (bar)   Constr. rmsd
   -8.12647e+01   -4.01702e+02    1.13802e-03

           Step           Time         Lambda
         171000      342.00000        0.00000

   Energies (kJ/mol)
       G96Angle    Proper Dih.  Improper Dih.          LJ-14     Coulomb-14
    6.82501e+02    2.30367e+02    1.22084e+01    2.14683e+04   -9.87482e+01
        LJ (SR)  Disper. corr.   Coulomb (SR)   Coul. recip. Position Rest.
    7.01030e+04   -1.69587e+03   -5.33097e+05    9.73185e+02    1.14614e+03
   COM Pull En.      Potential    Kinetic En.   Total Energy    Temperature
    7.52374e-01   -4.40275e+05    8.63494e+04   -3.53925e+05    3.11417e+02
 Pres. DC (bar) Pressure (bar)   Constr. rmsd
   -8.14594e+01   -1.15879e+02    1.07227e-03

           Step           Time         Lambda
         172000      344.00000        0.00000

   Energies (kJ/mol)
       G96Angle    Proper Dih.  Improper Dih.          LJ-14     Coulomb-14
    6.60238e+02    2.34797e+02    6.95798e+00    2.15017e+04   -1.39961e+02
        LJ (SR)  Disper. corr.   Coulomb (SR)   Coul. recip. Position Rest.
    6.96683e+04   -1.69279e+03   -5.32642e+05    9.46007e+02    1.17400e+03
   COM Pull En.      Potential    Kinetic En.   Total Energy    Temperature
    7.23679e-01   -4.40282e+05    8.60230e+04   -3.54259e+05    3.10240e+02
 Pres. DC (bar) Pressure (bar)   Constr. rmsd
   -8.11644e+01   -3.53122e+02    1.09477e-03

           Step           Time         Lambda
         173000      346.00000        0.00000

   Energies (kJ/mol)
       G96Angle    Proper Dih.  Improper Dih.          LJ-14     Coulomb-14
    6.33184e+02    2.34266e+02    1.69970e+01    2.14800e+04   -1.32914e+02
        LJ (SR)  Disper. corr.   Coulomb (SR)   Coul. recip. Position Rest.
    7.03090e+04   -1.69472e+03   -5.33608e+05    9.61613e+02    1.10729e+03
   COM Pull En.      Potential    Kinetic En.   Total Energy    Temperature
    2.34581e+00   -4.40690e+05    8.57290e+04   -3.54961e+05    3.09180e+02
 Pres. DC (bar) Pressure (bar)   Constr. rmsd
   -8.13495e+01    8.49755e+01    1.05402e-03

           Step           Time         Lambda
         174000      348.00000        0.00000

   Energies (kJ/mol)
       G96Angle    Proper Dih.  Improper Dih.          LJ-14     Coulomb-14
    6.27509e+02    2.45240e+02    1.28257e+01    2.14842e+04   -1.15309e+02
        LJ (SR)  Disper. corr.   Coulomb (SR)   Coul. recip. Position Rest.
    7.04988e+04   -1.69444e+03   -5.33499e+05    9.74496e+02    1.19129e+03
   COM Pull En.      Potential    Kinetic En.   Total Energy    Temperature
    3.89316e-01   -4.40274e+05    8.49758e+04   -3.55298e+05    3.06463e+02
 Pres. DC (bar) Pressure (bar)   Constr. rmsd
   -8.13223e+01    7.04439e+01    1.08010e-03

           Step           Time         Lambda
         175000      350.00000        0.00000

   Energies (kJ/mol)
       G96Angle    Proper Dih.  Improper Dih.          LJ-14     Coulomb-14
    6.42430e+02    2.25270e+02    1.61561e+01    2.14741e+04   -1.33364e+02
        LJ (SR)  Disper. corr.   Coulomb (SR)   Coul. recip. Position Rest.
    7.12688e+04   -1.69805e+03   -5.34267e+05    9.31948e+02    1.27190e+03
   COM Pull En.      Potential    Kinetic En.   Total Energy    Temperature
    3.85176e-01   -4.40267e+05    8.67400e+04   -3.53527e+05    3.12826e+02
 Pres. DC (bar) Pressure (bar)   Constr. rmsd
   -8.16692e+01    1.15924e+02    1.08997e-03

           Step           Time         Lambda
         176000      352.00000        0.00000

   Energies (kJ/mol)
       G96Angle    Proper Dih.  Improper Dih.          LJ-14     Coulomb-14
    6.14852e+02    2.30930e+02    2.49575e+01    2.14684e+04   -1.22253e+02
        LJ (SR)  Disper. corr.   Coulomb (SR)   Coul. recip. Position Rest.
    7.06966e+04   -1.69567e+03   -5.34156e+05    9.61426e+02    1.20769e+03
   COM Pull En.      Potential    Kinetic En.   Total Energy    Temperature
    8.04222e-03   -4.40769e+05    8.55578e+04   -3.55211e+05    3.08562e+02
 Pres. DC (bar) Pressure (bar)   Constr. rmsd
   -8.14408e+01    3.29468e+01    1.05638e-03

           Step           Time         Lambda
         177000      354.00000        0.00000

   Energies (kJ/mol)
       G96Angle    Proper Dih.  Improper Dih.          LJ-14     Coulomb-14
    6.37969e+02    2.47300e+02    1.32469e+01    2.14878e+04   -1.52437e+02
        LJ (SR)  Disper. corr.   Coulomb (SR)   Coul. recip. Position Rest.
    7.04819e+04   -1.69947e+03   -5.33491e+05    9.31793e+02    1.21553e+03
   COM Pull En.      Potential    Kinetic En.   Total Energy    Temperature
    8.24855e-02   -4.40327e+05    8.50518e+04   -3.55276e+05    3.06737e+02
 Pres. DC (bar) Pressure (bar)   Constr. rmsd
   -8.18055e+01    2.61623e+02    1.05165e-03

           Step           Time         Lambda
         178000      356.00000        0.00000

   Energies (kJ/mol)
       G96Angle    Proper Dih.  Improper Dih.          LJ-14     Coulomb-14
    6.46803e+02    2.34828e+02    1.20559e+01    2.14851e+04   -1.25847e+02
        LJ (SR)  Disper. corr.   Coulomb (SR)   Coul. recip. Position Rest.
    7.12518e+04   -1.69917e+03   -5.34091e+05    9.77581e+02    1.10731e+03
   COM Pull En.      Potential    Kinetic En.   Total Energy    Temperature
    2.50733e-01   -4.40200e+05    8.50571e+04   -3.55143e+05    3.06756e+02
 Pres. DC (bar) Pressure (bar)   Constr. rmsd
   -8.17768e+01    3.72698e+02    1.04592e-03

           Step           Time         Lambda
         179000      358.00000        0.00000

   Energies (kJ/mol)
       G96Angle    Proper Dih.  Improper Dih.          LJ-14     Coulomb-14
    6.39743e+02    2.28202e+02    1.64676e+01    2.14805e+04   -1.33876e+02
        LJ (SR)  Disper. corr.   Coulomb (SR)   Coul. recip. Position Rest.
    7.13953e+04   -1.69496e+03   -5.33878e+05    9.64930e+02    1.19566e+03
   COM Pull En.      Potential    Kinetic En.   Total Energy    Temperature
    6.51352e-01   -4.39785e+05    8.53312e+04   -3.54454e+05    3.07745e+02
 Pres. DC (bar) Pressure (bar)   Constr. rmsd
   -8.13720e+01    1.98655e+02    1.07891e-03

Writing checkpoint, step 179175 at Wed Aug 29 16:43:57 2018


           Step           Time         Lambda
         180000      360.00000        0.00000

   Energies (kJ/mol)
       G96Angle    Proper Dih.  Improper Dih.          LJ-14     Coulomb-14
    6.60359e+02    2.40359e+02    1.26888e+01    2.14970e+04   -1.40423e+02
        LJ (SR)  Disper. corr.   Coulomb (SR)   Coul. recip. Position Rest.
    7.04287e+04   -1.69784e+03   -5.32401e+05    9.69307e+02    1.20525e+03
   COM Pull En.      Potential    Kinetic En.   Total Energy    Temperature
    1.00950e+00   -4.39225e+05    8.57808e+04   -3.53444e+05    3.09366e+02
 Pres. DC (bar) Pressure (bar)   Constr. rmsd
   -8.16487e+01    2.76540e+02    1.05988e-03

           Step           Time         Lambda
         181000      362.00000        0.00000

   Energies (kJ/mol)
       G96Angle    Proper Dih.  Improper Dih.          LJ-14     Coulomb-14
    5.62141e+02    2.37674e+02    1.78062e+01    2.14686e+04   -1.02888e+02
        LJ (SR)  Disper. corr.   Coulomb (SR)   Coul. recip. Position Rest.
    6.99989e+04   -1.69586e+03   -5.32832e+05    9.77495e+02    1.24937e+03
   COM Pull En.      Potential    Kinetic En.   Total Energy    Temperature
    1.22431e+00   -4.40117e+05    8.63003e+04   -3.53817e+05    3.11240e+02
 Pres. DC (bar) Pressure (bar)   Constr. rmsd
   -8.14588e+01   -3.88698e+01    1.07471e-03

           Step           Time         Lambda
         182000      364.00000        0.00000

   Energies (kJ/mol)
       G96Angle    Proper Dih.  Improper Dih.          LJ-14     Coulomb-14
    6.99163e+02    2.43319e+02    1.23849e+01    2.14589e+04   -1.15161e+02
        LJ (SR)  Disper. corr.   Coulomb (SR)   Coul. recip. Position Rest.
    6.99007e+04   -1.69715e+03   -5.32380e+05    9.77792e+02    1.30329e+03
   COM Pull En.      Potential    Kinetic En.   Total Energy    Temperature
    3.83824e+00   -4.39592e+05    8.68150e+04   -3.52777e+05    3.13096e+02
 Pres. DC (bar) Pressure (bar)   Constr. rmsd
   -8.15832e+01    1.46829e+02    1.06602e-03

           Step           Time         Lambda
         183000      366.00000        0.00000

   Energies (kJ/mol)
       G96Angle    Proper Dih.  Improper Dih.          LJ-14     Coulomb-14
    6.39409e+02    2.33673e+02    7.19718e+00    2.14775e+04   -1.06986e+02
        LJ (SR)  Disper. corr.   Coulomb (SR)   Coul. recip. Position Rest.
    7.12056e+04   -1.69177e+03   -5.34542e+05    9.69235e+02    1.26343e+03
   COM Pull En.      Potential    Kinetic En.   Total Energy    Temperature
    2.61433e+00   -4.40543e+05    8.67556e+04   -3.53787e+05    3.12882e+02
 Pres. DC (bar) Pressure (bar)   Constr. rmsd
   -8.10670e+01    1.65785e+02    1.06717e-03

           Step           Time         Lambda
         184000      368.00000        0.00000

   Energies (kJ/mol)
       G96Angle    Proper Dih.  Improper Dih.          LJ-14     Coulomb-14
    6.38652e+02    2.35536e+02    9.20222e+00    2.14788e+04   -1.72806e+02
        LJ (SR)  Disper. corr.   Coulomb (SR)   Coul. recip. Position Rest.
    7.03111e+04   -1.69001e+03   -5.33603e+05    9.84526e+02    1.24454e+03
   COM Pull En.      Potential    Kinetic En.   Total Energy    Temperature
    3.23848e-01   -4.40563e+05    8.61321e+04   -3.54431e+05    3.10633e+02
 Pres. DC (bar) Pressure (bar)   Constr. rmsd
   -8.08979e+01   -1.44054e+02    1.07445e-03

           Step           Time         Lambda
         185000      370.00000        0.00000

   Energies (kJ/mol)
       G96Angle    Proper Dih.  Improper Dih.          LJ-14     Coulomb-14
    6.74411e+02    2.43336e+02    1.19596e+01    2.14897e+04   -1.52251e+02
        LJ (SR)  Disper. corr.   Coulomb (SR)   Coul. recip. Position Rest.
    7.07174e+04   -1.69622e+03   -5.32749e+05    9.85549e+02    1.35168e+03
   COM Pull En.      Potential    Kinetic En.   Total Energy    Temperature
    2.76859e-01   -4.39123e+05    8.68045e+04   -3.52319e+05    3.13058e+02
 Pres. DC (bar) Pressure (bar)   Constr. rmsd
   -8.14930e+01    3.53138e+02    1.03734e-03

           Step           Time         Lambda
         186000      372.00000        0.00000

   Energies (kJ/mol)
       G96Angle    Proper Dih.  Improper Dih.          LJ-14     Coulomb-14
    6.41865e+02    2.22672e+02    1.00862e+01    2.14778e+04   -1.29426e+02
        LJ (SR)  Disper. corr.   Coulomb (SR)   Coul. recip. Position Rest.
    7.08572e+04   -1.69547e+03   -5.33137e+05    1.00215e+03    1.20632e+03
   COM Pull En.      Potential    Kinetic En.   Total Energy    Temperature
    9.29226e-01   -4.39543e+05    8.57891e+04   -3.53754e+05    3.09396e+02
 Pres. DC (bar) Pressure (bar)   Constr. rmsd
   -8.14213e+01    1.57592e+02    1.07567e-03

           Step           Time         Lambda
         187000      374.00000        0.00000

   Energies (kJ/mol)
       G96Angle    Proper Dih.  Improper Dih.          LJ-14     Coulomb-14
    6.02075e+02    2.41342e+02    1.17434e+01    2.14957e+04   -1.10747e+02
        LJ (SR)  Disper. corr.   Coulomb (SR)   Coul. recip. Position Rest.
    7.04859e+04   -1.69472e+03   -5.31999e+05    9.41262e+02    1.28483e+03
   COM Pull En.      Potential    Kinetic En.   Total Energy    Temperature
    6.15566e-02   -4.38742e+05    8.51418e+04   -3.53600e+05    3.07062e+02
 Pres. DC (bar) Pressure (bar)   Constr. rmsd
   -8.13495e+01    1.68127e+02    1.05946e-03

           Step           Time         Lambda
         188000      376.00000        0.00000

   Energies (kJ/mol)
       G96Angle    Proper Dih.  Improper Dih.          LJ-14     Coulomb-14
    5.88953e+02    2.38952e+02    1.65735e+01    2.14818e+04   -1.23693e+02
        LJ (SR)  Disper. corr.   Coulomb (SR)   Coul. recip. Position Rest.
    7.04561e+04   -1.69680e+03   -5.33842e+05    9.63813e+02    1.15937e+03
   COM Pull En.      Potential    Kinetic En.   Total Energy    Temperature
    1.27653e+00   -4.40756e+05    8.54572e+04   -3.55298e+05    3.08199e+02
 Pres. DC (bar) Pressure (bar)   Constr. rmsd
   -8.15488e+01    8.30383e+01    1.06155e-03

           Step           Time         Lambda
         189000      378.00000        0.00000

   Energies (kJ/mol)
       G96Angle    Proper Dih.  Improper Dih.          LJ-14     Coulomb-14
    5.86375e+02    2.45157e+02    8.08788e+00    2.14569e+04   -1.15904e+02
        LJ (SR)  Disper. corr.   Coulomb (SR)   Coul. recip. Position Rest.
    7.04371e+04   -1.70080e+03   -5.34476e+05    1.00671e+03    1.24987e+03
   COM Pull En.      Potential    Kinetic En.   Total Energy    Temperature
    1.54176e-01   -4.41303e+05    8.63915e+04   -3.54911e+05    3.11569e+02
 Pres. DC (bar) Pressure (bar)   Constr. rmsd
   -8.19339e+01   -2.66534e+02    1.11675e-03

           Step           Time         Lambda
         190000      380.00000        0.00000

   Energies (kJ/mol)
       G96Angle    Proper Dih.  Improper Dih.          LJ-14     Coulomb-14
    6.38070e+02    2.37337e+02    1.57885e+01    2.14796e+04   -1.24590e+02
        LJ (SR)  Disper. corr.   Coulomb (SR)   Coul. recip. Position Rest.
    7.02478e+04   -1.69648e+03   -5.32431e+05    9.54112e+02    1.12003e+03
   COM Pull En.      Potential    Kinetic En.   Total Energy    Temperature
    1.79361e-01   -4.39560e+05    8.49266e+04   -3.54633e+05    3.06286e+02
 Pres. DC (bar) Pressure (bar)   Constr. rmsd
   -8.15183e+01   -1.11657e+02    1.10247e-03

           Step           Time         Lambda
         191000      382.00000        0.00000

   Energies (kJ/mol)
       G96Angle    Proper Dih.  Improper Dih.          LJ-14     Coulomb-14
    6.90451e+02    2.39252e+02    8.37661e+00    2.14905e+04   -1.49658e+02
        LJ (SR)  Disper. corr.   Coulomb (SR)   Coul. recip. Position Rest.
    6.97556e+04   -1.69275e+03   -5.31483e+05    1.01335e+03    1.22732e+03
   COM Pull En.      Potential    Kinetic En.   Total Energy    Temperature
    3.31138e-01   -4.38900e+05    8.54976e+04   -3.53402e+05    3.08345e+02
 Pres. DC (bar) Pressure (bar)   Constr. rmsd
   -8.11606e+01   -3.26800e+02    1.11746e-03

           Step           Time         Lambda
         192000      384.00000        0.00000

   Energies (kJ/mol)
       G96Angle    Proper Dih.  Improper Dih.          LJ-14     Coulomb-14
    6.58329e+02    2.49844e+02    1.68853e+01    2.14789e+04   -1.48001e+02
        LJ (SR)  Disper. corr.   Coulomb (SR)   Coul. recip. Position Rest.
    6.99026e+04   -1.69605e+03   -5.31370e+05    9.69559e+02    1.18898e+03
   COM Pull En.      Potential    Kinetic En.   Total Energy    Temperature
    4.20916e-02   -4.38749e+05    8.53733e+04   -3.53376e+05    3.07897e+02
 Pres. DC (bar) Pressure (bar)   Constr. rmsd
   -8.14767e+01   -2.38233e+02    1.10502e-03

           Step           Time         Lambda
         193000      386.00000        0.00000

   Energies (kJ/mol)
       G96Angle    Proper Dih.  Improper Dih.          LJ-14     Coulomb-14
    5.93291e+02    2.49544e+02    1.04988e+01    2.14670e+04   -1.34095e+02
        LJ (SR)  Disper. corr.   Coulomb (SR)   Coul. recip. Position Rest.
    6.97265e+04   -1.69250e+03   -5.32489e+05    9.80194e+02    1.24061e+03
   COM Pull En.      Potential    Kinetic En.   Total Energy    Temperature
    7.55561e-02   -4.40048e+05    8.56883e+04   -3.54360e+05    3.09033e+02
 Pres. DC (bar) Pressure (bar)   Constr. rmsd
   -8.11364e+01    8.88078e+01    1.06091e-03

           Step           Time         Lambda
         194000      388.00000        0.00000

   Energies (kJ/mol)
       G96Angle    Proper Dih.  Improper Dih.          LJ-14     Coulomb-14
    6.65385e+02    2.35544e+02    7.02893e+00    2.14702e+04   -1.58372e+02
        LJ (SR)  Disper. corr.   Coulomb (SR)   Coul. recip. Position Rest.
    6.98505e+04   -1.69456e+03   -5.33086e+05    9.45041e+02    1.23680e+03
   COM Pull En.      Potential    Kinetic En.   Total Energy    Temperature
    4.46826e-01   -4.40528e+05    8.60878e+04   -3.54441e+05    3.10474e+02
 Pres. DC (bar) Pressure (bar)   Constr. rmsd
   -8.13336e+01   -1.14680e+02    1.07429e-03

           Step           Time         Lambda
         195000      390.00000        0.00000

   Energies (kJ/mol)
       G96Angle    Proper Dih.  Improper Dih.          LJ-14     Coulomb-14
    6.31580e+02    2.32562e+02    8.36244e+00    2.15076e+04   -1.09854e+02
        LJ (SR)  Disper. corr.   Coulomb (SR)   Coul. recip. Position Rest.
    7.02458e+04   -1.69776e+03   -5.31643e+05    9.65912e+02    1.24459e+03
   COM Pull En.      Potential    Kinetic En.   Total Energy    Temperature
    1.14477e-02   -4.38614e+05    8.55889e+04   -3.53025e+05    3.08674e+02
 Pres. DC (bar) Pressure (bar)   Constr. rmsd
   -8.16410e+01    2.38105e+02    1.05617e-03

           Step           Time         Lambda
         196000      392.00000        0.00000

   Energies (kJ/mol)
       G96Angle    Proper Dih.  Improper Dih.          LJ-14     Coulomb-14
    6.27932e+02    2.44819e+02    1.07687e+01    2.14820e+04   -1.18653e+02
        LJ (SR)  Disper. corr.   Coulomb (SR)   Coul. recip. Position Rest.
    6.93156e+04   -1.69767e+03   -5.30478e+05    9.81677e+02    1.14126e+03
   COM Pull En.      Potential    Kinetic En.   Total Energy    Temperature
    8.32460e-01   -4.38490e+05    8.56176e+04   -3.52872e+05    3.08778e+02
 Pres. DC (bar) Pressure (bar)   Constr. rmsd
   -8.16327e+01    4.70780e+01    1.06850e-03

           Step           Time         Lambda
         197000      394.00000        0.00000

   Energies (kJ/mol)
       G96Angle    Proper Dih.  Improper Dih.          LJ-14     Coulomb-14
    6.26647e+02    2.38859e+02    1.26621e+01    2.14755e+04   -9.02173e+01
        LJ (SR)  Disper. corr.   Coulomb (SR)   Coul. recip. Position Rest.
    7.08883e+04   -1.69459e+03   -5.33410e+05    9.91050e+02    1.27356e+03
   COM Pull En.      Potential    Kinetic En.   Total Energy    Temperature
    6.42801e-04   -4.39688e+05    8.60377e+04   -3.53650e+05    3.10293e+02
 Pres. DC (bar) Pressure (bar)   Constr. rmsd
   -8.13368e+01   -1.61069e+01    1.09184e-03

           Step           Time         Lambda
         198000      396.00000        0.00000

   Energies (kJ/mol)
       G96Angle    Proper Dih.  Improper Dih.          LJ-14     Coulomb-14
    7.24545e+02    2.51999e+02    1.07654e+01    2.14569e+04   -1.73024e+02
        LJ (SR)  Disper. corr.   Coulomb (SR)   Coul. recip. Position Rest.
    6.99161e+04   -1.69451e+03   -5.32351e+05    1.04738e+03    1.17290e+03
   COM Pull En.      Potential    Kinetic En.   Total Energy    Temperature
    1.14037e-01   -4.39638e+05    8.62083e+04   -3.53430e+05    3.10908e+02
 Pres. DC (bar) Pressure (bar)   Constr. rmsd
   -8.13295e+01   -9.33007e+01    1.08839e-03

           Step           Time         Lambda
         199000      398.00000        0.00000

   Energies (kJ/mol)
       G96Angle    Proper Dih.  Improper Dih.          LJ-14     Coulomb-14
    6.50096e+02    2.34675e+02    6.93067e+00    2.14783e+04   -1.48563e+02
        LJ (SR)  Disper. corr.   Coulomb (SR)   Coul. recip. Position Rest.
    7.00924e+04   -1.69115e+03   -5.33071e+05    9.94577e+02    1.27749e+03
   COM Pull En.      Potential    Kinetic En.   Total Energy    Temperature
    6.37506e-01   -4.40176e+05    8.56397e+04   -3.54536e+05    3.08857e+02
 Pres. DC (bar) Pressure (bar)   Constr. rmsd
   -8.10069e+01   -1.57364e+02    1.07013e-03

           Step           Time         Lambda
         200000      400.00000        0.00000

   Energies (kJ/mol)
       G96Angle    Proper Dih.  Improper Dih.          LJ-14     Coulomb-14
    6.47696e+02    2.46337e+02    1.23984e+01    2.14764e+04   -1.26265e+02
        LJ (SR)  Disper. corr.   Coulomb (SR)   Coul. recip. Position Rest.
    7.04896e+04   -1.69526e+03   -5.32856e+05    9.50184e+02    1.26184e+03
   COM Pull En.      Potential    Kinetic En.   Total Energy    Temperature
    5.38305e-01   -4.39593e+05    8.59593e+04   -3.53634e+05    3.10010e+02
 Pres. DC (bar) Pressure (bar)   Constr. rmsd
   -8.14015e+01    3.05678e+02    1.05938e-03

           Step           Time         Lambda
         201000      402.00000        0.00000

   Energies (kJ/mol)
       G96Angle    Proper Dih.  Improper Dih.          LJ-14     Coulomb-14
    6.54257e+02    2.37782e+02    1.61077e+01    2.14943e+04   -1.12443e+02
        LJ (SR)  Disper. corr.   Coulomb (SR)   Coul. recip. Position Rest.
    7.02869e+04   -1.69303e+03   -5.30210e+05    9.90348e+02    1.23039e+03
   COM Pull En.      Potential    Kinetic En.   Total Energy    Temperature
    1.11965e+00   -4.37105e+05    8.56535e+04   -3.51451e+05    3.08907e+02
 Pres. DC (bar) Pressure (bar)   Constr. rmsd
   -8.11872e+01    1.88133e+02    1.06409e-03

           Step           Time         Lambda
         202000      404.00000        0.00000

   Energies (kJ/mol)
       G96Angle    Proper Dih.  Improper Dih.          LJ-14     Coulomb-14
    6.21792e+02    2.35505e+02    1.67911e+01    2.14823e+04   -1.18821e+02
        LJ (SR)  Disper. corr.   Coulomb (SR)   Coul. recip. Position Rest.
    7.11442e+04   -1.69103e+03   -5.33081e+05    9.45438e+02    1.23688e+03
   COM Pull En.      Potential    Kinetic En.   Total Energy    Temperature
    1.54717e+00   -4.39206e+05    8.68916e+04   -3.52315e+05    3.13372e+02
 Pres. DC (bar) Pressure (bar)   Constr. rmsd
   -8.09954e+01   -6.30313e+01    1.08295e-03

           Step           Time         Lambda
         203000      406.00000        0.00000

   Energies (kJ/mol)
       G96Angle    Proper Dih.  Improper Dih.          LJ-14     Coulomb-14
    6.92010e+02    2.37580e+02    1.53389e+01    2.14912e+04   -6.91647e+01
        LJ (SR)  Disper. corr.   Coulomb (SR)   Coul. recip. Position Rest.
    7.00529e+04   -1.69240e+03   -5.32353e+05    9.60492e+02    1.22905e+03
   COM Pull En.      Potential    Kinetic En.   Total Energy    Temperature
    2.49706e-01   -4.39435e+05    8.57159e+04   -3.53719e+05    3.09132e+02
 Pres. DC (bar) Pressure (bar)   Constr. rmsd
   -8.11273e+01   -2.67527e+02    1.09745e-03

           Step           Time         Lambda
         204000      408.00000        0.00000

   Energies (kJ/mol)
       G96Angle    Proper Dih.  Improper Dih.          LJ-14     Coulomb-14
    5.96076e+02    2.55338e+02    1.51149e+01    2.14943e+04   -1.21578e+02
        LJ (SR)  Disper. corr.   Coulomb (SR)   Coul. recip. Position Rest.
    7.00788e+04   -1.68998e+03   -5.31678e+05    9.83164e+02    1.24150e+03
   COM Pull En.      Potential    Kinetic En.   Total Energy    Temperature
    2.41644e-01   -4.38825e+05    8.61683e+04   -3.52657e+05    3.10764e+02
 Pres. DC (bar) Pressure (bar)   Constr. rmsd
   -8.08947e+01   -8.00572e+01    1.08119e-03

           Step           Time         Lambda
         205000      410.00000        0.00000

   Energies (kJ/mol)
       G96Angle    Proper Dih.  Improper Dih.          LJ-14     Coulomb-14
    6.37666e+02    2.51621e+02    2.00174e+01    2.15224e+04   -1.38973e+02
        LJ (SR)  Disper. corr.   Coulomb (SR)   Coul. recip. Position Rest.
    6.99496e+04   -1.69471e+03   -5.31601e+05    9.72397e+02    1.24216e+03
   COM Pull En.      Potential    Kinetic En.   Total Energy    Temperature
    2.22528e-01   -4.38839e+05    8.58679e+04   -3.52971e+05    3.09680e+02
 Pres. DC (bar) Pressure (bar)   Constr. rmsd
   -8.13480e+01    6.30694e+02    1.03984e-03

           Step           Time         Lambda
         206000      412.00000        0.00000

   Energies (kJ/mol)
       G96Angle    Proper Dih.  Improper Dih.          LJ-14     Coulomb-14
    6.29977e+02    2.46551e+02    1.49158e+01    2.14770e+04   -1.07290e+02
        LJ (SR)  Disper. corr.   Coulomb (SR)   Coul. recip. Position Rest.
    7.05609e+04   -1.69291e+03   -5.32555e+05    1.03570e+03    1.30632e+03
   COM Pull En.      Potential    Kinetic En.   Total Energy    Temperature
    2.91203e-01   -4.39083e+05    8.58952e+04   -3.53188e+05    3.09779e+02
 Pres. DC (bar) Pressure (bar)   Constr. rmsd
   -8.11759e+01    5.34184e+00    1.08687e-03

           Step           Time         Lambda
         207000      414.00000        0.00000

   Energies (kJ/mol)
       G96Angle    Proper Dih.  Improper Dih.          LJ-14     Coulomb-14
    6.18790e+02    2.30130e+02    1.11725e+01    2.15064e+04   -1.14116e+02
        LJ (SR)  Disper. corr.   Coulomb (SR)   Coul. recip. Position Rest.
    6.97903e+04   -1.68864e+03   -5.30836e+05    9.97816e+02    1.18238e+03
   COM Pull En.      Potential    Kinetic En.   Total Energy    Temperature
    1.83176e-01   -4.38301e+05    8.60410e+04   -3.52260e+05    3.10305e+02
 Pres. DC (bar) Pressure (bar)   Constr. rmsd
   -8.07668e+01   -2.45710e+02    1.10066e-03

           Step           Time         Lambda
         208000      416.00000        0.00000

   Energies (kJ/mol)
       G96Angle    Proper Dih.  Improper Dih.          LJ-14     Coulomb-14
    6.79696e+02    2.40369e+02    7.27048e+00    2.14582e+04   -1.36385e+02
        LJ (SR)  Disper. corr.   Coulomb (SR)   Coul. recip. Position Rest.
    7.00333e+04   -1.69416e+03   -5.31324e+05    9.19544e+02    1.25340e+03
   COM Pull En.      Potential    Kinetic En.   Total Energy    Temperature
    2.14661e-03   -4.38563e+05    8.53773e+04   -3.53186e+05    3.07911e+02
 Pres. DC (bar) Pressure (bar)   Constr. rmsd
   -8.12954e+01   -3.09168e+02    1.10368e-03

           Step           Time         Lambda
         209000      418.00000        0.00000

   Energies (kJ/mol)
       G96Angle    Proper Dih.  Improper Dih.          LJ-14     Coulomb-14
    6.43374e+02    2.37893e+02    1.68159e+01    2.14707e+04   -1.36194e+02
        LJ (SR)  Disper. corr.   Coulomb (SR)   Coul. recip. Position Rest.
    7.11131e+04   -1.69423e+03   -5.34876e+05    8.85594e+02    1.16285e+03
   COM Pull En.      Potential    Kinetic En.   Total Energy    Temperature
    9.70157e-01   -4.41175e+05    8.59811e+04   -3.55194e+05    3.10089e+02
 Pres. DC (bar) Pressure (bar)   Constr. rmsd
   -8.13028e+01   -1.11415e+02    1.10162e-03

           Step           Time         Lambda
         210000      420.00000        0.00000

   Energies (kJ/mol)
       G96Angle    Proper Dih.  Improper Dih.          LJ-14     Coulomb-14
    6.70544e+02    2.43554e+02    9.06310e+00    2.14920e+04   -1.09197e+02
        LJ (SR)  Disper. corr.   Coulomb (SR)   Coul. recip. Position Rest.
    7.03774e+04   -1.69370e+03   -5.33417e+05    1.01240e+03    1.19136e+03
   COM Pull En.      Potential    Kinetic En.   Total Energy    Temperature
    1.61648e+00   -4.40222e+05    8.51802e+04   -3.55042e+05    3.07200e+02
 Pres. DC (bar) Pressure (bar)   Constr. rmsd
   -8.12517e+01    1.79646e+02    1.07029e-03

           Step           Time         Lambda
         211000      422.00000        0.00000

   Energies (kJ/mol)
       G96Angle    Proper Dih.  Improper Dih.          LJ-14     Coulomb-14
    5.94764e+02    2.53139e+02    1.07138e+01    2.14664e+04   -1.38084e+02
        LJ (SR)  Disper. corr.   Coulomb (SR)   Coul. recip. Position Rest.
    6.90999e+04   -1.69180e+03   -5.31258e+05    9.82343e+02    1.20437e+03
   COM Pull En.      Potential    Kinetic En.   Total Energy    Temperature
    5.90891e-01   -4.39476e+05    8.58737e+04   -3.53602e+05    3.09701e+02
 Pres. DC (bar) Pressure (bar)   Constr. rmsd
   -8.10692e+01   -4.43658e+02    1.09336e-03

           Step           Time         Lambda
         212000      424.00000        0.00000

   Energies (kJ/mol)
       G96Angle    Proper Dih.  Improper Dih.          LJ-14     Coulomb-14
    6.73196e+02    2.36907e+02    2.12447e+01    2.14877e+04   -1.26734e+02
        LJ (SR)  Disper. corr.   Coulomb (SR)   Coul. recip. Position Rest.
    7.02912e+04   -1.69544e+03   -5.33024e+05    9.77531e+02    1.20389e+03
   COM Pull En.      Potential    Kinetic En.   Total Energy    Temperature
    7.17967e-01   -4.39954e+05    8.55269e+04   -3.54427e+05    3.08451e+02
 Pres. DC (bar) Pressure (bar)   Constr. rmsd
   -8.14183e+01    1.40406e+02    1.05282e-03

           Step           Time         Lambda
         213000      426.00000        0.00000

   Energies (kJ/mol)
       G96Angle    Proper Dih.  Improper Dih.          LJ-14     Coulomb-14
    6.74136e+02    2.37985e+02    8.04689e+00    2.14740e+04   -1.13525e+02
        LJ (SR)  Disper. corr.   Coulomb (SR)   Coul. recip. Position Rest.
    6.95843e+04   -1.69583e+03   -5.32384e+05    9.92767e+02    1.11136e+03
   COM Pull En.      Potential    Kinetic En.   Total Energy    Temperature
    1.02669e-02   -4.40110e+05    8.61911e+04   -3.53919e+05    3.10846e+02
 Pres. DC (bar) Pressure (bar)   Constr. rmsd
   -8.14560e+01   -2.41978e+02    1.08628e-03

           Step           Time         Lambda
         214000      428.00000        0.00000

   Energies (kJ/mol)
       G96Angle    Proper Dih.  Improper Dih.          LJ-14     Coulomb-14
    6.98317e+02    2.45948e+02    5.97206e+00    2.14913e+04   -1.54066e+02
        LJ (SR)  Disper. corr.   Coulomb (SR)   Coul. recip. Position Rest.
    7.07010e+04   -1.69234e+03   -5.32566e+05    9.80378e+02    1.34196e+03
   COM Pull En.      Potential    Kinetic En.   Total Energy    Temperature
    3.35682e-01   -4.38947e+05    8.60091e+04   -3.52938e+05    3.10190e+02
 Pres. DC (bar) Pressure (bar)   Constr. rmsd
   -8.11210e+01    9.99111e+01    1.08269e-03

           Step           Time         Lambda
         215000      430.00000        0.00000

   Energies (kJ/mol)
       G96Angle    Proper Dih.  Improper Dih.          LJ-14     Coulomb-14
    6.55140e+02    2.44970e+02    1.41654e+01    2.14747e+04   -1.68793e+02
        LJ (SR)  Disper. corr.   Coulomb (SR)   Coul. recip. Position Rest.
    6.95585e+04   -1.69279e+03   -5.30687e+05    9.30613e+02    1.24003e+03
   COM Pull En.      Potential    Kinetic En.   Total Energy    Temperature
    2.93752e-01   -4.38430e+05    8.57529e+04   -3.52678e+05    3.09266e+02
 Pres. DC (bar) Pressure (bar)   Constr. rmsd
   -8.11640e+01    6.10944e+01    1.05303e-03

           Step           Time         Lambda
         216000      432.00000        0.00000

   Energies (kJ/mol)
       G96Angle    Proper Dih.  Improper Dih.          LJ-14     Coulomb-14
    5.96152e+02    2.50156e+02    7.39397e+00    2.14960e+04   -1.20014e+02
        LJ (SR)  Disper. corr.   Coulomb (SR)   Coul. recip. Position Rest.
    7.00717e+04   -1.69152e+03   -5.32242e+05    9.12984e+02    1.22921e+03
   COM Pull En.      Potential    Kinetic En.   Total Energy    Temperature
    8.24608e-03   -4.39490e+05    8.62416e+04   -3.53249e+05    3.11028e+02
 Pres. DC (bar) Pressure (bar)   Constr. rmsd
   -8.10423e+01   -1.09066e+02    1.08166e-03

           Step           Time         Lambda
         217000      434.00000        0.00000

   Energies (kJ/mol)
       G96Angle    Proper Dih.  Improper Dih.          LJ-14     Coulomb-14
    6.76421e+02    2.48145e+02    1.23463e+01    2.14847e+04   -1.46375e+02
        LJ (SR)  Disper. corr.   Coulomb (SR)   Coul. recip. Position Rest.
    6.96652e+04   -1.69683e+03   -5.30926e+05    9.89894e+02    1.19888e+03
   COM Pull En.      Potential    Kinetic En.   Total Energy    Temperature
    1.55987e-01   -4.38493e+05    8.54556e+04   -3.53038e+05    3.08194e+02
 Pres. DC (bar) Pressure (bar)   Constr. rmsd
   -8.15522e+01    2.04522e+02    1.03659e-03

           Step           Time         Lambda
         218000      436.00000        0.00000

   Energies (kJ/mol)
       G96Angle    Proper Dih.  Improper Dih.          LJ-14     Coulomb-14
    6.35298e+02    2.26808e+02    8.27968e+00    2.14935e+04   -1.08323e+02
        LJ (SR)  Disper. corr.   Coulomb (SR)   Coul. recip. Position Rest.
    6.98008e+04   -1.69324e+03   -5.32987e+05    9.68888e+02    1.29924e+03
   COM Pull En.      Potential    Kinetic En.   Total Energy    Temperature
    7.02713e-02   -4.40356e+05    8.60422e+04   -3.54314e+05    3.10309e+02
 Pres. DC (bar) Pressure (bar)   Constr. rmsd
   -8.12075e+01   -7.11178e+01    1.06982e-03

           Step           Time         Lambda
         219000      438.00000        0.00000

   Energies (kJ/mol)
       G96Angle    Proper Dih.  Improper Dih.          LJ-14     Coulomb-14
    6.04531e+02    2.28746e+02    1.00912e+01    2.14666e+04   -1.16646e+02
        LJ (SR)  Disper. corr.   Coulomb (SR)   Coul. recip. Position Rest.
    7.03546e+04   -1.69141e+03   -5.31570e+05    9.57864e+02    1.23783e+03
   COM Pull En.      Potential    Kinetic En.   Total Energy    Temperature
    4.56482e-02   -4.38518e+05    8.54427e+04   -3.53075e+05    3.08147e+02
 Pres. DC (bar) Pressure (bar)   Constr. rmsd
   -8.10320e+01   -2.98273e+02    1.12439e-03

           Step           Time         Lambda
         220000      440.00000        0.00000

   Energies (kJ/mol)
       G96Angle    Proper Dih.  Improper Dih.          LJ-14     Coulomb-14
    6.75986e+02    2.28436e+02    1.16543e+01    2.14832e+04   -1.23500e+02
        LJ (SR)  Disper. corr.   Coulomb (SR)   Coul. recip. Position Rest.
    7.11227e+04   -1.69666e+03   -5.33085e+05    9.56511e+02    1.31583e+03
   COM Pull En.      Potential    Kinetic En.   Total Energy    Temperature
    7.48332e-03   -4.39111e+05    8.61381e+04   -3.52973e+05    3.10655e+02
 Pres. DC (bar) Pressure (bar)   Constr. rmsd
   -8.15360e+01    2.96752e+02    1.06304e-03

           Step           Time         Lambda
         221000      442.00000        0.00000

   Energies (kJ/mol)
       G96Angle    Proper Dih.  Improper Dih.          LJ-14     Coulomb-14
    6.17435e+02    2.42657e+02    8.68153e+00    2.14744e+04   -1.29203e+02
        LJ (SR)  Disper. corr.   Coulomb (SR)   Coul. recip. Position Rest.
    7.02363e+04   -1.69409e+03   -5.33898e+05    9.29250e+02    1.18012e+03
   COM Pull En.      Potential    Kinetic En.   Total Energy    Temperature
    5.32059e-04   -4.41032e+05    8.60838e+04   -3.54949e+05    3.10459e+02
 Pres. DC (bar) Pressure (bar)   Constr. rmsd
   -8.12888e+01    1.13505e+02    1.06320e-03

           Step           Time         Lambda
         222000      444.00000        0.00000

   Energies (kJ/mol)
       G96Angle    Proper Dih.  Improper Dih.          LJ-14     Coulomb-14
    5.99068e+02    2.34282e+02    1.07839e+01    2.14738e+04   -1.11444e+02
        LJ (SR)  Disper. corr.   Coulomb (SR)   Coul. recip. Position Rest.
    7.08728e+04   -1.69555e+03   -5.33185e+05    1.01046e+03    1.33461e+03
   COM Pull En.      Potential    Kinetic En.   Total Energy    Temperature
    5.96455e-04   -4.39456e+05    8.55749e+04   -3.53881e+05    3.08624e+02
 Pres. DC (bar) Pressure (bar)   Constr. rmsd
   -8.14288e+01    4.45410e+00    1.07793e-03

           Step           Time         Lambda
         223000      446.00000        0.00000

   Energies (kJ/mol)
       G96Angle    Proper Dih.  Improper Dih.          LJ-14     Coulomb-14
    6.35370e+02    2.35283e+02    6.91848e+00    2.14737e+04   -1.28556e+02
        LJ (SR)  Disper. corr.   Coulomb (SR)   Coul. recip. Position Rest.
    7.04820e+04   -1.69394e+03   -5.33511e+05    1.02054e+03    1.24642e+03
   COM Pull En.      Potential    Kinetic En.   Total Energy    Temperature
    2.85802e+00   -4.40230e+05    8.51423e+04   -3.55088e+05    3.07064e+02
 Pres. DC (bar) Pressure (bar)   Constr. rmsd
   -8.12745e+01    2.02246e+02    1.06653e-03

           Step           Time         Lambda
         224000      448.00000        0.00000

   Energies (kJ/mol)
       G96Angle    Proper Dih.  Improper Dih.          LJ-14     Coulomb-14
    5.97577e+02    2.31686e+02    1.07837e+01    2.14798e+04   -1.26621e+02
        LJ (SR)  Disper. corr.   Coulomb (SR)   Coul. recip. Position Rest.
    7.04427e+04   -1.69603e+03   -5.33422e+05    1.00212e+03    1.22865e+03
   COM Pull En.      Potential    Kinetic En.   Total Energy    Temperature
    2.90148e+00   -4.40248e+05    8.60410e+04   -3.54207e+05    3.10305e+02
 Pres. DC (bar) Pressure (bar)   Constr. rmsd
   -8.14754e+01   -1.64075e+02    1.07552e-03

           Step           Time         Lambda
         225000      450.00000        0.00000

   Energies (kJ/mol)
       G96Angle    Proper Dih.  Improper Dih.          LJ-14     Coulomb-14
    5.85398e+02    2.41683e+02    1.83293e+01    2.14765e+04   -1.54488e+02
        LJ (SR)  Disper. corr.   Coulomb (SR)   Coul. recip. Position Rest.
    7.04819e+04   -1.69711e+03   -5.32631e+05    9.78300e+02    1.26145e+03
   COM Pull En.      Potential    Kinetic En.   Total Energy    Temperature
    2.92788e+00   -4.39436e+05    8.48356e+04   -3.54601e+05    3.05957e+02
 Pres. DC (bar) Pressure (bar)   Constr. rmsd
   -8.15793e+01    1.36587e+02    1.05385e-03

           Step           Time         Lambda
         226000      452.00000        0.00000

   Energies (kJ/mol)
       G96Angle    Proper Dih.  Improper Dih.          LJ-14     Coulomb-14
    6.12719e+02    2.33826e+02    8.33127e+00    2.14682e+04   -1.18682e+02
        LJ (SR)  Disper. corr.   Coulomb (SR)   Coul. recip. Position Rest.
    6.91789e+04   -1.69573e+03   -5.30989e+05    9.53817e+02    1.30171e+03
   COM Pull En.      Potential    Kinetic En.   Total Energy    Temperature
    6.00345e-02   -4.39046e+05    8.63201e+04   -3.52726e+05    3.11311e+02
 Pres. DC (bar) Pressure (bar)   Constr. rmsd
   -8.14459e+01   -3.46065e+02    1.10501e-03

           Step           Time         Lambda
         227000      454.00000        0.00000

   Energies (kJ/mol)
       G96Angle    Proper Dih.  Improper Dih.          LJ-14     Coulomb-14
    6.69317e+02    2.36179e+02    8.67740e+00    2.14583e+04   -1.47157e+02
        LJ (SR)  Disper. corr.   Coulomb (SR)   Coul. recip. Position Rest.
    7.03827e+04   -1.70128e+03   -5.32072e+05    9.52265e+02    1.25766e+03
   COM Pull En.      Potential    Kinetic En.   Total Energy    Temperature
    1.04200e-02   -4.38955e+05    8.53876e+04   -3.53568e+05    3.07948e+02
 Pres. DC (bar) Pressure (bar)   Constr. rmsd
   -8.19804e+01   -3.61439e+02    1.11674e-03

           Step           Time         Lambda
         228000      456.00000        0.00000

   Energies (kJ/mol)
       G96Angle    Proper Dih.  Improper Dih.          LJ-14     Coulomb-14
    6.68346e+02    2.52493e+02    1.37840e+01    2.14664e+04   -1.01787e+02
        LJ (SR)  Disper. corr.   Coulomb (SR)   Coul. recip. Position Rest.
    7.17145e+04   -1.69524e+03   -5.35235e+05    9.32100e+02    1.19609e+03
   COM Pull En.      Potential    Kinetic En.   Total Energy    Temperature
    3.63339e-01   -4.40787e+05    8.59380e+04   -3.54849e+05    3.09933e+02
 Pres. DC (bar) Pressure (bar)   Constr. rmsd
   -8.13990e+01    3.20355e+02    1.05276e-03

           Step           Time         Lambda
         229000      458.00000        0.00000

   Energies (kJ/mol)
       G96Angle    Proper Dih.  Improper Dih.          LJ-14     Coulomb-14
    6.63490e+02    2.40243e+02    1.06093e+01    2.14923e+04   -1.23551e+02
        LJ (SR)  Disper. corr.   Coulomb (SR)   Coul. recip. Position Rest.
    7.07294e+04   -1.69508e+03   -5.34632e+05    9.36788e+02    1.22872e+03
   COM Pull En.      Potential    Kinetic En.   Total Energy    Temperature
    1.60092e-01   -4.41149e+05    8.60739e+04   -3.55075e+05    3.10423e+02
 Pres. DC (bar) Pressure (bar)   Constr. rmsd
   -8.13835e+01    2.31048e+02    1.05132e-03

           Step           Time         Lambda
         230000      460.00000        0.00000

   Energies (kJ/mol)
       G96Angle    Proper Dih.  Improper Dih.          LJ-14     Coulomb-14
    6.86016e+02    2.52457e+02    8.62721e+00    2.14635e+04   -1.06050e+02
        LJ (SR)  Disper. corr.   Coulomb (SR)   Coul. recip. Position Rest.
    7.02354e+04   -1.69437e+03   -5.32376e+05    1.00867e+03    1.16714e+03
   COM Pull En.      Potential    Kinetic En.   Total Energy    Temperature
    1.66661e+00   -4.39353e+05    8.60338e+04   -3.53319e+05    3.10279e+02
 Pres. DC (bar) Pressure (bar)   Constr. rmsd
   -8.13159e+01   -1.32852e+02    1.08814e-03

           Step           Time         Lambda
         231000      462.00000        0.00000

   Energies (kJ/mol)
       G96Angle    Proper Dih.  Improper Dih.          LJ-14     Coulomb-14
    6.37143e+02    2.40301e+02    1.01225e+01    2.14647e+04   -1.37059e+02
        LJ (SR)  Disper. corr.   Coulomb (SR)   Coul. recip. Position Rest.
    7.01961e+04   -1.69349e+03   -5.32338e+05    9.91143e+02    1.35986e+03
   COM Pull En.      Potential    Kinetic En.   Total Energy    Temperature
    1.00785e-02   -4.39269e+05    8.57878e+04   -3.53481e+05    3.09392e+02
 Pres. DC (bar) Pressure (bar)   Constr. rmsd
   -8.12314e+01   -1.41373e+02    1.09067e-03

           Step           Time         Lambda
         232000      464.00000        0.00000

   Energies (kJ/mol)
       G96Angle    Proper Dih.  Improper Dih.          LJ-14     Coulomb-14
    6.18909e+02    2.31888e+02    1.30541e+01    2.14800e+04   -1.58916e+02
        LJ (SR)  Disper. corr.   Coulomb (SR)   Coul. recip. Position Rest.
    7.08386e+04   -1.69507e+03   -5.34134e+05    9.15421e+02    1.09740e+03
   COM Pull En.      Potential    Kinetic En.   Total Energy    Temperature
    8.60417e-04   -4.40793e+05    8.52710e+04   -3.55522e+05    3.07528e+02
 Pres. DC (bar) Pressure (bar)   Constr. rmsd
   -8.13827e+01    1.78952e+02    1.05325e-03

           Step           Time         Lambda
         233000      466.00000        0.00000

   Energies (kJ/mol)
       G96Angle    Proper Dih.  Improper Dih.          LJ-14     Coulomb-14
    6.30508e+02    2.46838e+02    1.43085e+01    2.14882e+04   -1.26149e+02
        LJ (SR)  Disper. corr.   Coulomb (SR)   Coul. recip. Position Rest.
    7.04265e+04   -1.69694e+03   -5.33265e+05    9.48884e+02    1.20434e+03
   COM Pull En.      Potential    Kinetic En.   Total Energy    Temperature
    2.91745e-01   -4.40128e+05    8.52971e+04   -3.54831e+05    3.07622e+02
 Pres. DC (bar) Pressure (bar)   Constr. rmsd
   -8.15623e+01   -2.62939e+02    1.11259e-03

           Step           Time         Lambda
         234000      468.00000        0.00000

   Energies (kJ/mol)
       G96Angle    Proper Dih.  Improper Dih.          LJ-14     Coulomb-14
    6.43945e+02    2.43813e+02    7.57211e+00    2.14733e+04   -1.45593e+02
        LJ (SR)  Disper. corr.   Coulomb (SR)   Coul. recip. Position Rest.
    6.99229e+04   -1.69743e+03   -5.32549e+05    9.79280e+02    1.24360e+03
   COM Pull En.      Potential    Kinetic En.   Total Energy    Temperature
    3.90418e-01   -4.39877e+05    8.63694e+04   -3.53508e+05    3.11489e+02
 Pres. DC (bar) Pressure (bar)   Constr. rmsd
   -8.16092e+01   -1.83058e+02    1.10379e-03

           Step           Time         Lambda
         235000      470.00000        0.00000

   Energies (kJ/mol)
       G96Angle    Proper Dih.  Improper Dih.          LJ-14     Coulomb-14
    6.16699e+02    2.42138e+02    1.28490e+01    2.14619e+04   -1.04936e+02
        LJ (SR)  Disper. corr.   Coulomb (SR)   Coul. recip. Position Rest.
    6.99275e+04   -1.69563e+03   -5.33044e+05    9.18846e+02    1.22101e+03
   COM Pull En.      Potential    Kinetic En.   Total Energy    Temperature
    8.19453e-04   -4.40443e+05    8.58402e+04   -3.54603e+05    3.09581e+02
 Pres. DC (bar) Pressure (bar)   Constr. rmsd
   -8.14366e+01   -3.41112e+02    1.10646e-03

           Step           Time         Lambda
         236000      472.00000        0.00000

   Energies (kJ/mol)
       G96Angle    Proper Dih.  Improper Dih.          LJ-14     Coulomb-14
    6.32863e+02    2.35870e+02    1.23048e+01    2.14778e+04   -1.55966e+02
        LJ (SR)  Disper. corr.   Coulomb (SR)   Coul. recip. Position Rest.
    7.04631e+04   -1.69538e+03   -5.33114e+05    9.15869e+02    1.20026e+03
   COM Pull En.      Potential    Kinetic En.   Total Energy    Temperature
    4.12202e-01   -4.40027e+05    8.57216e+04   -3.54306e+05    3.09153e+02
 Pres. DC (bar) Pressure (bar)   Constr. rmsd
   -8.14123e+01    2.02682e+02    1.04667e-03

           Step           Time         Lambda
         237000      474.00000        0.00000

   Energies (kJ/mol)
       G96Angle    Proper Dih.  Improper Dih.          LJ-14     Coulomb-14
    6.30647e+02    2.50931e+02    8.12842e+00    2.14853e+04   -1.26047e+02
        LJ (SR)  Disper. corr.   Coulomb (SR)   Coul. recip. Position Rest.
    7.01217e+04   -1.69459e+03   -5.32609e+05    9.73532e+02    1.23691e+03
   COM Pull En.      Potential    Kinetic En.   Total Energy    Temperature
    6.89483e-02   -4.39722e+05    8.61694e+04   -3.53553e+05    3.10768e+02
 Pres. DC (bar) Pressure (bar)   Constr. rmsd
   -8.13373e+01   -2.74910e+02    1.09184e-03

           Step           Time         Lambda
         238000      476.00000        0.00000

   Energies (kJ/mol)
       G96Angle    Proper Dih.  Improper Dih.          LJ-14     Coulomb-14
    6.16938e+02    2.26174e+02    1.37985e+01    2.14713e+04   -1.36363e+02
        LJ (SR)  Disper. corr.   Coulomb (SR)   Coul. recip. Position Rest.
    6.94999e+04   -1.69654e+03   -5.31467e+05    8.85076e+02    1.30288e+03
   COM Pull En.      Potential    Kinetic En.   Total Energy    Temperature
    4.87660e-01   -4.39284e+05    8.56319e+04   -3.53652e+05    3.08829e+02
 Pres. DC (bar) Pressure (bar)   Constr. rmsd
   -8.15242e+01   -1.68783e+02    1.07605e-03

           Step           Time         Lambda
         239000      478.00000        0.00000

   Energies (kJ/mol)
       G96Angle    Proper Dih.  Improper Dih.          LJ-14     Coulomb-14
    6.31000e+02    2.37897e+02    1.16417e+01    2.14797e+04   -1.35903e+02
        LJ (SR)  Disper. corr.   Coulomb (SR)   Coul. recip. Position Rest.
    7.01989e+04   -1.69498e+03   -5.31905e+05    9.14883e+02    1.23199e+03
   COM Pull En.      Potential    Kinetic En.   Total Energy    Temperature
    2.97339e-01   -4.39030e+05    8.63867e+04   -3.52643e+05    3.11552e+02
 Pres. DC (bar) Pressure (bar)   Constr. rmsd
   -8.13744e+01   -1.75240e+02    1.10362e-03

           Step           Time         Lambda
         240000      480.00000        0.00000

   Energies (kJ/mol)
       G96Angle    Proper Dih.  Improper Dih.          LJ-14     Coulomb-14
    6.15051e+02    2.24711e+02    1.26896e+01    2.14776e+04   -1.22713e+02
        LJ (SR)  Disper. corr.   Coulomb (SR)   Coul. recip. Position Rest.
    6.95954e+04   -1.69495e+03   -5.31008e+05    9.68205e+02    1.29745e+03
   COM Pull En.      Potential    Kinetic En.   Total Energy    Temperature
    1.36014e-01   -4.38635e+05    8.66282e+04   -3.52006e+05    3.12422e+02
 Pres. DC (bar) Pressure (bar)   Constr. rmsd
   -8.13719e+01    1.28548e+02    1.06004e-03

           Step           Time         Lambda
         241000      482.00000        0.00000

   Energies (kJ/mol)
       G96Angle    Proper Dih.  Improper Dih.          LJ-14     Coulomb-14
    6.49949e+02    2.56613e+02    1.50219e+01    2.14715e+04   -7.86940e+01
        LJ (SR)  Disper. corr.   Coulomb (SR)   Coul. recip. Position Rest.
    7.03057e+04   -1.69257e+03   -5.32597e+05    9.53147e+02    1.22461e+03
   COM Pull En.      Potential    Kinetic En.   Total Energy    Temperature
    3.80952e-02   -4.39492e+05    8.55002e+04   -3.53991e+05    3.08354e+02
 Pres. DC (bar) Pressure (bar)   Constr. rmsd
   -8.11434e+01    9.73367e+00    1.06872e-03

           Step           Time         Lambda
         242000      484.00000        0.00000

   Energies (kJ/mol)
       G96Angle    Proper Dih.  Improper Dih.          LJ-14     Coulomb-14
    6.32750e+02    2.51688e+02    1.19364e+01    2.14796e+04   -1.53525e+02
        LJ (SR)  Disper. corr.   Coulomb (SR)   Coul. recip. Position Rest.
    6.99758e+04   -1.69800e+03   -5.31877e+05    9.46804e+02    1.30310e+03
   COM Pull En.      Potential    Kinetic En.   Total Energy    Temperature
    1.54077e+00   -4.39125e+05    8.59152e+04   -3.53210e+05    3.09851e+02
 Pres. DC (bar) Pressure (bar)   Constr. rmsd
   -8.16644e+01   -1.13476e+02    1.07633e-03

           Step           Time         Lambda
         243000      486.00000        0.00000

   Energies (kJ/mol)
       G96Angle    Proper Dih.  Improper Dih.          LJ-14     Coulomb-14
    6.72874e+02    2.39369e+02    8.64115e+00    2.14852e+04   -1.48856e+02
        LJ (SR)  Disper. corr.   Coulomb (SR)   Coul. recip. Position Rest.
    6.99329e+04   -1.69850e+03   -5.32363e+05    9.43973e+02    1.21418e+03
   COM Pull En.      Potential    Kinetic En.   Total Energy    Temperature
    1.02287e+00   -4.39712e+05    8.69073e+04   -3.52805e+05    3.13429e+02
 Pres. DC (bar) Pressure (bar)   Constr. rmsd
   -8.17125e+01   -1.57844e+02    1.09635e-03

           Step           Time         Lambda
         244000      488.00000        0.00000

   Energies (kJ/mol)
       G96Angle    Proper Dih.  Improper Dih.          LJ-14     Coulomb-14
    6.36785e+02    2.43868e+02    1.18341e+01    2.14891e+04   -1.26520e+02
        LJ (SR)  Disper. corr.   Coulomb (SR)   Coul. recip. Position Rest.
    7.10684e+04   -1.69536e+03   -5.34396e+05    9.65893e+02    1.25983e+03
   COM Pull En.      Potential    Kinetic En.   Total Energy    Temperature
    5.69631e-02   -4.40542e+05    8.60455e+04   -3.54497e+05    3.10321e+02
 Pres. DC (bar) Pressure (bar)   Constr. rmsd
   -8.14111e+01    1.27428e+02    1.06167e-03

           Step           Time         Lambda
         245000      490.00000        0.00000

   Energies (kJ/mol)
       G96Angle    Proper Dih.  Improper Dih.          LJ-14     Coulomb-14
    5.91593e+02    2.35692e+02    6.21503e+00    2.14665e+04   -1.06134e+02
        LJ (SR)  Disper. corr.   Coulomb (SR)   Coul. recip. Position Rest.
    7.13343e+04   -1.69517e+03   -5.34689e+05    1.00030e+03    1.23671e+03
   COM Pull En.      Potential    Kinetic En.   Total Energy    Temperature
    3.63713e-01   -4.40618e+05    8.58322e+04   -3.54786e+05    3.09552e+02
 Pres. DC (bar) Pressure (bar)   Constr. rmsd
   -8.13923e+01    5.49346e+02    1.02300e-03

           Step           Time         Lambda
         246000      492.00000        0.00000

   Energies (kJ/mol)
       G96Angle    Proper Dih.  Improper Dih.          LJ-14     Coulomb-14
    7.06040e+02    2.51952e+02    1.56526e+01    2.14658e+04   -1.27809e+02
        LJ (SR)  Disper. corr.   Coulomb (SR)   Coul. recip. Position Rest.
    7.01299e+04   -1.69436e+03   -5.33129e+05    9.68678e+02    1.26604e+03
   COM Pull En.      Potential    Kinetic En.   Total Energy    Temperature
    4.86405e-02   -4.40147e+05    8.62168e+04   -3.53930e+05    3.10939e+02
 Pres. DC (bar) Pressure (bar)   Constr. rmsd
   -8.13153e+01   -9.82709e+01    1.09841e-03

           Step           Time         Lambda
         247000      494.00000        0.00000

   Energies (kJ/mol)
       G96Angle    Proper Dih.  Improper Dih.          LJ-14     Coulomb-14
    5.78040e+02    2.37872e+02    1.31210e+01    2.14642e+04   -1.44340e+02
        LJ (SR)  Disper. corr.   Coulomb (SR)   Coul. recip. Position Rest.
    7.04273e+04   -1.69443e+03   -5.33261e+05    9.84073e+02    1.22168e+03
   COM Pull En.      Potential    Kinetic En.   Total Energy    Temperature
    3.33558e-01   -4.40173e+05    8.50570e+04   -3.55116e+05    3.06756e+02
 Pres. DC (bar) Pressure (bar)   Constr. rmsd
   -8.13218e+01    3.36056e+01    1.05543e-03

           Step           Time         Lambda
         248000      496.00000        0.00000

   Energies (kJ/mol)
       G96Angle    Proper Dih.  Improper Dih.          LJ-14     Coulomb-14
    6.14740e+02    2.42273e+02    1.73634e+01    2.14874e+04   -1.44964e+02
        LJ (SR)  Disper. corr.   Coulomb (SR)   Coul. recip. Position Rest.
    7.09280e+04   -1.69673e+03   -5.34464e+05    9.89617e+02    1.24725e+03
   COM Pull En.      Potential    Kinetic En.   Total Energy    Temperature
    9.57738e-02   -4.40779e+05    8.62731e+04   -3.54506e+05    3.11142e+02
 Pres. DC (bar) Pressure (bar)   Constr. rmsd
   -8.15425e+01    1.00888e+02    1.05481e-03

           Step           Time         Lambda
         249000      498.00000        0.00000

   Energies (kJ/mol)
       G96Angle    Proper Dih.  Improper Dih.          LJ-14     Coulomb-14
    6.36272e+02    2.40247e+02    6.82868e+00    2.14772e+04   -1.48920e+02
        LJ (SR)  Disper. corr.   Coulomb (SR)   Coul. recip. Position Rest.
    6.99639e+04   -1.69715e+03   -5.33542e+05    9.05471e+02    1.16281e+03
   COM Pull En.      Potential    Kinetic En.   Total Energy    Temperature
    6.92657e-02   -4.40995e+05    8.61278e+04   -3.54867e+05    3.10618e+02
 Pres. DC (bar) Pressure (bar)   Constr. rmsd
   -8.15825e+01   -4.63573e+01    1.06570e-03

           Step           Time         Lambda
         250000      500.00000        0.00000

   Energies (kJ/mol)
       G96Angle    Proper Dih.  Improper Dih.          LJ-14     Coulomb-14
    6.79839e+02    2.49499e+02    1.18011e+01    2.14669e+04   -1.01650e+02
        LJ (SR)  Disper. corr.   Coulomb (SR)   Coul. recip. Position Rest.
    6.98777e+04   -1.69494e+03   -5.32293e+05    9.92243e+02    1.28877e+03
   COM Pull En.      Potential    Kinetic En.   Total Energy    Temperature
    2.08208e-01   -4.39523e+05    8.56138e+04   -3.53909e+05    3.08764e+02
 Pres. DC (bar) Pressure (bar)   Constr. rmsd
   -8.13708e+01   -1.78805e+02    1.08221e-03

           Step           Time         Lambda
         251000      502.00000        0.00000

   Energies (kJ/mol)
       G96Angle    Proper Dih.  Improper Dih.          LJ-14     Coulomb-14
    6.63506e+02    2.17790e+02    1.37895e+01    2.14788e+04   -1.14458e+02
        LJ (SR)  Disper. corr.   Coulomb (SR)   Coul. recip. Position Rest.
    7.00824e+04   -1.69414e+03   -5.32550e+05    9.86080e+02    1.21087e+03
   COM Pull En.      Potential    Kinetic En.   Total Energy    Temperature
    5.37165e-01   -4.39705e+05    8.58801e+04   -3.53825e+05    3.09724e+02
 Pres. DC (bar) Pressure (bar)   Constr. rmsd
   -8.12940e+01   -3.56547e+01    1.08232e-03

           Step           Time         Lambda
         252000      504.00000        0.00000

   Energies (kJ/mol)
       G96Angle    Proper Dih.  Improper Dih.          LJ-14     Coulomb-14
    6.15060e+02    2.32085e+02    1.55264e+01    2.14957e+04   -1.02048e+02
        LJ (SR)  Disper. corr.   Coulomb (SR)   Coul. recip. Position Rest.
    7.02364e+04   -1.69657e+03   -5.33481e+05    9.96931e+02    1.20690e+03
   COM Pull En.      Potential    Kinetic En.   Total Energy    Temperature
    9.32161e-01   -4.40480e+05    8.52611e+04   -3.55219e+05    3.07492e+02
 Pres. DC (bar) Pressure (bar)   Constr. rmsd
   -8.15266e+01    3.35529e+01    1.03949e-03

           Step           Time         Lambda
         253000      506.00000        0.00000

   Energies (kJ/mol)
       G96Angle    Proper Dih.  Improper Dih.          LJ-14     Coulomb-14
    6.67724e+02    2.41196e+02    6.64500e+00    2.14877e+04   -1.39718e+02
        LJ (SR)  Disper. corr.   Coulomb (SR)   Coul. recip. Position Rest.
    6.95653e+04   -1.69527e+03   -5.32776e+05    9.57787e+02    1.18042e+03
   COM Pull En.      Potential    Kinetic En.   Total Energy    Temperature
    4.47633e-03   -4.40505e+05    8.63295e+04   -3.54175e+05    3.11345e+02
 Pres. DC (bar) Pressure (bar)   Constr. rmsd
   -8.14018e+01   -4.59798e+02    1.11065e-03

           Step           Time         Lambda
         254000      508.00000        0.00000

   Energies (kJ/mol)
       G96Angle    Proper Dih.  Improper Dih.          LJ-14     Coulomb-14
    6.30656e+02    2.53660e+02    1.41628e+01    2.14926e+04   -1.12129e+02
        LJ (SR)  Disper. corr.   Coulomb (SR)   Coul. recip. Position Rest.
    6.99642e+04   -1.69116e+03   -5.32400e+05    1.00178e+03    1.21653e+03
   COM Pull En.      Potential    Kinetic En.   Total Energy    Temperature
    1.68393e+00   -4.39628e+05    8.62141e+04   -3.53414e+05    3.10929e+02
 Pres. DC (bar) Pressure (bar)   Constr. rmsd
   -8.10077e+01   -1.61438e+01    1.06975e-03

           Step           Time         Lambda
         255000      510.00000        0.00000

   Energies (kJ/mol)
       G96Angle    Proper Dih.  Improper Dih.          LJ-14     Coulomb-14
    6.61909e+02    2.41914e+02    8.65825e+00    2.14818e+04   -1.73535e+02
        LJ (SR)  Disper. corr.   Coulomb (SR)   Coul. recip. Position Rest.
    7.04365e+04   -1.69381e+03   -5.32226e+05    9.65719e+02    1.36494e+03
   COM Pull En.      Potential    Kinetic En.   Total Energy    Temperature
    1.53748e+00   -4.38930e+05    8.59477e+04   -3.52983e+05    3.09968e+02
 Pres. DC (bar) Pressure (bar)   Constr. rmsd
   -8.12624e+01   -1.14612e+02    1.10470e-03

           Step           Time         Lambda
         256000      512.00000        0.00000

   Energies (kJ/mol)
       G96Angle    Proper Dih.  Improper Dih.          LJ-14     Coulomb-14
    7.17262e+02    2.43058e+02    1.17031e+01    2.14783e+04   -1.60836e+02
        LJ (SR)  Disper. corr.   Coulomb (SR)   Coul. recip. Position Rest.
    6.98855e+04   -1.69487e+03   -5.32266e+05    9.75325e+02    1.22204e+03
   COM Pull En.      Potential    Kinetic En.   Total Energy    Temperature
    8.67630e-01   -4.39588e+05    8.60918e+04   -3.53496e+05    3.10488e+02
 Pres. DC (bar) Pressure (bar)   Constr. rmsd
   -8.13634e+01   -5.55405e+01    1.07696e-03

           Step           Time         Lambda
         257000      514.00000        0.00000

   Energies (kJ/mol)
       G96Angle    Proper Dih.  Improper Dih.          LJ-14     Coulomb-14
    6.70656e+02    2.32086e+02    1.24449e+01    2.14877e+04   -1.49469e+02
        LJ (SR)  Disper. corr.   Coulomb (SR)   Coul. recip. Position Rest.
    7.07097e+04   -1.69558e+03   -5.32334e+05    1.02259e+03    1.27582e+03
   COM Pull En.      Potential    Kinetic En.   Total Energy    Temperature
    3.07259e+00   -4.38765e+05    8.61664e+04   -3.52599e+05    3.10757e+02
 Pres. DC (bar) Pressure (bar)   Constr. rmsd
   -8.14317e+01    2.13699e+02    1.08925e-03

           Step           Time         Lambda
         258000      516.00000        0.00000

   Energies (kJ/mol)
       G96Angle    Proper Dih.  Improper Dih.          LJ-14     Coulomb-14
    6.86914e+02    2.34375e+02    7.64517e+00    2.15274e+04   -1.48429e+02
        LJ (SR)  Disper. corr.   Coulomb (SR)   Coul. recip. Position Rest.
    6.98205e+04   -1.69245e+03   -5.31384e+05    1.00788e+03    1.16053e+03
   COM Pull En.      Potential    Kinetic En.   Total Energy    Temperature
    3.39270e+00   -4.38776e+05    8.58916e+04   -3.52884e+05    3.09766e+02
 Pres. DC (bar) Pressure (bar)   Constr. rmsd
   -8.11316e+01    2.06444e+02    1.04425e-03

           Step           Time         Lambda
         259000      518.00000        0.00000

   Energies (kJ/mol)
       G96Angle    Proper Dih.  Improper Dih.          LJ-14     Coulomb-14
    6.39436e+02    2.36233e+02    1.11598e+01    2.14867e+04   -1.16348e+02
        LJ (SR)  Disper. corr.   Coulomb (SR)   Coul. recip. Position Rest.
    7.06678e+04   -1.69204e+03   -5.31945e+05    1.01773e+03    1.41055e+03
   COM Pull En.      Potential    Kinetic En.   Total Energy    Temperature
    3.89231e+00   -4.38280e+05    8.63108e+04   -3.51969e+05    3.11278e+02
 Pres. DC (bar) Pressure (bar)   Constr. rmsd
   -8.10926e+01    3.68575e+02    1.07854e-03

           Step           Time         Lambda
         260000      520.00000        0.00000

   Energies (kJ/mol)
       G96Angle    Proper Dih.  Improper Dih.          LJ-14     Coulomb-14
    6.88828e+02    2.31315e+02    8.41163e+00    2.14886e+04   -1.09849e+02
        LJ (SR)  Disper. corr.   Coulomb (SR)   Coul. recip. Position Rest.
    7.04764e+04   -1.69271e+03   -5.32287e+05    9.83416e+02    1.19085e+03
   COM Pull En.      Potential    Kinetic En.   Total Energy    Temperature
    2.49232e+00   -4.39019e+05    8.55602e+04   -3.53459e+05    3.08571e+02
 Pres. DC (bar) Pressure (bar)   Constr. rmsd
   -8.11570e+01   -1.51507e+02    1.08212e-03

           Step           Time         Lambda
         261000      522.00000        0.00000

   Energies (kJ/mol)
       G96Angle    Proper Dih.  Improper Dih.          LJ-14     Coulomb-14
    6.43713e+02    2.46077e+02    1.08549e+01    2.14995e+04   -1.35175e+02
        LJ (SR)  Disper. corr.   Coulomb (SR)   Coul. recip. Position Rest.
    7.02317e+04   -1.69211e+03   -5.32544e+05    9.73574e+02    1.24316e+03
   COM Pull En.      Potential    Kinetic En.   Total Energy    Temperature
    3.87586e+00   -4.39519e+05    8.64213e+04   -3.53097e+05    3.11676e+02
 Pres. DC (bar) Pressure (bar)   Constr. rmsd
   -8.10996e+01   -1.41505e+02    1.10350e-03

           Step           Time         Lambda
         262000      524.00000        0.00000

   Energies (kJ/mol)
       G96Angle    Proper Dih.  Improper Dih.          LJ-14     Coulomb-14
    6.12947e+02    2.44230e+02    9.59990e+00    2.14889e+04   -8.49551e+01
        LJ (SR)  Disper. corr.   Coulomb (SR)   Coul. recip. Position Rest.
    6.96402e+04   -1.69377e+03   -5.32583e+05    9.40159e+02    1.23877e+03
   COM Pull En.      Potential    Kinetic En.   Total Energy    Temperature
    7.59827e-01   -4.40186e+05    8.52036e+04   -3.54982e+05    3.07285e+02
 Pres. DC (bar) Pressure (bar)   Constr. rmsd
   -8.12582e+01   -3.00527e+01    1.06035e-03

           Step           Time         Lambda
         263000      526.00000        0.00000

   Energies (kJ/mol)
       G96Angle    Proper Dih.  Improper Dih.          LJ-14     Coulomb-14
    6.43621e+02    2.42205e+02    1.19391e+01    2.14739e+04   -1.44318e+02
        LJ (SR)  Disper. corr.   Coulomb (SR)   Coul. recip. Position Rest.
    7.02946e+04   -1.69194e+03   -5.34126e+05    9.63540e+02    1.06293e+03
   COM Pull En.      Potential    Kinetic En.   Total Energy    Temperature
    1.41161e-02   -4.41269e+05    8.55848e+04   -3.55685e+05    3.08660e+02
 Pres. DC (bar) Pressure (bar)   Constr. rmsd
   -8.10831e+01   -2.19835e+02    1.10066e-03

           Step           Time         Lambda
         264000      528.00000        0.00000

   Energies (kJ/mol)
       G96Angle    Proper Dih.  Improper Dih.          LJ-14     Coulomb-14
    6.69063e+02    2.49574e+02    1.82178e+01    2.14734e+04   -1.39422e+02
        LJ (SR)  Disper. corr.   Coulomb (SR)   Coul. recip. Position Rest.
    7.00062e+04   -1.69069e+03   -5.32475e+05    9.88725e+02    1.29190e+03
   COM Pull En.      Potential    Kinetic En.   Total Energy    Temperature
    9.41752e-03   -4.39608e+05    8.66815e+04   -3.52926e+05    3.12615e+02
 Pres. DC (bar) Pressure (bar)   Constr. rmsd
   -8.09627e+01    2.15542e+02    1.06823e-03

           Step           Time         Lambda
         265000      530.00000        0.00000

   Energies (kJ/mol)
       G96Angle    Proper Dih.  Improper Dih.          LJ-14     Coulomb-14
    6.35318e+02    2.49495e+02    1.02561e+01    2.15231e+04   -1.37548e+02
        LJ (SR)  Disper. corr.   Coulomb (SR)   Coul. recip. Position Rest.
    6.94892e+04   -1.69478e+03   -5.30780e+05    9.99221e+02    1.19729e+03
   COM Pull En.      Potential    Kinetic En.   Total Energy    Temperature
    1.28784e+00   -4.38507e+05    8.53928e+04   -3.53114e+05    3.07967e+02
 Pres. DC (bar) Pressure (bar)   Constr. rmsd
   -8.13552e+01   -8.14710e+01    1.07174e-03

           Step           Time         Lambda
         266000      532.00000        0.00000

   Energies (kJ/mol)
       G96Angle    Proper Dih.  Improper Dih.          LJ-14     Coulomb-14
    6.41587e+02    2.29554e+02    1.47145e+01    2.14976e+04   -1.16399e+02
        LJ (SR)  Disper. corr.   Coulomb (SR)   Coul. recip. Position Rest.
    7.05579e+04   -1.69726e+03   -5.33100e+05    9.79463e+02    1.09801e+03
   COM Pull En.      Potential    Kinetic En.   Total Energy    Temperature
    1.09738e-02   -4.39895e+05    8.53427e+04   -3.54552e+05    3.07786e+02
 Pres. DC (bar) Pressure (bar)   Constr. rmsd
   -8.15932e+01   -4.31756e+02    1.13301e-03

           Step           Time         Lambda
         267000      534.00000        0.00000

   Energies (kJ/mol)
       G96Angle    Proper Dih.  Improper Dih.          LJ-14     Coulomb-14
    6.91145e+02    2.59896e+02    4.13078e+00    2.14953e+04   -1.60459e+02
        LJ (SR)  Disper. corr.   Coulomb (SR)   Coul. recip. Position Rest.
    7.06936e+04   -1.69761e+03   -5.32150e+05    9.56367e+02    1.32088e+03
   COM Pull En.      Potential    Kinetic En.   Total Energy    Temperature
    5.01286e-01   -4.38586e+05    8.57835e+04   -3.52802e+05    3.09376e+02
 Pres. DC (bar) Pressure (bar)   Constr. rmsd
   -8.16265e+01    1.14474e+02    1.08807e-03

           Step           Time         Lambda
         268000      536.00000        0.00000

   Energies (kJ/mol)
       G96Angle    Proper Dih.  Improper Dih.          LJ-14     Coulomb-14
    6.87059e+02    2.20539e+02    1.26224e+01    2.15043e+04   -1.00698e+02
        LJ (SR)  Disper. corr.   Coulomb (SR)   Coul. recip. Position Rest.
    7.07185e+04   -1.69811e+03   -5.33745e+05    9.63287e+02    1.09387e+03
   COM Pull En.      Potential    Kinetic En.   Total Energy    Temperature
    1.73491e+00   -4.40342e+05    8.57790e+04   -3.54563e+05    3.09360e+02
 Pres. DC (bar) Pressure (bar)   Constr. rmsd
   -8.16750e+01    9.72331e+01    1.07179e-03

           Step           Time         Lambda
         269000      538.00000        0.00000

   Energies (kJ/mol)
       G96Angle    Proper Dih.  Improper Dih.          LJ-14     Coulomb-14
    6.22293e+02    2.34947e+02    1.24815e+01    2.14675e+04   -1.47520e+02
        LJ (SR)  Disper. corr.   Coulomb (SR)   Coul. recip. Position Rest.
    7.01092e+04   -1.68988e+03   -5.32335e+05    9.83810e+02    1.23342e+03
   COM Pull En.      Potential    Kinetic En.   Total Energy    Temperature
    1.75240e-01   -4.39509e+05    8.56638e+04   -3.53845e+05    3.08944e+02
 Pres. DC (bar) Pressure (bar)   Constr. rmsd
   -8.08861e+01   -7.59170e+01    1.08054e-03

           Step           Time         Lambda
         270000      540.00000        0.00000

   Energies (kJ/mol)
       G96Angle    Proper Dih.  Improper Dih.          LJ-14     Coulomb-14
    6.30674e+02    2.41236e+02    1.79216e+01    2.14840e+04   -1.28489e+02
        LJ (SR)  Disper. corr.   Coulomb (SR)   Coul. recip. Position Rest.
    6.94634e+04   -1.69116e+03   -5.30204e+05    9.62878e+02    1.17572e+03
   COM Pull En.      Potential    Kinetic En.   Total Energy    Temperature
    3.78661e-01   -4.38047e+05    8.56395e+04   -3.52408e+05    3.08857e+02
 Pres. DC (bar) Pressure (bar)   Constr. rmsd
   -8.10080e+01    3.46068e+00    1.07271e-03

           Step           Time         Lambda
         271000      542.00000        0.00000

   Energies (kJ/mol)
       G96Angle    Proper Dih.  Improper Dih.          LJ-14     Coulomb-14
    6.39159e+02    2.58375e+02    2.04373e+01    2.14999e+04   -1.25361e+02
        LJ (SR)  Disper. corr.   Coulomb (SR)   Coul. recip. Position Rest.
    7.14634e+04   -1.68970e+03   -5.33049e+05    9.54424e+02    1.21086e+03
   COM Pull En.      Potential    Kinetic En.   Total Energy    Temperature
    7.14802e-01   -4.38817e+05    8.60350e+04   -3.52782e+05    3.10283e+02
 Pres. DC (bar) Pressure (bar)   Constr. rmsd
   -8.08683e+01    2.39004e+02    1.05330e-03

           Step           Time         Lambda
         272000      544.00000        0.00000

   Energies (kJ/mol)
       G96Angle    Proper Dih.  Improper Dih.          LJ-14     Coulomb-14
    6.47817e+02    2.29638e+02    1.03771e+01    2.14966e+04   -1.67220e+02
        LJ (SR)  Disper. corr.   Coulomb (SR)   Coul. recip. Position Rest.
    7.00957e+04   -1.69954e+03   -5.32048e+05    9.55072e+02    1.16191e+03
   COM Pull En.      Potential    Kinetic En.   Total Energy    Temperature
    5.01510e-01   -4.39317e+05    8.52814e+04   -3.54036e+05    3.07565e+02
 Pres. DC (bar) Pressure (bar)   Constr. rmsd
   -8.18124e+01    2.35833e+02    1.05181e-03

           Step           Time         Lambda
         273000      546.00000        0.00000

   Energies (kJ/mol)
       G96Angle    Proper Dih.  Improper Dih.          LJ-14     Coulomb-14
    6.08118e+02    2.41516e+02    1.20325e+01    2.14948e+04   -1.05328e+02
        LJ (SR)  Disper. corr.   Coulomb (SR)   Coul. recip. Position Rest.
    6.97975e+04   -1.70056e+03   -5.32295e+05    9.25380e+02    1.20614e+03
   COM Pull En.      Potential    Kinetic En.   Total Energy    Temperature
    2.92552e-01   -4.39815e+05    8.61509e+04   -3.53665e+05    3.10701e+02
 Pres. DC (bar) Pressure (bar)   Constr. rmsd
   -8.19106e+01    3.50633e+01    1.07121e-03

           Step           Time         Lambda
         274000      548.00000        0.00000

   Energies (kJ/mol)
       G96Angle    Proper Dih.  Improper Dih.          LJ-14     Coulomb-14
    6.36305e+02    2.41091e+02    8.09519e+00    2.14741e+04   -1.62517e+02
        LJ (SR)  Disper. corr.   Coulomb (SR)   Coul. recip. Position Rest.
    7.05889e+04   -1.69629e+03   -5.33082e+05    9.63235e+02    1.07187e+03
   COM Pull En.      Potential    Kinetic En.   Total Energy    Temperature
    1.48223e-01   -4.39957e+05    8.58998e+04   -3.54057e+05    3.09795e+02
 Pres. DC (bar) Pressure (bar)   Constr. rmsd
   -8.15003e+01   -2.06457e+01    1.07802e-03

           Step           Time         Lambda
         275000      550.00000        0.00000

   Energies (kJ/mol)
       G96Angle    Proper Dih.  Improper Dih.          LJ-14     Coulomb-14
    6.77017e+02    2.38146e+02    1.04986e+01    2.14887e+04   -1.34250e+02
        LJ (SR)  Disper. corr.   Coulomb (SR)   Coul. recip. Position Rest.
    6.90166e+04   -1.69662e+03   -5.29796e+05    9.49176e+02    1.26040e+03
   COM Pull En.      Potential    Kinetic En.   Total Energy    Temperature
    6.77691e-01   -4.37986e+05    8.60442e+04   -3.51942e+05    3.10316e+02
 Pres. DC (bar) Pressure (bar)   Constr. rmsd
   -8.15314e+01    6.85168e+01    1.09256e-03

           Step           Time         Lambda
         276000      552.00000        0.00000

   Energies (kJ/mol)
       G96Angle    Proper Dih.  Improper Dih.          LJ-14     Coulomb-14
    6.68584e+02    2.37142e+02    1.56637e+01    2.14983e+04   -1.05041e+02
        LJ (SR)  Disper. corr.   Coulomb (SR)   Coul. recip. Position Rest.
    6.95238e+04   -1.69111e+03   -5.30547e+05    9.44999e+02    1.16714e+03
   COM Pull En.      Potential    Kinetic En.   Total Energy    Temperature
    1.01402e+00   -4.38287e+05    8.53975e+04   -3.52890e+05    3.07984e+02
 Pres. DC (bar) Pressure (bar)   Constr. rmsd
   -8.10031e+01   -3.08033e+00    1.08496e-03

           Step           Time         Lambda
         277000      554.00000        0.00000

   Energies (kJ/mol)
       G96Angle    Proper Dih.  Improper Dih.          LJ-14     Coulomb-14
    7.08209e+02    2.61012e+02    1.34971e+01    2.14961e+04   -1.60825e+02
        LJ (SR)  Disper. corr.   Coulomb (SR)   Coul. recip. Position Rest.
    6.98353e+04   -1.69250e+03   -5.31474e+05    9.55979e+02    1.28473e+03
   COM Pull En.      Potential    Kinetic En.   Total Energy    Temperature
    2.13769e-01   -4.38772e+05    8.48512e+04   -3.53921e+05    3.06014e+02
 Pres. DC (bar) Pressure (bar)   Constr. rmsd
   -8.11362e+01   -1.96298e+01    1.08816e-03

           Step           Time         Lambda
         278000      556.00000        0.00000

   Energies (kJ/mol)
       G96Angle    Proper Dih.  Improper Dih.          LJ-14     Coulomb-14
    6.80606e+02    2.40912e+02    1.29070e+01    2.14799e+04   -1.85474e+02
        LJ (SR)  Disper. corr.   Coulomb (SR)   Coul. recip. Position Rest.
    7.12712e+04   -1.69590e+03   -5.34222e+05    9.69668e+02    1.09454e+03
   COM Pull En.      Potential    Kinetic En.   Total Energy    Temperature
    7.14581e+00   -4.40346e+05    8.59695e+04   -3.54377e+05    3.10047e+02
 Pres. DC (bar) Pressure (bar)   Constr. rmsd
   -8.14629e+01    2.07184e+02    1.06642e-03

           Step           Time         Lambda
         279000      558.00000        0.00000

   Energies (kJ/mol)
       G96Angle    Proper Dih.  Improper Dih.          LJ-14     Coulomb-14
    6.59852e+02    2.65600e+02    1.09898e+01    2.15079e+04   -1.23607e+02
        LJ (SR)  Disper. corr.   Coulomb (SR)   Coul. recip. Position Rest.
    6.96172e+04   -1.69203e+03   -5.32431e+05    9.86074e+02    1.23641e+03
   COM Pull En.      Potential    Kinetic En.   Total Energy    Temperature
    3.21800e-02   -4.39963e+05    8.61942e+04   -3.53769e+05    3.10857e+02
 Pres. DC (bar) Pressure (bar)   Constr. rmsd
   -8.10915e+01    3.05786e+02    1.03886e-03

           Step           Time         Lambda
         280000      560.00000        0.00000

   Energies (kJ/mol)
       G96Angle    Proper Dih.  Improper Dih.          LJ-14     Coulomb-14
    6.35394e+02    2.49888e+02    4.61742e+00    2.14840e+04   -9.63378e+01
        LJ (SR)  Disper. corr.   Coulomb (SR)   Coul. recip. Position Rest.
    6.95588e+04   -1.69151e+03   -5.30919e+05    9.27429e+02    1.31090e+03
   COM Pull En.      Potential    Kinetic En.   Total Energy    Temperature
    2.07783e-01   -4.38535e+05    8.62439e+04   -3.52291e+05    3.11036e+02
 Pres. DC (bar) Pressure (bar)   Constr. rmsd
   -8.10412e+01   -2.01290e+02    1.10027e-03

           Step           Time         Lambda
         281000      562.00000        0.00000

   Energies (kJ/mol)
       G96Angle    Proper Dih.  Improper Dih.          LJ-14     Coulomb-14
    6.76488e+02    2.43125e+02    1.60244e+01    2.14997e+04   -1.64620e+02
        LJ (SR)  Disper. corr.   Coulomb (SR)   Coul. recip. Position Rest.
    7.07270e+04   -1.69328e+03   -5.32659e+05    9.71383e+02    1.11688e+03
   COM Pull En.      Potential    Kinetic En.   Total Energy    Temperature
    4.64480e-02   -4.39266e+05    8.58629e+04   -3.53404e+05    3.09662e+02
 Pres. DC (bar) Pressure (bar)   Constr. rmsd
   -8.12114e+01    1.11661e+02    1.06844e-03

           Step           Time         Lambda
         282000      564.00000        0.00000

   Energies (kJ/mol)
       G96Angle    Proper Dih.  Improper Dih.          LJ-14     Coulomb-14
    5.99269e+02    2.23067e+02    9.72763e+00    2.14921e+04   -1.45630e+02
        LJ (SR)  Disper. corr.   Coulomb (SR)   Coul. recip. Position Rest.
    7.07208e+04   -1.69811e+03   -5.33689e+05    9.60153e+02    1.23146e+03
   COM Pull En.      Potential    Kinetic En.   Total Energy    Temperature
    9.98622e-02   -4.40296e+05    8.53779e+04   -3.54918e+05    3.07914e+02
 Pres. DC (bar) Pressure (bar)   Constr. rmsd
   -8.16746e+01    1.45608e+02    1.07046e-03

           Step           Time         Lambda
         283000      566.00000        0.00000

   Energies (kJ/mol)
       G96Angle    Proper Dih.  Improper Dih.          LJ-14     Coulomb-14
    6.36246e+02    2.52456e+02    8.87613e+00    2.14701e+04   -1.27113e+02
        LJ (SR)  Disper. corr.   Coulomb (SR)   Coul. recip. Position Rest.
    7.05775e+04   -1.69470e+03   -5.33277e+05    9.25976e+02    1.09898e+03
   COM Pull En.      Potential    Kinetic En.   Total Energy    Temperature
    2.42226e-01   -4.40129e+05    8.56414e+04   -3.54487e+05    3.08864e+02
 Pres. DC (bar) Pressure (bar)   Constr. rmsd
   -8.13471e+01   -3.96603e+02    1.10950e-03

Writing checkpoint, step 283900 at Wed Aug 29 16:58:57 2018


           Step           Time         Lambda
         284000      568.00000        0.00000

   Energies (kJ/mol)
       G96Angle    Proper Dih.  Improper Dih.          LJ-14     Coulomb-14
    6.60669e+02    2.39484e+02    1.17066e+01    2.15054e+04   -1.40291e+02
        LJ (SR)  Disper. corr.   Coulomb (SR)   Coul. recip. Position Rest.
    7.03700e+04   -1.69693e+03   -5.33512e+05    1.01132e+03    1.15247e+03
   COM Pull En.      Potential    Kinetic En.   Total Energy    Temperature
    6.59115e-02   -4.40398e+05    8.49910e+04   -3.55407e+05    3.06518e+02
 Pres. DC (bar) Pressure (bar)   Constr. rmsd
   -8.15620e+01   -7.33933e+01    1.08683e-03

           Step           Time         Lambda
         285000      570.00000        0.00000

   Energies (kJ/mol)
       G96Angle    Proper Dih.  Improper Dih.          LJ-14     Coulomb-14
    6.56719e+02    2.39519e+02    5.40845e+00    2.15012e+04   -1.48481e+02
        LJ (SR)  Disper. corr.   Coulomb (SR)   Coul. recip. Position Rest.
    7.09600e+04   -1.69800e+03   -5.33931e+05    9.61286e+02    1.11975e+03
   COM Pull En.      Potential    Kinetic En.   Total Energy    Temperature
    6.42407e-02   -4.40334e+05    8.58120e+04   -3.54522e+05    3.09479e+02
 Pres. DC (bar) Pressure (bar)   Constr. rmsd
   -8.16648e+01    6.44555e+02    1.01296e-03

           Step           Time         Lambda
         286000      572.00000        0.00000

   Energies (kJ/mol)
       G96Angle    Proper Dih.  Improper Dih.          LJ-14     Coulomb-14
    6.35786e+02    2.41915e+02    1.12405e+01    2.14892e+04   -1.37492e+02
        LJ (SR)  Disper. corr.   Coulomb (SR)   Coul. recip. Position Rest.
    7.03915e+04   -1.69794e+03   -5.33207e+05    9.43327e+02    1.17045e+03
   COM Pull En.      Potential    Kinetic En.   Total Energy    Temperature
    2.62812e+00   -4.40156e+05    8.52332e+04   -3.54923e+05    3.07392e+02
 Pres. DC (bar) Pressure (bar)   Constr. rmsd
   -8.16587e+01    2.83695e+02    1.04720e-03

           Step           Time         Lambda
         287000      574.00000        0.00000

   Energies (kJ/mol)
       G96Angle    Proper Dih.  Improper Dih.          LJ-14     Coulomb-14
    6.70352e+02    2.27249e+02    1.53320e+01    2.15169e+04   -1.47574e+02
        LJ (SR)  Disper. corr.   Coulomb (SR)   Coul. recip. Position Rest.
    7.03022e+04   -1.69782e+03   -5.32802e+05    9.39795e+02    1.21625e+03
   COM Pull En.      Potential    Kinetic En.   Total Energy    Temperature
    3.18040e+00   -4.39756e+05    8.62239e+04   -3.53532e+05    3.10965e+02
 Pres. DC (bar) Pressure (bar)   Constr. rmsd
   -8.16466e+01    2.26826e+02    1.05931e-03

           Step           Time         Lambda
         288000      576.00000        0.00000

   Energies (kJ/mol)
       G96Angle    Proper Dih.  Improper Dih.          LJ-14     Coulomb-14
    7.14944e+02    2.47462e+02    1.21914e+01    2.14881e+04   -1.37498e+02
        LJ (SR)  Disper. corr.   Coulomb (SR)   Coul. recip. Position Rest.
    6.94479e+04   -1.69358e+03   -5.31456e+05    9.83091e+02    1.23861e+03
   COM Pull En.      Potential    Kinetic En.   Total Energy    Temperature
    8.86934e-01   -4.39154e+05    8.62546e+04   -3.52900e+05    3.11075e+02
 Pres. DC (bar) Pressure (bar)   Constr. rmsd
   -8.12399e+01   -1.05782e+02    1.07352e-03

           Step           Time         Lambda
         289000      578.00000        0.00000

   Energies (kJ/mol)
       G96Angle    Proper Dih.  Improper Dih.          LJ-14     Coulomb-14
    6.84959e+02    2.41484e+02    1.38224e+01    2.14834e+04   -1.49337e+02
        LJ (SR)  Disper. corr.   Coulomb (SR)   Coul. recip. Position Rest.
    7.17408e+04   -1.69923e+03   -5.33474e+05    9.74633e+02    1.14233e+03
   COM Pull En.      Potential    Kinetic En.   Total Energy    Temperature
    1.65363e-01   -4.39041e+05    8.56905e+04   -3.53350e+05    3.09041e+02
 Pres. DC (bar) Pressure (bar)   Constr. rmsd
   -8.17829e+01    3.04030e+02    1.09087e-03

           Step           Time         Lambda
         290000      580.00000        0.00000

   Energies (kJ/mol)
       G96Angle    Proper Dih.  Improper Dih.          LJ-14     Coulomb-14
    6.56671e+02    2.55311e+02    7.80453e+00    2.14795e+04   -1.17090e+02
        LJ (SR)  Disper. corr.   Coulomb (SR)   Coul. recip. Position Rest.
    7.04504e+04   -1.69487e+03   -5.32079e+05    9.69270e+02    1.24945e+03
   COM Pull En.      Potential    Kinetic En.   Total Energy    Temperature
    1.85277e+00   -4.38821e+05    8.54301e+04   -3.53391e+05    3.08102e+02
 Pres. DC (bar) Pressure (bar)   Constr. rmsd
   -8.13639e+01   -1.31352e+02    1.08915e-03

           Step           Time         Lambda
         291000      582.00000        0.00000

   Energies (kJ/mol)
       G96Angle    Proper Dih.  Improper Dih.          LJ-14     Coulomb-14
    6.16863e+02    2.33610e+02    1.50364e+01    2.15033e+04   -1.12183e+02
        LJ (SR)  Disper. corr.   Coulomb (SR)   Coul. recip. Position Rest.
    6.98859e+04   -1.69480e+03   -5.32725e+05    9.48877e+02    1.18181e+03
   COM Pull En.      Potential    Kinetic En.   Total Energy    Temperature
    3.08816e-01   -4.40147e+05    8.64393e+04   -3.53707e+05    3.11741e+02
 Pres. DC (bar) Pressure (bar)   Constr. rmsd
   -8.13572e+01    2.03302e+02    1.05601e-03

           Step           Time         Lambda
         292000      584.00000        0.00000

   Energies (kJ/mol)
       G96Angle    Proper Dih.  Improper Dih.          LJ-14     Coulomb-14
    6.50363e+02    2.20486e+02    1.25474e+01    2.14774e+04   -1.35219e+02
        LJ (SR)  Disper. corr.   Coulomb (SR)   Coul. recip. Position Rest.
    7.02149e+04   -1.69724e+03   -5.32941e+05    9.33213e+02    1.27251e+03
   COM Pull En.      Potential    Kinetic En.   Total Energy    Temperature
    6.00098e-01   -4.39992e+05    8.52597e+04   -3.54732e+05    3.07487e+02
 Pres. DC (bar) Pressure (bar)   Constr. rmsd
   -8.15914e+01   -1.66216e+02    1.07056e-03

           Step           Time         Lambda
         293000      586.00000        0.00000

   Energies (kJ/mol)
       G96Angle    Proper Dih.  Improper Dih.          LJ-14     Coulomb-14
    6.51880e+02    2.36200e+02    1.62397e+01    2.14794e+04   -1.35021e+02
        LJ (SR)  Disper. corr.   Coulomb (SR)   Coul. recip. Position Rest.
    6.97149e+04   -1.69951e+03   -5.31628e+05    9.77750e+02    1.25559e+03
   COM Pull En.      Potential    Kinetic En.   Total Energy    Temperature
    3.35384e-01   -4.39130e+05    8.59732e+04   -3.53157e+05    3.10060e+02
 Pres. DC (bar) Pressure (bar)   Constr. rmsd
   -8.18098e+01   -1.00624e+02    1.10498e-03

           Step           Time         Lambda
         294000      588.00000        0.00000

   Energies (kJ/mol)
       G96Angle    Proper Dih.  Improper Dih.          LJ-14     Coulomb-14
    6.42658e+02    2.40735e+02    9.19293e+00    2.15183e+04   -1.17738e+02
        LJ (SR)  Disper. corr.   Coulomb (SR)   Coul. recip. Position Rest.
    6.94724e+04   -1.69682e+03   -5.31552e+05    9.91550e+02    1.06864e+03
   COM Pull En.      Potential    Kinetic En.   Total Energy    Temperature
    5.64239e-01   -4.39423e+05    8.54342e+04   -3.53989e+05    3.08116e+02
 Pres. DC (bar) Pressure (bar)   Constr. rmsd
   -8.15514e+01    2.12812e+02    1.02895e-03

           Step           Time         Lambda
         295000      590.00000        0.00000

   Energies (kJ/mol)
       G96Angle    Proper Dih.  Improper Dih.          LJ-14     Coulomb-14
    6.55044e+02    2.42658e+02    1.05025e+01    2.14662e+04   -9.96371e+01
        LJ (SR)  Disper. corr.   Coulomb (SR)   Coul. recip. Position Rest.
    6.89209e+04   -1.69550e+03   -5.30341e+05    9.72389e+02    1.22040e+03
   COM Pull En.      Potential    Kinetic En.   Total Energy    Temperature
    3.06672e-01   -4.38648e+05    8.55674e+04   -3.53080e+05    3.08597e+02
 Pres. DC (bar) Pressure (bar)   Constr. rmsd
   -8.14247e+01   -3.68308e+02    1.13012e-03

           Step           Time         Lambda
         296000      592.00000        0.00000

   Energies (kJ/mol)
       G96Angle    Proper Dih.  Improper Dih.          LJ-14     Coulomb-14
    6.57536e+02    2.56719e+02    7.41539e+00    2.14994e+04   -1.34927e+02
        LJ (SR)  Disper. corr.   Coulomb (SR)   Coul. recip. Position Rest.
    6.92961e+04   -1.69348e+03   -5.30633e+05    9.87627e+02    1.10842e+03
   COM Pull En.      Potential    Kinetic En.   Total Energy    Temperature
    4.12278e-01   -4.38648e+05    8.64224e+04   -3.52225e+05    3.11680e+02
 Pres. DC (bar) Pressure (bar)   Constr. rmsd
   -8.12304e+01   -1.11598e+02    1.08221e-03

           Step           Time         Lambda
         297000      594.00000        0.00000

   Energies (kJ/mol)
       G96Angle    Proper Dih.  Improper Dih.          LJ-14     Coulomb-14
    6.74904e+02    2.32399e+02    1.15081e+01    2.15005e+04   -1.19720e+02
        LJ (SR)  Disper. corr.   Coulomb (SR)   Coul. recip. Position Rest.
    6.96069e+04   -1.69010e+03   -5.31648e+05    1.00694e+03    1.24669e+03
   COM Pull En.      Potential    Kinetic En.   Total Energy    Temperature
    1.60782e-01   -4.39177e+05    8.67452e+04   -3.52432e+05    3.12844e+02
 Pres. DC (bar) Pressure (bar)   Constr. rmsd
   -8.09064e+01   -1.17494e+02    1.07827e-03

           Step           Time         Lambda
         298000      596.00000        0.00000

   Energies (kJ/mol)
       G96Angle    Proper Dih.  Improper Dih.          LJ-14     Coulomb-14
    7.00391e+02    2.42961e+02    1.92190e+01    2.15161e+04   -1.14933e+02
        LJ (SR)  Disper. corr.   Coulomb (SR)   Coul. recip. Position Rest.
    7.12023e+04   -1.69175e+03   -5.33006e+05    9.42877e+02    1.22947e+03
   COM Pull En.      Potential    Kinetic En.   Total Energy    Temperature
    4.44431e-01   -4.38959e+05    8.63538e+04   -3.52605e+05    3.11433e+02
 Pres. DC (bar) Pressure (bar)   Constr. rmsd
   -8.10646e+01    4.68147e+02    1.05599e-03

           Step           Time         Lambda
         299000      598.00000        0.00000

   Energies (kJ/mol)
       G96Angle    Proper Dih.  Improper Dih.          LJ-14     Coulomb-14
    6.73815e+02    2.59930e+02    1.32181e+01    2.14889e+04   -1.13058e+02
        LJ (SR)  Disper. corr.   Coulomb (SR)   Coul. recip. Position Rest.
    7.09992e+04   -1.69364e+03   -5.33119e+05    9.51195e+02    1.15456e+03
   COM Pull En.      Potential    Kinetic En.   Total Energy    Temperature
    3.20860e-01   -4.39384e+05    8.55395e+04   -3.53845e+05    3.08496e+02
 Pres. DC (bar) Pressure (bar)   Constr. rmsd
   -8.12457e+01    6.37955e-01    1.10873e-03

           Step           Time         Lambda
         300000      600.00000        0.00000

   Energies (kJ/mol)
       G96Angle    Proper Dih.  Improper Dih.          LJ-14     Coulomb-14
    6.86108e+02    2.58377e+02    6.05988e+00    2.15062e+04   -1.06323e+02
        LJ (SR)  Disper. corr.   Coulomb (SR)   Coul. recip. Position Rest.
    7.15776e+04   -1.69577e+03   -5.34224e+05    9.49105e+02    1.22383e+03
   COM Pull En.      Potential    Kinetic En.   Total Energy    Temperature
    1.06451e+00   -4.39817e+05    8.54906e+04   -3.54327e+05    3.08320e+02
 Pres. DC (bar) Pressure (bar)   Constr. rmsd
   -8.14506e+01    1.94945e+02    1.08676e-03

           Step           Time         Lambda
         301000      602.00000        0.00000

   Energies (kJ/mol)
       G96Angle    Proper Dih.  Improper Dih.          LJ-14     Coulomb-14
    5.87452e+02    2.40706e+02    7.41103e+00    2.14615e+04   -1.45669e+02
        LJ (SR)  Disper. corr.   Coulomb (SR)   Coul. recip. Position Rest.
    7.04694e+04   -1.69837e+03   -5.34398e+05    9.63352e+02    1.09668e+03
   COM Pull En.      Potential    Kinetic En.   Total Energy    Temperature
    6.48257e-02   -4.41415e+05    8.45345e+04   -3.56881e+05    3.04872e+02
 Pres. DC (bar) Pressure (bar)   Constr. rmsd
   -8.17001e+01   -3.90150e+02    1.10490e-03

           Step           Time         Lambda
         302000      604.00000        0.00000

   Energies (kJ/mol)
       G96Angle    Proper Dih.  Improper Dih.          LJ-14     Coulomb-14
    7.25135e+02    2.43527e+02    1.60168e+01    2.14988e+04   -1.45678e+02
        LJ (SR)  Disper. corr.   Coulomb (SR)   Coul. recip. Position Rest.
    6.95214e+04   -1.69982e+03   -5.30853e+05    9.23518e+02    1.18875e+03
   COM Pull En.      Potential    Kinetic En.   Total Energy    Temperature
    2.48722e-01   -4.38582e+05    8.58589e+04   -3.52723e+05    3.09648e+02
 Pres. DC (bar) Pressure (bar)   Constr. rmsd
   -8.18393e+01    8.32558e+00    1.09661e-03

           Step           Time         Lambda
         303000      606.00000        0.00000

   Energies (kJ/mol)
       G96Angle    Proper Dih.  Improper Dih.          LJ-14     Coulomb-14
    6.98309e+02    2.26435e+02    1.09505e+01    2.14932e+04   -1.06901e+02
        LJ (SR)  Disper. corr.   Coulomb (SR)   Coul. recip. Position Rest.
    6.98719e+04   -1.70219e+03   -5.31578e+05    9.34216e+02    1.24030e+03
   COM Pull En.      Potential    Kinetic En.   Total Energy    Temperature
    2.64228e+00   -4.38909e+05    8.60914e+04   -3.52818e+05    3.10486e+02
 Pres. DC (bar) Pressure (bar)   Constr. rmsd
   -8.20676e+01   -1.62922e+02    1.13186e-03

           Step           Time         Lambda
         304000      608.00000        0.00000

   Energies (kJ/mol)
       G96Angle    Proper Dih.  Improper Dih.          LJ-14     Coulomb-14
    6.69013e+02    2.46240e+02    1.41076e+01    2.15095e+04   -1.17291e+02
        LJ (SR)  Disper. corr.   Coulomb (SR)   Coul. recip. Position Rest.
    6.95025e+04   -1.69760e+03   -5.31098e+05    9.83727e+02    1.08591e+03
   COM Pull En.      Potential    Kinetic En.   Total Energy    Temperature
    4.74332e+00   -4.38897e+05    8.59339e+04   -3.52963e+05    3.09919e+02
 Pres. DC (bar) Pressure (bar)   Constr. rmsd
   -8.16260e+01    3.25862e+01    1.08280e-03

           Step           Time         Lambda
         305000      610.00000        0.00000

   Energies (kJ/mol)
       G96Angle    Proper Dih.  Improper Dih.          LJ-14     Coulomb-14
    6.85060e+02    2.46814e+02    1.32924e+01    2.15106e+04   -1.32754e+02
        LJ (SR)  Disper. corr.   Coulomb (SR)   Coul. recip. Position Rest.
    7.03462e+04   -1.69551e+03   -5.31687e+05    9.80769e+02    1.25577e+03
   COM Pull En.      Potential    Kinetic En.   Total Energy    Temperature
    5.78265e+00   -4.38471e+05    8.65703e+04   -3.51901e+05    3.12214e+02
 Pres. DC (bar) Pressure (bar)   Constr. rmsd
   -8.14256e+01    3.21671e+02    1.08590e-03

           Step           Time         Lambda
         306000      612.00000        0.00000

   Energies (kJ/mol)
       G96Angle    Proper Dih.  Improper Dih.          LJ-14     Coulomb-14
    6.49917e+02    2.65595e+02    1.00136e+01    2.14887e+04   -1.09650e+02
        LJ (SR)  Disper. corr.   Coulomb (SR)   Coul. recip. Position Rest.
    7.03100e+04   -1.69567e+03   -5.32391e+05    9.84364e+02    1.15275e+03
   COM Pull En.      Potential    Kinetic En.   Total Energy    Temperature
    1.99982e+00   -4.39333e+05    8.72202e+04   -3.52113e+05    3.14557e+02
 Pres. DC (bar) Pressure (bar)   Constr. rmsd
   -8.14403e+01   -8.76895e+01    1.10427e-03

           Step           Time         Lambda
         307000      614.00000        0.00000

   Energies (kJ/mol)
       G96Angle    Proper Dih.  Improper Dih.          LJ-14     Coulomb-14
    7.15893e+02    2.54489e+02    1.28060e+01    2.14865e+04   -1.32094e+02
        LJ (SR)  Disper. corr.   Coulomb (SR)   Coul. recip. Position Rest.
    7.04625e+04   -1.68985e+03   -5.31650e+05    9.91675e+02    1.22045e+03
   COM Pull En.      Potential    Kinetic En.   Total Energy    Temperature
    7.86663e-01   -4.38326e+05    8.69643e+04   -3.51362e+05    3.13635e+02
 Pres. DC (bar) Pressure (bar)   Constr. rmsd
   -8.08826e+01    2.15479e+02    1.08417e-03

           Step           Time         Lambda
         308000      616.00000        0.00000

   Energies (kJ/mol)
       G96Angle    Proper Dih.  Improper Dih.          LJ-14     Coulomb-14
    6.84581e+02    2.37668e+02    1.09597e+01    2.15237e+04   -1.16834e+02
        LJ (SR)  Disper. corr.   Coulomb (SR)   Coul. recip. Position Rest.
    6.95219e+04   -1.69221e+03   -5.30604e+05    9.60575e+02    1.18792e+03
   COM Pull En.      Potential    Kinetic En.   Total Energy    Temperature
    8.06634e-01   -4.38285e+05    8.56952e+04   -3.52589e+05    3.09058e+02
 Pres. DC (bar) Pressure (bar)   Constr. rmsd
   -8.11085e+01    7.27495e+01    1.07836e-03

           Step           Time         Lambda
         309000      618.00000        0.00000

   Energies (kJ/mol)
       G96Angle    Proper Dih.  Improper Dih.          LJ-14     Coulomb-14
    6.64665e+02    2.42033e+02    1.48338e+01    2.15052e+04   -1.34270e+02
        LJ (SR)  Disper. corr.   Coulomb (SR)   Coul. recip. Position Rest.
    7.10159e+04   -1.69625e+03   -5.34475e+05    9.72202e+02    1.08134e+03
   COM Pull En.      Potential    Kinetic En.   Total Energy    Temperature
    1.26298e+00   -4.40808e+05    8.55794e+04   -3.55228e+05    3.08640e+02
 Pres. DC (bar) Pressure (bar)   Constr. rmsd
   -8.14963e+01   -1.78580e+01    1.09187e-03

           Step           Time         Lambda
         310000      620.00000        0.00000

   Energies (kJ/mol)
       G96Angle    Proper Dih.  Improper Dih.          LJ-14     Coulomb-14
    6.87078e+02    2.43718e+02    1.16167e+01    2.15638e+04   -1.27176e+02
        LJ (SR)  Disper. corr.   Coulomb (SR)   Coul. recip. Position Rest.
    7.09232e+04   -1.69534e+03   -5.32581e+05    9.75916e+02    1.10081e+03
   COM Pull En.      Potential    Kinetic En.   Total Energy    Temperature
    2.40520e+00   -4.38895e+05    8.58349e+04   -3.53060e+05    3.09562e+02
 Pres. DC (bar) Pressure (bar)   Constr. rmsd
   -8.14089e+01    6.32699e+02    1.04487e-03

           Step           Time         Lambda
         311000      622.00000        0.00000

   Energies (kJ/mol)
       G96Angle    Proper Dih.  Improper Dih.          LJ-14     Coulomb-14
    6.79910e+02    2.28410e+02    1.58183e+01    2.15095e+04   -1.24734e+02
        LJ (SR)  Disper. corr.   Coulomb (SR)   Coul. recip. Position Rest.
    7.11951e+04   -1.69738e+03   -5.33486e+05    9.33873e+02    1.22317e+03
   COM Pull En.      Potential    Kinetic En.   Total Energy    Temperature
    2.51785e+00   -4.39519e+05    8.56570e+04   -3.53862e+05    3.08920e+02
 Pres. DC (bar) Pressure (bar)   Constr. rmsd
   -8.16047e+01    1.26500e+02    1.08375e-03

           Step           Time         Lambda
         312000      624.00000        0.00000

   Energies (kJ/mol)
       G96Angle    Proper Dih.  Improper Dih.          LJ-14     Coulomb-14
    6.59438e+02    2.53698e+02    9.34623e+00    2.14670e+04   -1.36272e+02
        LJ (SR)  Disper. corr.   Coulomb (SR)   Coul. recip. Position Rest.
    7.06288e+04   -1.69651e+03   -5.32613e+05    9.17439e+02    1.14742e+03
   COM Pull En.      Potential    Kinetic En.   Total Energy    Temperature
    1.45765e+00   -4.39361e+05    8.56417e+04   -3.53719e+05    3.08865e+02
 Pres. DC (bar) Pressure (bar)   Constr. rmsd
   -8.15208e+01    1.01886e+02    1.10054e-03

           Step           Time         Lambda
         313000      626.00000        0.00000

   Energies (kJ/mol)
       G96Angle    Proper Dih.  Improper Dih.          LJ-14     Coulomb-14
    6.54625e+02    2.42267e+02    1.44652e+01    2.15077e+04   -1.70934e+02
        LJ (SR)  Disper. corr.   Coulomb (SR)   Coul. recip. Position Rest.
    6.97814e+04   -1.69955e+03   -5.32030e+05    8.77541e+02    1.25560e+03
   COM Pull En.      Potential    Kinetic En.   Total Energy    Temperature
    4.57891e-01   -4.39566e+05    8.60920e+04   -3.53474e+05    3.10489e+02
 Pres. DC (bar) Pressure (bar)   Constr. rmsd
   -8.18133e+01    4.36859e+02    1.04424e-03

           Step           Time         Lambda
         314000      628.00000        0.00000

   Energies (kJ/mol)
       G96Angle    Proper Dih.  Improper Dih.          LJ-14     Coulomb-14
    7.09857e+02    2.29651e+02    1.03809e+01    2.14950e+04   -1.34395e+02
        LJ (SR)  Disper. corr.   Coulomb (SR)   Coul. recip. Position Rest.
    7.04715e+04   -1.69317e+03   -5.33557e+05    9.74498e+02    1.13599e+03
   COM Pull En.      Potential    Kinetic En.   Total Energy    Temperature
    9.70987e-02   -4.40357e+05    8.57184e+04   -3.54639e+05    3.09141e+02
 Pres. DC (bar) Pressure (bar)   Constr. rmsd
   -8.12006e+01    4.62605e+00    1.09570e-03

           Step           Time         Lambda
         315000      630.00000        0.00000

   Energies (kJ/mol)
       G96Angle    Proper Dih.  Improper Dih.          LJ-14     Coulomb-14
    6.02965e+02    2.38663e+02    2.37176e+01    2.14798e+04   -1.25389e+02
        LJ (SR)  Disper. corr.   Coulomb (SR)   Coul. recip. Position Rest.
    6.87911e+04   -1.69631e+03   -5.31742e+05    9.86557e+02    1.08294e+03
   COM Pull En.      Potential    Kinetic En.   Total Energy    Temperature
    1.71288e+00   -4.40357e+05    8.51784e+04   -3.55178e+05    3.07194e+02
 Pres. DC (bar) Pressure (bar)   Constr. rmsd
   -8.15021e+01   -2.74222e+02    1.09727e-03

           Step           Time         Lambda
         316000      632.00000        0.00000

   Energies (kJ/mol)
       G96Angle    Proper Dih.  Improper Dih.          LJ-14     Coulomb-14
    6.66095e+02    2.46509e+02    1.34857e+01    2.14830e+04   -1.43536e+02
        LJ (SR)  Disper. corr.   Coulomb (SR)   Coul. recip. Position Rest.
    7.02263e+04   -1.69498e+03   -5.32205e+05    1.00244e+03    1.20640e+03
   COM Pull En.      Potential    Kinetic En.   Total Energy    Temperature
    1.34148e+00   -4.39198e+05    8.51863e+04   -3.54011e+05    3.07222e+02
 Pres. DC (bar) Pressure (bar)   Constr. rmsd
   -8.13739e+01   -1.61455e+02    1.11640e-03

           Step           Time         Lambda
         317000      634.00000        0.00000

   Energies (kJ/mol)
       G96Angle    Proper Dih.  Improper Dih.          LJ-14     Coulomb-14
    6.36094e+02    2.57935e+02    8.17511e+00    2.14909e+04   -9.92892e+01
        LJ (SR)  Disper. corr.   Coulomb (SR)   Coul. recip. Position Rest.
    7.09632e+04   -1.69584e+03   -5.33854e+05    9.52388e+02    9.67090e+02
   COM Pull En.      Potential    Kinetic En.   Total Energy    Temperature
    9.80198e-01   -4.40372e+05    8.54807e+04   -3.54892e+05    3.08284e+02
 Pres. DC (bar) Pressure (bar)   Constr. rmsd
   -8.14568e+01   -2.43210e+02    1.08596e-03

           Step           Time         Lambda
         318000      636.00000        0.00000

   Energies (kJ/mol)
       G96Angle    Proper Dih.  Improper Dih.          LJ-14     Coulomb-14
    6.55148e+02    2.61220e+02    1.22768e+01    2.14971e+04   -1.11657e+02
        LJ (SR)  Disper. corr.   Coulomb (SR)   Coul. recip. Position Rest.
    7.08835e+04   -1.69227e+03   -5.33668e+05    9.54434e+02    1.24464e+03
   COM Pull En.      Potential    Kinetic En.   Total Energy    Temperature
    2.62314e+00   -4.39961e+05    8.50855e+04   -3.54875e+05    3.06859e+02
 Pres. DC (bar) Pressure (bar)   Constr. rmsd
   -8.11143e+01    2.53350e+02    1.07412e-03

           Step           Time         Lambda
         319000      638.00000        0.00000

   Energies (kJ/mol)
       G96Angle    Proper Dih.  Improper Dih.          LJ-14     Coulomb-14
    6.62588e+02    2.54341e+02    1.34779e+01    2.14927e+04   -1.28662e+02
        LJ (SR)  Disper. corr.   Coulomb (SR)   Coul. recip. Position Rest.
    7.07498e+04   -1.69317e+03   -5.32431e+05    9.27767e+02    1.23949e+03
   COM Pull En.      Potential    Kinetic En.   Total Energy    Temperature
    5.96379e-01   -4.38912e+05    8.63849e+04   -3.52527e+05    3.11545e+02
 Pres. DC (bar) Pressure (bar)   Constr. rmsd
   -8.12004e+01   -3.32818e+02    1.15810e-03

           Step           Time         Lambda
         320000      640.00000        0.00000

   Energies (kJ/mol)
       G96Angle    Proper Dih.  Improper Dih.          LJ-14     Coulomb-14
    6.70720e+02    2.43838e+02    1.32431e+01    2.14964e+04   -1.07831e+02
        LJ (SR)  Disper. corr.   Coulomb (SR)   Coul. recip. Position Rest.
    6.97593e+04   -1.69628e+03   -5.31464e+05    1.00440e+03    1.25581e+03
   COM Pull En.      Potential    Kinetic En.   Total Energy    Temperature
    4.53321e-01   -4.38824e+05    8.60400e+04   -3.52784e+05    3.10301e+02
 Pres. DC (bar) Pressure (bar)   Constr. rmsd
   -8.14995e+01   -4.60956e+01    1.09646e-03

           Step           Time         Lambda
         321000      642.00000        0.00000

   Energies (kJ/mol)
       G96Angle    Proper Dih.  Improper Dih.          LJ-14     Coulomb-14
    6.73187e+02    2.20893e+02    1.31287e+01    2.15123e+04   -1.22381e+02
        LJ (SR)  Disper. corr.   Coulomb (SR)   Coul. recip. Position Rest.
    6.93719e+04   -1.69567e+03   -5.30684e+05    9.10832e+02    1.24891e+03
   COM Pull En.      Potential    Kinetic En.   Total Energy    Temperature
    2.68771e-01   -4.38551e+05    8.59743e+04   -3.52576e+05    3.10064e+02
 Pres. DC (bar) Pressure (bar)   Constr. rmsd
   -8.14410e+01    3.76914e+00    1.06958e-03

           Step           Time         Lambda
         322000      644.00000        0.00000

   Energies (kJ/mol)
       G96Angle    Proper Dih.  Improper Dih.          LJ-14     Coulomb-14
    6.98844e+02    2.39313e+02    1.78195e+01    2.14776e+04   -1.59198e+02
        LJ (SR)  Disper. corr.   Coulomb (SR)   Coul. recip. Position Rest.
    7.10803e+04   -1.69698e+03   -5.32356e+05    1.02772e+03    1.27984e+03
   COM Pull En.      Potential    Kinetic En.   Total Energy    Temperature
    6.95785e-02   -4.38391e+05    8.71850e+04   -3.51206e+05    3.14431e+02
 Pres. DC (bar) Pressure (bar)   Constr. rmsd
   -8.15668e+01    3.73480e+02    1.07710e-03

           Step           Time         Lambda
         323000      646.00000        0.00000

   Energies (kJ/mol)
       G96Angle    Proper Dih.  Improper Dih.          LJ-14     Coulomb-14
    6.50493e+02    2.38244e+02    1.10454e+01    2.14919e+04   -1.57329e+02
        LJ (SR)  Disper. corr.   Coulomb (SR)   Coul. recip. Position Rest.
    6.95217e+04   -1.69427e+03   -5.30766e+05    9.36378e+02    1.19476e+03
   COM Pull En.      Potential    Kinetic En.   Total Energy    Temperature
    4.38952e-01   -4.38573e+05    8.52937e+04   -3.53280e+05    3.07610e+02
 Pres. DC (bar) Pressure (bar)   Constr. rmsd
   -8.13060e+01   -1.59834e+02    1.09701e-03

           Step           Time         Lambda
         324000      648.00000        0.00000

   Energies (kJ/mol)
       G96Angle    Proper Dih.  Improper Dih.          LJ-14     Coulomb-14
    6.70987e+02    2.47709e+02    1.73841e+01    2.14725e+04   -1.69650e+02
        LJ (SR)  Disper. corr.   Coulomb (SR)   Coul. recip. Position Rest.
    6.97089e+04   -1.69233e+03   -5.31342e+05    9.32126e+02    1.26956e+03
   COM Pull En.      Potential    Kinetic En.   Total Energy    Temperature
    2.69985e-01   -4.38884e+05    8.55028e+04   -3.53381e+05    3.08364e+02
 Pres. DC (bar) Pressure (bar)   Constr. rmsd
   -8.11197e+01   -4.38938e+02    1.11247e-03

           Step           Time         Lambda
         325000      650.00000        0.00000

   Energies (kJ/mol)
       G96Angle    Proper Dih.  Improper Dih.          LJ-14     Coulomb-14
    6.60490e+02    2.53441e+02    8.09136e+00    2.14837e+04   -1.12860e+02
        LJ (SR)  Disper. corr.   Coulomb (SR)   Coul. recip. Position Rest.
    6.92592e+04   -1.69595e+03   -5.31637e+05    9.02571e+02    1.14156e+03
   COM Pull En.      Potential    Kinetic En.   Total Energy    Temperature
    1.72655e+00   -4.39735e+05    8.62709e+04   -3.53464e+05    3.11134e+02
 Pres. DC (bar) Pressure (bar)   Constr. rmsd
   -8.14675e+01   -6.12053e+02    1.15326e-03

           Step           Time         Lambda
         326000      652.00000        0.00000

   Energies (kJ/mol)
       G96Angle    Proper Dih.  Improper Dih.          LJ-14     Coulomb-14
    6.68310e+02    2.39474e+02    1.19269e+01    2.14885e+04   -1.76025e+02
        LJ (SR)  Disper. corr.   Coulomb (SR)   Coul. recip. Position Rest.
    6.98202e+04   -1.69175e+03   -5.32013e+05    9.26732e+02    1.20269e+03
   COM Pull En.      Potential    Kinetic En.   Total Energy    Temperature
    7.00884e-02   -4.39522e+05    8.61660e+04   -3.53356e+05    3.10755e+02
 Pres. DC (bar) Pressure (bar)   Constr. rmsd
   -8.10643e+01   -2.42128e+02    1.11959e-03

           Step           Time         Lambda
         327000      654.00000        0.00000

   Energies (kJ/mol)
       G96Angle    Proper Dih.  Improper Dih.          LJ-14     Coulomb-14
    6.82668e+02    2.42891e+02    1.02766e+01    2.14801e+04   -9.77301e+01
        LJ (SR)  Disper. corr.   Coulomb (SR)   Coul. recip. Position Rest.
    6.99086e+04   -1.69588e+03   -5.31898e+05    9.56355e+02    1.17155e+03
   COM Pull En.      Potential    Kinetic En.   Total Energy    Temperature
    7.95022e-02   -4.39239e+05    8.56833e+04   -3.53556e+05    3.09015e+02
 Pres. DC (bar) Pressure (bar)   Constr. rmsd
   -8.14605e+01   -3.41169e+02    1.11853e-03

           Step           Time         Lambda
         328000      656.00000        0.00000

   Energies (kJ/mol)
       G96Angle    Proper Dih.  Improper Dih.          LJ-14     Coulomb-14
    6.56780e+02    2.44934e+02    1.20203e+01    2.14968e+04   -1.60756e+02
        LJ (SR)  Disper. corr.   Coulomb (SR)   Coul. recip. Position Rest.
    7.00547e+04   -1.69469e+03   -5.32326e+05    9.82236e+02    1.27130e+03
   COM Pull En.      Potential    Kinetic En.   Total Energy    Temperature
    2.77763e-01   -4.39463e+05    8.58115e+04   -3.53651e+05    3.09477e+02
 Pres. DC (bar) Pressure (bar)   Constr. rmsd
   -8.13468e+01    3.01274e+02    1.03764e-03

           Step           Time         Lambda
         329000      658.00000        0.00000

   Energies (kJ/mol)
       G96Angle    Proper Dih.  Improper Dih.          LJ-14     Coulomb-14
    6.46685e+02    2.43942e+02    9.74034e+00    2.14794e+04   -1.42080e+02
        LJ (SR)  Disper. corr.   Coulomb (SR)   Coul. recip. Position Rest.
    6.99101e+04   -1.69210e+03   -5.31039e+05    9.99113e+02    1.26036e+03
   COM Pull En.      Potential    Kinetic En.   Total Energy    Temperature
    3.38192e-01   -4.38324e+05    8.55747e+04   -3.52749e+05    3.08623e+02
 Pres. DC (bar) Pressure (bar)   Constr. rmsd
   -8.10977e+01    5.07989e+01    1.07842e-03

           Step           Time         Lambda
         330000      660.00000        0.00000

   Energies (kJ/mol)
       G96Angle    Proper Dih.  Improper Dih.          LJ-14     Coulomb-14
    6.22237e+02    2.34435e+02    9.19225e+00    2.14663e+04   -1.09473e+02
        LJ (SR)  Disper. corr.   Coulomb (SR)   Coul. recip. Position Rest.
    6.94093e+04   -1.69397e+03   -5.31329e+05    9.44509e+02    1.09047e+03
   COM Pull En.      Potential    Kinetic En.   Total Energy    Temperature
    8.10895e-01   -4.39355e+05    8.51290e+04   -3.54226e+05    3.07016e+02
 Pres. DC (bar) Pressure (bar)   Constr. rmsd
   -8.12772e+01   -2.23367e+02    1.09988e-03

           Step           Time         Lambda
         331000      662.00000        0.00000

   Energies (kJ/mol)
       G96Angle    Proper Dih.  Improper Dih.          LJ-14     Coulomb-14
    6.60782e+02    2.48724e+02    9.35599e+00    2.14720e+04   -1.66123e+02
        LJ (SR)  Disper. corr.   Coulomb (SR)   Coul. recip. Position Rest.
    7.05427e+04   -1.69502e+03   -5.32849e+05    1.00042e+03    1.27046e+03
   COM Pull En.      Potential    Kinetic En.   Total Energy    Temperature
    8.58141e-01   -4.39505e+05    8.55807e+04   -3.53924e+05    3.08645e+02
 Pres. DC (bar) Pressure (bar)   Constr. rmsd
   -8.13783e+01   -3.16412e+02    1.12682e-03

           Step           Time         Lambda
         332000      664.00000        0.00000

   Energies (kJ/mol)
       G96Angle    Proper Dih.  Improper Dih.          LJ-14     Coulomb-14
    6.34879e+02    2.34357e+02    1.38071e+01    2.14754e+04   -1.20401e+02
        LJ (SR)  Disper. corr.   Coulomb (SR)   Coul. recip. Position Rest.
    7.05194e+04   -1.69853e+03   -5.33035e+05    9.09108e+02    1.14209e+03
   COM Pull En.      Potential    Kinetic En.   Total Energy    Temperature
    8.13449e-01   -4.39924e+05    8.57176e+04   -3.54206e+05    3.09138e+02
 Pres. DC (bar) Pressure (bar)   Constr. rmsd
   -8.17150e+01   -6.80927e+01    1.08585e-03

           Step           Time         Lambda
         333000      666.00000        0.00000

   Energies (kJ/mol)
       G96Angle    Proper Dih.  Improper Dih.          LJ-14     Coulomb-14
    6.23628e+02    2.57458e+02    1.75689e+01    2.14617e+04   -1.24208e+02
        LJ (SR)  Disper. corr.   Coulomb (SR)   Coul. recip. Position Rest.
    7.10602e+04   -1.69583e+03   -5.34185e+05    9.57285e+02    1.16449e+03
   COM Pull En.      Potential    Kinetic En.   Total Energy    Temperature
    1.86062e-01   -4.40463e+05    8.54133e+04   -3.55050e+05    3.08041e+02
 Pres. DC (bar) Pressure (bar)   Constr. rmsd
   -8.14555e+01   -6.64357e+01    1.11282e-03

           Step           Time         Lambda
         334000      668.00000        0.00000

   Energies (kJ/mol)
       G96Angle    Proper Dih.  Improper Dih.          LJ-14     Coulomb-14
    5.97152e+02    2.34793e+02    7.76174e+00    2.14783e+04   -1.12585e+02
        LJ (SR)  Disper. corr.   Coulomb (SR)   Coul. recip. Position Rest.
    6.99533e+04   -1.69661e+03   -5.32384e+05    9.53764e+02    1.24800e+03
   COM Pull En.      Potential    Kinetic En.   Total Energy    Temperature
    1.14243e+00   -4.39719e+05    8.56564e+04   -3.54062e+05    3.08918e+02
 Pres. DC (bar) Pressure (bar)   Constr. rmsd
   -8.15306e+01    1.16297e+01    1.06358e-03

           Step           Time         Lambda
         335000      670.00000        0.00000

   Energies (kJ/mol)
       G96Angle    Proper Dih.  Improper Dih.          LJ-14     Coulomb-14
    6.83678e+02    2.22130e+02    1.08259e+01    2.14809e+04   -1.42172e+02
        LJ (SR)  Disper. corr.   Coulomb (SR)   Coul. recip. Position Rest.
    7.02309e+04   -1.69802e+03   -5.33137e+05    9.38470e+02    1.11860e+03
   COM Pull En.      Potential    Kinetic En.   Total Energy    Temperature
    1.00384e-01   -4.40292e+05    8.57149e+04   -3.54577e+05    3.09129e+02
 Pres. DC (bar) Pressure (bar)   Constr. rmsd
   -8.16666e+01    3.16422e+01    1.07619e-03

           Step           Time         Lambda
         336000      672.00000        0.00000

   Energies (kJ/mol)
       G96Angle    Proper Dih.  Improper Dih.          LJ-14     Coulomb-14
    6.52880e+02    2.35211e+02    7.48214e+00    2.14935e+04   -1.46566e+02
        LJ (SR)  Disper. corr.   Coulomb (SR)   Coul. recip. Position Rest.
    7.06056e+04   -1.70188e+03   -5.32445e+05    9.73745e+02    1.29250e+03
   COM Pull En.      Potential    Kinetic En.   Total Energy    Temperature
    3.53448e+00   -4.39029e+05    8.51416e+04   -3.53887e+05    3.07061e+02
 Pres. DC (bar) Pressure (bar)   Constr. rmsd
   -8.20382e+01    1.75797e+02    1.07554e-03

           Step           Time         Lambda
         337000      674.00000        0.00000

   Energies (kJ/mol)
       G96Angle    Proper Dih.  Improper Dih.          LJ-14     Coulomb-14
    6.69307e+02    2.37862e+02    1.21417e+01    2.14880e+04   -1.49064e+02
        LJ (SR)  Disper. corr.   Coulomb (SR)   Coul. recip. Position Rest.
    7.08411e+04   -1.69239e+03   -5.32548e+05    9.30794e+02    1.23701e+03
   COM Pull En.      Potential    Kinetic En.   Total Energy    Temperature
    5.88162e+00   -4.38968e+05    8.62383e+04   -3.52729e+05    3.11016e+02
 Pres. DC (bar) Pressure (bar)   Constr. rmsd
   -8.11261e+01    3.53546e+01    1.07345e-03

           Step           Time         Lambda
         338000      676.00000        0.00000

   Energies (kJ/mol)
       G96Angle    Proper Dih.  Improper Dih.          LJ-14     Coulomb-14
    6.63128e+02    2.31914e+02    9.80040e+00    2.14503e+04   -1.37729e+02
        LJ (SR)  Disper. corr.   Coulomb (SR)   Coul. recip. Position Rest.
    6.95848e+04   -1.69233e+03   -5.32015e+05    1.00748e+03    1.27145e+03
   COM Pull En.      Potential    Kinetic En.   Total Energy    Temperature
    3.86836e+00   -4.39622e+05    8.62188e+04   -3.53404e+05    3.10946e+02
 Pres. DC (bar) Pressure (bar)   Constr. rmsd
   -8.11198e+01   -2.16196e+02    1.10370e-03

           Step           Time         Lambda
         339000      678.00000        0.00000

   Energies (kJ/mol)
       G96Angle    Proper Dih.  Improper Dih.          LJ-14     Coulomb-14
    6.41267e+02    2.33198e+02    8.45904e+00    2.14855e+04   -1.26623e+02
        LJ (SR)  Disper. corr.   Coulomb (SR)   Coul. recip. Position Rest.
    7.09829e+04   -1.68987e+03   -5.33557e+05    9.95827e+02    1.21498e+03
   COM Pull En.      Potential    Kinetic En.   Total Energy    Temperature
    2.06095e+00   -4.39810e+05    8.61405e+04   -3.53669e+05    3.10664e+02
 Pres. DC (bar) Pressure (bar)   Constr. rmsd
   -8.08844e+01   -3.57908e+01    1.06830e-03

           Step           Time         Lambda
         340000      680.00000        0.00000

   Energies (kJ/mol)
       G96Angle    Proper Dih.  Improper Dih.          LJ-14     Coulomb-14
    6.73554e+02    2.50789e+02    1.03441e+01    2.15131e+04   -1.46063e+02
        LJ (SR)  Disper. corr.   Coulomb (SR)   Coul. recip. Position Rest.
    7.08139e+04   -1.69636e+03   -5.33881e+05    9.60967e+02    1.19161e+03
   COM Pull En.      Potential    Kinetic En.   Total Energy    Temperature
    1.81298e-01   -4.40309e+05    8.58515e+04   -3.54458e+05    3.09621e+02
 Pres. DC (bar) Pressure (bar)   Constr. rmsd
   -8.15071e+01    2.26439e+02    1.06142e-03

           Step           Time         Lambda
         341000      682.00000        0.00000

   Energies (kJ/mol)
       G96Angle    Proper Dih.  Improper Dih.          LJ-14     Coulomb-14
    6.47717e+02    2.52220e+02    1.10042e+01    2.15176e+04   -1.03279e+02
        LJ (SR)  Disper. corr.   Coulomb (SR)   Coul. recip. Position Rest.
    7.06977e+04   -1.69478e+03   -5.31979e+05    9.40286e+02    1.29925e+03
   COM Pull En.      Potential    Kinetic En.   Total Energy    Temperature
    2.25011e-01   -4.38411e+05    8.67080e+04   -3.51703e+05    3.12710e+02
 Pres. DC (bar) Pressure (bar)   Constr. rmsd
   -8.13553e+01    7.42191e+02    1.03768e-03

           Step           Time         Lambda
         342000      684.00000        0.00000

   Energies (kJ/mol)
       G96Angle    Proper Dih.  Improper Dih.          LJ-14     Coulomb-14
    6.85807e+02    2.51948e+02    9.19765e+00    2.14917e+04   -1.18504e+02
        LJ (SR)  Disper. corr.   Coulomb (SR)   Coul. recip. Position Rest.
    6.92323e+04   -1.69804e+03   -5.30775e+05    9.64730e+02    1.23278e+03
   COM Pull En.      Potential    Kinetic En.   Total Energy    Temperature
    5.12912e-05   -4.38723e+05    8.59385e+04   -3.52784e+05    3.09935e+02
 Pres. DC (bar) Pressure (bar)   Constr. rmsd
   -8.16679e+01    2.07319e+02    1.05298e-03

           Step           Time         Lambda
         343000      686.00000        0.00000

   Energies (kJ/mol)
       G96Angle    Proper Dih.  Improper Dih.          LJ-14     Coulomb-14
    6.06432e+02    2.34029e+02    1.91022e+01    2.14642e+04   -1.57956e+02
        LJ (SR)  Disper. corr.   Coulomb (SR)   Coul. recip. Position Rest.
    6.92622e+04   -1.69416e+03   -5.30487e+05    9.50641e+02    1.23973e+03
   COM Pull En.      Potential    Kinetic En.   Total Energy    Temperature
    1.15404e-01   -4.38563e+05    8.61702e+04   -3.52393e+05    3.10771e+02
 Pres. DC (bar) Pressure (bar)   Constr. rmsd
   -8.12955e+01    3.98705e+01    1.07155e-03

           Step           Time         Lambda
         344000      688.00000        0.00000

   Energies (kJ/mol)
       G96Angle    Proper Dih.  Improper Dih.          LJ-14     Coulomb-14
    6.46628e+02    2.54842e+02    6.11818e+00    2.14872e+04   -1.19999e+02
        LJ (SR)  Disper. corr.   Coulomb (SR)   Coul. recip. Position Rest.
    7.07198e+04   -1.69608e+03   -5.31920e+05    1.03931e+03    1.35262e+03
   COM Pull En.      Potential    Kinetic En.   Total Energy    Temperature
    3.91956e+00   -4.38226e+05    8.53307e+04   -3.52895e+05    3.07743e+02
 Pres. DC (bar) Pressure (bar)   Constr. rmsd
   -8.14801e+01    1.62957e+02    1.09162e-03

           Step           Time         Lambda
         345000      690.00000        0.00000

   Energies (kJ/mol)
       G96Angle    Proper Dih.  Improper Dih.          LJ-14     Coulomb-14
    6.29384e+02    2.37321e+02    1.04736e+01    2.14819e+04   -1.72774e+02
        LJ (SR)  Disper. corr.   Coulomb (SR)   Coul. recip. Position Rest.
    6.98752e+04   -1.69599e+03   -5.31740e+05    9.89941e+02    1.22858e+03
   COM Pull En.      Potential    Kinetic En.   Total Energy    Temperature
    3.38107e-03   -4.39156e+05    8.62060e+04   -3.52950e+05    3.10900e+02
 Pres. DC (bar) Pressure (bar)   Constr. rmsd
   -8.14714e+01    5.64132e+01    1.06708e-03

           Step           Time         Lambda
         346000      692.00000        0.00000

   Energies (kJ/mol)
       G96Angle    Proper Dih.  Improper Dih.          LJ-14     Coulomb-14
    6.46929e+02    2.56271e+02    4.42111e+00    2.14786e+04   -1.19823e+02
        LJ (SR)  Disper. corr.   Coulomb (SR)   Coul. recip. Position Rest.
    7.09018e+04   -1.69519e+03   -5.32751e+05    9.55685e+02    1.24268e+03
   COM Pull En.      Potential    Kinetic En.   Total Energy    Temperature
    2.14010e-02   -4.39080e+05    8.56499e+04   -3.53430e+05    3.08894e+02
 Pres. DC (bar) Pressure (bar)   Constr. rmsd
   -8.13940e+01    5.02941e+02    1.02723e-03

           Step           Time         Lambda
         347000      694.00000        0.00000

   Energies (kJ/mol)
       G96Angle    Proper Dih.  Improper Dih.          LJ-14     Coulomb-14
    6.32827e+02    2.21433e+02    1.86132e+01    2.14649e+04   -1.18082e+02
        LJ (SR)  Disper. corr.   Coulomb (SR)   Coul. recip. Position Rest.
    6.98831e+04   -1.69628e+03   -5.31908e+05    9.32420e+02    1.24051e+03
   COM Pull En.      Potential    Kinetic En.   Total Energy    Temperature
    6.96954e-01   -4.39328e+05    8.52955e+04   -3.54033e+05    3.07616e+02
 Pres. DC (bar) Pressure (bar)   Constr. rmsd
   -8.14988e+01   -4.69301e+02    1.10496e-03

           Step           Time         Lambda
         348000      696.00000        0.00000

   Energies (kJ/mol)
       G96Angle    Proper Dih.  Improper Dih.          LJ-14     Coulomb-14
    6.12074e+02    2.36744e+02    8.92862e+00    2.14572e+04   -1.23220e+02
        LJ (SR)  Disper. corr.   Coulomb (SR)   Coul. recip. Position Rest.
    6.98007e+04   -1.69375e+03   -5.30981e+05    1.01540e+03    1.21097e+03
   COM Pull En.      Potential    Kinetic En.   Total Energy    Temperature
    1.25720e+00   -4.38455e+05    8.54957e+04   -3.52959e+05    3.08338e+02
 Pres. DC (bar) Pressure (bar)   Constr. rmsd
   -8.12565e+01   -3.35225e+02    1.11222e-03

           Step           Time         Lambda
         349000      698.00000        0.00000

   Energies (kJ/mol)
       G96Angle    Proper Dih.  Improper Dih.          LJ-14     Coulomb-14
    6.25932e+02    2.51167e+02    1.36235e+01    2.14667e+04   -1.41682e+02
        LJ (SR)  Disper. corr.   Coulomb (SR)   Coul. recip. Position Rest.
    7.12118e+04   -1.69647e+03   -5.33503e+05    9.55322e+02    1.32521e+03
   COM Pull En.      Potential    Kinetic En.   Total Energy    Temperature
    7.64219e-01   -4.39491e+05    8.58790e+04   -3.53612e+05    3.09721e+02
 Pres. DC (bar) Pressure (bar)   Constr. rmsd
   -8.15176e+01    3.28234e+02    1.06690e-03

           Step           Time         Lambda
         350000      700.00000        0.00000

   Energies (kJ/mol)
       G96Angle    Proper Dih.  Improper Dih.          LJ-14     Coulomb-14
    6.61370e+02    2.32701e+02    1.51215e+01    2.14618e+04   -1.35484e+02
        LJ (SR)  Disper. corr.   Coulomb (SR)   Coul. recip. Position Rest.
    7.08775e+04   -1.69396e+03   -5.31698e+05    9.75449e+02    1.23618e+03
   COM Pull En.      Potential    Kinetic En.   Total Energy    Temperature
    2.32979e+00   -4.38065e+05    8.60947e+04   -3.51970e+05    3.10498e+02
 Pres. DC (bar) Pressure (bar)   Constr. rmsd
   -8.12760e+01   -1.25082e+02    1.08096e-03

           Step           Time         Lambda
         351000      702.00000        0.00000

   Energies (kJ/mol)
       G96Angle    Proper Dih.  Improper Dih.          LJ-14     Coulomb-14
    5.95225e+02    2.26704e+02    9.56293e+00    2.14774e+04   -1.70373e+02
        LJ (SR)  Disper. corr.   Coulomb (SR)   Coul. recip. Position Rest.
    7.02708e+04   -1.69561e+03   -5.32830e+05    9.40348e+02    1.23558e+03
   COM Pull En.      Potential    Kinetic En.   Total Energy    Temperature
    1.54037e-01   -4.39941e+05    8.60724e+04   -3.53868e+05    3.10418e+02
 Pres. DC (bar) Pressure (bar)   Constr. rmsd
   -8.14344e+01   -2.60174e+01    1.08468e-03

           Step           Time         Lambda
         352000      704.00000        0.00000

   Energies (kJ/mol)
       G96Angle    Proper Dih.  Improper Dih.          LJ-14     Coulomb-14
    5.88691e+02    2.37382e+02    1.67638e+01    2.14907e+04   -1.24764e+02
        LJ (SR)  Disper. corr.   Coulomb (SR)   Coul. recip. Position Rest.
    7.02348e+04   -1.69859e+03   -5.33123e+05    9.83265e+02    1.16107e+03
   COM Pull En.      Potential    Kinetic En.   Total Energy    Temperature
    1.16237e+00   -4.40233e+05    8.52062e+04   -3.55027e+05    3.07294e+02
 Pres. DC (bar) Pressure (bar)   Constr. rmsd
   -8.17216e+01    2.65216e+02    1.06530e-03

           Step           Time         Lambda
         353000      706.00000        0.00000

   Energies (kJ/mol)
       G96Angle    Proper Dih.  Improper Dih.          LJ-14     Coulomb-14
    6.21224e+02    2.52046e+02    4.94548e+00    2.14799e+04   -1.33266e+02
        LJ (SR)  Disper. corr.   Coulomb (SR)   Coul. recip. Position Rest.
    7.16443e+04   -1.69737e+03   -5.35737e+05    9.20465e+02    1.22044e+03
   COM Pull En.      Potential    Kinetic En.   Total Energy    Temperature
    4.27099e+00   -4.41420e+05    8.54256e+04   -3.55995e+05    3.08085e+02
 Pres. DC (bar) Pressure (bar)   Constr. rmsd
   -8.16038e+01    4.55345e+01    1.10365e-03

           Step           Time         Lambda
         354000      708.00000        0.00000

   Energies (kJ/mol)
       G96Angle    Proper Dih.  Improper Dih.          LJ-14     Coulomb-14
    6.19260e+02    2.39158e+02    1.10033e+01    2.14872e+04   -1.26086e+02
        LJ (SR)  Disper. corr.   Coulomb (SR)   Coul. recip. Position Rest.
    6.96387e+04   -1.69492e+03   -5.32277e+05    9.79938e+02    1.17819e+03
   COM Pull En.      Potential    Kinetic En.   Total Energy    Temperature
    1.64480e+00   -4.39943e+05    8.55878e+04   -3.54355e+05    3.08670e+02
 Pres. DC (bar) Pressure (bar)   Constr. rmsd
   -8.13682e+01    2.51956e+01    1.07914e-03

           Step           Time         Lambda
         355000      710.00000        0.00000

   Energies (kJ/mol)
       G96Angle    Proper Dih.  Improper Dih.          LJ-14     Coulomb-14
    6.33438e+02    2.37572e+02    1.45565e+01    2.14639e+04   -1.47595e+02
        LJ (SR)  Disper. corr.   Coulomb (SR)   Coul. recip. Position Rest.
    7.05560e+04   -1.69376e+03   -5.32678e+05    9.05564e+02    1.25399e+03
   COM Pull En.      Potential    Kinetic En.   Total Energy    Temperature
    1.50766e+00   -4.39453e+05    8.54785e+04   -3.53974e+05    3.08276e+02
 Pres. DC (bar) Pressure (bar)   Constr. rmsd
   -8.12570e+01   -3.61210e+02    1.13578e-03

           Step           Time         Lambda
         356000      712.00000        0.00000

   Energies (kJ/mol)
       G96Angle    Proper Dih.  Improper Dih.          LJ-14     Coulomb-14
    6.73988e+02    2.34095e+02    9.34422e+00    2.14890e+04   -1.47543e+02
        LJ (SR)  Disper. corr.   Coulomb (SR)   Coul. recip. Position Rest.
    7.11143e+04   -1.69381e+03   -5.33818e+05    9.88990e+02    1.14915e+03
   COM Pull En.      Potential    Kinetic En.   Total Energy    Temperature
    2.16747e+00   -4.39998e+05    8.60212e+04   -3.53977e+05    3.10233e+02
 Pres. DC (bar) Pressure (bar)   Constr. rmsd
   -8.12623e+01    1.08705e+02    1.06903e-03

           Step           Time         Lambda
         357000      714.00000        0.00000

   Energies (kJ/mol)
       G96Angle    Proper Dih.  Improper Dih.          LJ-14     Coulomb-14
    6.12202e+02    2.41018e+02    1.09553e+01    2.14899e+04   -1.34325e+02
        LJ (SR)  Disper. corr.   Coulomb (SR)   Coul. recip. Position Rest.
    7.03596e+04   -1.69281e+03   -5.33155e+05    1.02055e+03    1.23418e+03
   COM Pull En.      Potential    Kinetic En.   Total Energy    Temperature
    3.35348e-03   -4.40014e+05    8.58944e+04   -3.54119e+05    3.09776e+02
 Pres. DC (bar) Pressure (bar)   Constr. rmsd
   -8.11666e+01    3.11904e+01    1.07908e-03

           Step           Time         Lambda
         358000      716.00000        0.00000

   Energies (kJ/mol)
       G96Angle    Proper Dih.  Improper Dih.          LJ-14     Coulomb-14
    6.59540e+02    2.40788e+02    1.12867e+01    2.14574e+04   -1.62969e+02
        LJ (SR)  Disper. corr.   Coulomb (SR)   Coul. recip. Position Rest.
    7.09385e+04   -1.69897e+03   -5.34660e+05    9.71597e+02    1.18808e+03
   COM Pull En.      Potential    Kinetic En.   Total Energy    Temperature
    5.13280e-02   -4.41055e+05    8.55851e+04   -3.55470e+05    3.08661e+02
 Pres. DC (bar) Pressure (bar)   Constr. rmsd
   -8.17574e+01    4.86902e+01    1.08514e-03

           Step           Time         Lambda
         359000      718.00000        0.00000

   Energies (kJ/mol)
       G96Angle    Proper Dih.  Improper Dih.          LJ-14     Coulomb-14
    6.31117e+02    2.40494e+02    1.05310e+01    2.14476e+04   -1.20169e+02
        LJ (SR)  Disper. corr.   Coulomb (SR)   Coul. recip. Position Rest.
    7.12877e+04   -1.70035e+03   -5.34560e+05    9.80931e+02    1.15290e+03
   COM Pull En.      Potential    Kinetic En.   Total Energy    Temperature
    1.65901e+00   -4.40628e+05    8.59611e+04   -3.54667e+05    3.10017e+02
 Pres. DC (bar) Pressure (bar)   Constr. rmsd
   -8.18905e+01   -2.39612e+02    1.11657e-03

           Step           Time         Lambda
         360000      720.00000        0.00000

   Energies (kJ/mol)
       G96Angle    Proper Dih.  Improper Dih.          LJ-14     Coulomb-14
    6.20154e+02    2.40950e+02    1.09384e+01    2.14790e+04   -1.15489e+02
        LJ (SR)  Disper. corr.   Coulomb (SR)   Coul. recip. Position Rest.
    6.96890e+04   -1.70158e+03   -5.33039e+05    9.55505e+02    1.18413e+03
   COM Pull En.      Potential    Kinetic En.   Total Energy    Temperature
    1.81286e+00   -4.40675e+05    8.60121e+04   -3.54663e+05    3.10201e+02
 Pres. DC (bar) Pressure (bar)   Constr. rmsd
   -8.20094e+01   -4.60888e+02    1.11475e-03

           Step           Time         Lambda
         361000      722.00000        0.00000

   Energies (kJ/mol)
       G96Angle    Proper Dih.  Improper Dih.          LJ-14     Coulomb-14
    6.40722e+02    2.45874e+02    1.30800e+01    2.15225e+04   -1.18259e+02
        LJ (SR)  Disper. corr.   Coulomb (SR)   Coul. recip. Position Rest.
    7.11399e+04   -1.70107e+03   -5.33806e+05    9.59902e+02    1.24684e+03
   COM Pull En.      Potential    Kinetic En.   Total Energy    Temperature
    1.78460e+00   -4.39854e+05    8.58443e+04   -3.54010e+05    3.09595e+02
 Pres. DC (bar) Pressure (bar)   Constr. rmsd
   -8.19597e+01    9.05600e+02    1.02003e-03

           Step           Time         Lambda
         362000      724.00000        0.00000

   Energies (kJ/mol)
       G96Angle    Proper Dih.  Improper Dih.          LJ-14     Coulomb-14
    6.41779e+02    2.50662e+02    1.42224e+01    2.14467e+04   -1.69093e+02
        LJ (SR)  Disper. corr.   Coulomb (SR)   Coul. recip. Position Rest.
    7.02484e+04   -1.69350e+03   -5.32842e+05    9.77348e+02    1.10817e+03
   COM Pull En.      Potential    Kinetic En.   Total Energy    Temperature
    1.45264e+00   -4.40015e+05    8.43515e+04   -3.55664e+05    3.04212e+02
 Pres. DC (bar) Pressure (bar)   Constr. rmsd
   -8.12322e+01   -9.90917e+01    1.08203e-03

           Step           Time         Lambda
         363000      726.00000        0.00000

   Energies (kJ/mol)
       G96Angle    Proper Dih.  Improper Dih.          LJ-14     Coulomb-14
    6.40586e+02    2.46517e+02    6.26961e+00    2.14414e+04   -1.53532e+02
        LJ (SR)  Disper. corr.   Coulomb (SR)   Coul. recip. Position Rest.
    7.13668e+04   -1.69785e+03   -5.34739e+05    9.71980e+02    1.22929e+03
   COM Pull En.      Potential    Kinetic En.   Total Energy    Temperature
    1.56376e+00   -4.40686e+05    8.48841e+04   -3.55802e+05    3.06132e+02
 Pres. DC (bar) Pressure (bar)   Constr. rmsd
   -8.16505e+01   -2.98126e+02    1.10837e-03

           Step           Time         Lambda
         364000      728.00000        0.00000

   Energies (kJ/mol)
       G96Angle    Proper Dih.  Improper Dih.          LJ-14     Coulomb-14
    7.20676e+02    2.52106e+02    1.06796e+01    2.14930e+04   -1.12600e+02
        LJ (SR)  Disper. corr.   Coulomb (SR)   Coul. recip. Position Rest.
    7.03606e+04   -1.69797e+03   -5.32514e+05    9.55919e+02    1.27953e+03
   COM Pull En.      Potential    Kinetic En.   Total Energy    Temperature
    1.48332e-01   -4.39252e+05    8.58407e+04   -3.53411e+05    3.09582e+02
 Pres. DC (bar) Pressure (bar)   Constr. rmsd
   -8.16619e+01    1.68851e+02    1.08119e-03

           Step           Time         Lambda
         365000      730.00000        0.00000

   Energies (kJ/mol)
       G96Angle    Proper Dih.  Improper Dih.          LJ-14     Coulomb-14
    6.92675e+02    2.35753e+02    9.83757e+00    2.14888e+04   -1.59607e+02
        LJ (SR)  Disper. corr.   Coulomb (SR)   Coul. recip. Position Rest.
    7.10424e+04   -1.69684e+03   -5.33580e+05    9.55420e+02    1.23777e+03
   COM Pull En.      Potential    Kinetic En.   Total Energy    Temperature
    1.37005e-02   -4.39774e+05    8.50393e+04   -3.54735e+05    3.06692e+02
 Pres. DC (bar) Pressure (bar)   Constr. rmsd
   -8.15527e+01    1.65073e+02    1.07056e-03

           Step           Time         Lambda
         366000      732.00000        0.00000

   Energies (kJ/mol)
       G96Angle    Proper Dih.  Improper Dih.          LJ-14     Coulomb-14
    5.90649e+02    2.26611e+02    1.53386e+01    2.14836e+04   -1.37465e+02
        LJ (SR)  Disper. corr.   Coulomb (SR)   Coul. recip. Position Rest.
    7.08298e+04   -1.69071e+03   -5.33011e+05    9.99344e+02    1.11111e+03
   COM Pull En.      Potential    Kinetic En.   Total Energy    Temperature
    1.39954e-02   -4.39583e+05    8.56572e+04   -3.53925e+05    3.08921e+02
 Pres. DC (bar) Pressure (bar)   Constr. rmsd
   -8.09646e+01    2.16853e+02    1.08347e-03

           Step           Time         Lambda
         367000      734.00000        0.00000

   Energies (kJ/mol)
       G96Angle    Proper Dih.  Improper Dih.          LJ-14     Coulomb-14
    6.71869e+02    2.42922e+02    1.14863e+01    2.14763e+04   -1.34781e+02
        LJ (SR)  Disper. corr.   Coulomb (SR)   Coul. recip. Position Rest.
    7.08525e+04   -1.69519e+03   -5.32892e+05    1.01637e+03    1.22796e+03
   COM Pull En.      Potential    Kinetic En.   Total Energy    Temperature
    2.61156e-02   -4.39222e+05    8.48970e+04   -3.54325e+05    3.06179e+02
 Pres. DC (bar) Pressure (bar)   Constr. rmsd
   -8.13946e+01    1.59142e+02    1.08403e-03

           Step           Time         Lambda
         368000      736.00000        0.00000

   Energies (kJ/mol)
       G96Angle    Proper Dih.  Improper Dih.          LJ-14     Coulomb-14
    7.00402e+02    2.43394e+02    1.12646e+01    2.14911e+04   -1.52474e+02
        LJ (SR)  Disper. corr.   Coulomb (SR)   Coul. recip. Position Rest.
    6.97385e+04   -1.69484e+03   -5.31577e+05    9.35157e+02    1.23784e+03
   COM Pull En.      Potential    Kinetic En.   Total Energy    Temperature
    6.00001e-03   -4.39067e+05    8.64142e+04   -3.52653e+05    3.11651e+02
 Pres. DC (bar) Pressure (bar)   Constr. rmsd
   -8.13610e+01    3.58345e+01    1.10324e-03

           Step           Time         Lambda
         369000      738.00000        0.00000

   Energies (kJ/mol)
       G96Angle    Proper Dih.  Improper Dih.          LJ-14     Coulomb-14
    6.67257e+02    2.34164e+02    1.42669e+01    2.15006e+04   -1.35470e+02
        LJ (SR)  Disper. corr.   Coulomb (SR)   Coul. recip. Position Rest.
    7.11036e+04   -1.69757e+03   -5.33969e+05    9.83672e+02    1.18573e+03
   COM Pull En.      Potential    Kinetic En.   Total Energy    Temperature
    3.82561e-01   -4.40112e+05    8.56291e+04   -3.54483e+05    3.08819e+02
 Pres. DC (bar) Pressure (bar)   Constr. rmsd
   -8.16233e+01    2.51842e+02    1.06323e-03

           Step           Time         Lambda
         370000      740.00000        0.00000

   Energies (kJ/mol)
       G96Angle    Proper Dih.  Improper Dih.          LJ-14     Coulomb-14
    6.99716e+02    2.41959e+02    6.87145e+00    2.14912e+04   -1.22958e+02
        LJ (SR)  Disper. corr.   Coulomb (SR)   Coul. recip. Position Rest.
    7.05255e+04   -1.69328e+03   -5.32956e+05    9.59499e+02    1.31295e+03
   COM Pull En.      Potential    Kinetic En.   Total Energy    Temperature
    6.40818e-01   -4.39534e+05    8.62891e+04   -3.53245e+05    3.11200e+02
 Pres. DC (bar) Pressure (bar)   Constr. rmsd
   -8.12113e+01    5.04672e+01    1.08942e-03

           Step           Time         Lambda
         371000      742.00000        0.00000

   Energies (kJ/mol)
       G96Angle    Proper Dih.  Improper Dih.          LJ-14     Coulomb-14
    6.97632e+02    2.37815e+02    1.25975e+01    2.14889e+04   -1.13644e+02
        LJ (SR)  Disper. corr.   Coulomb (SR)   Coul. recip. Position Rest.
    7.00981e+04   -1.69257e+03   -5.31926e+05    9.83854e+02    1.15144e+03
   COM Pull En.      Potential    Kinetic En.   Total Energy    Temperature
    7.17308e-02   -4.39062e+05    8.61201e+04   -3.52942e+05    3.10590e+02
 Pres. DC (bar) Pressure (bar)   Constr. rmsd
   -8.11433e+01   -1.18374e+02    1.10773e-03

           Step           Time         Lambda
         372000      744.00000        0.00000

   Energies (kJ/mol)
       G96Angle    Proper Dih.  Improper Dih.          LJ-14     Coulomb-14
    6.67802e+02    2.49475e+02    1.44238e+01    2.14758e+04   -1.10521e+02
        LJ (SR)  Disper. corr.   Coulomb (SR)   Coul. recip. Position Rest.
    7.01516e+04   -1.68863e+03   -5.30984e+05    9.47129e+02    1.25421e+03
   COM Pull En.      Potential    Kinetic En.   Total Energy    Temperature
    5.34446e-01   -4.38022e+05    8.59771e+04   -3.52045e+05    3.10074e+02
 Pres. DC (bar) Pressure (bar)   Constr. rmsd
   -8.07664e+01   -3.61431e+02    1.12082e-03

           Step           Time         Lambda
         373000      746.00000        0.00000

   Energies (kJ/mol)
       G96Angle    Proper Dih.  Improper Dih.          LJ-14     Coulomb-14
    6.46742e+02    2.45655e+02    1.49533e+01    2.14920e+04   -1.47322e+02
        LJ (SR)  Disper. corr.   Coulomb (SR)   Coul. recip. Position Rest.
    7.01182e+04   -1.69509e+03   -5.32309e+05    9.96255e+02    1.16601e+03
   COM Pull En.      Potential    Kinetic En.   Total Energy    Temperature
    1.61067e-03   -4.39472e+05    8.57768e+04   -3.53695e+05    3.09352e+02
 Pres. DC (bar) Pressure (bar)   Constr. rmsd
   -8.13847e+01   -1.33229e+02    1.08032e-03

           Step           Time         Lambda
         374000      748.00000        0.00000

   Energies (kJ/mol)
       G96Angle    Proper Dih.  Improper Dih.          LJ-14     Coulomb-14
    6.97761e+02    2.25059e+02    9.56147e+00    2.14962e+04   -1.25631e+02
        LJ (SR)  Disper. corr.   Coulomb (SR)   Coul. recip. Position Rest.
    7.03067e+04   -1.69370e+03   -5.32079e+05    9.87290e+02    1.24880e+03
   COM Pull En.      Potential    Kinetic En.   Total Energy    Temperature
    1.93749e-01   -4.38926e+05    8.65376e+04   -3.52389e+05    3.12096e+02
 Pres. DC (bar) Pressure (bar)   Constr. rmsd
   -8.12516e+01    2.26719e+01    1.09856e-03

           Step           Time         Lambda
         375000      750.00000        0.00000

   Energies (kJ/mol)
       G96Angle    Proper Dih.  Improper Dih.          LJ-14     Coulomb-14
    6.25604e+02    2.28373e+02    1.67656e+01    2.14999e+04   -1.24716e+02
        LJ (SR)  Disper. corr.   Coulomb (SR)   Coul. recip. Position Rest.
    7.07894e+04   -1.69571e+03   -5.33413e+05    1.00370e+03    1.06311e+03
   COM Pull En.      Potential    Kinetic En.   Total Energy    Temperature
    5.66467e-01   -4.40006e+05    8.55822e+04   -3.54424e+05    3.08650e+02
 Pres. DC (bar) Pressure (bar)   Constr. rmsd
   -8.14440e+01    2.43091e+02    1.06671e-03

           Step           Time         Lambda
         376000      752.00000        0.00000

   Energies (kJ/mol)
       G96Angle    Proper Dih.  Improper Dih.          LJ-14     Coulomb-14
    6.31217e+02    2.35741e+02    1.66606e+01    2.14656e+04   -1.20135e+02
        LJ (SR)  Disper. corr.   Coulomb (SR)   Coul. recip. Position Rest.
    6.99263e+04   -1.69605e+03   -5.32345e+05    9.77682e+02    1.18064e+03
   COM Pull En.      Potential    Kinetic En.   Total Energy    Temperature
    1.41974e+00   -4.39726e+05    8.55214e+04   -3.54205e+05    3.08431e+02
 Pres. DC (bar) Pressure (bar)   Constr. rmsd
   -8.14770e+01   -3.94883e+02    1.08353e-03

           Step           Time         Lambda
         377000      754.00000        0.00000

   Energies (kJ/mol)
       G96Angle    Proper Dih.  Improper Dih.          LJ-14     Coulomb-14
    6.41269e+02    2.37928e+02    1.21962e+01    2.15049e+04   -1.69796e+02
        LJ (SR)  Disper. corr.   Coulomb (SR)   Coul. recip. Position Rest.
    7.04035e+04   -1.69394e+03   -5.32625e+05    9.26895e+02    1.22003e+03
   COM Pull En.      Potential    Kinetic En.   Total Energy    Temperature
    6.27620e+00   -4.39536e+05    8.65008e+04   -3.53035e+05    3.11963e+02
 Pres. DC (bar) Pressure (bar)   Constr. rmsd
   -8.12743e+01    3.35720e+02    1.04672e-03

           Step           Time         Lambda
         378000      756.00000        0.00000

   Energies (kJ/mol)
       G96Angle    Proper Dih.  Improper Dih.          LJ-14     Coulomb-14
    7.25968e+02    2.53720e+02    7.11055e+00    2.14604e+04   -1.47249e+02
        LJ (SR)  Disper. corr.   Coulomb (SR)   Coul. recip. Position Rest.
    6.95273e+04   -1.69327e+03   -5.30587e+05    9.93112e+02    1.30233e+03
   COM Pull En.      Potential    Kinetic En.   Total Energy    Temperature
    2.62472e+00   -4.38155e+05    8.57841e+04   -3.52371e+05    3.09378e+02
 Pres. DC (bar) Pressure (bar)   Constr. rmsd
   -8.12102e+01   -4.84477e+02    1.12075e-03

           Step           Time         Lambda
         379000      758.00000        0.00000

   Energies (kJ/mol)
       G96Angle    Proper Dih.  Improper Dih.          LJ-14     Coulomb-14
    6.18299e+02    2.29268e+02    8.41002e+00    2.14710e+04   -1.70489e+02
        LJ (SR)  Disper. corr.   Coulomb (SR)   Coul. recip. Position Rest.
    6.99232e+04   -1.69679e+03   -5.33398e+05    9.65996e+02    1.22856e+03
   COM Pull En.      Potential    Kinetic En.   Total Energy    Temperature
    2.20032e+00   -4.40819e+05    8.59250e+04   -3.54894e+05    3.09886e+02
 Pres. DC (bar) Pressure (bar)   Constr. rmsd
   -8.15483e+01    1.48404e+01    1.07076e-03

           Step           Time         Lambda
         380000      760.00000        0.00000

   Energies (kJ/mol)
       G96Angle    Proper Dih.  Improper Dih.          LJ-14     Coulomb-14
    6.60282e+02    2.33121e+02    1.11994e+01    2.14880e+04   -1.19834e+02
        LJ (SR)  Disper. corr.   Coulomb (SR)   Coul. recip. Position Rest.
    7.07445e+04   -1.69419e+03   -5.32590e+05    8.92385e+02    1.29626e+03
   COM Pull En.      Potential    Kinetic En.   Total Energy    Temperature
    6.39046e-05   -4.39078e+05    8.49185e+04   -3.54160e+05    3.06257e+02
 Pres. DC (bar) Pressure (bar)   Constr. rmsd
   -8.12987e+01    2.67066e+02    1.05593e-03

           Step           Time         Lambda
         381000      762.00000        0.00000

   Energies (kJ/mol)
       G96Angle    Proper Dih.  Improper Dih.          LJ-14     Coulomb-14
    6.64032e+02    2.42097e+02    9.84659e+00    2.14681e+04   -1.14531e+02
        LJ (SR)  Disper. corr.   Coulomb (SR)   Coul. recip. Position Rest.
    6.91852e+04   -1.69642e+03   -5.30770e+05    8.93835e+02    1.23715e+03
   COM Pull En.      Potential    Kinetic En.   Total Energy    Temperature
    3.00922e+00   -4.38878e+05    8.60579e+04   -3.52820e+05    3.10366e+02
 Pres. DC (bar) Pressure (bar)   Constr. rmsd
   -8.15127e+01   -4.11260e+02    1.12622e-03

           Step           Time         Lambda
         382000      764.00000        0.00000

   Energies (kJ/mol)
       G96Angle    Proper Dih.  Improper Dih.          LJ-14     Coulomb-14
    6.90887e+02    2.36453e+02    1.20545e+01    2.15051e+04   -1.49052e+02
        LJ (SR)  Disper. corr.   Coulomb (SR)   Coul. recip. Position Rest.
    7.02003e+04   -1.69670e+03   -5.33033e+05    9.83058e+02    1.18945e+03
   COM Pull En.      Potential    Kinetic En.   Total Energy    Temperature
    1.23863e-01   -4.40061e+05    8.50486e+04   -3.55013e+05    3.06726e+02
 Pres. DC (bar) Pressure (bar)   Constr. rmsd
   -8.15398e+01    8.63094e+01    1.05803e-03

           Step           Time         Lambda
         383000      766.00000        0.00000

   Energies (kJ/mol)
       G96Angle    Proper Dih.  Improper Dih.          LJ-14     Coulomb-14
    6.48876e+02    2.39483e+02    1.94005e+01    2.14992e+04   -1.78599e+02
        LJ (SR)  Disper. corr.   Coulomb (SR)   Coul. recip. Position Rest.
    6.96926e+04   -1.69726e+03   -5.31748e+05    1.00177e+03    1.21574e+03
   COM Pull En.      Potential    Kinetic En.   Total Energy    Temperature
    6.33584e-02   -4.39306e+05    8.62306e+04   -3.53076e+05    3.10988e+02
 Pres. DC (bar) Pressure (bar)   Constr. rmsd
   -8.15930e+01    5.51160e+01    1.08662e-03

           Step           Time         Lambda
         384000      768.00000        0.00000

   Energies (kJ/mol)
       G96Angle    Proper Dih.  Improper Dih.          LJ-14     Coulomb-14
    6.28739e+02    2.51337e+02    1.23866e+01    2.14801e+04   -1.47257e+02
        LJ (SR)  Disper. corr.   Coulomb (SR)   Coul. recip. Position Rest.
    6.94441e+04   -1.69313e+03   -5.30531e+05    9.29764e+02    1.20112e+03
   COM Pull En.      Potential    Kinetic En.   Total Energy    Temperature
    6.67058e-01   -4.38423e+05    8.51826e+04   -3.53240e+05    3.07209e+02
 Pres. DC (bar) Pressure (bar)   Constr. rmsd
   -8.11971e+01   -1.53500e+02    1.10794e-03

           Step           Time         Lambda
         385000      770.00000        0.00000

   Energies (kJ/mol)
       G96Angle    Proper Dih.  Improper Dih.          LJ-14     Coulomb-14
    6.00034e+02    2.31307e+02    6.79868e+00    2.14602e+04   -1.17194e+02
        LJ (SR)  Disper. corr.   Coulomb (SR)   Coul. recip. Position Rest.
    7.00347e+04   -1.69639e+03   -5.32260e+05    9.84403e+02    1.24539e+03
   COM Pull En.      Potential    Kinetic En.   Total Energy    Temperature
    5.48050e-01   -4.39510e+05    8.62383e+04   -3.53272e+05    3.11016e+02
 Pres. DC (bar) Pressure (bar)   Constr. rmsd
   -8.15097e+01   -1.85925e+02    1.08121e-03

           Step           Time         Lambda
         386000      772.00000        0.00000

   Energies (kJ/mol)
       G96Angle    Proper Dih.  Improper Dih.          LJ-14     Coulomb-14
    6.41145e+02    2.43391e+02    9.61634e+00    2.14857e+04   -1.30304e+02
        LJ (SR)  Disper. corr.   Coulomb (SR)   Coul. recip. Position Rest.
    6.94980e+04   -1.69359e+03   -5.31946e+05    1.01578e+03    1.15586e+03
   COM Pull En.      Potential    Kinetic En.   Total Energy    Temperature
    2.56041e-03   -4.39721e+05    8.58454e+04   -3.53876e+05    3.09599e+02
 Pres. DC (bar) Pressure (bar)   Constr. rmsd
   -8.12408e+01   -6.81204e+01    1.07202e-03

           Step           Time         Lambda
         387000      774.00000        0.00000

   Energies (kJ/mol)
       G96Angle    Proper Dih.  Improper Dih.          LJ-14     Coulomb-14
    6.01791e+02    2.37272e+02    1.04623e+01    2.14551e+04   -1.19735e+02
        LJ (SR)  Disper. corr.   Coulomb (SR)   Coul. recip. Position Rest.
    7.00064e+04   -1.70026e+03   -5.33292e+05    9.67935e+02    1.19064e+03
   COM Pull En.      Potential    Kinetic En.   Total Energy    Temperature
    2.13688e+00   -4.40640e+05    8.51023e+04   -3.55538e+05    3.06919e+02
 Pres. DC (bar) Pressure (bar)   Constr. rmsd
   -8.18820e+01   -2.04602e+02    1.08845e-03

           Step           Time         Lambda
         388000      776.00000        0.00000

   Energies (kJ/mol)
       G96Angle    Proper Dih.  Improper Dih.          LJ-14     Coulomb-14
    6.32759e+02    2.32408e+02    1.59347e+01    2.14982e+04   -1.36241e+02
        LJ (SR)  Disper. corr.   Coulomb (SR)   Coul. recip. Position Rest.
    7.06122e+04   -1.69617e+03   -5.32923e+05    9.34529e+02    1.18171e+03
   COM Pull En.      Potential    Kinetic En.   Total Energy    Temperature
    8.82021e-01   -4.39647e+05    8.51444e+04   -3.54503e+05    3.07071e+02
 Pres. DC (bar) Pressure (bar)   Constr. rmsd
   -8.14882e+01    4.93625e+02    1.04382e-03

           Step           Time         Lambda
         389000      778.00000        0.00000

   Energies (kJ/mol)
       G96Angle    Proper Dih.  Improper Dih.          LJ-14     Coulomb-14
    6.88559e+02    2.54816e+02    7.74017e+00    2.15005e+04   -1.69327e+02
        LJ (SR)  Disper. corr.   Coulomb (SR)   Coul. recip. Position Rest.
    6.98770e+04   -1.69337e+03   -5.32097e+05    1.00008e+03    1.25158e+03
   COM Pull En.      Potential    Kinetic En.   Total Energy    Temperature
    1.09488e-05   -4.39380e+05    8.60199e+04   -3.53360e+05    3.10229e+02
 Pres. DC (bar) Pressure (bar)   Constr. rmsd
   -8.12203e+01   -1.35850e+02    1.09430e-03

           Step           Time         Lambda
         390000      780.00000        0.00000

   Energies (kJ/mol)
       G96Angle    Proper Dih.  Improper Dih.          LJ-14     Coulomb-14
    5.95285e+02    2.37293e+02    1.12842e+01    2.14635e+04   -1.37519e+02
        LJ (SR)  Disper. corr.   Coulomb (SR)   Coul. recip. Position Rest.
    7.05022e+04   -1.69712e+03   -5.32767e+05    9.74095e+02    1.21293e+03
   COM Pull En.      Potential    Kinetic En.   Total Energy    Temperature
    5.45951e+00   -4.39600e+05    8.57427e+04   -3.53857e+05    3.09229e+02
 Pres. DC (bar) Pressure (bar)   Constr. rmsd
   -8.15794e+01    4.42418e+01    1.09035e-03

           Step           Time         Lambda
         391000      782.00000        0.00000

   Energies (kJ/mol)
       G96Angle    Proper Dih.  Improper Dih.          LJ-14     Coulomb-14
    6.18140e+02    2.54862e+02    1.69801e+01    2.14760e+04   -1.42677e+02
        LJ (SR)  Disper. corr.   Coulomb (SR)   Coul. recip. Position Rest.
    7.05749e+04   -1.69495e+03   -5.32939e+05    9.80130e+02    1.27426e+03
   COM Pull En.      Potential    Kinetic En.   Total Energy    Temperature
    2.66848e+00   -4.39579e+05    8.61157e+04   -3.53463e+05    3.10574e+02
 Pres. DC (bar) Pressure (bar)   Constr. rmsd
   -8.13712e+01   -2.84210e+02    1.11418e-03

           Step           Time         Lambda
         392000      784.00000        0.00000

   Energies (kJ/mol)
       G96Angle    Proper Dih.  Improper Dih.          LJ-14     Coulomb-14
    6.21155e+02    2.49212e+02    7.42930e+00    2.14875e+04   -1.36316e+02
        LJ (SR)  Disper. corr.   Coulomb (SR)   Coul. recip. Position Rest.
    6.97636e+04   -1.69269e+03   -5.31742e+05    9.89333e+02    1.25156e+03
   COM Pull En.      Potential    Kinetic En.   Total Energy    Temperature
    1.27361e+00   -4.39200e+05    8.53300e+04   -3.53870e+05    3.07741e+02
 Pres. DC (bar) Pressure (bar)   Constr. rmsd
   -8.11551e+01    6.02313e+01    1.06163e-03

           Step           Time         Lambda
         393000      786.00000        0.00000

   Energies (kJ/mol)
       G96Angle    Proper Dih.  Improper Dih.          LJ-14     Coulomb-14
    6.21369e+02    2.51968e+02    1.08545e+01    2.14662e+04   -1.36246e+02
        LJ (SR)  Disper. corr.   Coulomb (SR)   Coul. recip. Position Rest.
    7.15368e+04   -1.69828e+03   -5.34337e+05    1.00034e+03    1.19588e+03
   COM Pull En.      Potential    Kinetic En.   Total Energy    Temperature
    1.40687e+00   -4.40087e+05    8.58318e+04   -3.54255e+05    3.09550e+02
 Pres. DC (bar) Pressure (bar)   Constr. rmsd
   -8.16915e+01    3.15495e+02    1.07830e-03

           Step           Time         Lambda
         394000      788.00000        0.00000

   Energies (kJ/mol)
       G96Angle    Proper Dih.  Improper Dih.          LJ-14     Coulomb-14
    6.58981e+02    2.38982e+02    1.65535e+01    2.15264e+04   -1.02998e+02
        LJ (SR)  Disper. corr.   Coulomb (SR)   Coul. recip. Position Rest.
    7.12845e+04   -1.69917e+03   -5.33975e+05    9.28859e+02    1.20710e+03
   COM Pull En.      Potential    Kinetic En.   Total Energy    Temperature
    3.12870e-04   -4.39916e+05    8.54700e+04   -3.54446e+05    3.08246e+02
 Pres. DC (bar) Pressure (bar)   Constr. rmsd
   -8.17768e+01    5.14328e+02    1.04796e-03

           Step           Time         Lambda
         395000      790.00000        0.00000

   Energies (kJ/mol)
       G96Angle    Proper Dih.  Improper Dih.          LJ-14     Coulomb-14
    6.28347e+02    2.40851e+02    1.24364e+01    2.14407e+04   -1.29433e+02
        LJ (SR)  Disper. corr.   Coulomb (SR)   Coul. recip. Position Rest.
    7.08539e+04   -1.69462e+03   -5.33480e+05    9.06718e+02    1.31063e+03
   COM Pull En.      Potential    Kinetic En.   Total Energy    Temperature
    6.47190e-02   -4.39911e+05    8.57069e+04   -3.54204e+05    3.09100e+02
 Pres. DC (bar) Pressure (bar)   Constr. rmsd
   -8.13402e+01   -2.64644e+02    1.09507e-03

           Step           Time         Lambda
         396000      792.00000        0.00000

   Energies (kJ/mol)
       G96Angle    Proper Dih.  Improper Dih.          LJ-14     Coulomb-14
    6.54869e+02    2.43612e+02    8.83703e+00    2.14637e+04   -1.50069e+02
        LJ (SR)  Disper. corr.   Coulomb (SR)   Coul. recip. Position Rest.
    6.99605e+04   -1.69698e+03   -5.32550e+05    9.78871e+02    1.18735e+03
   COM Pull En.      Potential    Kinetic En.   Total Energy    Temperature
    4.11286e-02   -4.39899e+05    8.60112e+04   -3.53888e+05    3.10197e+02
 Pres. DC (bar) Pressure (bar)   Constr. rmsd
   -8.15663e+01   -3.45361e+02    1.11814e-03

           Step           Time         Lambda
         397000      794.00000        0.00000

   Energies (kJ/mol)
       G96Angle    Proper Dih.  Improper Dih.          LJ-14     Coulomb-14
    6.64879e+02    2.45296e+02    7.49683e+00    2.14981e+04   -1.16350e+02
        LJ (SR)  Disper. corr.   Coulomb (SR)   Coul. recip. Position Rest.
    7.01583e+04   -1.69876e+03   -5.32524e+05    9.74529e+02    1.19107e+03
   COM Pull En.      Potential    Kinetic En.   Total Energy    Temperature
    6.34966e-01   -4.39598e+05    8.45645e+04   -3.55034e+05    3.04980e+02
 Pres. DC (bar) Pressure (bar)   Constr. rmsd
   -8.17377e+01    2.17906e+02    1.04521e-03

Writing checkpoint, step 397875 at Wed Aug 29 17:13:57 2018


           Step           Time         Lambda
         398000      796.00000        0.00000

   Energies (kJ/mol)
       G96Angle    Proper Dih.  Improper Dih.          LJ-14     Coulomb-14
    6.46765e+02    2.47218e+02    1.38300e+01    2.14843e+04   -1.33626e+02
        LJ (SR)  Disper. corr.   Coulomb (SR)   Coul. recip. Position Rest.
    6.92173e+04   -1.69985e+03   -5.31347e+05    9.92884e+02    1.22696e+03
   COM Pull En.      Potential    Kinetic En.   Total Energy    Temperature
    1.99563e+00   -4.39350e+05    8.56426e+04   -3.53707e+05    3.08868e+02
 Pres. DC (bar) Pressure (bar)   Constr. rmsd
   -8.18428e+01   -3.73624e+01    1.06016e-03

           Step           Time         Lambda
         399000      798.00000        0.00000

   Energies (kJ/mol)
       G96Angle    Proper Dih.  Improper Dih.          LJ-14     Coulomb-14
    6.85383e+02    2.32707e+02    7.94699e+00    2.14786e+04   -1.06078e+02
        LJ (SR)  Disper. corr.   Coulomb (SR)   Coul. recip. Position Rest.
    6.96596e+04   -1.69441e+03   -5.30838e+05    9.86425e+02    1.24779e+03
   COM Pull En.      Potential    Kinetic En.   Total Energy    Temperature
    4.66132e-01   -4.38340e+05    8.54294e+04   -3.52911e+05    3.08099e+02
 Pres. DC (bar) Pressure (bar)   Constr. rmsd
   -8.13195e+01   -1.80052e+02    1.10406e-03

           Step           Time         Lambda
         400000      800.00000        0.00000

   Energies (kJ/mol)
       G96Angle    Proper Dih.  Improper Dih.          LJ-14     Coulomb-14
    6.81079e+02    2.37492e+02    9.57247e+00    2.15093e+04   -1.01514e+02
        LJ (SR)  Disper. corr.   Coulomb (SR)   Coul. recip. Position Rest.
    7.06848e+04   -1.69582e+03   -5.32910e+05    9.55862e+02    1.32431e+03
   COM Pull En.      Potential    Kinetic En.   Total Energy    Temperature
    4.64373e-04   -4.39304e+05    8.63384e+04   -3.52966e+05    3.11377e+02
 Pres. DC (bar) Pressure (bar)   Constr. rmsd
   -8.14552e+01    2.19973e+02    1.06813e-03

           Step           Time         Lambda
         401000      802.00000        0.00000

   Energies (kJ/mol)
       G96Angle    Proper Dih.  Improper Dih.          LJ-14     Coulomb-14
    6.91646e+02    2.49654e+02    1.11478e+01    2.14733e+04   -1.23414e+02
        LJ (SR)  Disper. corr.   Coulomb (SR)   Coul. recip. Position Rest.
    6.93073e+04   -1.69670e+03   -5.31426e+05    9.16953e+02    1.17563e+03
   COM Pull En.      Potential    Kinetic En.   Total Energy    Temperature
    7.39952e-01   -4.39419e+05    8.55515e+04   -3.53868e+05    3.08539e+02
 Pres. DC (bar) Pressure (bar)   Constr. rmsd
   -8.15399e+01   -3.39744e+02    1.14138e-03

           Step           Time         Lambda
         402000      804.00000        0.00000

   Energies (kJ/mol)
       G96Angle    Proper Dih.  Improper Dih.          LJ-14     Coulomb-14
    5.90130e+02    2.40488e+02    7.59635e+00    2.14527e+04   -1.29821e+02
        LJ (SR)  Disper. corr.   Coulomb (SR)   Coul. recip. Position Rest.
    7.01475e+04   -1.69742e+03   -5.32511e+05    9.46019e+02    1.25081e+03
   COM Pull En.      Potential    Kinetic En.   Total Energy    Temperature
    1.57155e-01   -4.39702e+05    8.52625e+04   -3.54440e+05    3.07497e+02
 Pres. DC (bar) Pressure (bar)   Constr. rmsd
   -8.16091e+01   -3.10450e+02    1.11227e-03

           Step           Time         Lambda
         403000      806.00000        0.00000

   Energies (kJ/mol)
       G96Angle    Proper Dih.  Improper Dih.          LJ-14     Coulomb-14
    6.53864e+02    2.34768e+02    1.49376e+01    2.14623e+04   -1.80367e+02
        LJ (SR)  Disper. corr.   Coulomb (SR)   Coul. recip. Position Rest.
    7.00043e+04   -1.69316e+03   -5.32493e+05    9.38625e+02    1.20538e+03
   COM Pull En.      Potential    Kinetic En.   Total Energy    Temperature
    6.92334e-01   -4.39851e+05    8.54633e+04   -3.54388e+05    3.08221e+02
 Pres. DC (bar) Pressure (bar)   Constr. rmsd
   -8.11996e+01   -2.96345e+02    1.09313e-03

           Step           Time         Lambda
         404000      808.00000        0.00000

   Energies (kJ/mol)
       G96Angle    Proper Dih.  Improper Dih.          LJ-14     Coulomb-14
    6.32951e+02    2.29358e+02    7.79390e+00    2.14887e+04   -1.03299e+02
        LJ (SR)  Disper. corr.   Coulomb (SR)   Coul. recip. Position Rest.
    6.88271e+04   -1.69661e+03   -5.31538e+05    9.60276e+02    1.35723e+03
   COM Pull En.      Potential    Kinetic En.   Total Energy    Temperature
    4.88258e+00   -4.39830e+05    8.55740e+04   -3.54256e+05    3.08620e+02
 Pres. DC (bar) Pressure (bar)   Constr. rmsd
   -8.15311e+01   -2.33631e+02    1.09380e-03

           Step           Time         Lambda
         405000      810.00000        0.00000

   Energies (kJ/mol)
       G96Angle    Proper Dih.  Improper Dih.          LJ-14     Coulomb-14
    6.30200e+02    2.38261e+02    9.90087e+00    2.15045e+04   -1.18989e+02
        LJ (SR)  Disper. corr.   Coulomb (SR)   Coul. recip. Position Rest.
    7.07755e+04   -1.69353e+03   -5.33006e+05    9.60305e+02    1.15967e+03
   COM Pull En.      Potential    Kinetic En.   Total Energy    Temperature
    1.12742e+00   -4.39539e+05    8.62368e+04   -3.53302e+05    3.11011e+02
 Pres. DC (bar) Pressure (bar)   Constr. rmsd
   -8.12357e+01    3.04653e+02    1.03314e-03

           Step           Time         Lambda
         406000      812.00000        0.00000

   Energies (kJ/mol)
       G96Angle    Proper Dih.  Improper Dih.          LJ-14     Coulomb-14
    6.37982e+02    2.32234e+02    9.46294e+00    2.14787e+04   -1.20664e+02
        LJ (SR)  Disper. corr.   Coulomb (SR)   Coul. recip. Position Rest.
    7.09170e+04   -1.69086e+03   -5.32554e+05    9.66065e+02    1.33382e+03
   COM Pull En.      Potential    Kinetic En.   Total Energy    Temperature
    1.80701e-02   -4.38790e+05    8.58688e+04   -3.52922e+05    3.09684e+02
 Pres. DC (bar) Pressure (bar)   Constr. rmsd
   -8.09799e+01   -3.50101e+01    1.09375e-03

           Step           Time         Lambda
         407000      814.00000        0.00000

   Energies (kJ/mol)
       G96Angle    Proper Dih.  Improper Dih.          LJ-14     Coulomb-14
    6.80828e+02    2.60984e+02    8.39808e+00    2.15112e+04   -1.65169e+02
        LJ (SR)  Disper. corr.   Coulomb (SR)   Coul. recip. Position Rest.
    7.05228e+04   -1.69456e+03   -5.32920e+05    1.03127e+03    1.17980e+03
   COM Pull En.      Potential    Kinetic En.   Total Energy    Temperature
    3.49574e+00   -4.39581e+05    8.62833e+04   -3.53297e+05    3.11179e+02
 Pres. DC (bar) Pressure (bar)   Constr. rmsd
   -8.13344e+01    2.02994e+02    1.07648e-03

           Step           Time         Lambda
         408000      816.00000        0.00000

   Energies (kJ/mol)
       G96Angle    Proper Dih.  Improper Dih.          LJ-14     Coulomb-14
    6.84629e+02    2.47732e+02    1.00368e+01    2.14710e+04   -1.13486e+02
        LJ (SR)  Disper. corr.   Coulomb (SR)   Coul. recip. Position Rest.
    7.00351e+04   -1.69526e+03   -5.32682e+05    9.56937e+02    1.20506e+03
   COM Pull En.      Potential    Kinetic En.   Total Energy    Temperature
    2.63933e+00   -4.39877e+05    8.54555e+04   -3.54422e+05    3.08193e+02
 Pres. DC (bar) Pressure (bar)   Constr. rmsd
   -8.14014e+01   -2.89247e+02    1.09588e-03

           Step           Time         Lambda
         409000      818.00000        0.00000

   Energies (kJ/mol)
       G96Angle    Proper Dih.  Improper Dih.          LJ-14     Coulomb-14
    6.68048e+02    2.37229e+02    8.11528e+00    2.14789e+04   -1.37038e+02
        LJ (SR)  Disper. corr.   Coulomb (SR)   Coul. recip. Position Rest.
    7.15335e+04   -1.69718e+03   -5.34653e+05    9.48903e+02    1.13813e+03
   COM Pull En.      Potential    Kinetic En.   Total Energy    Temperature
    3.93419e-02   -4.40474e+05    8.62534e+04   -3.54221e+05    3.11071e+02
 Pres. DC (bar) Pressure (bar)   Constr. rmsd
   -8.15860e+01   -1.06951e+02    1.12178e-03

           Step           Time         Lambda
         410000      820.00000        0.00000

   Energies (kJ/mol)
       G96Angle    Proper Dih.  Improper Dih.          LJ-14     Coulomb-14
    6.93134e+02    2.18527e+02    1.84410e+01    2.14980e+04   -1.27497e+02
        LJ (SR)  Disper. corr.   Coulomb (SR)   Coul. recip. Position Rest.
    7.00123e+04   -1.69763e+03   -5.32691e+05    9.99078e+02    1.23328e+03
   COM Pull En.      Potential    Kinetic En.   Total Energy    Temperature
    1.44985e+00   -4.39842e+05    8.56913e+04   -3.54150e+05    3.09044e+02
 Pres. DC (bar) Pressure (bar)   Constr. rmsd
   -8.16286e+01   -1.19819e+02    1.09269e-03

           Step           Time         Lambda
         411000      822.00000        0.00000

   Energies (kJ/mol)
       G96Angle    Proper Dih.  Improper Dih.          LJ-14     Coulomb-14
    6.17042e+02    2.45378e+02    1.23910e+01    2.14760e+04   -1.29381e+02
        LJ (SR)  Disper. corr.   Coulomb (SR)   Coul. recip. Position Rest.
    7.02146e+04   -1.69523e+03   -5.33459e+05    9.86296e+02    1.24296e+03
   COM Pull En.      Potential    Kinetic En.   Total Energy    Temperature
    2.18538e-01   -4.40488e+05    8.62916e+04   -3.54197e+05    3.11209e+02
 Pres. DC (bar) Pressure (bar)   Constr. rmsd
   -8.13986e+01   -1.52028e+02    1.09129e-03

           Step           Time         Lambda
         412000      824.00000        0.00000

   Energies (kJ/mol)
       G96Angle    Proper Dih.  Improper Dih.          LJ-14     Coulomb-14
    6.83445e+02    2.48604e+02    1.57217e+01    2.14884e+04   -1.57682e+02
        LJ (SR)  Disper. corr.   Coulomb (SR)   Coul. recip. Position Rest.
    6.95074e+04   -1.69638e+03   -5.31397e+05    9.43633e+02    1.24666e+03
   COM Pull En.      Potential    Kinetic En.   Total Energy    Temperature
    2.91881e-02   -4.39118e+05    8.60609e+04   -3.53057e+05    3.10377e+02
 Pres. DC (bar) Pressure (bar)   Constr. rmsd
   -8.15084e+01   -1.79848e+02    1.11385e-03

           Step           Time         Lambda
         413000      826.00000        0.00000

   Energies (kJ/mol)
       G96Angle    Proper Dih.  Improper Dih.          LJ-14     Coulomb-14
    6.00822e+02    2.49543e+02    1.04564e+01    2.14988e+04   -1.63224e+02
        LJ (SR)  Disper. corr.   Coulomb (SR)   Coul. recip. Position Rest.
    6.97148e+04   -1.69584e+03   -5.31602e+05    9.55823e+02    1.19763e+03
   COM Pull En.      Potential    Kinetic En.   Total Energy    Temperature
    2.08100e+00   -4.39231e+05    8.56527e+04   -3.53578e+05    3.08904e+02
 Pres. DC (bar) Pressure (bar)   Constr. rmsd
   -8.14573e+01    1.09581e+02    1.06425e-03

           Step           Time         Lambda
         414000      828.00000        0.00000

   Energies (kJ/mol)
       G96Angle    Proper Dih.  Improper Dih.          LJ-14     Coulomb-14
    6.85139e+02    2.55633e+02    1.00228e+01    2.14980e+04   -1.31878e+02
        LJ (SR)  Disper. corr.   Coulomb (SR)   Coul. recip. Position Rest.
    7.06549e+04   -1.69496e+03   -5.33414e+05    9.19228e+02    1.11183e+03
   COM Pull En.      Potential    Kinetic En.   Total Energy    Temperature
    4.24521e-01   -4.40105e+05    8.60550e+04   -3.54050e+05    3.10355e+02
 Pres. DC (bar) Pressure (bar)   Constr. rmsd
   -8.13721e+01   -6.37025e+00    1.10379e-03

           Step           Time         Lambda
         415000      830.00000        0.00000

   Energies (kJ/mol)
       G96Angle    Proper Dih.  Improper Dih.          LJ-14     Coulomb-14
    6.33234e+02    2.60343e+02    1.08450e+01    2.14879e+04   -1.33431e+02
        LJ (SR)  Disper. corr.   Coulomb (SR)   Coul. recip. Position Rest.
    7.03365e+04   -1.70029e+03   -5.32966e+05    9.25878e+02    1.19496e+03
   COM Pull En.      Potential    Kinetic En.   Total Energy    Temperature
    5.21415e-01   -4.39949e+05    8.54081e+04   -3.54541e+05    3.08022e+02
 Pres. DC (bar) Pressure (bar)   Constr. rmsd
   -8.18848e+01    1.57505e+02    1.08666e-03

           Step           Time         Lambda
         416000      832.00000        0.00000

   Energies (kJ/mol)
       G96Angle    Proper Dih.  Improper Dih.          LJ-14     Coulomb-14
    6.73668e+02    2.27456e+02    1.46830e+01    2.14677e+04   -1.50712e+02
        LJ (SR)  Disper. corr.   Coulomb (SR)   Coul. recip. Position Rest.
    7.05072e+04   -1.69415e+03   -5.32942e+05    9.45424e+02    1.23111e+03
   COM Pull En.      Potential    Kinetic En.   Total Energy    Temperature
    2.65382e+00   -4.39717e+05    8.57202e+04   -3.53997e+05    3.09148e+02
 Pres. DC (bar) Pressure (bar)   Constr. rmsd
   -8.12950e+01   -1.97262e+02    1.10752e-03

           Step           Time         Lambda
         417000      834.00000        0.00000

   Energies (kJ/mol)
       G96Angle    Proper Dih.  Improper Dih.          LJ-14     Coulomb-14
    6.27022e+02    2.36202e+02    1.02389e+01    2.14871e+04   -1.08509e+02
        LJ (SR)  Disper. corr.   Coulomb (SR)   Coul. recip. Position Rest.
    7.05717e+04   -1.69967e+03   -5.33156e+05    9.89724e+02    1.07068e+03
   COM Pull En.      Potential    Kinetic En.   Total Energy    Temperature
    3.04893e-01   -4.39971e+05    8.56267e+04   -3.54344e+05    3.08811e+02
 Pres. DC (bar) Pressure (bar)   Constr. rmsd
   -8.18250e+01    4.55021e+01    1.08528e-03

           Step           Time         Lambda
         418000      836.00000        0.00000

   Energies (kJ/mol)
       G96Angle    Proper Dih.  Improper Dih.          LJ-14     Coulomb-14
    6.68671e+02    2.50901e+02    7.34412e+00    2.15228e+04   -1.58542e+02
        LJ (SR)  Disper. corr.   Coulomb (SR)   Coul. recip. Position Rest.
    7.08446e+04   -1.69504e+03   -5.33044e+05    9.75000e+02    1.34006e+03
   COM Pull En.      Potential    Kinetic En.   Total Energy    Temperature
    5.16567e-01   -4.39288e+05    8.69737e+04   -3.52314e+05    3.13668e+02
 Pres. DC (bar) Pressure (bar)   Constr. rmsd
   -8.13801e+01    5.44743e+02    1.05691e-03

           Step           Time         Lambda
         419000      838.00000        0.00000

   Energies (kJ/mol)
       G96Angle    Proper Dih.  Improper Dih.          LJ-14     Coulomb-14
    6.22828e+02    2.28790e+02    1.59947e+01    2.14680e+04   -1.30075e+02
        LJ (SR)  Disper. corr.   Coulomb (SR)   Coul. recip. Position Rest.
    7.11407e+04   -1.69498e+03   -5.33597e+05    9.85071e+02    1.20072e+03
   COM Pull En.      Potential    Kinetic En.   Total Energy    Temperature
    1.92066e-03   -4.39760e+05    8.52348e+04   -3.54525e+05    3.07397e+02
 Pres. DC (bar) Pressure (bar)   Constr. rmsd
   -8.13747e+01    2.64507e+02    1.06222e-03

           Step           Time         Lambda
         420000      840.00000        0.00000

   Energies (kJ/mol)
       G96Angle    Proper Dih.  Improper Dih.          LJ-14     Coulomb-14
    6.24044e+02    2.43929e+02    1.52325e+01    2.14602e+04   -1.51253e+02
        LJ (SR)  Disper. corr.   Coulomb (SR)   Coul. recip. Position Rest.
    7.06613e+04   -1.69465e+03   -5.33279e+05    9.74439e+02    1.27839e+03
   COM Pull En.      Potential    Kinetic En.   Total Energy    Temperature
    8.78610e-02   -4.39867e+05    8.60933e+04   -3.53774e+05    3.10493e+02
 Pres. DC (bar) Pressure (bar)   Constr. rmsd
   -8.13430e+01    3.02270e+02    1.07457e-03

           Step           Time         Lambda
         421000      842.00000        0.00000

   Energies (kJ/mol)
       G96Angle    Proper Dih.  Improper Dih.          LJ-14     Coulomb-14
    5.91966e+02    2.52456e+02    1.12914e+01    2.14864e+04   -1.43916e+02
        LJ (SR)  Disper. corr.   Coulomb (SR)   Coul. recip. Position Rest.
    7.07867e+04   -1.69739e+03   -5.33948e+05    9.68300e+02    1.19609e+03
   COM Pull En.      Potential    Kinetic En.   Total Energy    Temperature
    2.23289e+00   -4.40493e+05    8.53659e+04   -3.55127e+05    3.07870e+02
 Pres. DC (bar) Pressure (bar)   Constr. rmsd
   -8.16058e+01    1.47560e+02    1.04924e-03

           Step           Time         Lambda
         422000      844.00000        0.00000

   Energies (kJ/mol)
       G96Angle    Proper Dih.  Improper Dih.          LJ-14     Coulomb-14
    6.80481e+02    2.30467e+02    1.05017e+01    2.14627e+04   -9.28032e+01
        LJ (SR)  Disper. corr.   Coulomb (SR)   Coul. recip. Position Rest.
    7.10319e+04   -1.69133e+03   -5.33374e+05    9.83838e+02    1.23870e+03
   COM Pull En.      Potential    Kinetic En.   Total Energy    Temperature
    6.73669e-01   -4.39519e+05    8.64124e+04   -3.53106e+05    3.11644e+02
 Pres. DC (bar) Pressure (bar)   Constr. rmsd
   -8.10244e+01   -1.73537e+02    1.11437e-03

           Step           Time         Lambda
         423000      846.00000        0.00000

   Energies (kJ/mol)
       G96Angle    Proper Dih.  Improper Dih.          LJ-14     Coulomb-14
    6.08035e+02    2.39064e+02    1.37605e+01    2.14717e+04   -1.70426e+02
        LJ (SR)  Disper. corr.   Coulomb (SR)   Coul. recip. Position Rest.
    6.99345e+04   -1.69331e+03   -5.32848e+05    9.96037e+02    1.22401e+03
   COM Pull En.      Potential    Kinetic En.   Total Energy    Temperature
    1.82715e-01   -4.40224e+05    8.62623e+04   -3.53962e+05    3.11103e+02
 Pres. DC (bar) Pressure (bar)   Constr. rmsd
   -8.12136e+01   -2.02507e+02    1.09166e-03

           Step           Time         Lambda
         424000      848.00000        0.00000

   Energies (kJ/mol)
       G96Angle    Proper Dih.  Improper Dih.          LJ-14     Coulomb-14
    6.02706e+02    2.49223e+02    1.23387e+01    2.14619e+04   -1.24002e+02
        LJ (SR)  Disper. corr.   Coulomb (SR)   Coul. recip. Position Rest.
    7.00739e+04   -1.69113e+03   -5.32306e+05    9.10619e+02    1.20355e+03
   COM Pull En.      Potential    Kinetic En.   Total Energy    Temperature
    1.93538e+00   -4.39605e+05    8.58751e+04   -3.53730e+05    3.09706e+02
 Pres. DC (bar) Pressure (bar)   Constr. rmsd
   -8.10048e+01   -2.27568e+02    1.09143e-03

           Step           Time         Lambda
         425000      850.00000        0.00000

   Energies (kJ/mol)
       G96Angle    Proper Dih.  Improper Dih.          LJ-14     Coulomb-14
    7.00951e+02    2.39431e+02    9.29840e+00    2.15158e+04   -1.49048e+02
        LJ (SR)  Disper. corr.   Coulomb (SR)   Coul. recip. Position Rest.
    7.02446e+04   -1.68985e+03   -5.31553e+05    9.67432e+02    1.26031e+03
   COM Pull En.      Potential    Kinetic En.   Total Energy    Temperature
    9.04344e-01   -4.38454e+05    8.63178e+04   -3.52136e+05    3.11303e+02
 Pres. DC (bar) Pressure (bar)   Constr. rmsd
   -8.08829e+01    1.22074e+02    1.07660e-03

           Step           Time         Lambda
         426000      852.00000        0.00000

   Energies (kJ/mol)
       G96Angle    Proper Dih.  Improper Dih.          LJ-14     Coulomb-14
    6.67401e+02    2.40038e+02    9.50040e+00    2.14752e+04   -1.84913e+02
        LJ (SR)  Disper. corr.   Coulomb (SR)   Coul. recip. Position Rest.
    6.99949e+04   -1.69302e+03   -5.31575e+05    9.76738e+02    1.23987e+03
   COM Pull En.      Potential    Kinetic En.   Total Energy    Temperature
    3.59190e+00   -4.38845e+05    8.60912e+04   -3.52754e+05    3.10486e+02
 Pres. DC (bar) Pressure (bar)   Constr. rmsd
   -8.11868e+01   -4.38054e+02    1.14098e-03

           Step           Time         Lambda
         427000      854.00000        0.00000

   Energies (kJ/mol)
       G96Angle    Proper Dih.  Improper Dih.          LJ-14     Coulomb-14
    6.60124e+02    2.47629e+02    9.96576e+00    2.14853e+04   -1.42977e+02
        LJ (SR)  Disper. corr.   Coulomb (SR)   Coul. recip. Position Rest.
    6.97509e+04   -1.69256e+03   -5.30549e+05    9.98327e+02    1.30354e+03
   COM Pull En.      Potential    Kinetic En.   Total Energy    Temperature
    4.40620e+00   -4.37924e+05    8.66327e+04   -3.51292e+05    3.12439e+02
 Pres. DC (bar) Pressure (bar)   Constr. rmsd
   -8.11422e+01   -4.65088e+01    1.10234e-03

           Step           Time         Lambda
         428000      856.00000        0.00000

   Energies (kJ/mol)
       G96Angle    Proper Dih.  Improper Dih.          LJ-14     Coulomb-14
    6.49531e+02    2.48181e+02    1.22753e+01    2.14611e+04   -1.17341e+02
        LJ (SR)  Disper. corr.   Coulomb (SR)   Coul. recip. Position Rest.
    7.09785e+04   -1.69611e+03   -5.32730e+05    9.54829e+02    1.15029e+03
   COM Pull En.      Potential    Kinetic En.   Total Energy    Temperature
    4.06854e+00   -4.39085e+05    8.62253e+04   -3.52860e+05    3.10970e+02
 Pres. DC (bar) Pressure (bar)   Constr. rmsd
   -8.14830e+01    8.78378e+01    1.08739e-03

           Step           Time         Lambda
         429000      858.00000        0.00000

   Energies (kJ/mol)
       G96Angle    Proper Dih.  Improper Dih.          LJ-14     Coulomb-14
    6.61414e+02    2.51941e+02    1.68872e+01    2.15005e+04   -1.56152e+02
        LJ (SR)  Disper. corr.   Coulomb (SR)   Coul. recip. Position Rest.
    7.16449e+04   -1.69488e+03   -5.33718e+05    9.66551e+02    1.22792e+03
   COM Pull En.      Potential    Kinetic En.   Total Energy    Temperature
    8.11307e-01   -4.39298e+05    8.65037e+04   -3.52794e+05    3.11973e+02
 Pres. DC (bar) Pressure (bar)   Constr. rmsd
   -8.13647e+01    4.02871e+02    1.05885e-03

           Step           Time         Lambda
         430000      860.00000        0.00000

   Energies (kJ/mol)
       G96Angle    Proper Dih.  Improper Dih.          LJ-14     Coulomb-14
    6.56124e+02    2.42408e+02    1.16553e+01    2.14826e+04   -1.32517e+02
        LJ (SR)  Disper. corr.   Coulomb (SR)   Coul. recip. Position Rest.
    7.05812e+04   -1.69200e+03   -5.33170e+05    9.32295e+02    1.17668e+03
   COM Pull En.      Potential    Kinetic En.   Total Energy    Temperature
    7.83419e-04   -4.39911e+05    8.55273e+04   -3.54384e+05    3.08452e+02
 Pres. DC (bar) Pressure (bar)   Constr. rmsd
   -8.10887e+01    2.62450e+02    1.04069e-03

           Step           Time         Lambda
         431000      862.00000        0.00000

   Energies (kJ/mol)
       G96Angle    Proper Dih.  Improper Dih.          LJ-14     Coulomb-14
    6.36863e+02    2.36098e+02    8.15998e+00    2.14788e+04   -1.20053e+02
        LJ (SR)  Disper. corr.   Coulomb (SR)   Coul. recip. Position Rest.
    7.05015e+04   -1.69583e+03   -5.32737e+05    9.73818e+02    1.22234e+03
   COM Pull En.      Potential    Kinetic En.   Total Energy    Temperature
    3.31758e-01   -4.39495e+05    8.62169e+04   -3.53278e+05    3.10939e+02
 Pres. DC (bar) Pressure (bar)   Constr. rmsd
   -8.14555e+01   -1.64471e+02    1.09481e-03

           Step           Time         Lambda
         432000      864.00000        0.00000

   Energies (kJ/mol)
       G96Angle    Proper Dih.  Improper Dih.          LJ-14     Coulomb-14
    5.87114e+02    2.41222e+02    7.07294e+00    2.14710e+04   -1.44318e+02
        LJ (SR)  Disper. corr.   Coulomb (SR)   Coul. recip. Position Rest.
    7.14335e+04   -1.69174e+03   -5.33199e+05    9.03847e+02    1.21911e+03
   COM Pull En.      Potential    Kinetic En.   Total Energy    Temperature
    8.04239e-02   -4.39172e+05    8.60588e+04   -3.53113e+05    3.10369e+02
 Pres. DC (bar) Pressure (bar)   Constr. rmsd
   -8.10634e+01    1.92938e+02    1.08107e-03

           Step           Time         Lambda
         433000      866.00000        0.00000

   Energies (kJ/mol)
       G96Angle    Proper Dih.  Improper Dih.          LJ-14     Coulomb-14
    6.47059e+02    2.35960e+02    1.04711e+01    2.14882e+04   -1.28118e+02
        LJ (SR)  Disper. corr.   Coulomb (SR)   Coul. recip. Position Rest.
    7.01270e+04   -1.69190e+03   -5.31279e+05    9.58814e+02    1.30517e+03
   COM Pull En.      Potential    Kinetic En.   Total Energy    Temperature
    3.34474e-01   -4.38326e+05    8.54956e+04   -3.52830e+05    3.08338e+02
 Pres. DC (bar) Pressure (bar)   Constr. rmsd
   -8.10787e+01    3.19468e+02    1.05826e-03

           Step           Time         Lambda
         434000      868.00000        0.00000

   Energies (kJ/mol)
       G96Angle    Proper Dih.  Improper Dih.          LJ-14     Coulomb-14
    6.65082e+02    2.47537e+02    1.04625e+01    2.14795e+04   -1.31257e+02
        LJ (SR)  Disper. corr.   Coulomb (SR)   Coul. recip. Position Rest.
    6.98480e+04   -1.69310e+03   -5.31444e+05    9.44631e+02    1.26159e+03
   COM Pull En.      Potential    Kinetic En.   Total Energy    Temperature
    2.61613e-02   -4.38811e+05    8.69137e+04   -3.51897e+05    3.13452e+02
 Pres. DC (bar) Pressure (bar)   Constr. rmsd
   -8.11936e+01   -1.80889e+02    1.09842e-03

           Step           Time         Lambda
         435000      870.00000        0.00000

   Energies (kJ/mol)
       G96Angle    Proper Dih.  Improper Dih.          LJ-14     Coulomb-14
    6.08223e+02    2.51069e+02    1.34884e+01    2.14919e+04   -1.36221e+02
        LJ (SR)  Disper. corr.   Coulomb (SR)   Coul. recip. Position Rest.
    7.01587e+04   -1.69036e+03   -5.31060e+05    9.67060e+02    1.20892e+03
   COM Pull En.      Potential    Kinetic En.   Total Energy    Temperature
    3.52792e-02   -4.38187e+05    8.56112e+04   -3.52576e+05    3.08755e+02
 Pres. DC (bar) Pressure (bar)   Constr. rmsd
   -8.09315e+01   -1.61801e+02    1.10753e-03

           Step           Time         Lambda
         436000      872.00000        0.00000

   Energies (kJ/mol)
       G96Angle    Proper Dih.  Improper Dih.          LJ-14     Coulomb-14
    6.27916e+02    2.37996e+02    9.31916e+00    2.14740e+04   -1.49151e+02
        LJ (SR)  Disper. corr.   Coulomb (SR)   Coul. recip. Position Rest.
    7.02188e+04   -1.69146e+03   -5.31964e+05    1.00804e+03    1.30766e+03
   COM Pull En.      Potential    Kinetic En.   Total Energy    Temperature
    1.64251e-01   -4.38920e+05    8.63314e+04   -3.52589e+05    3.11352e+02
 Pres. DC (bar) Pressure (bar)   Constr. rmsd
   -8.10371e+01   -1.17954e+02    1.10416e-03

           Step           Time         Lambda
         437000      874.00000        0.00000

   Energies (kJ/mol)
       G96Angle    Proper Dih.  Improper Dih.          LJ-14     Coulomb-14
    6.54633e+02    2.43977e+02    1.31617e+01    2.14708e+04   -1.23774e+02
        LJ (SR)  Disper. corr.   Coulomb (SR)   Coul. recip. Position Rest.
    6.96113e+04   -1.69665e+03   -5.32099e+05    8.98399e+02    1.17954e+03
   COM Pull En.      Potential    Kinetic En.   Total Energy    Temperature
    4.92040e-01   -4.39847e+05    8.57711e+04   -3.54076e+05    3.09331e+02
 Pres. DC (bar) Pressure (bar)   Constr. rmsd
   -8.15348e+01   -1.71417e+02    1.06934e-03

           Step           Time         Lambda
         438000      876.00000        0.00000

   Energies (kJ/mol)
       G96Angle    Proper Dih.  Improper Dih.          LJ-14     Coulomb-14
    6.54870e+02    2.42279e+02    1.08588e+01    2.14455e+04   -1.24897e+02
        LJ (SR)  Disper. corr.   Coulomb (SR)   Coul. recip. Position Rest.
    7.03738e+04   -1.69679e+03   -5.31167e+05    1.02088e+03    1.32994e+03
   COM Pull En.      Potential    Kinetic En.   Total Energy    Temperature
    6.24686e-01   -4.37910e+05    8.55991e+04   -3.52311e+05    3.08711e+02
 Pres. DC (bar) Pressure (bar)   Constr. rmsd
   -8.15482e+01   -2.93564e+02    1.13395e-03

           Step           Time         Lambda
         439000      878.00000        0.00000

   Energies (kJ/mol)
       G96Angle    Proper Dih.  Improper Dih.          LJ-14     Coulomb-14
    6.60208e+02    2.45294e+02    6.92638e+00    2.14801e+04   -1.33822e+02
        LJ (SR)  Disper. corr.   Coulomb (SR)   Coul. recip. Position Rest.
    7.08615e+04   -1.69387e+03   -5.32323e+05    9.52547e+02    1.23389e+03
   COM Pull En.      Potential    Kinetic En.   Total Energy    Temperature
    1.03445e-02   -4.38711e+05    8.59545e+04   -3.52756e+05    3.09993e+02
 Pres. DC (bar) Pressure (bar)   Constr. rmsd
   -8.12675e+01    2.23553e+02    1.07144e-03

           Step           Time         Lambda
         440000      880.00000        0.00000

   Energies (kJ/mol)
       G96Angle    Proper Dih.  Improper Dih.          LJ-14     Coulomb-14
    6.10859e+02    2.60019e+02    1.08630e+01    2.14769e+04   -1.33076e+02
        LJ (SR)  Disper. corr.   Coulomb (SR)   Coul. recip. Position Rest.
    7.13625e+04   -1.69031e+03   -5.33228e+05    9.84060e+02    1.34865e+03
   COM Pull En.      Potential    Kinetic En.   Total Energy    Temperature
    2.23745e+00   -4.38995e+05    8.60211e+04   -3.52974e+05    3.10233e+02
 Pres. DC (bar) Pressure (bar)   Constr. rmsd
   -8.09264e+01    2.26352e+02    1.07166e-03

           Step           Time         Lambda
         441000      882.00000        0.00000

   Energies (kJ/mol)
       G96Angle    Proper Dih.  Improper Dih.          LJ-14     Coulomb-14
    6.66328e+02    2.43898e+02    8.79817e+00    2.14917e+04   -1.21089e+02
        LJ (SR)  Disper. corr.   Coulomb (SR)   Coul. recip. Position Rest.
    6.92405e+04   -1.69426e+03   -5.30808e+05    9.62981e+02    1.26741e+03
   COM Pull En.      Potential    Kinetic En.   Total Energy    Temperature
    1.85519e+00   -4.38740e+05    8.61299e+04   -3.52610e+05    3.10625e+02
 Pres. DC (bar) Pressure (bar)   Constr. rmsd
   -8.13052e+01    1.71177e+02    1.05565e-03

           Step           Time         Lambda
         442000      884.00000        0.00000

   Energies (kJ/mol)
       G96Angle    Proper Dih.  Improper Dih.          LJ-14     Coulomb-14
    6.01724e+02    2.43250e+02    1.07791e+01    2.14702e+04   -1.16428e+02
        LJ (SR)  Disper. corr.   Coulomb (SR)   Coul. recip. Position Rest.
    6.99209e+04   -1.69620e+03   -5.32104e+05    9.87480e+02    1.18909e+03
   COM Pull En.      Potential    Kinetic En.   Total Energy    Temperature
    7.56286e-01   -4.39492e+05    8.53298e+04   -3.54162e+05    3.07740e+02
 Pres. DC (bar) Pressure (bar)   Constr. rmsd
   -8.14912e+01    9.30561e+01    1.05527e-03

           Step           Time         Lambda
         443000      886.00000        0.00000

   Energies (kJ/mol)
       G96Angle    Proper Dih.  Improper Dih.          LJ-14     Coulomb-14
    6.34959e+02    2.31524e+02    8.92167e+00    2.14544e+04   -1.26489e+02
        LJ (SR)  Disper. corr.   Coulomb (SR)   Coul. recip. Position Rest.
    7.11119e+04   -1.69691e+03   -5.33731e+05    1.00477e+03    1.17977e+03
   COM Pull En.      Potential    Kinetic En.   Total Energy    Temperature
    5.30245e-01   -4.39927e+05    8.51175e+04   -3.54810e+05    3.06974e+02
 Pres. DC (bar) Pressure (bar)   Constr. rmsd
   -8.15592e+01   -1.47236e+02    1.10771e-03

           Step           Time         Lambda
         444000      888.00000        0.00000

   Energies (kJ/mol)
       G96Angle    Proper Dih.  Improper Dih.          LJ-14     Coulomb-14
    5.86745e+02    2.38202e+02    1.14659e+01    2.14928e+04   -1.24802e+02
        LJ (SR)  Disper. corr.   Coulomb (SR)   Coul. recip. Position Rest.
    6.96173e+04   -1.69452e+03   -5.33458e+05    9.89612e+02    1.27365e+03
   COM Pull En.      Potential    Kinetic En.   Total Energy    Temperature
    2.28559e-01   -4.41067e+05    8.55023e+04   -3.55565e+05    3.08362e+02
 Pres. DC (bar) Pressure (bar)   Constr. rmsd
   -8.13298e+01   -3.70416e+01    1.06530e-03

           Step           Time         Lambda
         445000      890.00000        0.00000

   Energies (kJ/mol)
       G96Angle    Proper Dih.  Improper Dih.          LJ-14     Coulomb-14
    6.24578e+02    2.45284e+02    9.47127e+00    2.14613e+04   -1.11969e+02
        LJ (SR)  Disper. corr.   Coulomb (SR)   Coul. recip. Position Rest.
    6.86301e+04   -1.69557e+03   -5.30468e+05    9.10627e+02    1.21728e+03
   COM Pull En.      Potential    Kinetic En.   Total Energy    Temperature
    3.99220e-01   -4.39176e+05    8.58606e+04   -3.53316e+05    3.09654e+02
 Pres. DC (bar) Pressure (bar)   Constr. rmsd
   -8.14311e+01   -7.70743e+02    1.13897e-03

           Step           Time         Lambda
         446000      892.00000        0.00000

   Energies (kJ/mol)
       G96Angle    Proper Dih.  Improper Dih.          LJ-14     Coulomb-14
    6.23153e+02    2.50607e+02    4.90873e+00    2.14653e+04   -1.35893e+02
        LJ (SR)  Disper. corr.   Coulomb (SR)   Coul. recip. Position Rest.
    7.02904e+04   -1.69913e+03   -5.32566e+05    9.26855e+02    1.24906e+03
   COM Pull En.      Potential    Kinetic En.   Total Energy    Temperature
    1.63325e-03   -4.39591e+05    8.51417e+04   -3.54450e+05    3.07062e+02
 Pres. DC (bar) Pressure (bar)   Constr. rmsd
   -8.17730e+01    3.58802e+02    1.05761e-03

           Step           Time         Lambda
         447000      894.00000        0.00000

   Energies (kJ/mol)
       G96Angle    Proper Dih.  Improper Dih.          LJ-14     Coulomb-14
    6.31687e+02    2.33141e+02    1.37523e+01    2.14995e+04   -1.22891e+02
        LJ (SR)  Disper. corr.   Coulomb (SR)   Coul. recip. Position Rest.
    7.09230e+04   -1.69365e+03   -5.33277e+05    9.57984e+02    1.25394e+03
   COM Pull En.      Potential    Kinetic En.   Total Energy    Temperature
    1.52245e+00   -4.39579e+05    8.61897e+04   -3.53389e+05    3.10841e+02
 Pres. DC (bar) Pressure (bar)   Constr. rmsd
   -8.12464e+01    1.27079e+02    1.08295e-03

           Step           Time         Lambda
         448000      896.00000        0.00000

   Energies (kJ/mol)
       G96Angle    Proper Dih.  Improper Dih.          LJ-14     Coulomb-14
    6.29135e+02    2.40136e+02    1.25680e+01    2.14935e+04   -1.26676e+02
        LJ (SR)  Disper. corr.   Coulomb (SR)   Coul. recip. Position Rest.
    6.89042e+04   -1.69610e+03   -5.30739e+05    9.74043e+02    1.18375e+03
   COM Pull En.      Potential    Kinetic En.   Total Energy    Temperature
    1.41559e+00   -4.39123e+05    8.54599e+04   -3.53663e+05    3.08209e+02
 Pres. DC (bar) Pressure (bar)   Constr. rmsd
   -8.14823e+01    1.94780e+02    1.04241e-03

           Step           Time         Lambda
         449000      898.00000        0.00000

   Energies (kJ/mol)
       G96Angle    Proper Dih.  Improper Dih.          LJ-14     Coulomb-14
    6.73013e+02    2.40326e+02    1.08617e+01    2.14778e+04   -1.13605e+02
        LJ (SR)  Disper. corr.   Coulomb (SR)   Coul. recip. Position Rest.
    7.06300e+04   -1.69484e+03   -5.33756e+05    9.91383e+02    1.21244e+03
   COM Pull En.      Potential    Kinetic En.   Total Energy    Temperature
    3.85604e-01   -4.40329e+05    8.60125e+04   -3.54316e+05    3.10202e+02
 Pres. DC (bar) Pressure (bar)   Constr. rmsd
   -8.13613e+01   -2.15325e+02    1.10736e-03

           Step           Time         Lambda
         450000      900.00000        0.00000

   Energies (kJ/mol)
       G96Angle    Proper Dih.  Improper Dih.          LJ-14     Coulomb-14
    6.99890e+02    2.37589e+02    1.21977e+01    2.14960e+04   -1.02720e+02
        LJ (SR)  Disper. corr.   Coulomb (SR)   Coul. recip. Position Rest.
    7.02636e+04   -1.69505e+03   -5.31957e+05    9.29973e+02    1.22780e+03
   COM Pull En.      Potential    Kinetic En.   Total Energy    Temperature
    3.69888e+00   -4.38884e+05    8.64868e+04   -3.52397e+05    3.11913e+02
 Pres. DC (bar) Pressure (bar)   Constr. rmsd
   -8.13812e+01   -2.59961e+02    1.12866e-03

           Step           Time         Lambda
         451000      902.00000        0.00000

   Energies (kJ/mol)
       G96Angle    Proper Dih.  Improper Dih.          LJ-14     Coulomb-14
    7.43931e+02    2.51782e+02    8.09443e+00    2.14989e+04   -1.20430e+02
        LJ (SR)  Disper. corr.   Coulomb (SR)   Coul. recip. Position Rest.
    7.10298e+04   -1.69438e+03   -5.32555e+05    9.83559e+02    1.25497e+03
   COM Pull En.      Potential    Kinetic En.   Total Energy    Temperature
    9.73449e-01   -4.38598e+05    8.68030e+04   -3.51795e+05    3.13053e+02
 Pres. DC (bar) Pressure (bar)   Constr. rmsd
   -8.13167e+01   -2.19018e+02    1.12683e-03

           Step           Time         Lambda
         452000      904.00000        0.00000

   Energies (kJ/mol)
       G96Angle    Proper Dih.  Improper Dih.          LJ-14     Coulomb-14
    6.84977e+02    2.44114e+02    9.34351e+00    2.14819e+04   -1.47296e+02
        LJ (SR)  Disper. corr.   Coulomb (SR)   Coul. recip. Position Rest.
    7.10351e+04   -1.69430e+03   -5.33710e+05    9.67354e+02    1.19955e+03
   COM Pull En.      Potential    Kinetic En.   Total Energy    Temperature
    2.45637e+00   -4.39927e+05    8.67716e+04   -3.53156e+05    3.12940e+02
 Pres. DC (bar) Pressure (bar)   Constr. rmsd
   -8.13090e+01    6.66424e+01    1.09474e-03

           Step           Time         Lambda
         453000      906.00000        0.00000

   Energies (kJ/mol)
       G96Angle    Proper Dih.  Improper Dih.          LJ-14     Coulomb-14
    6.69394e+02    2.38436e+02    1.22617e+01    2.14555e+04   -1.27265e+02
        LJ (SR)  Disper. corr.   Coulomb (SR)   Coul. recip. Position Rest.
    7.08895e+04   -1.69648e+03   -5.33731e+05    9.69035e+02    1.29987e+03
   COM Pull En.      Potential    Kinetic En.   Total Energy    Temperature
    5.07701e+00   -4.40016e+05    8.54937e+04   -3.54522e+05    3.08331e+02
 Pres. DC (bar) Pressure (bar)   Constr. rmsd
   -8.15185e+01   -1.11714e+02    1.09144e-03

           Step           Time         Lambda
         454000      908.00000        0.00000

   Energies (kJ/mol)
       G96Angle    Proper Dih.  Improper Dih.          LJ-14     Coulomb-14
    6.73861e+02    2.43716e+02    8.71176e+00    2.14667e+04   -1.43003e+02
        LJ (SR)  Disper. corr.   Coulomb (SR)   Coul. recip. Position Rest.
    7.04213e+04   -1.69693e+03   -5.33692e+05    9.43423e+02    1.15160e+03
   COM Pull En.      Potential    Kinetic En.   Total Energy    Temperature
    4.30881e-03   -4.40622e+05    8.57003e+04   -3.54922e+05    3.09076e+02
 Pres. DC (bar) Pressure (bar)   Constr. rmsd
   -8.15614e+01   -9.15913e+01    1.08371e-03

           Step           Time         Lambda
         455000      910.00000        0.00000

   Energies (kJ/mol)
       G96Angle    Proper Dih.  Improper Dih.          LJ-14     Coulomb-14
    6.33042e+02    2.31721e+02    1.14412e+01    2.14676e+04   -1.24905e+02
        LJ (SR)  Disper. corr.   Coulomb (SR)   Coul. recip. Position Rest.
    7.06261e+04   -1.69591e+03   -5.33772e+05    1.01006e+03    1.11563e+03
   COM Pull En.      Potential    Kinetic En.   Total Energy    Temperature
    6.92729e-01   -4.40496e+05    8.59673e+04   -3.54529e+05    3.10039e+02
 Pres. DC (bar) Pressure (bar)   Constr. rmsd
   -8.14635e+01    5.70546e+01    1.05566e-03

           Step           Time         Lambda
         456000      912.00000        0.00000

   Energies (kJ/mol)
       G96Angle    Proper Dih.  Improper Dih.          LJ-14     Coulomb-14
    6.66054e+02    2.46160e+02    9.73754e+00    2.14813e+04   -1.47466e+02
        LJ (SR)  Disper. corr.   Coulomb (SR)   Coul. recip. Position Rest.
    7.00693e+04   -1.69646e+03   -5.33023e+05    1.00877e+03    1.22164e+03
   COM Pull En.      Potential    Kinetic En.   Total Energy    Temperature
    4.73955e+00   -4.40159e+05    8.59448e+04   -3.54214e+05    3.09958e+02
 Pres. DC (bar) Pressure (bar)   Constr. rmsd
   -8.15161e+01   -2.48323e+02    1.11372e-03

           Step           Time         Lambda
         457000      914.00000        0.00000

   Energies (kJ/mol)
       G96Angle    Proper Dih.  Improper Dih.          LJ-14     Coulomb-14
    6.48401e+02    2.41864e+02    8.76840e+00    2.15001e+04   -1.21812e+02
        LJ (SR)  Disper. corr.   Coulomb (SR)   Coul. recip. Position Rest.
    7.06610e+04   -1.69618e+03   -5.32991e+05    9.33797e+02    1.14152e+03
   COM Pull En.      Potential    Kinetic En.   Total Energy    Temperature
    6.39948e+00   -4.39668e+05    8.50722e+04   -3.54595e+05    3.06811e+02
 Pres. DC (bar) Pressure (bar)   Constr. rmsd
   -8.14894e+01    1.80125e+02    1.05644e-03

           Step           Time         Lambda
         458000      916.00000        0.00000

   Energies (kJ/mol)
       G96Angle    Proper Dih.  Improper Dih.          LJ-14     Coulomb-14
    6.70495e+02    2.43992e+02    1.52251e+01    2.14872e+04   -1.48293e+02
        LJ (SR)  Disper. corr.   Coulomb (SR)   Coul. recip. Position Rest.
    6.99071e+04   -1.69717e+03   -5.33884e+05    9.76185e+02    1.34462e+03
   COM Pull En.      Potential    Kinetic En.   Total Energy    Temperature
    5.48637e+00   -4.41079e+05    8.58751e+04   -3.55204e+05    3.09707e+02
 Pres. DC (bar) Pressure (bar)   Constr. rmsd
   -8.15846e+01    3.41266e+02    1.04139e-03

           Step           Time         Lambda
         459000      918.00000        0.00000

   Energies (kJ/mol)
       G96Angle    Proper Dih.  Improper Dih.          LJ-14     Coulomb-14
    6.38423e+02    2.34741e+02    9.58377e+00    2.14881e+04   -1.05445e+02
        LJ (SR)  Disper. corr.   Coulomb (SR)   Coul. recip. Position Rest.
    7.01000e+04   -1.69547e+03   -5.31331e+05    9.57016e+02    1.13748e+03
   COM Pull En.      Potential    Kinetic En.   Total Energy    Temperature
    1.95256e+00   -4.38565e+05    8.47017e+04   -3.53863e+05    3.05475e+02
 Pres. DC (bar) Pressure (bar)   Constr. rmsd
   -8.14218e+01    5.86283e+01    1.06538e-03

           Step           Time         Lambda
         460000      920.00000        0.00000

   Energies (kJ/mol)
       G96Angle    Proper Dih.  Improper Dih.          LJ-14     Coulomb-14
    6.77589e+02    2.29925e+02    8.98045e+00    2.15095e+04   -1.38323e+02
        LJ (SR)  Disper. corr.   Coulomb (SR)   Coul. recip. Position Rest.
    7.09089e+04   -1.69365e+03   -5.33166e+05    9.61694e+02    1.24274e+03
   COM Pull En.      Potential    Kinetic En.   Total Energy    Temperature
    5.61120e-01   -4.39458e+05    8.56700e+04   -3.53788e+05    3.08967e+02
 Pres. DC (bar) Pressure (bar)   Constr. rmsd
   -8.12469e+01    2.18522e+02    1.05562e-03

           Step           Time         Lambda
         461000      922.00000        0.00000

   Energies (kJ/mol)
       G96Angle    Proper Dih.  Improper Dih.          LJ-14     Coulomb-14
    6.31122e+02    2.40363e+02    7.15192e+00    2.14605e+04   -1.50734e+02
        LJ (SR)  Disper. corr.   Coulomb (SR)   Coul. recip. Position Rest.
    7.09590e+04   -1.69630e+03   -5.34533e+05    9.47163e+02    1.26257e+03
   COM Pull En.      Potential    Kinetic En.   Total Energy    Temperature
    1.66732e-02   -4.40872e+05    8.59042e+04   -3.54968e+05    3.09812e+02
 Pres. DC (bar) Pressure (bar)   Constr. rmsd
   -8.15009e+01   -6.64537e+02    1.15044e-03

           Step           Time         Lambda
         462000      924.00000        0.00000

   Energies (kJ/mol)
       G96Angle    Proper Dih.  Improper Dih.          LJ-14     Coulomb-14
    6.81147e+02    2.38509e+02    1.20674e+01    2.14958e+04   -1.32941e+02
        LJ (SR)  Disper. corr.   Coulomb (SR)   Coul. recip. Position Rest.
    7.08863e+04   -1.69681e+03   -5.31563e+05    9.62346e+02    1.20006e+03
   COM Pull En.      Potential    Kinetic En.   Total Energy    Temperature
    6.73605e-01   -4.37916e+05    8.48918e+04   -3.53024e+05    3.06160e+02
 Pres. DC (bar) Pressure (bar)   Constr. rmsd
   -8.15499e+01    1.06860e+02    1.08116e-03

           Step           Time         Lambda
         463000      926.00000        0.00000

   Energies (kJ/mol)
       G96Angle    Proper Dih.  Improper Dih.          LJ-14     Coulomb-14
    7.01675e+02    2.46677e+02    1.16679e+01    2.14668e+04   -1.29141e+02
        LJ (SR)  Disper. corr.   Coulomb (SR)   Coul. recip. Position Rest.
    7.08284e+04   -1.69620e+03   -5.31846e+05    9.99617e+02    1.25099e+03
   COM Pull En.      Potential    Kinetic En.   Total Energy    Temperature
    3.07323e-02   -4.38166e+05    8.59184e+04   -3.52247e+05    3.09863e+02
 Pres. DC (bar) Pressure (bar)   Constr. rmsd
   -8.14918e+01    2.87139e+02    1.08994e-03

           Step           Time         Lambda
         464000      928.00000        0.00000

   Energies (kJ/mol)
       G96Angle    Proper Dih.  Improper Dih.          LJ-14     Coulomb-14
    6.05834e+02    2.38965e+02    1.01248e+01    2.14983e+04   -1.09806e+02
        LJ (SR)  Disper. corr.   Coulomb (SR)   Coul. recip. Position Rest.
    7.15605e+04   -1.68950e+03   -5.34137e+05    9.82258e+02    1.11602e+03
   COM Pull En.      Potential    Kinetic En.   Total Energy    Temperature
    4.45148e-01   -4.39924e+05    8.54025e+04   -3.54522e+05    3.08002e+02
 Pres. DC (bar) Pressure (bar)   Constr. rmsd
   -8.08491e+01    4.67160e+02    1.03985e-03

           Step           Time         Lambda
         465000      930.00000        0.00000

   Energies (kJ/mol)
       G96Angle    Proper Dih.  Improper Dih.          LJ-14     Coulomb-14
    7.42746e+02    2.46093e+02    1.53354e+01    2.14844e+04   -1.57417e+02
        LJ (SR)  Disper. corr.   Coulomb (SR)   Coul. recip. Position Rest.
    7.01784e+04   -1.69240e+03   -5.31054e+05    9.56305e+02    1.19877e+03
   COM Pull En.      Potential    Kinetic En.   Total Energy    Temperature
    2.10566e-01   -4.38081e+05    8.53694e+04   -3.52712e+05    3.07883e+02
 Pres. DC (bar) Pressure (bar)   Constr. rmsd
   -8.11269e+01   -8.21978e+01    1.07683e-03

           Step           Time         Lambda
         466000      932.00000        0.00000

   Energies (kJ/mol)
       G96Angle    Proper Dih.  Improper Dih.          LJ-14     Coulomb-14
    6.74281e+02    2.40585e+02    1.16808e+01    2.14589e+04   -1.11136e+02
        LJ (SR)  Disper. corr.   Coulomb (SR)   Coul. recip. Position Rest.
    6.97712e+04   -1.69217e+03   -5.31882e+05    9.56610e+02    1.22215e+03
   COM Pull En.      Potential    Kinetic En.   Total Energy    Temperature
    1.34082e-02   -4.39350e+05    8.60330e+04   -3.53317e+05    3.10276e+02
 Pres. DC (bar) Pressure (bar)   Constr. rmsd
   -8.11052e+01   -2.30396e+02    1.11017e-03

           Step           Time         Lambda
         467000      934.00000        0.00000

   Energies (kJ/mol)
       G96Angle    Proper Dih.  Improper Dih.          LJ-14     Coulomb-14
    6.86889e+02    2.45684e+02    1.29916e+01    2.14854e+04   -1.47244e+02
        LJ (SR)  Disper. corr.   Coulomb (SR)   Coul. recip. Position Rest.
    7.17399e+04   -1.69721e+03   -5.34578e+05    9.23185e+02    1.25567e+03
   COM Pull En.      Potential    Kinetic En.   Total Energy    Temperature
    1.85902e-03   -4.40073e+05    8.62814e+04   -3.53791e+05    3.11172e+02
 Pres. DC (bar) Pressure (bar)   Constr. rmsd
   -8.15886e+01    3.37700e+02    1.07257e-03

           Step           Time         Lambda
         468000      936.00000        0.00000

   Energies (kJ/mol)
       G96Angle    Proper Dih.  Improper Dih.          LJ-14     Coulomb-14
    6.60934e+02    2.39781e+02    1.31895e+01    2.14923e+04   -1.29108e+02
        LJ (SR)  Disper. corr.   Coulomb (SR)   Coul. recip. Position Rest.
    7.15271e+04   -1.69411e+03   -5.34272e+05    9.86891e+02    1.17983e+03
   COM Pull En.      Potential    Kinetic En.   Total Energy    Temperature
    1.39811e+00   -4.39994e+05    8.60657e+04   -3.53928e+05    3.10394e+02
 Pres. DC (bar) Pressure (bar)   Constr. rmsd
   -8.12913e+01    4.50423e+01    1.06153e-03

           Step           Time         Lambda
         469000      938.00000        0.00000

   Energies (kJ/mol)
       G96Angle    Proper Dih.  Improper Dih.          LJ-14     Coulomb-14
    7.04346e+02    2.43976e+02    1.28886e+01    2.14799e+04   -1.08290e+02
        LJ (SR)  Disper. corr.   Coulomb (SR)   Coul. recip. Position Rest.
    7.02674e+04   -1.69924e+03   -5.32724e+05    9.79728e+02    1.34016e+03
   COM Pull En.      Potential    Kinetic En.   Total Energy    Temperature
    2.29635e-01   -4.39503e+05    8.64709e+04   -3.53032e+05    3.11855e+02
 Pres. DC (bar) Pressure (bar)   Constr. rmsd
   -8.17833e+01   -3.38199e+02    1.12560e-03

           Step           Time         Lambda
         470000      940.00000        0.00000

   Energies (kJ/mol)
       G96Angle    Proper Dih.  Improper Dih.          LJ-14     Coulomb-14
    6.17427e+02    2.52700e+02    1.18348e+01    2.14939e+04   -1.06630e+02
        LJ (SR)  Disper. corr.   Coulomb (SR)   Coul. recip. Position Rest.
    7.08317e+04   -1.69611e+03   -5.33054e+05    9.48540e+02    1.13722e+03
   COM Pull En.      Potential    Kinetic En.   Total Energy    Temperature
    3.31645e+00   -4.39560e+05    8.61710e+04   -3.53390e+05    3.10774e+02
 Pres. DC (bar) Pressure (bar)   Constr. rmsd
   -8.14828e+01   -3.20586e+01    1.09863e-03

           Step           Time         Lambda
         471000      942.00000        0.00000

   Energies (kJ/mol)
       G96Angle    Proper Dih.  Improper Dih.          LJ-14     Coulomb-14
    6.30011e+02    2.31859e+02    6.23322e+00    2.15007e+04   -1.36527e+02
        LJ (SR)  Disper. corr.   Coulomb (SR)   Coul. recip. Position Rest.
    7.00291e+04   -1.69531e+03   -5.32219e+05    9.73786e+02    1.21293e+03
   COM Pull En.      Potential    Kinetic En.   Total Energy    Temperature
    2.54504e+00   -4.39464e+05    8.56621e+04   -3.53802e+05    3.08938e+02
 Pres. DC (bar) Pressure (bar)   Constr. rmsd
   -8.14058e+01    3.40042e+02    1.04366e-03

           Step           Time         Lambda
         472000      944.00000        0.00000

   Energies (kJ/mol)
       G96Angle    Proper Dih.  Improper Dih.          LJ-14     Coulomb-14
    6.29681e+02    2.42412e+02    8.24589e+00    2.14782e+04   -1.41386e+02
        LJ (SR)  Disper. corr.   Coulomb (SR)   Coul. recip. Position Rest.
    6.97580e+04   -1.69573e+03   -5.32596e+05    9.64272e+02    1.22000e+03
   COM Pull En.      Potential    Kinetic En.   Total Energy    Temperature
    5.38113e-01   -4.40132e+05    8.68796e+04   -3.53252e+05    3.13329e+02
 Pres. DC (bar) Pressure (bar)   Constr. rmsd
   -8.14468e+01    3.72223e+02    1.04403e-03

           Step           Time         Lambda
         473000      946.00000        0.00000

   Energies (kJ/mol)
       G96Angle    Proper Dih.  Improper Dih.          LJ-14     Coulomb-14
    6.44815e+02    2.47937e+02    9.67957e+00    2.14984e+04   -9.55630e+01
        LJ (SR)  Disper. corr.   Coulomb (SR)   Coul. recip. Position Rest.
    6.97158e+04   -1.69895e+03   -5.32811e+05    9.89433e+02    1.16291e+03
   COM Pull En.      Potential    Kinetic En.   Total Energy    Temperature
    1.21913e+00   -4.40335e+05    8.52197e+04   -3.55115e+05    3.07343e+02
 Pres. DC (bar) Pressure (bar)   Constr. rmsd
   -8.17561e+01    5.38640e+02    1.00775e-03

           Step           Time         Lambda
         474000      948.00000        0.00000

   Energies (kJ/mol)
       G96Angle    Proper Dih.  Improper Dih.          LJ-14     Coulomb-14
    6.84452e+02    2.52218e+02    1.49528e+01    2.14806e+04   -1.27604e+02
        LJ (SR)  Disper. corr.   Coulomb (SR)   Coul. recip. Position Rest.
    6.99597e+04   -1.69930e+03   -5.32262e+05    9.37024e+02    1.23297e+03
   COM Pull En.      Potential    Kinetic En.   Total Energy    Temperature
    1.15421e-01   -4.39527e+05    8.61172e+04   -3.53410e+05    3.10580e+02
 Pres. DC (bar) Pressure (bar)   Constr. rmsd
   -8.17894e+01   -2.07080e+02    1.10661e-03

           Step           Time         Lambda
         475000      950.00000        0.00000

   Energies (kJ/mol)
       G96Angle    Proper Dih.  Improper Dih.          LJ-14     Coulomb-14
    6.74403e+02    2.33971e+02    1.36632e+01    2.14941e+04   -1.57715e+02
        LJ (SR)  Disper. corr.   Coulomb (SR)   Coul. recip. Position Rest.
    7.04506e+04   -1.68906e+03   -5.31437e+05    9.90056e+02    1.30828e+03
   COM Pull En.      Potential    Kinetic En.   Total Energy    Temperature
    6.46367e-01   -4.38118e+05    8.61432e+04   -3.51975e+05    3.10673e+02
 Pres. DC (bar) Pressure (bar)   Constr. rmsd
   -8.08070e+01    5.00460e+02    1.03778e-03

           Step           Time         Lambda
         476000      952.00000        0.00000

   Energies (kJ/mol)
       G96Angle    Proper Dih.  Improper Dih.          LJ-14     Coulomb-14
    6.47886e+02    2.41580e+02    1.67546e+01    2.14740e+04   -1.16599e+02
        LJ (SR)  Disper. corr.   Coulomb (SR)   Coul. recip. Position Rest.
    7.00009e+04   -1.69951e+03   -5.32703e+05    9.62446e+02    1.14105e+03
   COM Pull En.      Potential    Kinetic En.   Total Energy    Temperature
    3.31824e-01   -4.40035e+05    8.47395e+04   -3.55295e+05    3.05611e+02
 Pres. DC (bar) Pressure (bar)   Constr. rmsd
   -8.18100e+01    1.35351e+02    1.06592e-03

           Step           Time         Lambda
         477000      954.00000        0.00000

   Energies (kJ/mol)
       G96Angle    Proper Dih.  Improper Dih.          LJ-14     Coulomb-14
    6.81939e+02    2.40656e+02    1.03085e+01    2.14843e+04   -1.34684e+02
        LJ (SR)  Disper. corr.   Coulomb (SR)   Coul. recip. Position Rest.
    7.00450e+04   -1.70061e+03   -5.33692e+05    9.13800e+02    1.15524e+03
   COM Pull En.      Potential    Kinetic En.   Total Energy    Temperature
    1.06508e+00   -4.40995e+05    8.56675e+04   -3.55328e+05    3.08958e+02
 Pres. DC (bar) Pressure (bar)   Constr. rmsd
   -8.19153e+01    1.09784e+02    1.07206e-03

           Step           Time         Lambda
         478000      956.00000        0.00000

   Energies (kJ/mol)
       G96Angle    Proper Dih.  Improper Dih.          LJ-14     Coulomb-14
    6.89684e+02    2.30083e+02    1.00027e+01    2.14746e+04   -1.17676e+02
        LJ (SR)  Disper. corr.   Coulomb (SR)   Coul. recip. Position Rest.
    6.99765e+04   -1.70229e+03   -5.32515e+05    9.53936e+02    1.24757e+03
   COM Pull En.      Potential    Kinetic En.   Total Energy    Temperature
    2.26470e+00   -4.39750e+05    8.56742e+04   -3.54076e+05    3.08982e+02
 Pres. DC (bar) Pressure (bar)   Constr. rmsd
   -8.20777e+01   -6.69968e+00    1.08427e-03

           Step           Time         Lambda
         479000      958.00000        0.00000

   Energies (kJ/mol)
       G96Angle    Proper Dih.  Improper Dih.          LJ-14     Coulomb-14
    6.45046e+02    2.41676e+02    1.07774e+01    2.14648e+04   -1.00356e+02
        LJ (SR)  Disper. corr.   Coulomb (SR)   Coul. recip. Position Rest.
    7.06889e+04   -1.69598e+03   -5.33025e+05    9.71208e+02    1.04986e+03
   COM Pull En.      Potential    Kinetic En.   Total Energy    Temperature
    1.08742e+00   -4.39748e+05    8.52796e+04   -3.54468e+05    3.07559e+02
 Pres. DC (bar) Pressure (bar)   Constr. rmsd
   -8.14704e+01   -2.16701e+02    1.11029e-03

           Step           Time         Lambda
         480000      960.00000        0.00000

   Energies (kJ/mol)
       G96Angle    Proper Dih.  Improper Dih.          LJ-14     Coulomb-14
    6.31103e+02    2.38062e+02    1.74449e+01    2.14979e+04   -1.25108e+02
        LJ (SR)  Disper. corr.   Coulomb (SR)   Coul. recip. Position Rest.
    6.94702e+04   -1.69478e+03   -5.29995e+05    9.92197e+02    1.28525e+03
   COM Pull En.      Potential    Kinetic En.   Total Energy    Temperature
    9.89036e-01   -4.37681e+05    8.49458e+04   -3.52736e+05    3.06355e+02
 Pres. DC (bar) Pressure (bar)   Constr. rmsd
   -8.13549e+01    3.37923e+02    1.06365e-03

           Step           Time         Lambda
         481000      962.00000        0.00000

   Energies (kJ/mol)
       G96Angle    Proper Dih.  Improper Dih.          LJ-14     Coulomb-14
    6.20268e+02    2.30660e+02    1.37963e+01    2.14979e+04   -9.93337e+01
        LJ (SR)  Disper. corr.   Coulomb (SR)   Coul. recip. Position Rest.
    7.06495e+04   -1.69537e+03   -5.32567e+05    1.02218e+03    1.19006e+03
   COM Pull En.      Potential    Kinetic En.   Total Energy    Temperature
    2.39575e-01   -4.39137e+05    8.53281e+04   -3.53809e+05    3.07734e+02
 Pres. DC (bar) Pressure (bar)   Constr. rmsd
   -8.14117e+01    2.40752e+02    1.06545e-03

           Step           Time         Lambda
         482000      964.00000        0.00000

   Energies (kJ/mol)
       G96Angle    Proper Dih.  Improper Dih.          LJ-14     Coulomb-14
    6.96348e+02    2.40928e+02    9.31676e+00    2.14721e+04   -1.62907e+02
        LJ (SR)  Disper. corr.   Coulomb (SR)   Coul. recip. Position Rest.
    6.96179e+04   -1.69728e+03   -5.31187e+05    9.39669e+02    1.25787e+03
   COM Pull En.      Potential    Kinetic En.   Total Energy    Temperature
    2.02128e-04   -4.38813e+05    8.60658e+04   -3.52747e+05    3.10394e+02
 Pres. DC (bar) Pressure (bar)   Constr. rmsd
   -8.15953e+01   -4.55139e+02    1.11546e-03

           Step           Time         Lambda
         483000      966.00000        0.00000

   Energies (kJ/mol)
       G96Angle    Proper Dih.  Improper Dih.          LJ-14     Coulomb-14
    6.62204e+02    2.46627e+02    1.33683e+01    2.15037e+04   -1.45269e+02
        LJ (SR)  Disper. corr.   Coulomb (SR)   Coul. recip. Position Rest.
    7.01290e+04   -1.69264e+03   -5.31755e+05    9.21435e+02    1.24942e+03
   COM Pull En.      Potential    Kinetic En.   Total Energy    Temperature
    6.31225e-01   -4.38866e+05    8.62074e+04   -3.52659e+05    3.10905e+02
 Pres. DC (bar) Pressure (bar)   Constr. rmsd
   -8.11499e+01    2.19591e+02    1.06250e-03

           Step           Time         Lambda
         484000      968.00000        0.00000

   Energies (kJ/mol)
       G96Angle    Proper Dih.  Improper Dih.          LJ-14     Coulomb-14
    6.86453e+02    2.39897e+02    1.70519e+01    2.15034e+04   -1.52081e+02
        LJ (SR)  Disper. corr.   Coulomb (SR)   Coul. recip. Position Rest.
    6.98399e+04   -1.69151e+03   -5.31227e+05    1.01485e+03    1.31122e+03
   COM Pull En.      Potential    Kinetic En.   Total Energy    Temperature
    8.44620e+00   -4.38449e+05    8.61875e+04   -3.52261e+05    3.10833e+02
 Pres. DC (bar) Pressure (bar)   Constr. rmsd
   -8.10412e+01   -2.01486e+02    1.09746e-03

           Step           Time         Lambda
         485000      970.00000        0.00000

   Energies (kJ/mol)
       G96Angle    Proper Dih.  Improper Dih.          LJ-14     Coulomb-14
    6.71042e+02    2.38574e+02    1.32217e+01    2.14914e+04   -1.28546e+02
        LJ (SR)  Disper. corr.   Coulomb (SR)   Coul. recip. Position Rest.
    7.09959e+04   -1.69750e+03   -5.34150e+05    9.46922e+02    1.23025e+03
   COM Pull En.      Potential    Kinetic En.   Total Energy    Temperature
    8.92021e-01   -4.40388e+05    8.62303e+04   -3.54157e+05    3.10988e+02
 Pres. DC (bar) Pressure (bar)   Constr. rmsd
   -8.16167e+01   -4.07500e+01    1.10801e-03

           Step           Time         Lambda
         486000      972.00000        0.00000

   Energies (kJ/mol)
       G96Angle    Proper Dih.  Improper Dih.          LJ-14     Coulomb-14
    6.93212e+02    2.51348e+02    1.22125e+01    2.14984e+04   -1.39791e+02
        LJ (SR)  Disper. corr.   Coulomb (SR)   Coul. recip. Position Rest.
    6.94690e+04   -1.69702e+03   -5.32073e+05    9.78938e+02    1.21919e+03
   COM Pull En.      Potential    Kinetic En.   Total Energy    Temperature
    4.06963e-01   -4.39787e+05    8.58544e+04   -3.53932e+05    3.09632e+02
 Pres. DC (bar) Pressure (bar)   Constr. rmsd
   -8.15701e+01    1.67573e+02    1.06077e-03

           Step           Time         Lambda
         487000      974.00000        0.00000

   Energies (kJ/mol)
       G96Angle    Proper Dih.  Improper Dih.          LJ-14     Coulomb-14
    5.97791e+02    2.57411e+02    1.47800e+01    2.14408e+04   -1.19005e+02
        LJ (SR)  Disper. corr.   Coulomb (SR)   Coul. recip. Position Rest.
    7.05718e+04   -1.69001e+03   -5.32715e+05    9.85333e+02    1.24701e+03
   COM Pull En.      Potential    Kinetic En.   Total Energy    Temperature
    3.10258e+00   -4.39406e+05    8.62211e+04   -3.53185e+05    3.10954e+02
 Pres. DC (bar) Pressure (bar)   Constr. rmsd
   -8.08984e+01   -1.25635e+02    1.09315e-03

           Step           Time         Lambda
         488000      976.00000        0.00000

   Energies (kJ/mol)
       G96Angle    Proper Dih.  Improper Dih.          LJ-14     Coulomb-14
    6.53429e+02    2.33483e+02    1.77778e+01    2.15122e+04   -1.14007e+02
        LJ (SR)  Disper. corr.   Coulomb (SR)   Coul. recip. Position Rest.
    7.05161e+04   -1.69864e+03   -5.32741e+05    9.62844e+02    1.14243e+03
   COM Pull En.      Potential    Kinetic En.   Total Energy    Temperature
    2.79985e-03   -4.39515e+05    8.52201e+04   -3.54295e+05    3.07344e+02
 Pres. DC (bar) Pressure (bar)   Constr. rmsd
   -8.17261e+01   -9.96072e+01    1.10586e-03

           Step           Time         Lambda
         489000      978.00000        0.00000

   Energies (kJ/mol)
       G96Angle    Proper Dih.  Improper Dih.          LJ-14     Coulomb-14
    6.56290e+02    2.40687e+02    1.37576e+01    2.14659e+04   -1.42182e+02
        LJ (SR)  Disper. corr.   Coulomb (SR)   Coul. recip. Position Rest.
    6.98289e+04   -1.69347e+03   -5.31610e+05    9.33846e+02    1.23250e+03
   COM Pull En.      Potential    Kinetic En.   Total Energy    Temperature
    2.42030e-02   -4.39074e+05    8.54972e+04   -3.53576e+05    3.08344e+02
 Pres. DC (bar) Pressure (bar)   Constr. rmsd
   -8.12298e+01   -5.19493e+02    1.14024e-03

           Step           Time         Lambda
         490000      980.00000        0.00000

   Energies (kJ/mol)
       G96Angle    Proper Dih.  Improper Dih.          LJ-14     Coulomb-14
    6.31168e+02    2.34620e+02    1.19398e+01    2.14850e+04   -1.42545e+02
        LJ (SR)  Disper. corr.   Coulomb (SR)   Coul. recip. Position Rest.
    7.07680e+04   -1.69806e+03   -5.34160e+05    9.71814e+02    1.02002e+03
   COM Pull En.      Potential    Kinetic En.   Total Energy    Temperature
    3.80457e-04   -4.40878e+05    8.51556e+04   -3.55723e+05    3.07112e+02
 Pres. DC (bar) Pressure (bar)   Constr. rmsd
   -8.16698e+01    1.77920e+02    1.04755e-03

           Step           Time         Lambda
         491000      982.00000        0.00000

   Energies (kJ/mol)
       G96Angle    Proper Dih.  Improper Dih.          LJ-14     Coulomb-14
    6.39383e+02    2.28044e+02    8.67688e+00    2.14869e+04   -1.49164e+02
        LJ (SR)  Disper. corr.   Coulomb (SR)   Coul. recip. Position Rest.
    7.09570e+04   -1.69917e+03   -5.34384e+05    9.49161e+02    1.14055e+03
   COM Pull En.      Potential    Kinetic En.   Total Energy    Temperature
    7.22705e-02   -4.40823e+05    8.51611e+04   -3.55662e+05    3.07131e+02
 Pres. DC (bar) Pressure (bar)   Constr. rmsd
   -8.17770e+01   -2.08165e+01    1.08317e-03

           Step           Time         Lambda
         492000      984.00000        0.00000

   Energies (kJ/mol)
       G96Angle    Proper Dih.  Improper Dih.          LJ-14     Coulomb-14
    5.90452e+02    2.34518e+02    1.34870e+01    2.14634e+04   -1.24908e+02
        LJ (SR)  Disper. corr.   Coulomb (SR)   Coul. recip. Position Rest.
    7.15043e+04   -1.69133e+03   -5.34410e+05    9.40448e+02    1.13087e+03
   COM Pull En.      Potential    Kinetic En.   Total Energy    Temperature
    1.33696e-01   -4.40349e+05    8.57662e+04   -3.54583e+05    3.09314e+02
 Pres. DC (bar) Pressure (bar)   Constr. rmsd
   -8.10243e+01   -6.46700e+01    1.10762e-03

           Step           Time         Lambda
         493000      986.00000        0.00000

   Energies (kJ/mol)
       G96Angle    Proper Dih.  Improper Dih.          LJ-14     Coulomb-14
    6.41460e+02    2.40765e+02    1.17616e+01    2.14856e+04   -1.46058e+02
        LJ (SR)  Disper. corr.   Coulomb (SR)   Coul. recip. Position Rest.
    7.14401e+04   -1.69599e+03   -5.34008e+05    9.68761e+02    1.15019e+03
   COM Pull En.      Potential    Kinetic En.   Total Energy    Temperature
    4.18108e-01   -4.39911e+05    8.51812e+04   -3.54730e+05    3.07204e+02
 Pres. DC (bar) Pressure (bar)   Constr. rmsd
   -8.14715e+01    3.86456e+02    1.06723e-03

           Step           Time         Lambda
         494000      988.00000        0.00000

   Energies (kJ/mol)
       G96Angle    Proper Dih.  Improper Dih.          LJ-14     Coulomb-14
    6.26685e+02    2.36490e+02    9.29503e+00    2.14741e+04   -8.93311e+01
        LJ (SR)  Disper. corr.   Coulomb (SR)   Coul. recip. Position Rest.
    7.00554e+04   -1.69629e+03   -5.32504e+05    9.71824e+02    1.14042e+03
   COM Pull En.      Potential    Kinetic En.   Total Energy    Temperature
    1.03617e-01   -4.39775e+05    8.55833e+04   -3.54192e+05    3.08654e+02
 Pres. DC (bar) Pressure (bar)   Constr. rmsd
   -8.15006e+01   -2.99890e+02    1.11504e-03

           Step           Time         Lambda
         495000      990.00000        0.00000

   Energies (kJ/mol)
       G96Angle    Proper Dih.  Improper Dih.          LJ-14     Coulomb-14
    6.18532e+02    2.40555e+02    1.01729e+01    2.14755e+04   -1.42663e+02
        LJ (SR)  Disper. corr.   Coulomb (SR)   Coul. recip. Position Rest.
    6.96835e+04   -1.69831e+03   -5.33039e+05    9.50991e+02    1.11916e+03
   COM Pull En.      Potential    Kinetic En.   Total Energy    Temperature
    1.09860e-01   -4.40782e+05    8.51883e+04   -3.55593e+05    3.07230e+02
 Pres. DC (bar) Pressure (bar)   Constr. rmsd
   -8.16940e+01   -4.41851e+02    1.10021e-03

           Step           Time         Lambda
         496000      992.00000        0.00000

   Energies (kJ/mol)
       G96Angle    Proper Dih.  Improper Dih.          LJ-14     Coulomb-14
    6.54817e+02    2.44121e+02    7.01708e+00    2.14758e+04   -1.24014e+02
        LJ (SR)  Disper. corr.   Coulomb (SR)   Coul. recip. Position Rest.
    7.03087e+04   -1.69854e+03   -5.33051e+05    9.70944e+02    1.07923e+03
   COM Pull En.      Potential    Kinetic En.   Total Energy    Temperature
    6.31795e-01   -4.40133e+05    8.56837e+04   -3.54449e+05    3.09016e+02
 Pres. DC (bar) Pressure (bar)   Constr. rmsd
   -8.17159e+01   -2.90529e+02    1.10414e-03

           Step           Time         Lambda
         497000      994.00000        0.00000

   Energies (kJ/mol)
       G96Angle    Proper Dih.  Improper Dih.          LJ-14     Coulomb-14
    6.26772e+02    2.35821e+02    9.97381e+00    2.15283e+04   -1.37998e+02
        LJ (SR)  Disper. corr.   Coulomb (SR)   Coul. recip. Position Rest.
    7.00675e+04   -1.69552e+03   -5.31694e+05    1.01158e+03    1.28431e+03
   COM Pull En.      Potential    Kinetic En.   Total Energy    Temperature
    5.51971e-01   -4.38763e+05    8.50820e+04   -3.53681e+05    3.06846e+02
 Pres. DC (bar) Pressure (bar)   Constr. rmsd
   -8.14266e+01    5.79792e+02    1.02023e-03

           Step           Time         Lambda
         498000      996.00000        0.00000

   Energies (kJ/mol)
       G96Angle    Proper Dih.  Improper Dih.          LJ-14     Coulomb-14
    6.93940e+02    2.30922e+02    1.28600e+01    2.14925e+04   -1.50751e+02
        LJ (SR)  Disper. corr.   Coulomb (SR)   Coul. recip. Position Rest.
    6.91903e+04   -1.69333e+03   -5.31579e+05    9.51859e+02    1.16543e+03
   COM Pull En.      Potential    Kinetic En.   Total Energy    Temperature
    2.54512e-01   -4.39685e+05    8.64950e+04   -3.53190e+05    3.11942e+02
 Pres. DC (bar) Pressure (bar)   Constr. rmsd
   -8.12162e+01   -2.55352e+02    1.09423e-03

           Step           Time         Lambda
         499000      998.00000        0.00000

   Energies (kJ/mol)
       G96Angle    Proper Dih.  Improper Dih.          LJ-14     Coulomb-14
    6.88968e+02    2.30985e+02    1.21121e+01    2.14811e+04   -1.06514e+02
        LJ (SR)  Disper. corr.   Coulomb (SR)   Coul. recip. Position Rest.
    7.06892e+04   -1.69216e+03   -5.32858e+05    9.98755e+02    1.22067e+03
   COM Pull En.      Potential    Kinetic En.   Total Energy    Temperature
    4.38651e-02   -4.39334e+05    8.50366e+04   -3.54298e+05    3.06682e+02
 Pres. DC (bar) Pressure (bar)   Constr. rmsd
   -8.11038e+01    1.27160e+02    1.07713e-03

           Step           Time         Lambda
         500000     1000.00000        0.00000

Writing checkpoint, step 500000 at Wed Aug 29 17:27:21 2018


   Energies (kJ/mol)
       G96Angle    Proper Dih.  Improper Dih.          LJ-14     Coulomb-14
    6.64990e+02    2.47696e+02    9.36664e+00    2.14725e+04   -1.42932e+02
        LJ (SR)  Disper. corr.   Coulomb (SR)   Coul. recip. Position Rest.
    6.96568e+04   -1.69305e+03   -5.31880e+05    9.45574e+02    1.15527e+03
   COM Pull En.      Potential    Kinetic En.   Total Energy    Temperature
    3.35561e-02   -4.39564e+05    8.55255e+04   -3.54038e+05    3.08446e+02
 Pres. DC (bar) Pressure (bar)   Constr. rmsd
   -8.11892e+01   -3.47008e+02    1.11404e-03

	<======  ###############  ==>
	<====  A V E R A G E S  ====>
	<==  ###############  ======>

	Statistics over 500001 steps using 5001 frames

   Energies (kJ/mol)
       G96Angle    Proper Dih.  Improper Dih.          LJ-14     Coulomb-14
    6.54810e+02    2.41840e+02    1.19739e+01    2.14884e+04   -1.31126e+02
        LJ (SR)  Disper. corr.   Coulomb (SR)   Coul. recip. Position Rest.
    7.02866e+04   -1.69540e+03   -5.32607e+05    9.66391e+02    1.19106e+03
   COM Pull En.      Potential    Kinetic En.   Total Energy    Temperature
    1.12581e+00   -4.39591e+05    8.57993e+04   -3.53792e+05    3.09433e+02
 Pres. DC (bar) Pressure (bar)   Constr. rmsd
   -8.14147e+01   -1.13578e+00    0.00000e+00

          Box-X          Box-Y          Box-Z
    7.02002e+00    7.02002e+00    7.02002e+00

   Total Virial (kJ/mol)
    2.87988e+04   -6.12431e+02   -2.09089e+02
   -6.12487e+02    2.87436e+04    1.19047e+03
   -2.08768e+02    1.19079e+03    2.82931e+04

   Pressure (bar)
   -3.54853e+00    5.93690e+01    1.97161e+01
    5.93744e+01    6.89983e-01   -1.14357e+02
    1.96854e+01   -1.14388e+02   -5.48786e-01

          T-RNA         T-V3OU       T-SOL_NA
    2.88420e+02    3.06105e+02    3.09869e+02


	M E G A - F L O P S   A C C O U N T I N G

 NB=Group-cutoff nonbonded kernels    NxN=N-by-N cluster Verlet kernels
 RF=Reaction-Field  VdW=Van der Waals  QSTab=quadratic-spline table
 W3=SPC/TIP3p  W4=TIP4p (single or pairs)
 V&F=Potential and force  V=Potential only  F=Force only

 Computing:                               M-Number         M-Flops  % Flops
-----------------------------------------------------------------------------
 Pair Search distance check          408662.921992     3677966.298     0.3
 NxN Ewald Elec. + LJ [F]           8884765.464208   586394520.638    49.9
 NxN Ewald Elec. + LJ [V&F]           89762.447920     9604581.927     0.8
 NxN LJ [F]                          248585.531968     8203322.555     0.7
 NxN LJ [V&F]                          2512.538304      108039.147     0.0
 NxN Ewald Elec. [F]                8473284.109552   516870330.683    44.0
 NxN Ewald Elec. [V&F]                85607.474512     7191027.859     0.6
 1,4 nonbonded interactions            1785.003570      160650.321     0.0
 Calc Weights                         50277.100554     1809975.620     0.2
 Spread Q Bspline                   1072578.145152     2145156.290     0.2
 Gather F Bspline                   1072578.145152     6435468.871     0.5
 3D-FFT                             3827672.655330    30621381.243     2.6
 Solve PME                             1800.003600      115200.230     0.0
 Shift-X                                670.393518        4022.361     0.0
 Angles                                1210.002420      203280.407     0.0
 Propers                                574.501149      131560.763     0.0
 Impropers                                7.500015        1560.003     0.0
 Pos. Restr.                            409.000818       20450.041     0.0
 Virial                                3356.333563       60414.004     0.0
 Stop-CM                                167.623518        1676.235     0.0
 P-Coupling                            3351.800000       20110.800     0.0
 Calc-Ekin                             6703.667036      180999.010     0.0
 Lincs                                  627.501255       37650.075     0.0
 Lincs-Mat                            14520.029040       58080.116     0.0
 Constraint-V                         17554.035108      140432.281     0.0
 Constraint-Vir                        3385.333853       81248.012     0.0
 Settle                                5433.010866     1754862.510     0.1
-----------------------------------------------------------------------------
 Total                                              1176033968.301   100.0
-----------------------------------------------------------------------------


     R E A L   C Y C L E   A N D   T I M E   A C C O U N T I N G

On 1 MPI rank, each using 16 OpenMP threads

 Computing:          Num   Num      Call    Wall time         Giga-Cycles
                     Ranks Threads  Count      (s)         total sum    %
-----------------------------------------------------------------------------
 Neighbor search        1   16      20001     125.247       4403.612   2.8
 Force                  1   16     500001    2982.705     104870.348  67.7
 PME mesh               1   16     500001     708.350      24905.220  16.1
 NB X/F buffer ops.     1   16     980001     279.647       9832.233   6.4
 COM pull force         1   16     500001      10.765        378.500   0.2
 Write traj.            1   16        105       1.038         36.512   0.0
 Update                 1   16     500001      61.753       2171.190   1.4
 Constraints            1   16     500001     181.453       6379.778   4.1
 Rest                                          52.643       1850.885   1.2
-----------------------------------------------------------------------------
 Total                                       4403.600     154828.279 100.0
-----------------------------------------------------------------------------
 Breakdown of PME mesh computation
-----------------------------------------------------------------------------
 PME spread/gather      1   16    1000002     436.614      15351.126   9.9
 PME 3D-FFT             1   16    1000002     239.893       8434.525   5.4
 PME solve Elec         1   16     500001      20.438        718.606   0.5
-----------------------------------------------------------------------------

               Core t (s)   Wall t (s)        (%)
       Time:    63851.410     4403.600     1450.0
                         1h13:23
                 (ns/day)    (hour/ns)
Performance:       19.620        1.223
Finished mdrun on rank 0 Wed Aug 29 17:27:21 2018
