Log file opened on Wed Apr  4 13:03:54 2018
Host: ubuntu  pid: 23996  rank ID: 0  number of ranks:  1
                   :-) GROMACS - gmx mdrun, VERSION 5.1.4 (-:

                            GROMACS is written by:
     Emile Apol      Rossen Apostolov  Herman J.C. Berendsen    Par Bjelkmar   
 Aldert van Buuren   Rudi van Drunen     Anton Feenstra   Sebastian Fritsch 
  Gerrit Groenhof   Christoph Junghans   Anca Hamuraru    Vincent Hindriksen
 Dimitrios Karkoulis    Peter Kasson        Jiri Kraus      Carsten Kutzner  
    Per Larsson      Justin A. Lemkul   Magnus Lundborg   Pieter Meulenhoff 
   Erik Marklund      Teemu Murtola       Szilard Pall       Sander Pronk   
   Roland Schulz     Alexey Shvetsov     Michael Shirts     Alfons Sijbers  
   Peter Tieleman    Teemu Virolainen  Christian Wennberg    Maarten Wolf   
                           and the project leaders:
        Mark Abraham, Berk Hess, Erik Lindahl, and David van der Spoel

Copyright (c) 1991-2000, University of Groningen, The Netherlands.
Copyright (c) 2001-2015, The GROMACS development team at
Uppsala University, Stockholm University and
the Royal Institute of Technology, Sweden.
check out http://www.gromacs.org for more information.

GROMACS is free software; you can redistribute it and/or modify it
under the terms of the GNU Lesser General Public License
as published by the Free Software Foundation; either version 2.1
of the License, or (at your option) any later version.

GROMACS:      gmx mdrun, VERSION 5.1.4
Executable:   /usr/local/gromacs/bin/gmx
Data prefix:  /usr/local/gromacs
Command line:
  gmx mdrun -deffnm nvt -v

GROMACS version:    VERSION 5.1.4
Precision:          single
Memory model:       32 bit
MPI library:        thread_mpi
OpenMP support:     enabled (GMX_OPENMP_MAX_THREADS = 32)
GPU support:        disabled
OpenCL support:     disabled
invsqrt routine:    gmx_software_invsqrt(x)
SIMD instructions:  AVX2_256
FFT library:        fftw-3.3.4-sse2-avx
RDTSCP usage:       enabled
C++11 compilation:  enabled
TNG support:        enabled
Tracing support:    disabled
Built on:           Thu Sep  7 21:07:58 PDT 2017
Built by:           azadeh@ubuntu [CMAKE]
Build OS/arch:      Linux 4.4.0-31-generic i686
Build CPU vendor:   GenuineIntel
Build CPU brand:    Intel(R) Core(TM) i5-6400 CPU @ 2.70GHz
Build CPU family:   6   Model: 94   Stepping: 3
Build CPU features: aes apic avx avx2 clfsh cmov cx8 cx16 f16c fma htt lahf_lm mmx msr nonstop_tsc pcid pclmuldq pdcm pdpe1gb popcnt pse rdrnd rdtscp sse2 sse3 sse4.1 sse4.2 ssse3 tdt x2apic
C compiler:         /usr/bin/cc GNU 5.4.0
C compiler flags:    -march=core-avx2    -Wundef -Wextra -Wno-missing-field-initializers -Wno-sign-compare -Wpointer-arith -Wall -Wno-unused -Wunused-value -Wunused-parameter  -O3 -DNDEBUG -funroll-all-loops -fexcess-precision=fast  -Wno-array-bounds 
C++ compiler:       /usr/bin/c++ GNU 5.4.0
C++ compiler flags:  -march=core-avx2   -std=c++0x  -Wundef -Wextra -Wno-missing-field-initializers -Wpointer-arith -Wall -Wno-unused-function  -O3 -DNDEBUG -funroll-all-loops -fexcess-precision=fast  -Wno-array-bounds 
Boost version:      1.55.0 (internal)


Running on 1 node with total 1 cores, 1 logical cores
Hardware detected:
  CPU info:
    Vendor: GenuineIntel
    Brand:  Intel(R) Core(TM) i5-6400 CPU @ 2.70GHz
    Family:  6  model: 94  stepping:  3
    CPU features: aes apic avx avx2 clfsh cmov cx8 cx16 f16c fma htt lahf_lm mmx msr nonstop_tsc pcid pclmuldq pdcm pdpe1gb popcnt pse rdrnd rdtscp sse2 sse3 sse4.1 sse4.2 ssse3 tdt x2apic
    SIMD instructions most likely to fit this hardware: AVX2_256
    SIMD instructions selected at GROMACS compile time: AVX2_256


++++ PLEASE READ AND CITE THE FOLLOWING REFERENCE ++++
M. J. Abraham, T. Murtola, R. Schulz, S. Páll, J. C. Smith, B. Hess, E.
Lindahl
GROMACS: High performance molecular simulations through multi-level
parallelism from laptops to supercomputers
SoftwareX 1 (2015) pp. 19-25
-------- -------- --- Thank You --- -------- --------


++++ PLEASE READ AND CITE THE FOLLOWING REFERENCE ++++
S. Páll, M. J. Abraham, C. Kutzner, B. Hess, E. Lindahl
Tackling Exascale Software Challenges in Molecular Dynamics Simulations with
GROMACS
In S. Markidis & E. Laure (Eds.), Solving Software Challenges for Exascale 8759 (2015) pp. 3-27
-------- -------- --- Thank You --- -------- --------


++++ PLEASE READ AND CITE THE FOLLOWING REFERENCE ++++
S. Pronk, S. Páll, R. Schulz, P. Larsson, P. Bjelkmar, R. Apostolov, M. R.
Shirts, J. C. Smith, P. M. Kasson, D. van der Spoel, B. Hess, and E. Lindahl
GROMACS 4.5: a high-throughput and highly parallel open source molecular
simulation toolkit
Bioinformatics 29 (2013) pp. 845-54
-------- -------- --- Thank You --- -------- --------


++++ PLEASE READ AND CITE THE FOLLOWING REFERENCE ++++
B. Hess and C. Kutzner and D. van der Spoel and E. Lindahl
GROMACS 4: Algorithms for highly efficient, load-balanced, and scalable
molecular simulation
J. Chem. Theory Comput. 4 (2008) pp. 435-447
-------- -------- --- Thank You --- -------- --------


++++ PLEASE READ AND CITE THE FOLLOWING REFERENCE ++++
D. van der Spoel, E. Lindahl, B. Hess, G. Groenhof, A. E. Mark and H. J. C.
Berendsen
GROMACS: Fast, Flexible and Free
J. Comp. Chem. 26 (2005) pp. 1701-1719
-------- -------- --- Thank You --- -------- --------


++++ PLEASE READ AND CITE THE FOLLOWING REFERENCE ++++
E. Lindahl and B. Hess and D. van der Spoel
GROMACS 3.0: A package for molecular simulation and trajectory analysis
J. Mol. Mod. 7 (2001) pp. 306-317
-------- -------- --- Thank You --- -------- --------


++++ PLEASE READ AND CITE THE FOLLOWING REFERENCE ++++
H. J. C. Berendsen, D. van der Spoel and R. van Drunen
GROMACS: A message-passing parallel molecular dynamics implementation
Comp. Phys. Comm. 91 (1995) pp. 43-56
-------- -------- --- Thank You --- -------- --------

Changing nstlist from 10 to 20, rlist from 1 to 1.029

Input Parameters:
   integrator                     = md
   tinit                          = 0
   dt                             = 0.002
   nsteps                         = 500000
   init-step                      = 0
   simulation-part                = 1
   comm-mode                      = Linear
   nstcomm                        = 100
   bd-fric                        = 0
   ld-seed                        = 2858700532
   emtol                          = 10
   emstep                         = 0.01
   niter                          = 20
   fcstep                         = 0
   nstcgsteep                     = 1000
   nbfgscorr                      = 10
   rtpi                           = 0.05
   nstxout                        = 500
   nstvout                        = 500
   nstfout                        = 0
   nstlog                         = 500
   nstcalcenergy                  = 100
   nstenergy                      = 500
   nstxout-compressed             = 0
   compressed-x-precision         = 1000
   cutoff-scheme                  = Verlet
   nstlist                        = 20
   ns-type                        = Grid
   pbc                            = xyz
   periodic-molecules             = FALSE
   verlet-buffer-tolerance        = 0.005
   rlist                          = 1.029
   rlistlong                      = 1.029
   nstcalclr                      = 10
   coulombtype                    = PME
   coulomb-modifier               = Potential-shift
   rcoulomb-switch                = 0
   rcoulomb                       = 1
   epsilon-r                      = 1
   epsilon-rf                     = inf
   vdw-type                       = Cut-off
   vdw-modifier                   = Potential-shift
   rvdw-switch                    = 0
   rvdw                           = 1
   DispCorr                       = EnerPres
   table-extension                = 1
   fourierspacing                 = 0.16
   fourier-nx                     = 44
   fourier-ny                     = 44
   fourier-nz                     = 44
   pme-order                      = 4
   ewald-rtol                     = 1e-05
   ewald-rtol-lj                  = 0.001
   lj-pme-comb-rule               = Geometric
   ewald-geometry                 = 0
   epsilon-surface                = 0
   implicit-solvent               = No
   gb-algorithm                   = Still
   nstgbradii                     = 1
   rgbradii                       = 1
   gb-epsilon-solvent             = 80
   gb-saltconc                    = 0
   gb-obc-alpha                   = 1
   gb-obc-beta                    = 0.8
   gb-obc-gamma                   = 4.85
   gb-dielectric-offset           = 0.009
   sa-algorithm                   = Ace-approximation
   sa-surface-tension             = 2.05016
   tcoupl                         = V-rescale
   nsttcouple                     = 10
   nh-chain-length                = 0
   print-nose-hoover-chain-variables = FALSE
   pcoupl                         = No
   pcoupltype                     = Isotropic
   nstpcouple                     = -1
   tau-p                          = 1
   compressibility (3x3):
      compressibility[    0]={ 0.00000e+00,  0.00000e+00,  0.00000e+00}
      compressibility[    1]={ 0.00000e+00,  0.00000e+00,  0.00000e+00}
      compressibility[    2]={ 0.00000e+00,  0.00000e+00,  0.00000e+00}
   ref-p (3x3):
      ref-p[    0]={ 0.00000e+00,  0.00000e+00,  0.00000e+00}
      ref-p[    1]={ 0.00000e+00,  0.00000e+00,  0.00000e+00}
      ref-p[    2]={ 0.00000e+00,  0.00000e+00,  0.00000e+00}
   refcoord-scaling               = No
   posres-com (3):
      posres-com[0]= 0.00000e+00
      posres-com[1]= 0.00000e+00
      posres-com[2]= 0.00000e+00
   posres-comB (3):
      posres-comB[0]= 0.00000e+00
      posres-comB[1]= 0.00000e+00
      posres-comB[2]= 0.00000e+00
   QMMM                           = FALSE
   QMconstraints                  = 0
   QMMMscheme                     = 0
   MMChargeScaleFactor            = 1
qm-opts:
   ngQM                           = 0
   constraint-algorithm           = Lincs
   continuation                   = FALSE
   Shake-SOR                      = FALSE
   shake-tol                      = 0.0001
   lincs-order                    = 4
   lincs-iter                     = 1
   lincs-warnangle                = 30
   nwall                          = 0
   wall-type                      = 9-3
   wall-r-linpot                  = -1
   wall-atomtype[0]               = -1
   wall-atomtype[1]               = -1
   wall-density[0]                = 0
   wall-density[1]                = 0
   wall-ewald-zfac                = 3
   pull                           = FALSE
   rotation                       = FALSE
   interactiveMD                  = FALSE
   disre                          = No
   disre-weighting                = Conservative
   disre-mixed                    = FALSE
   dr-fc                          = 1000
   dr-tau                         = 0
   nstdisreout                    = 100
   orire-fc                       = 0
   orire-tau                      = 0
   nstorireout                    = 100
   free-energy                    = no
   cos-acceleration               = 0
   deform (3x3):
      deform[    0]={ 0.00000e+00,  0.00000e+00,  0.00000e+00}
      deform[    1]={ 0.00000e+00,  0.00000e+00,  0.00000e+00}
      deform[    2]={ 0.00000e+00,  0.00000e+00,  0.00000e+00}
   simulated-tempering            = FALSE
   E-x:
      n = 0
   E-xt:
      n = 0
   E-y:
      n = 0
   E-yt:
      n = 0
   E-z:
      n = 0
   E-zt:
      n = 0
   swapcoords                     = no
   adress                         = FALSE
   userint1                       = 0
   userint2                       = 0
   userint3                       = 0
   userint4                       = 0
   userreal1                      = 0
   userreal2                      = 0
   userreal3                      = 0
   userreal4                      = 0
grpopts:
   nrdf:     1302.94     65613.1
   ref-t:         310         310
   tau-t:         0.1         0.1
annealing:          No          No
annealing-npoints:           0           0
   acc:	           0           0           0
   nfreeze:           N           N           N
   energygrp-flags[  0]: 0

Using 1 MPI thread
Using 1 OpenMP thread 

Will do PME sum in reciprocal space for electrostatic interactions.

++++ PLEASE READ AND CITE THE FOLLOWING REFERENCE ++++
U. Essmann, L. Perera, M. L. Berkowitz, T. Darden, H. Lee and L. G. Pedersen 
A smooth particle mesh Ewald method
J. Chem. Phys. 103 (1995) pp. 8577-8592
-------- -------- --- Thank You --- -------- --------

Will do ordinary reciprocal space Ewald sum.
Using a Gaussian width (1/beta) of 0.320163 nm for Ewald
Cut-off's:   NS: 1.029   Coulomb: 1   LJ: 1
Long Range LJ corr.: <C6> 3.3988e-04
System total charge: 0.000
Generated table with 1014 data points for Ewald.
Tabscale = 500 points/nm
Generated table with 1014 data points for LJ6.
Tabscale = 500 points/nm
Generated table with 1014 data points for LJ12.
Tabscale = 500 points/nm
Generated table with 1014 data points for 1-4 COUL.
Tabscale = 500 points/nm
Generated table with 1014 data points for 1-4 LJ6.
Tabscale = 500 points/nm
Generated table with 1014 data points for 1-4 LJ12.
Tabscale = 500 points/nm
Potential shift: LJ r^-12: -1.000e+00 r^-6: -1.000e+00, Ewald -1.000e-05
Initialized non-bonded Ewald correction tables, spacing: 9.33e-04 size: 1073


Using AVX2_256 4x8 non-bonded kernels

Using full Lennard-Jones parameter combination matrix

Removing pbc first time
Pinning threads with an auto-selected logical core stride of 1

Initializing LINear Constraint Solver

++++ PLEASE READ AND CITE THE FOLLOWING REFERENCE ++++
B. Hess and H. Bekker and H. J. C. Berendsen and J. G. E. M. Fraaije
LINCS: A Linear Constraint Solver for molecular simulations
J. Comp. Chem. 18 (1997) pp. 1463-1472
-------- -------- --- Thank You --- -------- --------

The number of constraints is 1169

++++ PLEASE READ AND CITE THE FOLLOWING REFERENCE ++++
S. Miyamoto and P. A. Kollman
SETTLE: An Analytical Version of the SHAKE and RATTLE Algorithms for Rigid
Water Models
J. Comp. Chem. 13 (1992) pp. 952-962
-------- -------- --- Thank You --- -------- --------

Center of mass motion removal mode is Linear
We have the following groups for center of mass motion removal:
  0:  rest

++++ PLEASE READ AND CITE THE FOLLOWING REFERENCE ++++
G. Bussi, D. Donadio and M. Parrinello
Canonical sampling through velocity rescaling
J. Chem. Phys. 126 (2007) pp. 014101
-------- -------- --- Thank You --- -------- --------

There are: 33632 Atoms

Constraining the starting coordinates (step 0)

Constraining the coordinates at t0-dt (step 0)
RMS relative constraint deviation after constraining: 2.68e-02
Initial temperature: 357.841 K

Started mdrun on rank 0 Wed Apr  4 13:03:54 2018
           Step           Time         Lambda
              0        0.00000        0.00000

   Energies (kJ/mol)
       G96Angle    Proper Dih.          LJ-14     Coulomb-14        LJ (SR)
    2.39282e+02    2.33036e+02    1.28140e+04   -1.08427e+03    9.05556e+04
  Disper. corr.   Coulomb (SR)   Coul. recip.      Potential    Kinetic En.
   -4.68916e+03   -6.37852e+05    1.55459e+03   -5.38229e+05    9.28921e+04
   Total Energy  Conserved En.    Temperature Pres. DC (bar) Pressure (bar)
   -4.45337e+05   -4.45337e+05    3.33922e+02   -2.27289e+02   -1.67192e+05
   Constr. rmsd
    2.91942e-02

           Step           Time         Lambda
            500        1.00000        0.00000

   Energies (kJ/mol)
       G96Angle    Proper Dih.          LJ-14     Coulomb-14        LJ (SR)
    5.35887e+02    4.58309e+02    2.17886e+04   -1.07768e+03    7.96857e+04
  Disper. corr.   Coulomb (SR)   Coul. recip.      Potential    Kinetic En.
   -4.68916e+03   -5.39736e+05    2.80479e+03   -4.40230e+05    8.48908e+04
   Total Energy  Conserved En.    Temperature Pres. DC (bar) Pressure (bar)
   -3.55339e+05   -4.00687e+05    3.05159e+02   -2.27289e+02    5.65511e+02
   Constr. rmsd
    9.89519e-04

           Step           Time         Lambda
           1000        2.00000        0.00000

   Energies (kJ/mol)
       G96Angle    Proper Dih.          LJ-14     Coulomb-14        LJ (SR)
    5.57680e+02    4.07578e+02    2.17041e+04   -1.10869e+03    7.72240e+04
  Disper. corr.   Coulomb (SR)   Coul. recip.      Potential    Kinetic En.
   -4.68916e+03   -5.32362e+05    2.84979e+03   -4.35417e+05    8.61242e+04
   Total Energy  Conserved En.    Temperature Pres. DC (bar) Pressure (bar)
   -3.49293e+05   -4.01044e+05    3.09593e+02   -2.27289e+02    6.47246e+02
   Constr. rmsd
    9.58733e-04

           Step           Time         Lambda
           1500        3.00000        0.00000

   Energies (kJ/mol)
       G96Angle    Proper Dih.          LJ-14     Coulomb-14        LJ (SR)
    5.23602e+02    3.95516e+02    2.16982e+04   -1.09933e+03    7.69249e+04
  Disper. corr.   Coulomb (SR)   Coul. recip.      Potential    Kinetic En.
   -4.68916e+03   -5.31870e+05    2.81272e+03   -4.35303e+05    8.56502e+04
   Total Energy  Conserved En.    Temperature Pres. DC (bar) Pressure (bar)
   -3.49653e+05   -4.01368e+05    3.07889e+02   -2.27289e+02    1.12223e+02
   Constr. rmsd
    1.04765e-03

           Step           Time         Lambda
           2000        4.00000        0.00000

   Energies (kJ/mol)
       G96Angle    Proper Dih.          LJ-14     Coulomb-14        LJ (SR)
    6.03674e+02    4.51493e+02    2.18027e+04   -1.11350e+03    7.58291e+04
  Disper. corr.   Coulomb (SR)   Coul. recip.      Potential    Kinetic En.
   -4.68916e+03   -5.29731e+05    2.92277e+03   -4.33924e+05    8.53596e+04
   Total Energy  Conserved En.    Temperature Pres. DC (bar) Pressure (bar)
   -3.48564e+05   -4.01618e+05    3.06844e+02   -2.27289e+02    8.15203e+02
   Constr. rmsd
    9.14564e-04

           Step           Time         Lambda
           2500        5.00000        0.00000

   Energies (kJ/mol)
       G96Angle    Proper Dih.          LJ-14     Coulomb-14        LJ (SR)
    5.12122e+02    4.28001e+02    2.17695e+04   -1.09663e+03    7.57644e+04
  Disper. corr.   Coulomb (SR)   Coul. recip.      Potential    Kinetic En.
   -4.68916e+03   -5.29404e+05    2.92452e+03   -4.33792e+05    8.55411e+04
   Total Energy  Conserved En.    Temperature Pres. DC (bar) Pressure (bar)
   -3.48250e+05   -4.01947e+05    3.07497e+02   -2.27289e+02    6.80172e+02
   Constr. rmsd
    9.39835e-04

           Step           Time         Lambda
           3000        6.00000        0.00000

   Energies (kJ/mol)
       G96Angle    Proper Dih.          LJ-14     Coulomb-14        LJ (SR)
    6.44117e+02    4.05969e+02    2.17601e+04   -1.08220e+03    7.66355e+04
  Disper. corr.   Coulomb (SR)   Coul. recip.      Potential    Kinetic En.
   -4.68916e+03   -5.30449e+05    2.80698e+03   -4.33968e+05    8.70581e+04
   Total Energy  Conserved En.    Temperature Pres. DC (bar) Pressure (bar)
   -3.46909e+05   -4.02362e+05    3.12950e+02   -2.27289e+02    3.17686e+02
   Constr. rmsd
    1.02212e-03

           Step           Time         Lambda
           3500        7.00000        0.00000

   Energies (kJ/mol)
       G96Angle    Proper Dih.          LJ-14     Coulomb-14        LJ (SR)
    5.49092e+02    4.17329e+02    2.17621e+04   -1.09351e+03    7.54170e+04
  Disper. corr.   Coulomb (SR)   Coul. recip.      Potential    Kinetic En.
   -4.68916e+03   -5.28509e+05    2.97160e+03   -4.33174e+05    8.56000e+04
   Total Energy  Conserved En.    Temperature Pres. DC (bar) Pressure (bar)
   -3.47574e+05   -4.02646e+05    3.07708e+02   -2.27289e+02    6.48583e+02
   Constr. rmsd
    9.41282e-04

           Step           Time         Lambda
           4000        8.00000        0.00000

   Energies (kJ/mol)
       G96Angle    Proper Dih.          LJ-14     Coulomb-14        LJ (SR)
    5.95299e+02    3.76996e+02    2.17759e+04   -1.11395e+03    7.41674e+04
  Disper. corr.   Coulomb (SR)   Coul. recip.      Potential    Kinetic En.
   -4.68916e+03   -5.27958e+05    2.89857e+03   -4.33947e+05    8.62121e+04
   Total Energy  Conserved En.    Temperature Pres. DC (bar) Pressure (bar)
   -3.47735e+05   -4.02970e+05    3.09909e+02   -2.27289e+02    4.87560e+02
   Constr. rmsd
    9.31523e-04

           Step           Time         Lambda
           4500        9.00000        0.00000

   Energies (kJ/mol)
       G96Angle    Proper Dih.          LJ-14     Coulomb-14        LJ (SR)
    5.53707e+02    4.20123e+02    2.17459e+04   -1.10151e+03    7.53332e+04
  Disper. corr.   Coulomb (SR)   Coul. recip.      Potential    Kinetic En.
   -4.68916e+03   -5.28253e+05    2.89297e+03   -4.33098e+05    8.69190e+04
   Total Energy  Conserved En.    Temperature Pres. DC (bar) Pressure (bar)
   -3.46179e+05   -4.03295e+05    3.12450e+02   -2.27289e+02    6.66898e+02
   Constr. rmsd
    9.34314e-04

           Step           Time         Lambda
           5000       10.00000        0.00000

   Energies (kJ/mol)
       G96Angle    Proper Dih.          LJ-14     Coulomb-14        LJ (SR)
    5.78541e+02    4.06065e+02    2.17859e+04   -1.10449e+03    7.56362e+04
  Disper. corr.   Coulomb (SR)   Coul. recip.      Potential    Kinetic En.
   -4.68916e+03   -5.29153e+05    2.92604e+03   -4.33614e+05    8.62654e+04
   Total Energy  Conserved En.    Temperature Pres. DC (bar) Pressure (bar)
   -3.47348e+05   -4.03587e+05    3.10101e+02   -2.27289e+02    1.01938e+03
   Constr. rmsd
    8.74680e-04

           Step           Time         Lambda
           5500       11.00000        0.00000

   Energies (kJ/mol)
       G96Angle    Proper Dih.          LJ-14     Coulomb-14        LJ (SR)
    5.86176e+02    4.19768e+02    2.17740e+04   -1.09207e+03    7.46777e+04
  Disper. corr.   Coulomb (SR)   Coul. recip.      Potential    Kinetic En.
   -4.68916e+03   -5.28724e+05    2.82545e+03   -4.34222e+05    8.59844e+04
   Total Energy  Conserved En.    Temperature Pres. DC (bar) Pressure (bar)
   -3.48238e+05   -4.03958e+05    3.09091e+02   -2.27289e+02    4.28546e+02
   Constr. rmsd
    9.41799e-04

           Step           Time         Lambda
           6000       12.00000        0.00000

   Energies (kJ/mol)
       G96Angle    Proper Dih.          LJ-14     Coulomb-14        LJ (SR)
    6.02781e+02    3.95063e+02    2.17528e+04   -1.08622e+03    7.46386e+04
  Disper. corr.   Coulomb (SR)   Coul. recip.      Potential    Kinetic En.
   -4.68916e+03   -5.27420e+05    2.83923e+03   -4.32967e+05    8.59384e+04
   Total Energy  Conserved En.    Temperature Pres. DC (bar) Pressure (bar)
   -3.47029e+05   -4.04269e+05    3.08925e+02   -2.27289e+02    3.61440e+02
   Constr. rmsd
    9.69643e-04

           Step           Time         Lambda
           6500       13.00000        0.00000

   Energies (kJ/mol)
       G96Angle    Proper Dih.          LJ-14     Coulomb-14        LJ (SR)
    5.80879e+02    4.33311e+02    2.17708e+04   -1.09375e+03    7.55577e+04
  Disper. corr.   Coulomb (SR)   Coul. recip.      Potential    Kinetic En.
   -4.68916e+03   -5.29579e+05    2.87135e+03   -4.34148e+05    8.62902e+04
   Total Energy  Conserved En.    Temperature Pres. DC (bar) Pressure (bar)
   -3.47858e+05   -4.04605e+05    3.10190e+02   -2.27289e+02    4.74006e+02
   Constr. rmsd
    9.67867e-04

           Step           Time         Lambda
           7000       14.00000        0.00000

   Energies (kJ/mol)
       G96Angle    Proper Dih.          LJ-14     Coulomb-14        LJ (SR)
    5.98138e+02    3.75849e+02    2.17484e+04   -1.09942e+03    7.61431e+04
  Disper. corr.   Coulomb (SR)   Coul. recip.      Potential    Kinetic En.
   -4.68916e+03   -5.30393e+05    2.92486e+03   -4.34391e+05    8.61490e+04
   Total Energy  Conserved En.    Temperature Pres. DC (bar) Pressure (bar)
   -3.48242e+05   -4.04966e+05    3.09682e+02   -2.27289e+02    1.45346e+02
   Constr. rmsd
    1.02577e-03

           Step           Time         Lambda
           7500       15.00000        0.00000

   Energies (kJ/mol)
       G96Angle    Proper Dih.          LJ-14     Coulomb-14        LJ (SR)
    5.71863e+02    4.01415e+02    2.17279e+04   -1.11355e+03    7.56842e+04
  Disper. corr.   Coulomb (SR)   Coul. recip.      Potential    Kinetic En.
   -4.68916e+03   -5.28737e+05    2.82607e+03   -4.33328e+05    8.63427e+04
   Total Energy  Conserved En.    Temperature Pres. DC (bar) Pressure (bar)
   -3.46986e+05   -4.05271e+05    3.10378e+02   -2.27289e+02    7.32231e+01
   Constr. rmsd
    1.04564e-03

           Step           Time         Lambda
           8000       16.00000        0.00000

   Energies (kJ/mol)
       G96Angle    Proper Dih.          LJ-14     Coulomb-14        LJ (SR)
    5.64168e+02    4.18388e+02    2.18083e+04   -1.10052e+03    7.53037e+04
  Disper. corr.   Coulomb (SR)   Coul. recip.      Potential    Kinetic En.
   -4.68916e+03   -5.28664e+05    2.83817e+03   -4.33521e+05    8.68630e+04
   Total Energy  Conserved En.    Temperature Pres. DC (bar) Pressure (bar)
   -3.46658e+05   -4.05627e+05    3.12249e+02   -2.27289e+02    3.54275e+02
   Constr. rmsd
    9.84791e-04

           Step           Time         Lambda
           8500       17.00000        0.00000

   Energies (kJ/mol)
       G96Angle    Proper Dih.          LJ-14     Coulomb-14        LJ (SR)
    6.22160e+02    4.06947e+02    2.17495e+04   -1.11270e+03    7.46574e+04
  Disper. corr.   Coulomb (SR)   Coul. recip.      Potential    Kinetic En.
   -4.68916e+03   -5.26826e+05    2.95881e+03   -4.32233e+05    8.64319e+04
   Total Energy  Conserved En.    Temperature Pres. DC (bar) Pressure (bar)
   -3.45801e+05   -4.05968e+05    3.10699e+02   -2.27289e+02    2.25157e+02
   Constr. rmsd
    9.98918e-04

           Step           Time         Lambda
           9000       18.00000        0.00000

   Energies (kJ/mol)
       G96Angle    Proper Dih.          LJ-14     Coulomb-14        LJ (SR)
    6.03846e+02    4.18040e+02    2.17181e+04   -1.13166e+03    7.41811e+04
  Disper. corr.   Coulomb (SR)   Coul. recip.      Potential    Kinetic En.
   -4.68916e+03   -5.27771e+05    2.92836e+03   -4.33742e+05    8.66628e+04
   Total Energy  Conserved En.    Temperature Pres. DC (bar) Pressure (bar)
   -3.47079e+05   -4.06334e+05    3.11529e+02   -2.27289e+02   -1.13823e+02
   Constr. rmsd
    1.03722e-03

           Step           Time         Lambda
           9500       19.00000        0.00000

   Energies (kJ/mol)
       G96Angle    Proper Dih.          LJ-14     Coulomb-14        LJ (SR)
    6.01248e+02    3.99063e+02    2.17050e+04   -1.11310e+03    7.49694e+04
  Disper. corr.   Coulomb (SR)   Coul. recip.      Potential    Kinetic En.
   -4.68916e+03   -5.27993e+05    2.96004e+03   -4.33161e+05    8.55360e+04
   Total Energy  Conserved En.    Temperature Pres. DC (bar) Pressure (bar)
   -3.47625e+05   -4.06707e+05    3.07478e+02   -2.27289e+02    1.93444e+02
   Constr. rmsd
    1.00055e-03

           Step           Time         Lambda
          10000       20.00000        0.00000

   Energies (kJ/mol)
       G96Angle    Proper Dih.          LJ-14     Coulomb-14        LJ (SR)
    5.68275e+02    4.08897e+02    2.17802e+04   -1.10109e+03    7.57855e+04
  Disper. corr.   Coulomb (SR)   Coul. recip.      Potential    Kinetic En.
   -4.68916e+03   -5.30598e+05    2.90477e+03   -4.34940e+05    8.66255e+04
   Total Energy  Conserved En.    Temperature Pres. DC (bar) Pressure (bar)
   -3.48315e+05   -4.06996e+05    3.11395e+02   -2.27289e+02    6.42440e+02
   Constr. rmsd
    9.15453e-04

           Step           Time         Lambda
          10500       21.00000        0.00000

   Energies (kJ/mol)
       G96Angle    Proper Dih.          LJ-14     Coulomb-14        LJ (SR)
    5.96821e+02    3.80055e+02    2.17244e+04   -1.06279e+03    7.56714e+04
  Disper. corr.   Coulomb (SR)   Coul. recip.      Potential    Kinetic En.
   -4.68916e+03   -5.28445e+05    2.97781e+03   -4.32847e+05    8.58002e+04
   Total Energy  Conserved En.    Temperature Pres. DC (bar) Pressure (bar)
   -3.47046e+05   -4.07322e+05    3.08428e+02   -2.27289e+02    3.57488e+02
   Constr. rmsd
    9.84944e-04

           Step           Time         Lambda
          11000       22.00000        0.00000

   Energies (kJ/mol)
       G96Angle    Proper Dih.          LJ-14     Coulomb-14        LJ (SR)
    4.95614e+02    4.18416e+02    2.16910e+04   -1.06302e+03    7.49416e+04
  Disper. corr.   Coulomb (SR)   Coul. recip.      Potential    Kinetic En.
   -4.68916e+03   -5.27942e+05    3.00406e+03   -4.33144e+05    8.59561e+04
   Total Energy  Conserved En.    Temperature Pres. DC (bar) Pressure (bar)
   -3.47188e+05   -4.07730e+05    3.08989e+02   -2.27289e+02    1.42289e+02
   Constr. rmsd
    1.01325e-03

           Step           Time         Lambda
          11500       23.00000        0.00000

   Energies (kJ/mol)
       G96Angle    Proper Dih.          LJ-14     Coulomb-14        LJ (SR)
    5.73732e+02    3.93560e+02    2.16570e+04   -1.09282e+03    7.47164e+04
  Disper. corr.   Coulomb (SR)   Coul. recip.      Potential    Kinetic En.
   -4.68916e+03   -5.28749e+05    2.87588e+03   -4.34314e+05    8.53519e+04
   Total Energy  Conserved En.    Temperature Pres. DC (bar) Pressure (bar)
   -3.48962e+05   -4.08049e+05    3.06817e+02   -2.27289e+02    1.90203e+02
   Constr. rmsd
    9.79129e-04

           Step           Time         Lambda
          12000       24.00000        0.00000

   Energies (kJ/mol)
       G96Angle    Proper Dih.          LJ-14     Coulomb-14        LJ (SR)
    5.96253e+02    4.12594e+02    2.17243e+04   -1.10208e+03    7.50949e+04
  Disper. corr.   Coulomb (SR)   Coul. recip.      Potential    Kinetic En.
   -4.68916e+03   -5.28268e+05    2.91669e+03   -4.33315e+05    8.59825e+04
   Total Energy  Conserved En.    Temperature Pres. DC (bar) Pressure (bar)
   -3.47332e+05   -4.08408e+05    3.09083e+02   -2.27289e+02    8.88376e+02
   Constr. rmsd
    8.87698e-04

           Step           Time         Lambda
          12500       25.00000        0.00000

   Energies (kJ/mol)
       G96Angle    Proper Dih.          LJ-14     Coulomb-14        LJ (SR)
    5.62985e+02    4.12913e+02    2.17419e+04   -1.13266e+03    7.57369e+04
  Disper. corr.   Coulomb (SR)   Coul. recip.      Potential    Kinetic En.
   -4.68916e+03   -5.29001e+05    2.90307e+03   -4.33465e+05    8.57405e+04
   Total Energy  Conserved En.    Temperature Pres. DC (bar) Pressure (bar)
   -3.47724e+05   -4.08786e+05    3.08214e+02   -2.27289e+02    4.59654e+02
   Constr. rmsd
    9.73602e-04

           Step           Time         Lambda
          13000       26.00000        0.00000

   Energies (kJ/mol)
       G96Angle    Proper Dih.          LJ-14     Coulomb-14        LJ (SR)
    5.81979e+02    4.16047e+02    2.17046e+04   -1.10659e+03    7.28586e+04
  Disper. corr.   Coulomb (SR)   Coul. recip.      Potential    Kinetic En.
   -4.68916e+03   -5.24730e+05    2.92987e+03   -4.32034e+05    8.58113e+04
   Total Energy  Conserved En.    Temperature Pres. DC (bar) Pressure (bar)
   -3.46223e+05   -4.09141e+05    3.08468e+02   -2.27289e+02   -1.37220e+02
   Constr. rmsd
    1.01220e-03

           Step           Time         Lambda
          13500       27.00000        0.00000

   Energies (kJ/mol)
       G96Angle    Proper Dih.          LJ-14     Coulomb-14        LJ (SR)
    5.61243e+02    4.26858e+02    2.17352e+04   -1.10400e+03    7.47225e+04
  Disper. corr.   Coulomb (SR)   Coul. recip.      Potential    Kinetic En.
   -4.68916e+03   -5.26819e+05    2.93708e+03   -4.32229e+05    8.60926e+04
   Total Energy  Conserved En.    Temperature Pres. DC (bar) Pressure (bar)
   -3.46137e+05   -4.09487e+05    3.09479e+02   -2.27289e+02    7.06790e+01
   Constr. rmsd
    1.02259e-03

           Step           Time         Lambda
          14000       28.00000        0.00000

   Energies (kJ/mol)
       G96Angle    Proper Dih.          LJ-14     Coulomb-14        LJ (SR)
    5.41304e+02    4.31585e+02    2.16879e+04   -1.10017e+03    7.47679e+04
  Disper. corr.   Coulomb (SR)   Coul. recip.      Potential    Kinetic En.
   -4.68916e+03   -5.28285e+05    2.85995e+03   -4.33785e+05    8.56001e+04
   Total Energy  Conserved En.    Temperature Pres. DC (bar) Pressure (bar)
   -3.48185e+05   -4.09792e+05    3.07709e+02   -2.27289e+02    2.51569e+02
   Constr. rmsd
    9.70517e-04

           Step           Time         Lambda
          14500       29.00000        0.00000

   Energies (kJ/mol)
       G96Angle    Proper Dih.          LJ-14     Coulomb-14        LJ (SR)
    5.21290e+02    3.95836e+02    2.16463e+04   -1.08387e+03    7.31119e+04
  Disper. corr.   Coulomb (SR)   Coul. recip.      Potential    Kinetic En.
   -4.68916e+03   -5.26984e+05    2.86545e+03   -4.34216e+05    8.62381e+04
   Total Energy  Conserved En.    Temperature Pres. DC (bar) Pressure (bar)
   -3.47978e+05   -4.10152e+05    3.10003e+02   -2.27289e+02   -1.67868e+02
   Constr. rmsd
    1.00152e-03

           Step           Time         Lambda
          15000       30.00000        0.00000

   Energies (kJ/mol)
       G96Angle    Proper Dih.          LJ-14     Coulomb-14        LJ (SR)
    6.01550e+02    4.05719e+02    2.17285e+04   -1.10506e+03    7.45976e+04
  Disper. corr.   Coulomb (SR)   Coul. recip.      Potential    Kinetic En.
   -4.68916e+03   -5.28260e+05    2.90902e+03   -4.33811e+05    8.62744e+04
   Total Energy  Conserved En.    Temperature Pres. DC (bar) Pressure (bar)
   -3.47537e+05   -4.10489e+05    3.10133e+02   -2.27289e+02    7.62930e+00
   Constr. rmsd
    1.01910e-03

           Step           Time         Lambda
          15500       31.00000        0.00000

   Energies (kJ/mol)
       G96Angle    Proper Dih.          LJ-14     Coulomb-14        LJ (SR)
    6.24902e+02    4.35690e+02    2.18051e+04   -1.08759e+03    7.43439e+04
  Disper. corr.   Coulomb (SR)   Coul. recip.      Potential    Kinetic En.
   -4.68916e+03   -5.27911e+05    2.87523e+03   -4.33602e+05    8.70787e+04
   Total Energy  Conserved En.    Temperature Pres. DC (bar) Pressure (bar)
   -3.46524e+05   -4.10781e+05    3.13024e+02   -2.27289e+02    5.86858e+02
   Constr. rmsd
    9.03729e-04

           Step           Time         Lambda
          16000       32.00000        0.00000

   Energies (kJ/mol)
       G96Angle    Proper Dih.          LJ-14     Coulomb-14        LJ (SR)
    6.15360e+02    3.99874e+02    2.17056e+04   -1.11550e+03    7.34557e+04
  Disper. corr.   Coulomb (SR)   Coul. recip.      Potential    Kinetic En.
   -4.68916e+03   -5.26901e+05    2.92532e+03   -4.33604e+05    8.66297e+04
   Total Energy  Conserved En.    Temperature Pres. DC (bar) Pressure (bar)
   -3.46974e+05   -4.11200e+05    3.11410e+02   -2.27289e+02   -4.34641e+01
   Constr. rmsd
    9.97568e-04

           Step           Time         Lambda
          16500       33.00000        0.00000

   Energies (kJ/mol)
       G96Angle    Proper Dih.          LJ-14     Coulomb-14        LJ (SR)
    5.83946e+02    3.91480e+02    2.16602e+04   -1.11488e+03    7.53741e+04
  Disper. corr.   Coulomb (SR)   Coul. recip.      Potential    Kinetic En.
   -4.68916e+03   -5.28062e+05    2.93447e+03   -4.32922e+05    8.66965e+04
   Total Energy  Conserved En.    Temperature Pres. DC (bar) Pressure (bar)
   -3.46225e+05   -4.11614e+05    3.11650e+02   -2.27289e+02   -2.99209e+02
   Constr. rmsd
    1.09894e-03

           Step           Time         Lambda
          17000       34.00000        0.00000

   Energies (kJ/mol)
       G96Angle    Proper Dih.          LJ-14     Coulomb-14        LJ (SR)
    6.02454e+02    4.08027e+02    2.17036e+04   -1.09367e+03    7.50443e+04
  Disper. corr.   Coulomb (SR)   Coul. recip.      Potential    Kinetic En.
   -4.68916e+03   -5.28601e+05    2.79231e+03   -4.33833e+05    8.63302e+04
   Total Energy  Conserved En.    Temperature Pres. DC (bar) Pressure (bar)
   -3.47502e+05   -4.11948e+05    3.10333e+02   -2.27289e+02    3.44349e+02
   Constr. rmsd
    9.78558e-04

           Step           Time         Lambda
          17500       35.00000        0.00000

   Energies (kJ/mol)
       G96Angle    Proper Dih.          LJ-14     Coulomb-14        LJ (SR)
    6.16356e+02    4.27978e+02    2.17655e+04   -1.10065e+03    7.42040e+04
  Disper. corr.   Coulomb (SR)   Coul. recip.      Potential    Kinetic En.
   -4.68916e+03   -5.25863e+05    2.91339e+03   -4.31726e+05    8.65851e+04
   Total Energy  Conserved En.    Temperature Pres. DC (bar) Pressure (bar)
   -3.45141e+05   -4.12305e+05    3.11250e+02   -2.27289e+02    3.99323e+02
   Constr. rmsd
    9.53512e-04

Writing checkpoint, step 17820 at Wed Apr  4 13:18:56 2018


           Step           Time         Lambda
          18000       36.00000        0.00000

   Energies (kJ/mol)
       G96Angle    Proper Dih.          LJ-14     Coulomb-14        LJ (SR)
    6.22851e+02    4.23736e+02    2.17528e+04   -1.08342e+03    7.47917e+04
  Disper. corr.   Coulomb (SR)   Coul. recip.      Potential    Kinetic En.
   -4.68916e+03   -5.27446e+05    2.94695e+03   -4.32681e+05    8.66767e+04
   Total Energy  Conserved En.    Temperature Pres. DC (bar) Pressure (bar)
   -3.46004e+05   -4.12663e+05    3.11579e+02   -2.27289e+02    2.23666e+02
   Constr. rmsd
    9.89106e-04

           Step           Time         Lambda
          18500       37.00000        0.00000

   Energies (kJ/mol)
       G96Angle    Proper Dih.          LJ-14     Coulomb-14        LJ (SR)
    5.84695e+02    3.82946e+02    2.17182e+04   -1.09607e+03    7.39293e+04
  Disper. corr.   Coulomb (SR)   Coul. recip.      Potential    Kinetic En.
   -4.68916e+03   -5.26011e+05    3.00886e+03   -4.32172e+05    8.53241e+04
   Total Energy  Conserved En.    Temperature Pres. DC (bar) Pressure (bar)
   -3.46848e+05   -4.13018e+05    3.06717e+02   -2.27289e+02   -5.04470e+01
   Constr. rmsd
    1.02415e-03

           Step           Time         Lambda
          19000       38.00000        0.00000

   Energies (kJ/mol)
       G96Angle    Proper Dih.          LJ-14     Coulomb-14        LJ (SR)
    6.00686e+02    4.27388e+02    2.17385e+04   -1.09705e+03    7.39915e+04
  Disper. corr.   Coulomb (SR)   Coul. recip.      Potential    Kinetic En.
   -4.68916e+03   -5.26360e+05    2.82552e+03   -4.32563e+05    8.62884e+04
   Total Energy  Conserved En.    Temperature Pres. DC (bar) Pressure (bar)
   -3.46275e+05   -4.13335e+05    3.10183e+02   -2.27289e+02    2.03004e+02
   Constr. rmsd
    9.89820e-04

           Step           Time         Lambda
          19500       39.00000        0.00000

   Energies (kJ/mol)
       G96Angle    Proper Dih.          LJ-14     Coulomb-14        LJ (SR)
    6.17454e+02    3.90077e+02    2.17736e+04   -1.09101e+03    7.43922e+04
  Disper. corr.   Coulomb (SR)   Coul. recip.      Potential    Kinetic En.
   -4.68916e+03   -5.27631e+05    2.88687e+03   -4.33351e+05    8.71052e+04
   Total Energy  Conserved En.    Temperature Pres. DC (bar) Pressure (bar)
   -3.46246e+05   -4.13706e+05    3.13119e+02   -2.27289e+02    1.73330e+02
   Constr. rmsd
    9.87441e-04

           Step           Time         Lambda
          20000       40.00000        0.00000

   Energies (kJ/mol)
       G96Angle    Proper Dih.          LJ-14     Coulomb-14        LJ (SR)
    5.86478e+02    4.43720e+02    2.18008e+04   -1.09423e+03    7.38124e+04
  Disper. corr.   Coulomb (SR)   Coul. recip.      Potential    Kinetic En.
   -4.68916e+03   -5.26151e+05    3.04830e+03   -4.32243e+05    8.59946e+04
   Total Energy  Conserved En.    Temperature Pres. DC (bar) Pressure (bar)
   -3.46248e+05   -4.14028e+05    3.09127e+02   -2.27289e+02    5.83070e+02
   Constr. rmsd
    9.02634e-04

           Step           Time         Lambda
          20500       41.00000        0.00000

   Energies (kJ/mol)
       G96Angle    Proper Dih.          LJ-14     Coulomb-14        LJ (SR)
    5.93227e+02    3.97871e+02    2.16952e+04   -1.09013e+03    7.38684e+04
  Disper. corr.   Coulomb (SR)   Coul. recip.      Potential    Kinetic En.
   -4.68916e+03   -5.27356e+05    2.87251e+03   -4.33709e+05    8.63632e+04
   Total Energy  Conserved En.    Temperature Pres. DC (bar) Pressure (bar)
   -3.47345e+05   -4.14432e+05    3.10452e+02   -2.27289e+02   -1.62227e+02
   Constr. rmsd
    1.03138e-03

           Step           Time         Lambda
          21000       42.00000        0.00000

   Energies (kJ/mol)
       G96Angle    Proper Dih.          LJ-14     Coulomb-14        LJ (SR)
    6.31540e+02    4.16599e+02    2.17754e+04   -1.10493e+03    7.50484e+04
  Disper. corr.   Coulomb (SR)   Coul. recip.      Potential    Kinetic En.
   -4.68916e+03   -5.28316e+05    2.89902e+03   -4.33339e+05    8.62506e+04
   Total Energy  Conserved En.    Temperature Pres. DC (bar) Pressure (bar)
   -3.47089e+05   -4.14742e+05    3.10047e+02   -2.27289e+02    7.25624e+02
   Constr. rmsd
    8.99111e-04

           Step           Time         Lambda
          21500       43.00000        0.00000

   Energies (kJ/mol)
       G96Angle    Proper Dih.          LJ-14     Coulomb-14        LJ (SR)
    5.63227e+02    4.42932e+02    2.17297e+04   -1.08859e+03    7.39388e+04
  Disper. corr.   Coulomb (SR)   Coul. recip.      Potential    Kinetic En.
   -4.68916e+03   -5.27032e+05    2.95567e+03   -4.33179e+05    8.60195e+04
   Total Energy  Conserved En.    Temperature Pres. DC (bar) Pressure (bar)
   -3.47160e+05   -4.15107e+05    3.09217e+02   -2.27289e+02    2.90505e+02
   Constr. rmsd
    9.52839e-04

           Step           Time         Lambda
          22000       44.00000        0.00000

   Energies (kJ/mol)
       G96Angle    Proper Dih.          LJ-14     Coulomb-14        LJ (SR)
    5.90171e+02    4.11938e+02    2.17129e+04   -1.09214e+03    7.42113e+04
  Disper. corr.   Coulomb (SR)   Coul. recip.      Potential    Kinetic En.
   -4.68916e+03   -5.27905e+05    2.84988e+03   -4.33910e+05    8.54995e+04
   Total Energy  Conserved En.    Temperature Pres. DC (bar) Pressure (bar)
   -3.48410e+05   -4.15451e+05    3.07347e+02   -2.27289e+02    4.07613e+02
   Constr. rmsd
    9.25192e-04

           Step           Time         Lambda
          22500       45.00000        0.00000

   Energies (kJ/mol)
       G96Angle    Proper Dih.          LJ-14     Coulomb-14        LJ (SR)
    5.87525e+02    3.98474e+02    2.17055e+04   -1.09048e+03    7.29493e+04
  Disper. corr.   Coulomb (SR)   Coul. recip.      Potential    Kinetic En.
   -4.68916e+03   -5.25503e+05    2.83103e+03   -4.32811e+05    8.63702e+04
   Total Energy  Conserved En.    Temperature Pres. DC (bar) Pressure (bar)
   -3.46441e+05   -4.15843e+05    3.10477e+02   -2.27289e+02   -2.75153e+02
   Constr. rmsd
    1.03969e-03

           Step           Time         Lambda
          23000       46.00000        0.00000

   Energies (kJ/mol)
       G96Angle    Proper Dih.          LJ-14     Coulomb-14        LJ (SR)
    6.26964e+02    4.11835e+02    2.17867e+04   -1.09414e+03    7.40057e+04
  Disper. corr.   Coulomb (SR)   Coul. recip.      Potential    Kinetic En.
   -4.68916e+03   -5.26071e+05    2.96842e+03   -4.32055e+05    8.51906e+04
   Total Energy  Conserved En.    Temperature Pres. DC (bar) Pressure (bar)
   -3.46864e+05   -4.16162e+05    3.06237e+02   -2.27289e+02    3.06412e+02
   Constr. rmsd
    9.60555e-04

           Step           Time         Lambda
          23500       47.00000        0.00000

   Energies (kJ/mol)
       G96Angle    Proper Dih.          LJ-14     Coulomb-14        LJ (SR)
    6.18106e+02    3.98057e+02    2.16723e+04   -1.09353e+03    7.50070e+04
  Disper. corr.   Coulomb (SR)   Coul. recip.      Potential    Kinetic En.
   -4.68916e+03   -5.28056e+05    2.88160e+03   -4.33262e+05    8.53965e+04
   Total Energy  Conserved En.    Temperature Pres. DC (bar) Pressure (bar)
   -3.47865e+05   -4.16490e+05    3.06977e+02   -2.27289e+02    2.54667e+02
   Constr. rmsd
    9.87189e-04

           Step           Time         Lambda
          24000       48.00000        0.00000

   Energies (kJ/mol)
       G96Angle    Proper Dih.          LJ-14     Coulomb-14        LJ (SR)
    6.69577e+02    4.18807e+02    2.17845e+04   -1.10876e+03    7.55781e+04
  Disper. corr.   Coulomb (SR)   Coul. recip.      Potential    Kinetic En.
   -4.68916e+03   -5.27939e+05    2.93451e+03   -4.32352e+05    8.75762e+04
   Total Energy  Conserved En.    Temperature Pres. DC (bar) Pressure (bar)
   -3.44776e+05   -4.16833e+05    3.14813e+02   -2.27289e+02    6.61112e+02
   Constr. rmsd
    9.46586e-04

           Step           Time         Lambda
          24500       49.00000        0.00000

   Energies (kJ/mol)
       G96Angle    Proper Dih.          LJ-14     Coulomb-14        LJ (SR)
    5.94089e+02    3.86999e+02    2.16841e+04   -1.08512e+03    7.30818e+04
  Disper. corr.   Coulomb (SR)   Coul. recip.      Potential    Kinetic En.
   -4.68916e+03   -5.26775e+05    2.93271e+03   -4.33869e+05    8.60944e+04
   Total Energy  Conserved En.    Temperature Pres. DC (bar) Pressure (bar)
   -3.47775e+05   -4.17250e+05    3.09486e+02   -2.27289e+02   -2.85751e+02
   Constr. rmsd
    1.02691e-03

           Step           Time         Lambda
          25000       50.00000        0.00000

   Energies (kJ/mol)
       G96Angle    Proper Dih.          LJ-14     Coulomb-14        LJ (SR)
    5.78039e+02    4.05372e+02    2.17191e+04   -1.10219e+03    7.46672e+04
  Disper. corr.   Coulomb (SR)   Coul. recip.      Potential    Kinetic En.
   -4.68916e+03   -5.27376e+05    2.98218e+03   -4.32816e+05    8.63321e+04
   Total Energy  Conserved En.    Temperature Pres. DC (bar) Pressure (bar)
   -3.46484e+05   -4.17590e+05    3.10340e+02   -2.27289e+02    2.13055e+02
   Constr. rmsd
    9.88277e-04

           Step           Time         Lambda
          25500       51.00000        0.00000

   Energies (kJ/mol)
       G96Angle    Proper Dih.          LJ-14     Coulomb-14        LJ (SR)
    6.13818e+02    4.53457e+02    2.18550e+04   -1.09530e+03    7.40751e+04
  Disper. corr.   Coulomb (SR)   Coul. recip.      Potential    Kinetic En.
   -4.68916e+03   -5.26322e+05    2.88417e+03   -4.32225e+05    8.69496e+04
   Total Energy  Conserved En.    Temperature Pres. DC (bar) Pressure (bar)
   -3.45276e+05   -4.17863e+05    3.12560e+02   -2.27289e+02    8.00993e+02
   Constr. rmsd
    8.79226e-04

           Step           Time         Lambda
          26000       52.00000        0.00000

   Energies (kJ/mol)
       G96Angle    Proper Dih.          LJ-14     Coulomb-14        LJ (SR)
    5.69648e+02    4.44580e+02    2.17331e+04   -1.08239e+03    7.40534e+04
  Disper. corr.   Coulomb (SR)   Coul. recip.      Potential    Kinetic En.
   -4.68916e+03   -5.25947e+05    2.86983e+03   -4.32048e+05    8.62698e+04
   Total Energy  Conserved En.    Temperature Pres. DC (bar) Pressure (bar)
   -3.45778e+05   -4.18237e+05    3.10116e+02   -2.27289e+02    3.62639e+02
   Constr. rmsd
    9.64343e-04

Writing checkpoint, step 26400 at Wed Apr  4 13:33:56 2018


           Step           Time         Lambda
          26500       53.00000        0.00000

   Energies (kJ/mol)
       G96Angle    Proper Dih.          LJ-14     Coulomb-14        LJ (SR)
    6.14208e+02    3.99974e+02    2.16856e+04   -1.10587e+03    7.51243e+04
  Disper. corr.   Coulomb (SR)   Coul. recip.      Potential    Kinetic En.
   -4.68916e+03   -5.28216e+05    2.89832e+03   -4.33288e+05    8.62501e+04
   Total Energy  Conserved En.    Temperature Pres. DC (bar) Pressure (bar)
   -3.47038e+05   -4.18573e+05    3.10046e+02   -2.27289e+02    3.00151e+02
   Constr. rmsd
    9.74346e-04

           Step           Time         Lambda
          27000       54.00000        0.00000

   Energies (kJ/mol)
       G96Angle    Proper Dih.          LJ-14     Coulomb-14        LJ (SR)
    6.50551e+02    3.69764e+02    2.17175e+04   -1.11555e+03    7.43110e+04
  Disper. corr.   Coulomb (SR)   Coul. recip.      Potential    Kinetic En.
   -4.68916e+03   -5.27947e+05    2.96595e+03   -4.33737e+05    8.61263e+04
   Total Energy  Conserved En.    Temperature Pres. DC (bar) Pressure (bar)
   -3.47611e+05   -4.18882e+05    3.09601e+02   -2.27289e+02    4.41979e+02
   Constr. rmsd
    9.25459e-04

           Step           Time         Lambda
          27500       55.00000        0.00000

   Energies (kJ/mol)
       G96Angle    Proper Dih.          LJ-14     Coulomb-14        LJ (SR)
    6.01998e+02    3.89867e+02    2.16916e+04   -1.07095e+03    7.51926e+04
  Disper. corr.   Coulomb (SR)   Coul. recip.      Potential    Kinetic En.
   -4.68916e+03   -5.27549e+05    2.82804e+03   -4.32605e+05    8.62537e+04
   Total Energy  Conserved En.    Temperature Pres. DC (bar) Pressure (bar)
   -3.46351e+05   -4.19264e+05    3.10059e+02   -2.27289e+02    4.08502e+02
   Constr. rmsd
    9.66775e-04

           Step           Time         Lambda
          28000       56.00000        0.00000

   Energies (kJ/mol)
       G96Angle    Proper Dih.          LJ-14     Coulomb-14        LJ (SR)
    6.21047e+02    3.87505e+02    2.16956e+04   -1.06810e+03    7.42074e+04
  Disper. corr.   Coulomb (SR)   Coul. recip.      Potential    Kinetic En.
   -4.68916e+03   -5.26647e+05    2.86485e+03   -4.32628e+05    8.62253e+04
   Total Energy  Conserved En.    Temperature Pres. DC (bar) Pressure (bar)
   -3.46403e+05   -4.19630e+05    3.09956e+02   -2.27289e+02    9.35994e+01
   Constr. rmsd
    1.00047e-03

           Step           Time         Lambda
          28500       57.00000        0.00000

   Energies (kJ/mol)
       G96Angle    Proper Dih.          LJ-14     Coulomb-14        LJ (SR)
    6.15777e+02    4.17090e+02    2.17779e+04   -1.11056e+03    7.43831e+04
  Disper. corr.   Coulomb (SR)   Coul. recip.      Potential    Kinetic En.
   -4.68916e+03   -5.27581e+05    2.94377e+03   -4.33243e+05    8.62199e+04
   Total Energy  Conserved En.    Temperature Pres. DC (bar) Pressure (bar)
   -3.47023e+05   -4.19956e+05    3.09937e+02   -2.27289e+02    3.81993e+02
   Constr. rmsd
    9.34664e-04

           Step           Time         Lambda
          29000       58.00000        0.00000

   Energies (kJ/mol)
       G96Angle    Proper Dih.          LJ-14     Coulomb-14        LJ (SR)
    5.91115e+02    3.97802e+02    2.17593e+04   -1.07932e+03    7.40156e+04
  Disper. corr.   Coulomb (SR)   Coul. recip.      Potential    Kinetic En.
   -4.68916e+03   -5.26379e+05    2.92910e+03   -4.32455e+05    8.56306e+04
   Total Energy  Conserved En.    Temperature Pres. DC (bar) Pressure (bar)
   -3.46824e+05   -4.20326e+05    3.07819e+02   -2.27289e+02    2.33656e+02
   Constr. rmsd
    9.66414e-04

           Step           Time         Lambda
          29500       59.00000        0.00000

   Energies (kJ/mol)
       G96Angle    Proper Dih.          LJ-14     Coulomb-14        LJ (SR)
    6.15013e+02    4.16063e+02    2.16927e+04   -1.09536e+03    7.30293e+04
  Disper. corr.   Coulomb (SR)   Coul. recip.      Potential    Kinetic En.
   -4.68916e+03   -5.26223e+05    2.88067e+03   -4.33374e+05    8.56439e+04
   Total Energy  Conserved En.    Temperature Pres. DC (bar) Pressure (bar)
   -3.47730e+05   -4.20653e+05    3.07866e+02   -2.27289e+02    5.08373e+01
   Constr. rmsd
    9.71805e-04

           Step           Time         Lambda
          30000       60.00000        0.00000

   Energies (kJ/mol)
       G96Angle    Proper Dih.          LJ-14     Coulomb-14        LJ (SR)
    5.61724e+02    4.05942e+02    2.17390e+04   -1.09332e+03    7.50570e+04
  Disper. corr.   Coulomb (SR)   Coul. recip.      Potential    Kinetic En.
   -4.68916e+03   -5.28201e+05    2.90962e+03   -4.33310e+05    8.61276e+04
   Total Energy  Conserved En.    Temperature Pres. DC (bar) Pressure (bar)
   -3.47182e+05   -4.20974e+05    3.09605e+02   -2.27289e+02    6.28585e+02
   Constr. rmsd
    9.22793e-04

           Step           Time         Lambda
          30500       61.00000        0.00000

   Energies (kJ/mol)
       G96Angle    Proper Dih.          LJ-14     Coulomb-14        LJ (SR)
    5.80068e+02    4.30676e+02    2.17533e+04   -1.08088e+03    7.46939e+04
  Disper. corr.   Coulomb (SR)   Coul. recip.      Potential    Kinetic En.
   -4.68916e+03   -5.26837e+05    2.89653e+03   -4.32252e+05    8.53111e+04
   Total Energy  Conserved En.    Temperature Pres. DC (bar) Pressure (bar)
   -3.46941e+05   -4.21340e+05    3.06670e+02   -2.27289e+02   -2.52450e+01
   Constr. rmsd
    1.02972e-03

           Step           Time         Lambda
          31000       62.00000        0.00000

   Energies (kJ/mol)
       G96Angle    Proper Dih.          LJ-14     Coulomb-14        LJ (SR)
    5.94517e+02    4.14705e+02    2.17076e+04   -1.08308e+03    7.34746e+04
  Disper. corr.   Coulomb (SR)   Coul. recip.      Potential    Kinetic En.
   -4.68916e+03   -5.24975e+05    2.78739e+03   -4.31768e+05    8.60492e+04
   Total Energy  Conserved En.    Temperature Pres. DC (bar) Pressure (bar)
   -3.45719e+05   -4.21652e+05    3.09323e+02   -2.27289e+02   -8.90224e+01
   Constr. rmsd
    1.02086e-03

           Step           Time         Lambda
          31500       63.00000        0.00000

   Energies (kJ/mol)
       G96Angle    Proper Dih.          LJ-14     Coulomb-14        LJ (SR)
    6.24570e+02    3.79126e+02    2.17323e+04   -1.11466e+03    7.45136e+04
  Disper. corr.   Coulomb (SR)   Coul. recip.      Potential    Kinetic En.
   -4.68916e+03   -5.26557e+05    2.89135e+03   -4.32220e+05    8.60257e+04
   Total Energy  Conserved En.    Temperature Pres. DC (bar) Pressure (bar)
   -3.46194e+05   -4.22016e+05    3.09239e+02   -2.27289e+02    3.48366e+02
   Constr. rmsd
    9.65145e-04

           Step           Time         Lambda
          32000       64.00000        0.00000

   Energies (kJ/mol)
       G96Angle    Proper Dih.          LJ-14     Coulomb-14        LJ (SR)
    5.95039e+02    4.06086e+02    2.17244e+04   -1.08182e+03    7.37371e+04
  Disper. corr.   Coulomb (SR)   Coul. recip.      Potential    Kinetic En.
   -4.68916e+03   -5.26219e+05    2.80692e+03   -4.32721e+05    8.71111e+04
   Total Energy  Conserved En.    Temperature Pres. DC (bar) Pressure (bar)
   -3.45610e+05   -4.22373e+05    3.13141e+02   -2.27289e+02    3.02306e+02
   Constr. rmsd
    9.53580e-04

           Step           Time         Lambda
          32500       65.00000        0.00000

   Energies (kJ/mol)
       G96Angle    Proper Dih.          LJ-14     Coulomb-14        LJ (SR)
    5.77896e+02    4.30219e+02    2.17418e+04   -1.06826e+03    7.51496e+04
  Disper. corr.   Coulomb (SR)   Coul. recip.      Potential    Kinetic En.
   -4.68916e+03   -5.28163e+05    2.87485e+03   -4.33146e+05    8.62929e+04
   Total Energy  Conserved En.    Temperature Pres. DC (bar) Pressure (bar)
   -3.46854e+05   -4.22715e+05    3.10199e+02   -2.27289e+02    8.20829e+02
   Constr. rmsd
    8.86481e-04

           Step           Time         Lambda
          33000       66.00000        0.00000

   Energies (kJ/mol)
       G96Angle    Proper Dih.          LJ-14     Coulomb-14        LJ (SR)
    5.46954e+02    4.14996e+02    2.17512e+04   -1.08632e+03    7.54772e+04
  Disper. corr.   Coulomb (SR)   Coul. recip.      Potential    Kinetic En.
   -4.68916e+03   -5.29051e+05    2.93332e+03   -4.33703e+05    8.66158e+04
   Total Energy  Conserved En.    Temperature Pres. DC (bar) Pressure (bar)
   -3.47087e+05   -4.23067e+05    3.11360e+02   -2.27289e+02    7.48226e+02
   Constr. rmsd
    9.12338e-04

           Step           Time         Lambda
          33500       67.00000        0.00000

   Energies (kJ/mol)
       G96Angle    Proper Dih.          LJ-14     Coulomb-14        LJ (SR)
    6.12959e+02    3.89060e+02    2.17463e+04   -1.07964e+03    7.46375e+04
  Disper. corr.   Coulomb (SR)   Coul. recip.      Potential    Kinetic En.
   -4.68916e+03   -5.29083e+05    2.84821e+03   -4.34618e+05    8.60769e+04
   Total Energy  Conserved En.    Temperature Pres. DC (bar) Pressure (bar)
   -3.48541e+05   -4.23370e+05    3.09423e+02   -2.27289e+02    8.62917e+02
   Constr. rmsd
    8.47307e-04

           Step           Time         Lambda
          34000       68.00000        0.00000

   Energies (kJ/mol)
       G96Angle    Proper Dih.          LJ-14     Coulomb-14        LJ (SR)
    5.82678e+02    4.11581e+02    2.16897e+04   -1.10680e+03    7.40516e+04
  Disper. corr.   Coulomb (SR)   Coul. recip.      Potential    Kinetic En.
   -4.68916e+03   -5.26406e+05    2.88622e+03   -4.32580e+05    8.60203e+04
   Total Energy  Conserved En.    Temperature Pres. DC (bar) Pressure (bar)
   -3.46560e+05   -4.23735e+05    3.09220e+02   -2.27289e+02    5.87752e+01
   Constr. rmsd
    1.00227e-03

           Step           Time         Lambda
          34500       69.00000        0.00000

   Energies (kJ/mol)
       G96Angle    Proper Dih.          LJ-14     Coulomb-14        LJ (SR)
    5.98664e+02    4.09689e+02    2.17150e+04   -1.09877e+03    7.29668e+04
  Disper. corr.   Coulomb (SR)   Coul. recip.      Potential    Kinetic En.
   -4.68916e+03   -5.24875e+05    2.90494e+03   -4.32068e+05    8.59390e+04
   Total Energy  Conserved En.    Temperature Pres. DC (bar) Pressure (bar)
   -3.46129e+05   -4.24118e+05    3.08927e+02   -2.27289e+02   -2.46559e+02
   Constr. rmsd
    1.03285e-03

           Step           Time         Lambda
          35000       70.00000        0.00000

   Energies (kJ/mol)
       G96Angle    Proper Dih.          LJ-14     Coulomb-14        LJ (SR)
    5.75715e+02    4.10287e+02    2.17797e+04   -1.10132e+03    7.45636e+04
  Disper. corr.   Coulomb (SR)   Coul. recip.      Potential    Kinetic En.
   -4.68916e+03   -5.26991e+05    2.88320e+03   -4.32569e+05    8.59528e+04
   Total Energy  Conserved En.    Temperature Pres. DC (bar) Pressure (bar)
   -3.46616e+05   -4.24433e+05    3.08977e+02   -2.27289e+02    7.01965e+02
   Constr. rmsd
    9.04807e-04

           Step           Time         Lambda
          35500       71.00000        0.00000

   Energies (kJ/mol)
       G96Angle    Proper Dih.          LJ-14     Coulomb-14        LJ (SR)
    5.94062e+02    4.09466e+02    2.17277e+04   -1.08996e+03    7.41131e+04
  Disper. corr.   Coulomb (SR)   Coul. recip.      Potential    Kinetic En.
   -4.68916e+03   -5.27285e+05    2.86958e+03   -4.33350e+05    8.66148e+04
   Total Energy  Conserved En.    Temperature Pres. DC (bar) Pressure (bar)
   -3.46735e+05   -4.24766e+05    3.11357e+02   -2.27289e+02    6.36371e+01
   Constr. rmsd
    9.92597e-04

           Step           Time         Lambda
          36000       72.00000        0.00000

   Energies (kJ/mol)
       G96Angle    Proper Dih.          LJ-14     Coulomb-14        LJ (SR)
    6.02505e+02    4.02794e+02    2.17084e+04   -1.07947e+03    7.43804e+04
  Disper. corr.   Coulomb (SR)   Coul. recip.      Potential    Kinetic En.
   -4.68916e+03   -5.27696e+05    2.82131e+03   -4.33549e+05    8.65354e+04
   Total Energy  Conserved En.    Temperature Pres. DC (bar) Pressure (bar)
   -3.47014e+05   -4.25111e+05    3.11071e+02   -2.27289e+02    2.59616e+02
   Constr. rmsd
    9.68924e-04

           Step           Time         Lambda
          36500       73.00000        0.00000

   Energies (kJ/mol)
       G96Angle    Proper Dih.          LJ-14     Coulomb-14        LJ (SR)
    5.70571e+02    3.96174e+02    2.17118e+04   -1.09761e+03    7.49683e+04
  Disper. corr.   Coulomb (SR)   Coul. recip.      Potential    Kinetic En.
   -4.68916e+03   -5.28827e+05    2.96672e+03   -4.34000e+05    8.55147e+04
   Total Energy  Conserved En.    Temperature Pres. DC (bar) Pressure (bar)
   -3.48485e+05   -4.25460e+05    3.07402e+02   -2.27289e+02    1.11967e+02
   Constr. rmsd
    1.00114e-03

           Step           Time         Lambda
          37000       74.00000        0.00000

   Energies (kJ/mol)
       G96Angle    Proper Dih.          LJ-14     Coulomb-14        LJ (SR)
    5.93012e+02    3.61682e+02    2.17491e+04   -1.10708e+03    7.58016e+04
  Disper. corr.   Coulomb (SR)   Coul. recip.      Potential    Kinetic En.
   -4.68916e+03   -5.30738e+05    2.87047e+03   -4.35158e+05    8.60272e+04
   Total Energy  Conserved En.    Temperature Pres. DC (bar) Pressure (bar)
   -3.49131e+05   -4.25786e+05    3.09244e+02   -2.27289e+02    6.70466e+02
   Constr. rmsd
    9.07439e-04

           Step           Time         Lambda
          37500       75.00000        0.00000

   Energies (kJ/mol)
       G96Angle    Proper Dih.          LJ-14     Coulomb-14        LJ (SR)
    6.32865e+02    4.12231e+02    2.17048e+04   -1.08219e+03    7.44022e+04
  Disper. corr.   Coulomb (SR)   Coul. recip.      Potential    Kinetic En.
   -4.68916e+03   -5.27495e+05    2.88684e+03   -4.33228e+05    8.59832e+04
   Total Energy  Conserved En.    Temperature Pres. DC (bar) Pressure (bar)
   -3.47244e+05   -4.26171e+05    3.09086e+02   -2.27289e+02    3.68504e+02
   Constr. rmsd
    9.52837e-04

           Step           Time         Lambda
          38000       76.00000        0.00000

   Energies (kJ/mol)
       G96Angle    Proper Dih.          LJ-14     Coulomb-14        LJ (SR)
    6.16588e+02    4.05589e+02    2.17557e+04   -1.10204e+03    7.50849e+04
  Disper. corr.   Coulomb (SR)   Coul. recip.      Potential    Kinetic En.
   -4.68916e+03   -5.28432e+05    2.86347e+03   -4.33497e+05    8.61412e+04
   Total Energy  Conserved En.    Temperature Pres. DC (bar) Pressure (bar)
   -3.47356e+05   -4.26504e+05    3.09654e+02   -2.27289e+02    7.31051e+02
   Constr. rmsd
    9.10804e-04

           Step           Time         Lambda
          38500       77.00000        0.00000

   Energies (kJ/mol)
       G96Angle    Proper Dih.          LJ-14     Coulomb-14        LJ (SR)
    6.27380e+02    4.15919e+02    2.17816e+04   -1.07586e+03    7.40152e+04
  Disper. corr.   Coulomb (SR)   Coul. recip.      Potential    Kinetic En.
   -4.68916e+03   -5.27866e+05    2.87859e+03   -4.33913e+05    8.76382e+04
   Total Energy  Conserved En.    Temperature Pres. DC (bar) Pressure (bar)
   -3.46274e+05   -4.26866e+05    3.15035e+02   -2.27289e+02    7.23024e+02
   Constr. rmsd
    8.80086e-04

           Step           Time         Lambda
          39000       78.00000        0.00000

   Energies (kJ/mol)
       G96Angle    Proper Dih.          LJ-14     Coulomb-14        LJ (SR)
    5.70371e+02    4.08105e+02    2.16856e+04   -1.09079e+03    7.36436e+04
  Disper. corr.   Coulomb (SR)   Coul. recip.      Potential    Kinetic En.
   -4.68916e+03   -5.25636e+05    2.88161e+03   -4.32227e+05    8.62169e+04
   Total Energy  Conserved En.    Temperature Pres. DC (bar) Pressure (bar)
   -3.46010e+05   -4.27257e+05    3.09926e+02   -2.27289e+02    2.10650e+02
   Constr. rmsd
    9.67951e-04

           Step           Time         Lambda
          39500       79.00000        0.00000

   Energies (kJ/mol)
       G96Angle    Proper Dih.          LJ-14     Coulomb-14        LJ (SR)
    5.54780e+02    3.95414e+02    2.16937e+04   -1.08437e+03    7.43489e+04
  Disper. corr.   Coulomb (SR)   Coul. recip.      Potential    Kinetic En.
   -4.68916e+03   -5.28202e+05    2.91506e+03   -4.34067e+05    8.59738e+04
   Total Energy  Conserved En.    Temperature Pres. DC (bar) Pressure (bar)
   -3.48094e+05   -4.27604e+05    3.09052e+02   -2.27289e+02    2.96493e+02
   Constr. rmsd
    9.53464e-04

           Step           Time         Lambda
          40000       80.00000        0.00000

   Energies (kJ/mol)
       G96Angle    Proper Dih.          LJ-14     Coulomb-14        LJ (SR)
    5.43243e+02    4.15585e+02    2.17274e+04   -1.08565e+03    7.41550e+04
  Disper. corr.   Coulomb (SR)   Coul. recip.      Potential    Kinetic En.
   -4.68916e+03   -5.26935e+05    2.82108e+03   -4.33048e+05    8.53191e+04
   Total Energy  Conserved En.    Temperature Pres. DC (bar) Pressure (bar)
   -3.47729e+05   -4.27917e+05    3.06699e+02   -2.27289e+02    4.98891e+02
   Constr. rmsd
    9.24054e-04

           Step           Time         Lambda
          40500       81.00000        0.00000

   Energies (kJ/mol)
       G96Angle    Proper Dih.          LJ-14     Coulomb-14        LJ (SR)
    5.37673e+02    4.21772e+02    2.17013e+04   -1.08776e+03    7.44052e+04
  Disper. corr.   Coulomb (SR)   Coul. recip.      Potential    Kinetic En.
   -4.68916e+03   -5.28252e+05    2.79970e+03   -4.34164e+05    8.59795e+04
   Total Energy  Conserved En.    Temperature Pres. DC (bar) Pressure (bar)
   -3.48184e+05   -4.28269e+05    3.09073e+02   -2.27289e+02    2.40080e+02
   Constr. rmsd
    9.65211e-04

           Step           Time         Lambda
          41000       82.00000        0.00000

   Energies (kJ/mol)
       G96Angle    Proper Dih.          LJ-14     Coulomb-14        LJ (SR)
    5.42795e+02    4.19966e+02    2.16773e+04   -1.08183e+03    7.38985e+04
  Disper. corr.   Coulomb (SR)   Coul. recip.      Potential    Kinetic En.
   -4.68916e+03   -5.26722e+05    2.85167e+03   -4.33103e+05    8.64591e+04
   Total Energy  Conserved En.    Temperature Pres. DC (bar) Pressure (bar)
   -3.46644e+05   -4.28634e+05    3.10797e+02   -2.27289e+02    1.40925e+01
   Constr. rmsd
    1.00161e-03

           Step           Time         Lambda
          41500       83.00000        0.00000

   Energies (kJ/mol)
       G96Angle    Proper Dih.          LJ-14     Coulomb-14        LJ (SR)
    6.45679e+02    4.28230e+02    2.17991e+04   -1.09082e+03    7.42865e+04
  Disper. corr.   Coulomb (SR)   Coul. recip.      Potential    Kinetic En.
   -4.68916e+03   -5.26848e+05    2.97030e+03   -4.32499e+05    8.70937e+04
   Total Energy  Conserved En.    Temperature Pres. DC (bar) Pressure (bar)
   -3.45405e+05   -4.28968e+05    3.13078e+02   -2.27289e+02    4.04402e+02
   Constr. rmsd
    9.51332e-04

           Step           Time         Lambda
          42000       84.00000        0.00000

   Energies (kJ/mol)
       G96Angle    Proper Dih.          LJ-14     Coulomb-14        LJ (SR)
    5.84557e+02    4.07596e+02    2.16969e+04   -1.09288e+03    7.40338e+04
  Disper. corr.   Coulomb (SR)   Coul. recip.      Potential    Kinetic En.
   -4.68916e+03   -5.27241e+05    2.93130e+03   -4.33369e+05    8.66865e+04
   Total Energy  Conserved En.    Temperature Pres. DC (bar) Pressure (bar)
   -3.46682e+05   -4.29325e+05    3.11614e+02   -2.27289e+02    1.53134e+02
   Constr. rmsd
    9.72352e-04

           Step           Time         Lambda
          42500       85.00000        0.00000

   Energies (kJ/mol)
       G96Angle    Proper Dih.          LJ-14     Coulomb-14        LJ (SR)
    6.79151e+02    4.25918e+02    2.17933e+04   -1.06981e+03    7.44589e+04
  Disper. corr.   Coulomb (SR)   Coul. recip.      Potential    Kinetic En.
   -4.68916e+03   -5.26198e+05    2.85417e+03   -4.31746e+05    8.60974e+04
   Total Energy  Conserved En.    Temperature Pres. DC (bar) Pressure (bar)
   -3.45648e+05   -4.29662e+05    3.09497e+02   -2.27289e+02    3.75903e+02
   Constr. rmsd
    9.72100e-04

           Step           Time         Lambda
          43000       86.00000        0.00000

   Energies (kJ/mol)
       G96Angle    Proper Dih.          LJ-14     Coulomb-14        LJ (SR)
    6.11797e+02    4.08306e+02    2.17786e+04   -1.10192e+03    7.38850e+04
  Disper. corr.   Coulomb (SR)   Coul. recip.      Potential    Kinetic En.
   -4.68916e+03   -5.25912e+05    2.90300e+03   -4.32117e+05    8.72376e+04
   Total Energy  Conserved En.    Temperature Pres. DC (bar) Pressure (bar)
   -3.44879e+05   -4.29999e+05    3.13595e+02   -2.27289e+02    2.58469e+02
   Constr. rmsd
    9.76104e-04

Writing checkpoint, step 43120 at Wed Apr  4 13:48:54 2018


           Step           Time         Lambda
          43500       87.00000        0.00000

   Energies (kJ/mol)
       G96Angle    Proper Dih.          LJ-14     Coulomb-14        LJ (SR)
    6.03938e+02    3.97640e+02    2.17205e+04   -1.11350e+03    7.42781e+04
  Disper. corr.   Coulomb (SR)   Coul. recip.      Potential    Kinetic En.
   -4.68916e+03   -5.26359e+05    2.91412e+03   -4.32247e+05    8.61518e+04
   Total Energy  Conserved En.    Temperature Pres. DC (bar) Pressure (bar)
   -3.46096e+05   -4.30351e+05    3.09692e+02   -2.27289e+02    1.10832e+02
   Constr. rmsd
    1.01126e-03

           Step           Time         Lambda
          44000       88.00000        0.00000

   Energies (kJ/mol)
       G96Angle    Proper Dih.          LJ-14     Coulomb-14        LJ (SR)
    5.70166e+02    3.57155e+02    2.17007e+04   -1.09265e+03    7.37788e+04
  Disper. corr.   Coulomb (SR)   Coul. recip.      Potential    Kinetic En.
   -4.68916e+03   -5.26599e+05    2.85295e+03   -4.33121e+05    8.55928e+04
   Total Energy  Conserved En.    Temperature Pres. DC (bar) Pressure (bar)
   -3.47528e+05   -4.30681e+05    3.07683e+02   -2.27289e+02    1.32801e+02
   Constr. rmsd
    9.84208e-04

           Step           Time         Lambda
          44500       89.00000        0.00000

   Energies (kJ/mol)
       G96Angle    Proper Dih.          LJ-14     Coulomb-14        LJ (SR)
    6.06428e+02    4.31549e+02    2.17078e+04   -1.11331e+03    7.40032e+04
  Disper. corr.   Coulomb (SR)   Coul. recip.      Potential    Kinetic En.
   -4.68916e+03   -5.27003e+05    2.91012e+03   -4.33146e+05    8.60158e+04
   Total Energy  Conserved En.    Temperature Pres. DC (bar) Pressure (bar)
   -3.47130e+05   -4.31059e+05    3.09203e+02   -2.27289e+02    1.45843e+02
   Constr. rmsd
    9.85414e-04

           Step           Time         Lambda
          45000       90.00000        0.00000

   Energies (kJ/mol)
       G96Angle    Proper Dih.          LJ-14     Coulomb-14        LJ (SR)
    5.88479e+02    4.29177e+02    2.17156e+04   -1.07324e+03    7.39703e+04
  Disper. corr.   Coulomb (SR)   Coul. recip.      Potential    Kinetic En.
   -4.68916e+03   -5.26374e+05    2.82933e+03   -4.32604e+05    8.59188e+04
   Total Energy  Conserved En.    Temperature Pres. DC (bar) Pressure (bar)
   -3.46685e+05   -4.31460e+05    3.08855e+02   -2.27289e+02   -1.62266e+02
   Constr. rmsd
    1.04192e-03

           Step           Time         Lambda
          45500       91.00000        0.00000

   Energies (kJ/mol)
       G96Angle    Proper Dih.          LJ-14     Coulomb-14        LJ (SR)
    6.04316e+02    4.12399e+02    2.17682e+04   -1.10477e+03    7.53158e+04
  Disper. corr.   Coulomb (SR)   Coul. recip.      Potential    Kinetic En.
   -4.68916e+03   -5.27567e+05    2.86394e+03   -4.32396e+05    8.63021e+04
   Total Energy  Conserved En.    Temperature Pres. DC (bar) Pressure (bar)
   -3.46094e+05   -4.31776e+05    3.10232e+02   -2.27289e+02    5.57239e+02
   Constr. rmsd
    9.57858e-04

           Step           Time         Lambda
          46000       92.00000        0.00000

   Energies (kJ/mol)
       G96Angle    Proper Dih.          LJ-14     Coulomb-14        LJ (SR)
    6.05877e+02    3.82385e+02    2.16832e+04   -1.09768e+03    7.50704e+04
  Disper. corr.   Coulomb (SR)   Coul. recip.      Potential    Kinetic En.
   -4.68916e+03   -5.28417e+05    2.89405e+03   -4.33568e+05    8.60649e+04
   Total Energy  Conserved En.    Temperature Pres. DC (bar) Pressure (bar)
   -3.47503e+05   -4.32137e+05    3.09380e+02   -2.27289e+02    2.20957e+02
   Constr. rmsd
    9.95263e-04

           Step           Time         Lambda
          46500       93.00000        0.00000

   Energies (kJ/mol)
       G96Angle    Proper Dih.          LJ-14     Coulomb-14        LJ (SR)
    6.20764e+02    4.04647e+02    2.17757e+04   -1.11902e+03    7.34952e+04
  Disper. corr.   Coulomb (SR)   Coul. recip.      Potential    Kinetic En.
   -4.68916e+03   -5.25953e+05    3.02337e+03   -4.32441e+05    8.62074e+04
   Total Energy  Conserved En.    Temperature Pres. DC (bar) Pressure (bar)
   -3.46234e+05   -4.32474e+05    3.09892e+02   -2.27289e+02    5.30689e+02
   Constr. rmsd
    9.17504e-04

           Step           Time         Lambda
          47000       94.00000        0.00000

   Energies (kJ/mol)
       G96Angle    Proper Dih.          LJ-14     Coulomb-14        LJ (SR)
    6.10933e+02    4.56026e+02    2.17889e+04   -1.06666e+03    7.40735e+04
  Disper. corr.   Coulomb (SR)   Coul. recip.      Potential    Kinetic En.
   -4.68916e+03   -5.26970e+05    2.89234e+03   -4.32904e+05    8.64691e+04
   Total Energy  Conserved En.    Temperature Pres. DC (bar) Pressure (bar)
   -3.46434e+05   -4.32839e+05    3.10833e+02   -2.27289e+02    4.14741e+02
   Constr. rmsd
    9.52021e-04

           Step           Time         Lambda
          47500       95.00000        0.00000

   Energies (kJ/mol)
       G96Angle    Proper Dih.          LJ-14     Coulomb-14        LJ (SR)
    5.63546e+02    3.96440e+02    2.16892e+04   -1.10004e+03    7.54959e+04
  Disper. corr.   Coulomb (SR)   Coul. recip.      Potential    Kinetic En.
   -4.68916e+03   -5.29800e+05    2.86230e+03   -4.34581e+05    8.61534e+04
   Total Energy  Conserved En.    Temperature Pres. DC (bar) Pressure (bar)
   -3.48428e+05   -4.33204e+05    3.09698e+02   -2.27289e+02    5.14728e+02
   Constr. rmsd
    9.40412e-04

           Step           Time         Lambda
          48000       96.00000        0.00000

   Energies (kJ/mol)
       G96Angle    Proper Dih.          LJ-14     Coulomb-14        LJ (SR)
    5.53221e+02    4.17699e+02    2.17432e+04   -1.07521e+03    7.58854e+04
  Disper. corr.   Coulomb (SR)   Coul. recip.      Potential    Kinetic En.
   -4.68916e+03   -5.29713e+05    2.98075e+03   -4.33897e+05    8.65677e+04
   Total Energy  Conserved En.    Temperature Pres. DC (bar) Pressure (bar)
   -3.47329e+05   -4.33565e+05    3.11187e+02   -2.27289e+02    4.06007e+02
   Constr. rmsd
    9.88633e-04

           Step           Time         Lambda
          48500       97.00000        0.00000

   Energies (kJ/mol)
       G96Angle    Proper Dih.          LJ-14     Coulomb-14        LJ (SR)
    6.30432e+02    4.04175e+02    2.17919e+04   -1.09378e+03    7.30989e+04
  Disper. corr.   Coulomb (SR)   Coul. recip.      Potential    Kinetic En.
   -4.68916e+03   -5.25348e+05    2.90477e+03   -4.32301e+05    8.69207e+04
   Total Energy  Conserved En.    Temperature Pres. DC (bar) Pressure (bar)
   -3.45381e+05   -4.33877e+05    3.12456e+02   -2.27289e+02    4.25968e+02
   Constr. rmsd
    9.18945e-04

           Step           Time         Lambda
          49000       98.00000        0.00000

   Energies (kJ/mol)
       G96Angle    Proper Dih.          LJ-14     Coulomb-14        LJ (SR)
    5.88337e+02    4.16253e+02    2.17599e+04   -1.09486e+03    7.52820e+04
  Disper. corr.   Coulomb (SR)   Coul. recip.      Potential    Kinetic En.
   -4.68916e+03   -5.28368e+05    2.77075e+03   -4.33335e+05    8.58879e+04
   Total Energy  Conserved En.    Temperature Pres. DC (bar) Pressure (bar)
   -3.47447e+05   -4.34205e+05    3.08744e+02   -2.27289e+02    8.60199e+02
   Constr. rmsd
    8.83451e-04

           Step           Time         Lambda
          49500       99.00000        0.00000

   Energies (kJ/mol)
       G96Angle    Proper Dih.          LJ-14     Coulomb-14        LJ (SR)
    6.22792e+02    3.89669e+02    2.16419e+04   -1.13555e+03    7.57802e+04
  Disper. corr.   Coulomb (SR)   Coul. recip.      Potential    Kinetic En.
   -4.68916e+03   -5.29113e+05    2.91660e+03   -4.33587e+05    8.59921e+04
   Total Energy  Conserved En.    Temperature Pres. DC (bar) Pressure (bar)
   -3.47595e+05   -4.34577e+05    3.09118e+02   -2.27289e+02    1.37380e+02
   Constr. rmsd
    1.02630e-03

           Step           Time         Lambda
          50000      100.00000        0.00000

   Energies (kJ/mol)
       G96Angle    Proper Dih.          LJ-14     Coulomb-14        LJ (SR)
    5.83730e+02    4.11774e+02    2.17176e+04   -1.11239e+03    7.30969e+04
  Disper. corr.   Coulomb (SR)   Coul. recip.      Potential    Kinetic En.
   -4.68916e+03   -5.26396e+05    2.86550e+03   -4.33522e+05    8.63538e+04
   Total Energy  Conserved En.    Temperature Pres. DC (bar) Pressure (bar)
   -3.47168e+05   -4.34925e+05    3.10418e+02   -2.27289e+02   -5.84436e+01
   Constr. rmsd
    9.94771e-04

           Step           Time         Lambda
          50500      101.00000        0.00000

   Energies (kJ/mol)
       G96Angle    Proper Dih.          LJ-14     Coulomb-14        LJ (SR)
    6.11373e+02    4.11330e+02    2.17506e+04   -1.11892e+03    7.31291e+04
  Disper. corr.   Coulomb (SR)   Coul. recip.      Potential    Kinetic En.
   -4.68916e+03   -5.25854e+05    2.87371e+03   -4.32886e+05    8.58992e+04
   Total Energy  Conserved En.    Temperature Pres. DC (bar) Pressure (bar)
   -3.46987e+05   -4.35250e+05    3.08784e+02   -2.27289e+02    6.41068e+00
   Constr. rmsd
    9.89296e-04

           Step           Time         Lambda
          51000      102.00000        0.00000

   Energies (kJ/mol)
       G96Angle    Proper Dih.          LJ-14     Coulomb-14        LJ (SR)
    5.81894e+02    3.98511e+02    2.16407e+04   -1.09484e+03    7.36000e+04
  Disper. corr.   Coulomb (SR)   Coul. recip.      Potential    Kinetic En.
   -4.68916e+03   -5.26384e+05    2.89059e+03   -4.33056e+05    8.63724e+04
   Total Energy  Conserved En.    Temperature Pres. DC (bar) Pressure (bar)
   -3.46684e+05   -4.35635e+05    3.10485e+02   -2.27289e+02   -5.55416e+02
   Constr. rmsd
    1.09405e-03

           Step           Time         Lambda
          51500      103.00000        0.00000

   Energies (kJ/mol)
       G96Angle    Proper Dih.          LJ-14     Coulomb-14        LJ (SR)
    5.89605e+02    3.89058e+02    2.17984e+04   -1.14153e+03    7.40229e+04
  Disper. corr.   Coulomb (SR)   Coul. recip.      Potential    Kinetic En.
   -4.68916e+03   -5.26835e+05    2.84409e+03   -4.33021e+05    8.60190e+04
   Total Energy  Conserved En.    Temperature Pres. DC (bar) Pressure (bar)
   -3.47002e+05   -4.35910e+05    3.09215e+02   -2.27289e+02    8.20745e+02
   Constr. rmsd
    8.74834e-04

           Step           Time         Lambda
          52000      104.00000        0.00000

   Energies (kJ/mol)
       G96Angle    Proper Dih.          LJ-14     Coulomb-14        LJ (SR)
    5.92167e+02    4.29066e+02    2.17934e+04   -1.10108e+03    7.45622e+04
  Disper. corr.   Coulomb (SR)   Coul. recip.      Potential    Kinetic En.
   -4.68916e+03   -5.28023e+05    2.93051e+03   -4.33506e+05    8.66905e+04
   Total Energy  Conserved En.    Temperature Pres. DC (bar) Pressure (bar)
   -3.46815e+05   -4.36232e+05    3.11629e+02   -2.27289e+02    6.42759e+02
   Constr. rmsd
    9.10871e-04

           Step           Time         Lambda
          52500      105.00000        0.00000

   Energies (kJ/mol)
       G96Angle    Proper Dih.          LJ-14     Coulomb-14        LJ (SR)
    6.71935e+02    4.45910e+02    2.18299e+04   -1.08926e+03    7.35360e+04
  Disper. corr.   Coulomb (SR)   Coul. recip.      Potential    Kinetic En.
   -4.68916e+03   -5.25055e+05    3.04381e+03   -4.31306e+05    8.64014e+04
   Total Energy  Conserved En.    Temperature Pres. DC (bar) Pressure (bar)
   -3.44905e+05   -4.36599e+05    3.10589e+02   -2.27289e+02    3.52239e+02
   Constr. rmsd
    9.52415e-04

           Step           Time         Lambda
          53000      106.00000        0.00000

   Energies (kJ/mol)
       G96Angle    Proper Dih.          LJ-14     Coulomb-14        LJ (SR)
    6.10415e+02    3.94206e+02    2.17578e+04   -1.07608e+03    7.41894e+04
  Disper. corr.   Coulomb (SR)   Coul. recip.      Potential    Kinetic En.
   -4.68916e+03   -5.26526e+05    2.84805e+03   -4.32491e+05    8.64006e+04
   Total Energy  Conserved En.    Temperature Pres. DC (bar) Pressure (bar)
   -3.46091e+05   -4.36947e+05    3.10587e+02   -2.27289e+02    2.32602e+02
   Constr. rmsd
    9.74215e-04

           Step           Time         Lambda
          53500      107.00000        0.00000

   Energies (kJ/mol)
       G96Angle    Proper Dih.          LJ-14     Coulomb-14        LJ (SR)
    6.10946e+02    4.20773e+02    2.17389e+04   -1.11016e+03    7.48764e+04
  Disper. corr.   Coulomb (SR)   Coul. recip.      Potential    Kinetic En.
   -4.68916e+03   -5.28281e+05    2.99534e+03   -4.33438e+05    8.63583e+04
   Total Energy  Conserved En.    Temperature Pres. DC (bar) Pressure (bar)
   -3.47080e+05   -4.37283e+05    3.10434e+02   -2.27289e+02    4.96794e+02
   Constr. rmsd
    9.44314e-04

           Step           Time         Lambda
          54000      108.00000        0.00000

   Energies (kJ/mol)
       G96Angle    Proper Dih.          LJ-14     Coulomb-14        LJ (SR)
    5.90295e+02    4.00879e+02    2.17905e+04   -1.10366e+03    7.59127e+04
  Disper. corr.   Coulomb (SR)   Coul. recip.      Potential    Kinetic En.
   -4.68916e+03   -5.29564e+05    2.82486e+03   -4.33837e+05    8.64437e+04
   Total Energy  Conserved En.    Temperature Pres. DC (bar) Pressure (bar)
   -3.47394e+05   -4.37607e+05    3.10741e+02   -2.27289e+02    9.20490e+02
   Constr. rmsd
    8.87966e-04

           Step           Time         Lambda
          54500      109.00000        0.00000

   Energies (kJ/mol)
       G96Angle    Proper Dih.          LJ-14     Coulomb-14        LJ (SR)
    6.01834e+02    3.74323e+02    2.16942e+04   -1.08422e+03    7.35790e+04
  Disper. corr.   Coulomb (SR)   Coul. recip.      Potential    Kinetic En.
   -4.68916e+03   -5.27116e+05    2.87958e+03   -4.33761e+05    8.63603e+04
   Total Energy  Conserved En.    Temperature Pres. DC (bar) Pressure (bar)
   -3.47401e+05   -4.37959e+05    3.10442e+02   -2.27289e+02   -1.78127e+02
   Constr. rmsd
    1.01616e-03

           Step           Time         Lambda
          55000      110.00000        0.00000

   Energies (kJ/mol)
       G96Angle    Proper Dih.          LJ-14     Coulomb-14        LJ (SR)
    5.89989e+02    4.08761e+02    2.17877e+04   -1.09203e+03    7.33282e+04
  Disper. corr.   Coulomb (SR)   Coul. recip.      Potential    Kinetic En.
   -4.68916e+03   -5.26065e+05    2.83381e+03   -4.32898e+05    8.67731e+04
   Total Energy  Conserved En.    Temperature Pres. DC (bar) Pressure (bar)
   -3.46125e+05   -4.38266e+05    3.11926e+02   -2.27289e+02    4.35911e+02
   Constr. rmsd
    9.17037e-04

           Step           Time         Lambda
          55500      111.00000        0.00000

   Energies (kJ/mol)
       G96Angle    Proper Dih.          LJ-14     Coulomb-14        LJ (SR)
    6.17482e+02    4.19057e+02    2.17034e+04   -1.10367e+03    7.34312e+04
  Disper. corr.   Coulomb (SR)   Coul. recip.      Potential    Kinetic En.
   -4.68916e+03   -5.25461e+05    2.88563e+03   -4.32198e+05    8.58665e+04
   Total Energy  Conserved En.    Temperature Pres. DC (bar) Pressure (bar)
   -3.46331e+05   -4.38655e+05    3.08667e+02   -2.27289e+02    1.04108e+02
   Constr. rmsd
    9.72924e-04

           Step           Time         Lambda
          56000      112.00000        0.00000

   Energies (kJ/mol)
       G96Angle    Proper Dih.          LJ-14     Coulomb-14        LJ (SR)
    5.48041e+02    4.03953e+02    2.16962e+04   -1.06415e+03    7.44389e+04
  Disper. corr.   Coulomb (SR)   Coul. recip.      Potential    Kinetic En.
   -4.68916e+03   -5.26533e+05    2.87779e+03   -4.32322e+05    8.51862e+04
   Total Energy  Conserved En.    Temperature Pres. DC (bar) Pressure (bar)
   -3.47136e+05   -4.38974e+05    3.06221e+02   -2.27289e+02    5.05938e+02
   Constr. rmsd
    9.37439e-04

           Step           Time         Lambda
          56500      113.00000        0.00000

   Energies (kJ/mol)
       G96Angle    Proper Dih.          LJ-14     Coulomb-14        LJ (SR)
    6.07639e+02    4.11860e+02    2.17752e+04   -1.07596e+03    7.36064e+04
  Disper. corr.   Coulomb (SR)   Coul. recip.      Potential    Kinetic En.
   -4.68916e+03   -5.26444e+05    2.89921e+03   -4.32909e+05    8.59474e+04
   Total Energy  Conserved En.    Temperature Pres. DC (bar) Pressure (bar)
   -3.46962e+05   -4.39310e+05    3.08957e+02   -2.27289e+02    4.86330e+02
   Constr. rmsd
    9.08704e-04

           Step           Time         Lambda
          57000      114.00000        0.00000

   Energies (kJ/mol)
       G96Angle    Proper Dih.          LJ-14     Coulomb-14        LJ (SR)
    5.76423e+02    3.68885e+02    2.17294e+04   -1.09208e+03    7.33291e+04
  Disper. corr.   Coulomb (SR)   Coul. recip.      Potential    Kinetic En.
   -4.68916e+03   -5.26836e+05    2.81263e+03   -4.33801e+05    8.62706e+04
   Total Energy  Conserved En.    Temperature Pres. DC (bar) Pressure (bar)
   -3.47530e+05   -4.39691e+05    3.10119e+02   -2.27289e+02    2.46603e+02
   Constr. rmsd
    9.35201e-04

           Step           Time         Lambda
          57500      115.00000        0.00000

   Energies (kJ/mol)
       G96Angle    Proper Dih.          LJ-14     Coulomb-14        LJ (SR)
    6.04142e+02    4.41475e+02    2.17682e+04   -1.09033e+03    7.48790e+04
  Disper. corr.   Coulomb (SR)   Coul. recip.      Potential    Kinetic En.
   -4.68916e+03   -5.27167e+05    2.89173e+03   -4.32362e+05    8.62851e+04
   Total Energy  Conserved En.    Temperature Pres. DC (bar) Pressure (bar)
   -3.46077e+05   -4.40030e+05    3.10171e+02   -2.27289e+02    8.84073e+02
   Constr. rmsd
    9.00386e-04

           Step           Time         Lambda
          58000      116.00000        0.00000

   Energies (kJ/mol)
       G96Angle    Proper Dih.          LJ-14     Coulomb-14        LJ (SR)
    5.64943e+02    3.93231e+02    2.16844e+04   -1.09818e+03    7.41726e+04
  Disper. corr.   Coulomb (SR)   Coul. recip.      Potential    Kinetic En.
   -4.68916e+03   -5.28477e+05    2.87208e+03   -4.34577e+05    8.61034e+04
   Total Energy  Conserved En.    Temperature Pres. DC (bar) Pressure (bar)
   -3.48474e+05   -4.40391e+05    3.09518e+02   -2.27289e+02    2.40194e+02
   Constr. rmsd
    9.48906e-04

           Step           Time         Lambda
          58500      117.00000        0.00000

   Energies (kJ/mol)
       G96Angle    Proper Dih.          LJ-14     Coulomb-14        LJ (SR)
    5.75397e+02    3.98528e+02    2.16342e+04   -1.10942e+03    7.46310e+04
  Disper. corr.   Coulomb (SR)   Coul. recip.      Potential    Kinetic En.
   -4.68916e+03   -5.28204e+05    2.94683e+03   -4.33817e+05    8.55191e+04
   Total Energy  Conserved En.    Temperature Pres. DC (bar) Pressure (bar)
   -3.48298e+05   -4.40794e+05    3.07418e+02   -2.27289e+02   -1.52163e+02
   Constr. rmsd
    1.05094e-03

           Step           Time         Lambda
          59000      118.00000        0.00000

   Energies (kJ/mol)
       G96Angle    Proper Dih.          LJ-14     Coulomb-14        LJ (SR)
    6.01486e+02    4.31042e+02    2.16994e+04   -1.12799e+03    7.36183e+04
  Disper. corr.   Coulomb (SR)   Coul. recip.      Potential    Kinetic En.
   -4.68916e+03   -5.25946e+05    2.89822e+03   -4.32515e+05    8.57084e+04
   Total Energy  Conserved En.    Temperature Pres. DC (bar) Pressure (bar)
   -3.46806e+05   -4.41105e+05    3.08098e+02   -2.27289e+02    7.01217e+01
   Constr. rmsd
    9.91094e-04

           Step           Time         Lambda
          59500      119.00000        0.00000

   Energies (kJ/mol)
       G96Angle    Proper Dih.          LJ-14     Coulomb-14        LJ (SR)
    6.13557e+02    3.79901e+02    2.17236e+04   -1.08894e+03    7.51321e+04
  Disper. corr.   Coulomb (SR)   Coul. recip.      Potential    Kinetic En.
   -4.68916e+03   -5.28218e+05    2.89183e+03   -4.33256e+05    8.55300e+04
   Total Energy  Conserved En.    Temperature Pres. DC (bar) Pressure (bar)
   -3.47726e+05   -4.41412e+05    3.07457e+02   -2.27289e+02    2.76846e+01
   Constr. rmsd
    1.02610e-03

           Step           Time         Lambda
          60000      120.00000        0.00000

   Energies (kJ/mol)
       G96Angle    Proper Dih.          LJ-14     Coulomb-14        LJ (SR)
    5.97111e+02    4.59668e+02    2.17678e+04   -1.10314e+03    7.38095e+04
  Disper. corr.   Coulomb (SR)   Coul. recip.      Potential    Kinetic En.
   -4.68916e+03   -5.26206e+05    2.91346e+03   -4.32451e+05    8.64024e+04
   Total Energy  Conserved En.    Temperature Pres. DC (bar) Pressure (bar)
   -3.46049e+05   -4.41726e+05    3.10593e+02   -2.27289e+02    4.34739e+02
   Constr. rmsd
    9.33981e-04

           Step           Time         Lambda
          60500      121.00000        0.00000

   Energies (kJ/mol)
       G96Angle    Proper Dih.          LJ-14     Coulomb-14        LJ (SR)
    5.65168e+02    4.09048e+02    2.17258e+04   -1.08394e+03    7.44622e+04
  Disper. corr.   Coulomb (SR)   Coul. recip.      Potential    Kinetic En.
   -4.68916e+03   -5.28093e+05    2.83486e+03   -4.33869e+05    8.69425e+04
   Total Energy  Conserved En.    Temperature Pres. DC (bar) Pressure (bar)
   -3.46926e+05   -4.42087e+05    3.12535e+02   -2.27289e+02    6.67075e+02
   Constr. rmsd
    8.92940e-04

           Step           Time         Lambda
          61000      122.00000        0.00000

   Energies (kJ/mol)
       G96Angle    Proper Dih.          LJ-14     Coulomb-14        LJ (SR)
    5.74897e+02    3.98499e+02    2.16731e+04   -1.09929e+03    7.40478e+04
  Disper. corr.   Coulomb (SR)   Coul. recip.      Potential    Kinetic En.
   -4.68916e+03   -5.27738e+05    2.80797e+03   -4.34025e+05    8.60641e+04
   Total Energy  Conserved En.    Temperature Pres. DC (bar) Pressure (bar)
   -3.47961e+05   -4.42463e+05    3.09377e+02   -2.27289e+02    2.93865e+02
   Constr. rmsd
    9.40334e-04

           Step           Time         Lambda
          61500      123.00000        0.00000

   Energies (kJ/mol)
       G96Angle    Proper Dih.          LJ-14     Coulomb-14        LJ (SR)
    6.55154e+02    4.19306e+02    2.17830e+04   -1.08839e+03    7.40402e+04
  Disper. corr.   Coulomb (SR)   Coul. recip.      Potential    Kinetic En.
   -4.68916e+03   -5.25660e+05    2.86947e+03   -4.31671e+05    8.61590e+04
   Total Energy  Conserved En.    Temperature Pres. DC (bar) Pressure (bar)
   -3.45512e+05   -4.42789e+05    3.09718e+02   -2.27289e+02    6.65666e+02
   Constr. rmsd
    9.08403e-04

           Step           Time         Lambda
          62000      124.00000        0.00000

   Energies (kJ/mol)
       G96Angle    Proper Dih.          LJ-14     Coulomb-14        LJ (SR)
    5.94414e+02    4.13338e+02    2.17481e+04   -1.07693e+03    7.54850e+04
  Disper. corr.   Coulomb (SR)   Coul. recip.      Potential    Kinetic En.
   -4.68916e+03   -5.28992e+05    2.81835e+03   -4.33699e+05    8.70101e+04
   Total Energy  Conserved En.    Temperature Pres. DC (bar) Pressure (bar)
   -3.46689e+05   -4.43146e+05    3.12778e+02   -2.27289e+02    6.34864e+02
   Constr. rmsd
    9.28421e-04

           Step           Time         Lambda
          62500      125.00000        0.00000

   Energies (kJ/mol)
       G96Angle    Proper Dih.          LJ-14     Coulomb-14        LJ (SR)
    6.31881e+02    4.31355e+02    2.17161e+04   -1.11626e+03    7.46409e+04
  Disper. corr.   Coulomb (SR)   Coul. recip.      Potential    Kinetic En.
   -4.68916e+03   -5.26834e+05    2.86786e+03   -4.32352e+05    8.70130e+04
   Total Energy  Conserved En.    Temperature Pres. DC (bar) Pressure (bar)
   -3.45339e+05   -4.43502e+05    3.12788e+02   -2.27289e+02    2.72028e+01
   Constr. rmsd
    1.02670e-03

           Step           Time         Lambda
          63000      126.00000        0.00000

   Energies (kJ/mol)
       G96Angle    Proper Dih.          LJ-14     Coulomb-14        LJ (SR)
    5.64330e+02    4.11984e+02    2.18174e+04   -1.11010e+03    7.47737e+04
  Disper. corr.   Coulomb (SR)   Coul. recip.      Potential    Kinetic En.
   -4.68916e+03   -5.27241e+05    2.85710e+03   -4.32616e+05    8.60348e+04
   Total Energy  Conserved En.    Temperature Pres. DC (bar) Pressure (bar)
   -3.46581e+05   -4.43802e+05    3.09271e+02   -2.27289e+02    8.69939e+02
   Constr. rmsd
    8.84299e-04

           Step           Time         Lambda
          63500      127.00000        0.00000

   Energies (kJ/mol)
       G96Angle    Proper Dih.          LJ-14     Coulomb-14        LJ (SR)
    5.79610e+02    4.39747e+02    2.17177e+04   -1.05814e+03    7.35596e+04
  Disper. corr.   Coulomb (SR)   Coul. recip.      Potential    Kinetic En.
   -4.68916e+03   -5.25556e+05    2.92228e+03   -4.32084e+05    8.60040e+04
   Total Energy  Conserved En.    Temperature Pres. DC (bar) Pressure (bar)
   -3.46080e+05   -4.44170e+05    3.09161e+02   -2.27289e+02    4.31804e+02
   Constr. rmsd
    9.24570e-04

           Step           Time         Lambda
          64000      128.00000        0.00000

   Energies (kJ/mol)
       G96Angle    Proper Dih.          LJ-14     Coulomb-14        LJ (SR)
    5.71081e+02    3.75917e+02    2.17829e+04   -1.10639e+03    7.42634e+04
  Disper. corr.   Coulomb (SR)   Coul. recip.      Potential    Kinetic En.
   -4.68916e+03   -5.27215e+05    2.81101e+03   -4.33206e+05    8.57332e+04
   Total Energy  Conserved En.    Temperature Pres. DC (bar) Pressure (bar)
   -3.47473e+05   -4.44490e+05    3.08187e+02   -2.27289e+02    8.60138e+02
   Constr. rmsd
    8.60175e-04

           Step           Time         Lambda
          64500      129.00000        0.00000

   Energies (kJ/mol)
       G96Angle    Proper Dih.          LJ-14     Coulomb-14        LJ (SR)
    6.32614e+02    3.88863e+02    2.17436e+04   -1.07716e+03    7.45880e+04
  Disper. corr.   Coulomb (SR)   Coul. recip.      Potential    Kinetic En.
   -4.68916e+03   -5.27656e+05    2.88571e+03   -4.33184e+05    8.58304e+04
   Total Energy  Conserved En.    Temperature Pres. DC (bar) Pressure (bar)
   -3.47354e+05   -4.44871e+05    3.08537e+02   -2.27289e+02    3.89271e+02
   Constr. rmsd
    9.43840e-04

           Step           Time         Lambda
          65000      130.00000        0.00000

   Energies (kJ/mol)
       G96Angle    Proper Dih.          LJ-14     Coulomb-14        LJ (SR)
    6.16550e+02    4.14964e+02    2.17418e+04   -1.08850e+03    7.43889e+04
  Disper. corr.   Coulomb (SR)   Coul. recip.      Potential    Kinetic En.
   -4.68916e+03   -5.28330e+05    2.85466e+03   -4.34091e+05    8.55242e+04
   Total Energy  Conserved En.    Temperature Pres. DC (bar) Pressure (bar)
   -3.48567e+05   -4.45211e+05    3.07436e+02   -2.27289e+02    2.41444e+02
   Constr. rmsd
    9.59895e-04

           Step           Time         Lambda
          65500      131.00000        0.00000

   Energies (kJ/mol)
       G96Angle    Proper Dih.          LJ-14     Coulomb-14        LJ (SR)
    6.02921e+02    3.91126e+02    2.17857e+04   -1.10089e+03    7.41503e+04
  Disper. corr.   Coulomb (SR)   Coul. recip.      Potential    Kinetic En.
   -4.68916e+03   -5.26622e+05    2.88459e+03   -4.32598e+05    8.61000e+04
   Total Energy  Conserved En.    Temperature Pres. DC (bar) Pressure (bar)
   -3.46498e+05   -4.45559e+05    3.09506e+02   -2.27289e+02    3.73878e+02
   Constr. rmsd
    9.52347e-04

           Step           Time         Lambda
          66000      132.00000        0.00000

   Energies (kJ/mol)
       G96Angle    Proper Dih.          LJ-14     Coulomb-14        LJ (SR)
    5.93317e+02    4.06589e+02    2.17179e+04   -1.10078e+03    7.42687e+04
  Disper. corr.   Coulomb (SR)   Coul. recip.      Potential    Kinetic En.
   -4.68916e+03   -5.28100e+05    2.90528e+03   -4.33998e+05    8.64219e+04
   Total Energy  Conserved En.    Temperature Pres. DC (bar) Pressure (bar)
   -3.47576e+05   -4.45872e+05    3.10663e+02   -2.27289e+02    3.52433e+02
   Constr. rmsd
    9.41447e-04

           Step           Time         Lambda
          66500      133.00000        0.00000

   Energies (kJ/mol)
       G96Angle    Proper Dih.          LJ-14     Coulomb-14        LJ (SR)
    6.34477e+02    4.16349e+02    2.17241e+04   -1.07309e+03    7.43345e+04
  Disper. corr.   Coulomb (SR)   Coul. recip.      Potential    Kinetic En.
   -4.68916e+03   -5.27543e+05    2.79193e+03   -4.33404e+05    8.53965e+04
   Total Energy  Conserved En.    Temperature Pres. DC (bar) Pressure (bar)
   -3.48008e+05   -4.46222e+05    3.06977e+02   -2.27289e+02    2.60016e+02
   Constr. rmsd
    9.56503e-04

           Step           Time         Lambda
          67000      134.00000        0.00000

   Energies (kJ/mol)
       G96Angle    Proper Dih.          LJ-14     Coulomb-14        LJ (SR)
    5.78112e+02    4.02336e+02    2.17222e+04   -1.08082e+03    7.41294e+04
  Disper. corr.   Coulomb (SR)   Coul. recip.      Potential    Kinetic En.
   -4.68916e+03   -5.28007e+05    2.91375e+03   -4.34031e+05    8.54008e+04
   Total Energy  Conserved En.    Temperature Pres. DC (bar) Pressure (bar)
   -3.48630e+05   -4.46586e+05    3.06992e+02   -2.27289e+02   -3.28023e+01
   Constr. rmsd
    9.97257e-04

           Step           Time         Lambda
          67500      135.00000        0.00000

   Energies (kJ/mol)
       G96Angle    Proper Dih.          LJ-14     Coulomb-14        LJ (SR)
    5.87895e+02    4.25817e+02    2.17215e+04   -1.09782e+03    7.45165e+04
  Disper. corr.   Coulomb (SR)   Coul. recip.      Potential    Kinetic En.
   -4.68916e+03   -5.27763e+05    2.85733e+03   -4.33441e+05    8.63129e+04
   Total Energy  Conserved En.    Temperature Pres. DC (bar) Pressure (bar)
   -3.47128e+05   -4.46898e+05    3.10271e+02   -2.27289e+02    3.69625e+02
   Constr. rmsd
    9.47150e-04

           Step           Time         Lambda
          68000      136.00000        0.00000

   Energies (kJ/mol)
       G96Angle    Proper Dih.          LJ-14     Coulomb-14        LJ (SR)
    5.64568e+02    4.10734e+02    2.18057e+04   -1.11328e+03    7.42480e+04
  Disper. corr.   Coulomb (SR)   Coul. recip.      Potential    Kinetic En.
   -4.68916e+03   -5.27281e+05    2.86482e+03   -4.33189e+05    8.58091e+04
   Total Energy  Conserved En.    Temperature Pres. DC (bar) Pressure (bar)
   -3.47380e+05   -4.47191e+05    3.08460e+02   -2.27289e+02    7.95079e+02
   Constr. rmsd
    8.73448e-04

           Step           Time         Lambda
          68500      137.00000        0.00000

   Energies (kJ/mol)
       G96Angle    Proper Dih.          LJ-14     Coulomb-14        LJ (SR)
    6.08870e+02    4.07424e+02    2.17571e+04   -1.10523e+03    7.51441e+04
  Disper. corr.   Coulomb (SR)   Coul. recip.      Potential    Kinetic En.
   -4.68916e+03   -5.28216e+05    2.85143e+03   -4.33242e+05    8.63326e+04
   Total Energy  Conserved En.    Temperature Pres. DC (bar) Pressure (bar)
   -3.46909e+05   -4.47586e+05    3.10342e+02   -2.27289e+02    4.93153e+02
   Constr. rmsd
    9.47109e-04

Writing checkpoint, step 68740 at Wed Apr  4 14:03:54 2018


           Step           Time         Lambda
          69000      138.00000        0.00000

   Energies (kJ/mol)
       G96Angle    Proper Dih.          LJ-14     Coulomb-14        LJ (SR)
    6.01351e+02    4.05043e+02    2.17158e+04   -1.11292e+03    7.31296e+04
  Disper. corr.   Coulomb (SR)   Coul. recip.      Potential    Kinetic En.
   -4.68916e+03   -5.25504e+05    2.85282e+03   -4.32601e+05    8.67499e+04
   Total Energy  Conserved En.    Temperature Pres. DC (bar) Pressure (bar)
   -3.45851e+05   -4.47959e+05    3.11842e+02   -2.27289e+02    3.67082e+01
   Constr. rmsd
    9.78956e-04

           Step           Time         Lambda
          69500      139.00000        0.00000

   Energies (kJ/mol)
       G96Angle    Proper Dih.          LJ-14     Coulomb-14        LJ (SR)
    6.08112e+02    3.89870e+02    2.17431e+04   -1.09146e+03    7.30168e+04
  Disper. corr.   Coulomb (SR)   Coul. recip.      Potential    Kinetic En.
   -4.68916e+03   -5.26336e+05    2.88889e+03   -4.33470e+05    8.63246e+04
   Total Energy  Conserved En.    Temperature Pres. DC (bar) Pressure (bar)
   -3.47145e+05   -4.48287e+05    3.10313e+02   -2.27289e+02   -2.16388e+01
   Constr. rmsd
    9.80853e-04

           Step           Time         Lambda
          70000      140.00000        0.00000

   Energies (kJ/mol)
       G96Angle    Proper Dih.          LJ-14     Coulomb-14        LJ (SR)
    6.17885e+02    3.99048e+02    2.17219e+04   -1.11239e+03    7.40902e+04
  Disper. corr.   Coulomb (SR)   Coul. recip.      Potential    Kinetic En.
   -4.68916e+03   -5.28324e+05    2.88179e+03   -4.34415e+05    8.56819e+04
   Total Energy  Conserved En.    Temperature Pres. DC (bar) Pressure (bar)
   -3.48733e+05   -4.48600e+05    3.08003e+02   -2.27289e+02    1.23911e+02
   Constr. rmsd
    9.78702e-04

           Step           Time         Lambda
          70500      141.00000        0.00000

   Energies (kJ/mol)
       G96Angle    Proper Dih.          LJ-14     Coulomb-14        LJ (SR)
    6.26024e+02    4.14222e+02    2.17668e+04   -1.08849e+03    7.42153e+04
  Disper. corr.   Coulomb (SR)   Coul. recip.      Potential    Kinetic En.
   -4.68916e+03   -5.27540e+05    2.84738e+03   -4.33448e+05    8.68597e+04
   Total Energy  Conserved En.    Temperature Pres. DC (bar) Pressure (bar)
   -3.46589e+05   -4.48956e+05    3.12237e+02   -2.27289e+02    3.17893e+02
   Constr. rmsd
    9.50804e-04

           Step           Time         Lambda
          71000      142.00000        0.00000

   Energies (kJ/mol)
       G96Angle    Proper Dih.          LJ-14     Coulomb-14        LJ (SR)
    5.45445e+02    4.24009e+02    2.16955e+04   -1.12528e+03    7.37646e+04
  Disper. corr.   Coulomb (SR)   Coul. recip.      Potential    Kinetic En.
   -4.68916e+03   -5.27790e+05    2.93791e+03   -4.34236e+05    8.63127e+04
   Total Energy  Conserved En.    Temperature Pres. DC (bar) Pressure (bar)
   -3.47924e+05   -4.49265e+05    3.10270e+02   -2.27289e+02    4.06784e+02
   Constr. rmsd
    9.12965e-04

           Step           Time         Lambda
          71500      143.00000        0.00000

   Energies (kJ/mol)
       G96Angle    Proper Dih.          LJ-14     Coulomb-14        LJ (SR)
    6.46308e+02    3.96892e+02    2.17325e+04   -1.09250e+03    7.42529e+04
  Disper. corr.   Coulomb (SR)   Coul. recip.      Potential    Kinetic En.
   -4.68916e+03   -5.27464e+05    2.85404e+03   -4.33363e+05    8.66692e+04
   Total Energy  Conserved En.    Temperature Pres. DC (bar) Pressure (bar)
   -3.46693e+05   -4.49601e+05    3.11552e+02   -2.27289e+02    3.94761e+02
   Constr. rmsd
    9.42654e-04

           Step           Time         Lambda
          72000      144.00000        0.00000

   Energies (kJ/mol)
       G96Angle    Proper Dih.          LJ-14     Coulomb-14        LJ (SR)
    5.92246e+02    4.39669e+02    2.17222e+04   -1.07817e+03    7.51726e+04
  Disper. corr.   Coulomb (SR)   Coul. recip.      Potential    Kinetic En.
   -4.68916e+03   -5.27827e+05    2.82740e+03   -4.32840e+05    8.57146e+04
   Total Energy  Conserved En.    Temperature Pres. DC (bar) Pressure (bar)
   -3.47126e+05   -4.49970e+05    3.08121e+02   -2.27289e+02    3.97667e+02
   Constr. rmsd
    9.64093e-04

           Step           Time         Lambda
          72500      145.00000        0.00000

   Energies (kJ/mol)
       G96Angle    Proper Dih.          LJ-14     Coulomb-14        LJ (SR)
    5.45555e+02    4.27342e+02    2.17467e+04   -1.09276e+03    7.42360e+04
  Disper. corr.   Coulomb (SR)   Coul. recip.      Potential    Kinetic En.
   -4.68916e+03   -5.27106e+05    2.88761e+03   -4.33045e+05    8.54298e+04
   Total Energy  Conserved En.    Temperature Pres. DC (bar) Pressure (bar)
   -3.47615e+05   -4.50310e+05    3.07097e+02   -2.27289e+02    6.82813e+02
   Constr. rmsd
    8.88328e-04

           Step           Time         Lambda
          73000      146.00000        0.00000

   Energies (kJ/mol)
       G96Angle    Proper Dih.          LJ-14     Coulomb-14        LJ (SR)
    5.98738e+02    4.10910e+02    2.17195e+04   -1.09656e+03    7.47639e+04
  Disper. corr.   Coulomb (SR)   Coul. recip.      Potential    Kinetic En.
   -4.68916e+03   -5.27969e+05    2.96303e+03   -4.33298e+05    8.70231e+04
   Total Energy  Conserved En.    Temperature Pres. DC (bar) Pressure (bar)
   -3.46275e+05   -4.50713e+05    3.12824e+02   -2.27289e+02    1.67394e+02
   Constr. rmsd
    9.93444e-04

           Step           Time         Lambda
          73500      147.00000        0.00000

   Energies (kJ/mol)
       G96Angle    Proper Dih.          LJ-14     Coulomb-14        LJ (SR)
    6.45220e+02    3.81967e+02    2.17568e+04   -1.09250e+03    7.38280e+04
  Disper. corr.   Coulomb (SR)   Coul. recip.      Potential    Kinetic En.
   -4.68916e+03   -5.25747e+05    2.96095e+03   -4.31956e+05    8.67873e+04
   Total Energy  Conserved En.    Temperature Pres. DC (bar) Pressure (bar)
   -3.45168e+05   -4.51109e+05    3.11977e+02   -2.27289e+02   -1.12323e+02
   Constr. rmsd
    1.03583e-03

           Step           Time         Lambda
          74000      148.00000        0.00000

   Energies (kJ/mol)
       G96Angle    Proper Dih.          LJ-14     Coulomb-14        LJ (SR)
    5.24794e+02    4.19942e+02    2.16515e+04   -1.09394e+03    7.54093e+04
  Disper. corr.   Coulomb (SR)   Coul. recip.      Potential    Kinetic En.
   -4.68916e+03   -5.28863e+05    2.80375e+03   -4.33837e+05    8.54276e+04
   Total Energy  Conserved En.    Temperature Pres. DC (bar) Pressure (bar)
   -3.48410e+05   -4.51422e+05    3.07089e+02   -2.27289e+02    1.91698e+02
   Constr. rmsd
    9.93460e-04

           Step           Time         Lambda
          74500      149.00000        0.00000

   Energies (kJ/mol)
       G96Angle    Proper Dih.          LJ-14     Coulomb-14        LJ (SR)
    6.50549e+02    4.09736e+02    2.17977e+04   -1.10637e+03    7.44789e+04
  Disper. corr.   Coulomb (SR)   Coul. recip.      Potential    Kinetic En.
   -4.68916e+03   -5.27657e+05    2.86072e+03   -4.33255e+05    8.74130e+04
   Total Energy  Conserved En.    Temperature Pres. DC (bar) Pressure (bar)
   -3.45842e+05   -4.51724e+05    3.14226e+02   -2.27289e+02    1.89592e+02
   Constr. rmsd
    9.90403e-04

           Step           Time         Lambda
          75000      150.00000        0.00000

   Energies (kJ/mol)
       G96Angle    Proper Dih.          LJ-14     Coulomb-14        LJ (SR)
    5.70408e+02    3.93025e+02    2.16491e+04   -1.09199e+03    7.45390e+04
  Disper. corr.   Coulomb (SR)   Coul. recip.      Potential    Kinetic En.
   -4.68916e+03   -5.28658e+05    2.90742e+03   -4.34380e+05    8.55357e+04
   Total Energy  Conserved En.    Temperature Pres. DC (bar) Pressure (bar)
   -3.48845e+05   -4.52059e+05    3.07478e+02   -2.27289e+02   -3.24754e+02
   Constr. rmsd
    1.06667e-03

           Step           Time         Lambda
          75500      151.00000        0.00000

   Energies (kJ/mol)
       G96Angle    Proper Dih.          LJ-14     Coulomb-14        LJ (SR)
    5.40543e+02    3.66411e+02    2.16531e+04   -1.12518e+03    7.45523e+04
  Disper. corr.   Coulomb (SR)   Coul. recip.      Potential    Kinetic En.
   -4.68916e+03   -5.27415e+05    2.77657e+03   -4.33340e+05    8.60867e+04
   Total Energy  Conserved En.    Temperature Pres. DC (bar) Pressure (bar)
   -3.47253e+05   -4.52429e+05    3.09458e+02   -2.27289e+02   -8.79762e+00
   Constr. rmsd
    1.01793e-03

           Step           Time         Lambda
          76000      152.00000        0.00000

   Energies (kJ/mol)
       G96Angle    Proper Dih.          LJ-14     Coulomb-14        LJ (SR)
    5.55863e+02    3.66867e+02    2.17015e+04   -1.11311e+03    7.46152e+04
  Disper. corr.   Coulomb (SR)   Coul. recip.      Potential    Kinetic En.
   -4.68916e+03   -5.27626e+05    2.91719e+03   -4.33272e+05    8.66142e+04
   Total Energy  Conserved En.    Temperature Pres. DC (bar) Pressure (bar)
   -3.46658e+05   -4.52731e+05    3.11355e+02   -2.27289e+02    5.21996e+02
   Constr. rmsd
    9.39535e-04

           Step           Time         Lambda
          76500      153.00000        0.00000

   Energies (kJ/mol)
       G96Angle    Proper Dih.          LJ-14     Coulomb-14        LJ (SR)
    5.87097e+02    3.93286e+02    2.16958e+04   -1.11953e+03    7.49162e+04
  Disper. corr.   Coulomb (SR)   Coul. recip.      Potential    Kinetic En.
   -4.68916e+03   -5.27663e+05    2.86641e+03   -4.33013e+05    8.59764e+04
   Total Energy  Conserved En.    Temperature Pres. DC (bar) Pressure (bar)
   -3.47036e+05   -4.53121e+05    3.09062e+02   -2.27289e+02    1.50901e+02
   Constr. rmsd
    1.01503e-03

           Step           Time         Lambda
          77000      154.00000        0.00000

   Energies (kJ/mol)
       G96Angle    Proper Dih.          LJ-14     Coulomb-14        LJ (SR)
    5.74012e+02    3.93155e+02    2.16990e+04   -1.08831e+03    7.36899e+04
  Disper. corr.   Coulomb (SR)   Coul. recip.      Potential    Kinetic En.
   -4.68916e+03   -5.26550e+05    2.96079e+03   -4.33010e+05    8.56439e+04
   Total Energy  Conserved En.    Temperature Pres. DC (bar) Pressure (bar)
   -3.47366e+05   -4.53463e+05    3.07866e+02   -2.27289e+02    3.25924e+02
   Constr. rmsd
    9.42577e-04

           Step           Time         Lambda
          77500      155.00000        0.00000

   Energies (kJ/mol)
       G96Angle    Proper Dih.          LJ-14     Coulomb-14        LJ (SR)
    6.26462e+02    3.70723e+02    2.17140e+04   -1.11678e+03    7.42380e+04
  Disper. corr.   Coulomb (SR)   Coul. recip.      Potential    Kinetic En.
   -4.68916e+03   -5.26399e+05    2.82051e+03   -4.32435e+05    8.55841e+04
   Total Energy  Conserved En.    Temperature Pres. DC (bar) Pressure (bar)
   -3.46851e+05   -4.53847e+05    3.07651e+02   -2.27289e+02    2.08512e+02
   Constr. rmsd
    9.83104e-04

           Step           Time         Lambda
          78000      156.00000        0.00000

   Energies (kJ/mol)
       G96Angle    Proper Dih.          LJ-14     Coulomb-14        LJ (SR)
    5.49365e+02    4.20288e+02    2.17033e+04   -1.08825e+03    7.51600e+04
  Disper. corr.   Coulomb (SR)   Coul. recip.      Potential    Kinetic En.
   -4.68916e+03   -5.28410e+05    2.99640e+03   -4.33358e+05    8.71082e+04
   Total Energy  Conserved En.    Temperature Pres. DC (bar) Pressure (bar)
   -3.46249e+05   -4.54150e+05    3.13130e+02   -2.27289e+02    6.38967e+02
   Constr. rmsd
    9.24518e-04

           Step           Time         Lambda
          78500      157.00000        0.00000

   Energies (kJ/mol)
       G96Angle    Proper Dih.          LJ-14     Coulomb-14        LJ (SR)
    5.77506e+02    4.44643e+02    2.17633e+04   -1.08419e+03    7.46557e+04
  Disper. corr.   Coulomb (SR)   Coul. recip.      Potential    Kinetic En.
   -4.68916e+03   -5.27326e+05    2.90953e+03   -4.32749e+05    8.70936e+04
   Total Energy  Conserved En.    Temperature Pres. DC (bar) Pressure (bar)
   -3.45655e+05   -4.54516e+05    3.13078e+02   -2.27289e+02    5.71244e+02
   Constr. rmsd
    9.39513e-04

           Step           Time         Lambda
          79000      158.00000        0.00000

   Energies (kJ/mol)
       G96Angle    Proper Dih.          LJ-14     Coulomb-14        LJ (SR)
    6.43685e+02    4.20352e+02    2.18249e+04   -1.10279e+03    7.57982e+04
  Disper. corr.   Coulomb (SR)   Coul. recip.      Potential    Kinetic En.
   -4.68916e+03   -5.29155e+05    2.86669e+03   -4.33393e+05    8.71155e+04
   Total Energy  Conserved En.    Temperature Pres. DC (bar) Pressure (bar)
   -3.46277e+05   -4.54864e+05    3.13156e+02   -2.27289e+02    8.20707e+02
   Constr. rmsd
    9.14655e-04

           Step           Time         Lambda
          79500      159.00000        0.00000

   Energies (kJ/mol)
       G96Angle    Proper Dih.          LJ-14     Coulomb-14        LJ (SR)
    6.30273e+02    4.08288e+02    2.16935e+04   -1.11511e+03    7.38632e+04
  Disper. corr.   Coulomb (SR)   Coul. recip.      Potential    Kinetic En.
   -4.68916e+03   -5.25848e+05    2.89739e+03   -4.32160e+05    8.58931e+04
   Total Energy  Conserved En.    Temperature Pres. DC (bar) Pressure (bar)
   -3.46266e+05   -4.55278e+05    3.08762e+02   -2.27289e+02   -4.73011e+02
   Constr. rmsd
    1.09960e-03

           Step           Time         Lambda
          80000      160.00000        0.00000

   Energies (kJ/mol)
       G96Angle    Proper Dih.          LJ-14     Coulomb-14        LJ (SR)
    5.73993e+02    4.03493e+02    2.17461e+04   -1.09867e+03    7.44866e+04
  Disper. corr.   Coulomb (SR)   Coul. recip.      Potential    Kinetic En.
   -4.68916e+03   -5.27146e+05    2.86021e+03   -4.32864e+05    8.61201e+04
   Total Energy  Conserved En.    Temperature Pres. DC (bar) Pressure (bar)
   -3.46744e+05   -4.55560e+05    3.09578e+02   -2.27289e+02    1.40535e+02
   Constr. rmsd
    9.89377e-04

           Step           Time         Lambda
          80500      161.00000        0.00000

   Energies (kJ/mol)
       G96Angle    Proper Dih.          LJ-14     Coulomb-14        LJ (SR)
    5.99172e+02    3.97512e+02    2.17422e+04   -1.09454e+03    7.48668e+04
  Disper. corr.   Coulomb (SR)   Coul. recip.      Potential    Kinetic En.
   -4.68916e+03   -5.27422e+05    2.92917e+03   -4.32671e+05    8.55822e+04
   Total Energy  Conserved En.    Temperature Pres. DC (bar) Pressure (bar)
   -3.47088e+05   -4.55888e+05    3.07645e+02   -2.27289e+02    3.33841e+02
   Constr. rmsd
    9.70019e-04

           Step           Time         Lambda
          81000      162.00000        0.00000

   Energies (kJ/mol)
       G96Angle    Proper Dih.          LJ-14     Coulomb-14        LJ (SR)
    5.79153e+02    4.27602e+02    2.17823e+04   -1.09906e+03    7.48116e+04
  Disper. corr.   Coulomb (SR)   Coul. recip.      Potential    Kinetic En.
   -4.68916e+03   -5.27210e+05    2.85199e+03   -4.32545e+05    8.61754e+04
   Total Energy  Conserved En.    Temperature Pres. DC (bar) Pressure (bar)
   -3.46370e+05   -4.56232e+05    3.09777e+02   -2.27289e+02    8.72696e+02
   Constr. rmsd
    8.80112e-04

           Step           Time         Lambda
          81500      163.00000        0.00000

   Energies (kJ/mol)
       G96Angle    Proper Dih.          LJ-14     Coulomb-14        LJ (SR)
    5.41170e+02    4.01749e+02    2.16925e+04   -1.08369e+03    7.49698e+04
  Disper. corr.   Coulomb (SR)   Coul. recip.      Potential    Kinetic En.
   -4.68916e+03   -5.28115e+05    2.91439e+03   -4.33368e+05    8.60689e+04
   Total Energy  Conserved En.    Temperature Pres. DC (bar) Pressure (bar)
   -3.47300e+05   -4.56671e+05    3.09394e+02   -2.27289e+02   -8.97630e+01
   Constr. rmsd
    1.03723e-03

           Step           Time         Lambda
          82000      164.00000        0.00000

   Energies (kJ/mol)
       G96Angle    Proper Dih.          LJ-14     Coulomb-14        LJ (SR)
    5.88428e+02    4.34576e+02    2.17225e+04   -1.08785e+03    7.44411e+04
  Disper. corr.   Coulomb (SR)   Coul. recip.      Potential    Kinetic En.
   -4.68916e+03   -5.27036e+05    2.88584e+03   -4.32740e+05    8.62001e+04
   Total Energy  Conserved En.    Temperature Pres. DC (bar) Pressure (bar)
   -3.46540e+05   -4.57003e+05    3.09866e+02   -2.27289e+02    4.50626e+02
   Constr. rmsd
    9.45272e-04

           Step           Time         Lambda
          82500      165.00000        0.00000

   Energies (kJ/mol)
       G96Angle    Proper Dih.          LJ-14     Coulomb-14        LJ (SR)
    6.06200e+02    4.09957e+02    2.17781e+04   -1.09845e+03    7.44607e+04
  Disper. corr.   Coulomb (SR)   Coul. recip.      Potential    Kinetic En.
   -4.68916e+03   -5.28035e+05    2.88806e+03   -4.33680e+05    8.63594e+04
   Total Energy  Conserved En.    Temperature Pres. DC (bar) Pressure (bar)
   -3.47321e+05   -4.57346e+05    3.10438e+02   -2.27289e+02    2.65130e+02
   Constr. rmsd
    9.62557e-04

           Step           Time         Lambda
          83000      166.00000        0.00000

   Energies (kJ/mol)
       G96Angle    Proper Dih.          LJ-14     Coulomb-14        LJ (SR)
    5.78829e+02    3.98448e+02    2.17359e+04   -1.10226e+03    7.49211e+04
  Disper. corr.   Coulomb (SR)   Coul. recip.      Potential    Kinetic En.
   -4.68916e+03   -5.28508e+05    2.91548e+03   -4.33750e+05    8.55291e+04
   Total Energy  Conserved En.    Temperature Pres. DC (bar) Pressure (bar)
   -3.48221e+05   -4.57657e+05    3.07454e+02   -2.27289e+02    1.28236e+02
   Constr. rmsd
    9.99660e-04

           Step           Time         Lambda
          83500      167.00000        0.00000

   Energies (kJ/mol)
       G96Angle    Proper Dih.          LJ-14     Coulomb-14        LJ (SR)
    5.51748e+02    3.85005e+02    2.16712e+04   -1.10586e+03    7.37998e+04
  Disper. corr.   Coulomb (SR)   Coul. recip.      Potential    Kinetic En.
   -4.68916e+03   -5.27982e+05    2.86761e+03   -4.34501e+05    8.59054e+04
   Total Energy  Conserved En.    Temperature Pres. DC (bar) Pressure (bar)
   -3.48596e+05   -4.58016e+05    3.08806e+02   -2.27289e+02   -1.04203e+02
   Constr. rmsd
    1.00004e-03

           Step           Time         Lambda
          84000      168.00000        0.00000

   Energies (kJ/mol)
       G96Angle    Proper Dih.          LJ-14     Coulomb-14        LJ (SR)
    6.06636e+02    4.22077e+02    2.17626e+04   -1.07244e+03    7.53245e+04
  Disper. corr.   Coulomb (SR)   Coul. recip.      Potential    Kinetic En.
   -4.68916e+03   -5.29134e+05    2.97874e+03   -4.33801e+05    8.69264e+04
   Total Energy  Conserved En.    Temperature Pres. DC (bar) Pressure (bar)
   -3.46875e+05   -4.58340e+05    3.12477e+02   -2.27289e+02    3.91424e+02
   Constr. rmsd
    9.60263e-04

           Step           Time         Lambda
          84500      169.00000        0.00000

   Energies (kJ/mol)
       G96Angle    Proper Dih.          LJ-14     Coulomb-14        LJ (SR)
    5.83272e+02    3.83097e+02    2.17746e+04   -1.08824e+03    7.47224e+04
  Disper. corr.   Coulomb (SR)   Coul. recip.      Potential    Kinetic En.
   -4.68916e+03   -5.28469e+05    2.88377e+03   -4.33899e+05    8.61368e+04
   Total Energy  Conserved En.    Temperature Pres. DC (bar) Pressure (bar)
   -3.47762e+05   -4.58654e+05    3.09638e+02   -2.27289e+02    4.61775e+02
   Constr. rmsd
    9.35404e-04

           Step           Time         Lambda
          85000      170.00000        0.00000

   Energies (kJ/mol)
       G96Angle    Proper Dih.          LJ-14     Coulomb-14        LJ (SR)
    6.20639e+02    4.29466e+02    2.18050e+04   -1.08324e+03    7.36287e+04
  Disper. corr.   Coulomb (SR)   Coul. recip.      Potential    Kinetic En.
   -4.68916e+03   -5.25464e+05    2.80867e+03   -4.31944e+05    8.67152e+04
   Total Energy  Conserved En.    Temperature Pres. DC (bar) Pressure (bar)
   -3.45229e+05   -4.58983e+05    3.11718e+02   -2.27289e+02    5.69784e+02
   Constr. rmsd
    9.07621e-04

           Step           Time         Lambda
          85500      171.00000        0.00000

   Energies (kJ/mol)
       G96Angle    Proper Dih.          LJ-14     Coulomb-14        LJ (SR)
    6.08366e+02    4.06789e+02    2.17807e+04   -1.07467e+03    7.33770e+04
  Disper. corr.   Coulomb (SR)   Coul. recip.      Potential    Kinetic En.
   -4.68916e+03   -5.26519e+05    2.82321e+03   -4.33286e+05    8.58789e+04
   Total Energy  Conserved En.    Temperature Pres. DC (bar) Pressure (bar)
   -3.47407e+05   -4.59326e+05    3.08711e+02   -2.27289e+02    4.84735e+02
   Constr. rmsd
    9.02278e-04

           Step           Time         Lambda
          86000      172.00000        0.00000

   Energies (kJ/mol)
       G96Angle    Proper Dih.          LJ-14     Coulomb-14        LJ (SR)
    5.80792e+02    4.16767e+02    2.17643e+04   -1.09190e+03    7.44078e+04
  Disper. corr.   Coulomb (SR)   Coul. recip.      Potential    Kinetic En.
   -4.68916e+03   -5.27977e+05    2.83420e+03   -4.33754e+05    8.59864e+04
   Total Energy  Conserved En.    Temperature Pres. DC (bar) Pressure (bar)
   -3.47768e+05   -4.59671e+05    3.09097e+02   -2.27289e+02    6.45169e+02
   Constr. rmsd
    9.03903e-04

           Step           Time         Lambda
          86500      173.00000        0.00000

   Energies (kJ/mol)
       G96Angle    Proper Dih.          LJ-14     Coulomb-14        LJ (SR)
    6.19716e+02    4.25806e+02    2.18019e+04   -1.08724e+03    7.35118e+04
  Disper. corr.   Coulomb (SR)   Coul. recip.      Potential    Kinetic En.
   -4.68916e+03   -5.25018e+05    2.82630e+03   -4.31609e+05    8.64657e+04
   Total Energy  Conserved En.    Temperature Pres. DC (bar) Pressure (bar)
   -3.45143e+05   -4.60029e+05    3.10821e+02   -2.27289e+02    6.33440e+02
   Constr. rmsd
    8.91963e-04

           Step           Time         Lambda
          87000      174.00000        0.00000

   Energies (kJ/mol)
       G96Angle    Proper Dih.          LJ-14     Coulomb-14        LJ (SR)
    5.82854e+02    4.17328e+02    2.17666e+04   -1.07727e+03    7.47318e+04
  Disper. corr.   Coulomb (SR)   Coul. recip.      Potential    Kinetic En.
   -4.68916e+03   -5.26881e+05    2.91711e+03   -4.32232e+05    8.59788e+04
   Total Energy  Conserved En.    Temperature Pres. DC (bar) Pressure (bar)
   -3.46253e+05   -4.60343e+05    3.09070e+02   -2.27289e+02    8.01022e+02
   Constr. rmsd
    8.86060e-04

           Step           Time         Lambda
          87500      175.00000        0.00000

   Energies (kJ/mol)
       G96Angle    Proper Dih.          LJ-14     Coulomb-14        LJ (SR)
    6.44403e+02    3.73004e+02    2.17336e+04   -1.08902e+03    7.35229e+04
  Disper. corr.   Coulomb (SR)   Coul. recip.      Potential    Kinetic En.
   -4.68916e+03   -5.26212e+05    2.84658e+03   -4.32870e+05    8.66542e+04
   Total Energy  Conserved En.    Temperature Pres. DC (bar) Pressure (bar)
   -3.46216e+05   -4.60713e+05    3.11498e+02   -2.27289e+02    3.95233e+02
   Constr. rmsd
    9.25353e-04

           Step           Time         Lambda
          88000      176.00000        0.00000

   Energies (kJ/mol)
       G96Angle    Proper Dih.          LJ-14     Coulomb-14        LJ (SR)
    5.40441e+02    4.11514e+02    2.16784e+04   -1.08630e+03    7.37047e+04
  Disper. corr.   Coulomb (SR)   Coul. recip.      Potential    Kinetic En.
   -4.68916e+03   -5.26257e+05    3.01100e+03   -4.32686e+05    8.63670e+04
   Total Energy  Conserved En.    Temperature Pres. DC (bar) Pressure (bar)
   -3.46319e+05   -4.61105e+05    3.10466e+02   -2.27289e+02   -7.35970e+00
   Constr. rmsd
    1.00791e-03

           Step           Time         Lambda
          88500      177.00000        0.00000

   Energies (kJ/mol)
       G96Angle    Proper Dih.          LJ-14     Coulomb-14        LJ (SR)
    5.24937e+02    4.59483e+02    2.17309e+04   -1.08529e+03    7.40435e+04
  Disper. corr.   Coulomb (SR)   Coul. recip.      Potential    Kinetic En.
   -4.68916e+03   -5.26489e+05    2.90344e+03   -4.32601e+05    8.56678e+04
   Total Energy  Conserved En.    Temperature Pres. DC (bar) Pressure (bar)
   -3.46934e+05   -4.61435e+05    3.07952e+02   -2.27289e+02    2.24810e+02
   Constr. rmsd
    9.72381e-04

           Step           Time         Lambda
          89000      178.00000        0.00000

   Energies (kJ/mol)
       G96Angle    Proper Dih.          LJ-14     Coulomb-14        LJ (SR)
    6.23347e+02    3.94631e+02    2.18063e+04   -1.12433e+03    7.42164e+04
  Disper. corr.   Coulomb (SR)   Coul. recip.      Potential    Kinetic En.
   -4.68916e+03   -5.27460e+05    2.95275e+03   -4.33280e+05    8.68854e+04
   Total Energy  Conserved En.    Temperature Pres. DC (bar) Pressure (bar)
   -3.46394e+05   -4.61798e+05    3.12329e+02   -2.27289e+02    5.21068e+02
   Constr. rmsd
    9.22878e-04

           Step           Time         Lambda
          89500      179.00000        0.00000

   Energies (kJ/mol)
       G96Angle    Proper Dih.          LJ-14     Coulomb-14        LJ (SR)
    6.29980e+02    3.79198e+02    2.17530e+04   -1.10756e+03    7.37236e+04
  Disper. corr.   Coulomb (SR)   Coul. recip.      Potential    Kinetic En.
   -4.68916e+03   -5.26332e+05    2.95364e+03   -4.32689e+05    8.61551e+04
   Total Energy  Conserved En.    Temperature Pres. DC (bar) Pressure (bar)
   -3.46534e+05   -4.62146e+05    3.09704e+02   -2.27289e+02    2.53415e+02
   Constr. rmsd
    9.65537e-04

           Step           Time         Lambda
          90000      180.00000        0.00000

   Energies (kJ/mol)
       G96Angle    Proper Dih.          LJ-14     Coulomb-14        LJ (SR)
    6.53878e+02    3.90932e+02    2.17078e+04   -1.10726e+03    7.39357e+04
  Disper. corr.   Coulomb (SR)   Coul. recip.      Potential    Kinetic En.
   -4.68916e+03   -5.26960e+05    2.87810e+03   -4.33190e+05    8.70062e+04
   Total Energy  Conserved En.    Temperature Pres. DC (bar) Pressure (bar)
   -3.46184e+05   -4.62525e+05    3.12763e+02   -2.27289e+02   -1.68862e+02
   Constr. rmsd
    1.03036e-03

           Step           Time         Lambda
          90500      181.00000        0.00000

   Energies (kJ/mol)
       G96Angle    Proper Dih.          LJ-14     Coulomb-14        LJ (SR)
    5.69502e+02    4.09302e+02    2.17157e+04   -1.08634e+03    7.35426e+04
  Disper. corr.   Coulomb (SR)   Coul. recip.      Potential    Kinetic En.
   -4.68916e+03   -5.26724e+05    2.86587e+03   -4.33396e+05    8.57497e+04
   Total Energy  Conserved En.    Temperature Pres. DC (bar) Pressure (bar)
   -3.47646e+05   -4.62877e+05    3.08247e+02   -2.27289e+02   -2.91474e+02
   Constr. rmsd
    1.03100e-03

           Step           Time         Lambda
          91000      182.00000        0.00000

   Energies (kJ/mol)
       G96Angle    Proper Dih.          LJ-14     Coulomb-14        LJ (SR)
    5.66063e+02    4.15886e+02    2.16943e+04   -1.11239e+03    7.33176e+04
  Disper. corr.   Coulomb (SR)   Coul. recip.      Potential    Kinetic En.
   -4.68916e+03   -5.26539e+05    2.91174e+03   -4.33434e+05    8.66370e+04
   Total Energy  Conserved En.    Temperature Pres. DC (bar) Pressure (bar)
   -3.46797e+05   -4.63220e+05    3.11436e+02   -2.27289e+02   -3.15936e+02
   Constr. rmsd
    1.03811e-03

           Step           Time         Lambda
          91500      183.00000        0.00000

   Energies (kJ/mol)
       G96Angle    Proper Dih.          LJ-14     Coulomb-14        LJ (SR)
    6.62386e+02    4.26433e+02    2.17728e+04   -1.10433e+03    7.32869e+04
  Disper. corr.   Coulomb (SR)   Coul. recip.      Potential    Kinetic En.
   -4.68916e+03   -5.25687e+05    2.92310e+03   -4.32409e+05    8.66763e+04
   Total Energy  Conserved En.    Temperature Pres. DC (bar) Pressure (bar)
   -3.45733e+05   -4.63531e+05    3.11578e+02   -2.27289e+02    5.49524e+01
   Constr. rmsd
    9.91793e-04

           Step           Time         Lambda
          92000      184.00000        0.00000

   Energies (kJ/mol)
       G96Angle    Proper Dih.          LJ-14     Coulomb-14        LJ (SR)
    6.30518e+02    4.01953e+02    2.17022e+04   -1.07705e+03    7.41926e+04
  Disper. corr.   Coulomb (SR)   Coul. recip.      Potential    Kinetic En.
   -4.68916e+03   -5.26670e+05    2.94893e+03   -4.32560e+05    8.64280e+04
   Total Energy  Conserved En.    Temperature Pres. DC (bar) Pressure (bar)
   -3.46132e+05   -4.63900e+05    3.10685e+02   -2.27289e+02   -7.66077e+01
   Constr. rmsd
    1.03222e-03

           Step           Time         Lambda
          92500      185.00000        0.00000

   Energies (kJ/mol)
       G96Angle    Proper Dih.          LJ-14     Coulomb-14        LJ (SR)
    5.73768e+02    4.18978e+02    2.17017e+04   -1.07555e+03    7.43218e+04
  Disper. corr.   Coulomb (SR)   Coul. recip.      Potential    Kinetic En.
   -4.68916e+03   -5.26294e+05    2.98256e+03   -4.32060e+05    8.64794e+04
   Total Energy  Conserved En.    Temperature Pres. DC (bar) Pressure (bar)
   -3.45580e+05   -4.64255e+05    3.10870e+02   -2.27289e+02   -7.57022e+01
   Constr. rmsd
    1.03942e-03

           Step           Time         Lambda
          93000      186.00000        0.00000

   Energies (kJ/mol)
       G96Angle    Proper Dih.          LJ-14     Coulomb-14        LJ (SR)
    6.11298e+02    3.84418e+02    2.17180e+04   -1.08175e+03    7.34439e+04
  Disper. corr.   Coulomb (SR)   Coul. recip.      Potential    Kinetic En.
   -4.68916e+03   -5.25441e+05    2.83732e+03   -4.32217e+05    8.55835e+04
   Total Energy  Conserved En.    Temperature Pres. DC (bar) Pressure (bar)
   -3.46634e+05   -4.64600e+05    3.07649e+02   -2.27289e+02    9.78883e+01
   Constr. rmsd
    9.90021e-04

           Step           Time         Lambda
          93500      187.00000        0.00000

   Energies (kJ/mol)
       G96Angle    Proper Dih.          LJ-14     Coulomb-14        LJ (SR)
    6.03367e+02    4.19180e+02    2.17637e+04   -1.09449e+03    7.36109e+04
  Disper. corr.   Coulomb (SR)   Coul. recip.      Potential    Kinetic En.
   -4.68916e+03   -5.26662e+05    2.94868e+03   -4.33100e+05    8.62142e+04
   Total Energy  Conserved En.    Temperature Pres. DC (bar) Pressure (bar)
   -3.46886e+05   -4.64912e+05    3.09917e+02   -2.27289e+02    3.65458e+02
   Constr. rmsd
    9.32350e-04

           Step           Time         Lambda
          94000      188.00000        0.00000

   Energies (kJ/mol)
       G96Angle    Proper Dih.          LJ-14     Coulomb-14        LJ (SR)
    5.97227e+02    4.03607e+02    2.17675e+04   -1.08964e+03    7.41370e+04
  Disper. corr.   Coulomb (SR)   Coul. recip.      Potential    Kinetic En.
   -4.68916e+03   -5.27103e+05    2.88879e+03   -4.33088e+05    8.64282e+04
   Total Energy  Conserved En.    Temperature Pres. DC (bar) Pressure (bar)
   -3.46660e+05   -4.65302e+05    3.10686e+02   -2.27289e+02    6.27358e+02
   Constr. rmsd
    9.01013e-04

Writing checkpoint, step 94300 at Wed Apr  4 14:18:55 2018


           Step           Time         Lambda
          94500      189.00000        0.00000

   Energies (kJ/mol)
       G96Angle    Proper Dih.          LJ-14     Coulomb-14        LJ (SR)
    5.71592e+02    3.96798e+02    2.17203e+04   -1.06052e+03    7.39403e+04
  Disper. corr.   Coulomb (SR)   Coul. recip.      Potential    Kinetic En.
   -4.68916e+03   -5.27380e+05    2.86243e+03   -4.33639e+05    8.59882e+04
   Total Energy  Conserved En.    Temperature Pres. DC (bar) Pressure (bar)
   -3.47650e+05   -4.65645e+05    3.09104e+02   -2.27289e+02    4.45649e+02
   Constr. rmsd
    9.28733e-04

           Step           Time         Lambda
          95000      190.00000        0.00000

   Energies (kJ/mol)
       G96Angle    Proper Dih.          LJ-14     Coulomb-14        LJ (SR)
    5.63643e+02    3.85851e+02    2.16584e+04   -1.08930e+03    7.36698e+04
  Disper. corr.   Coulomb (SR)   Coul. recip.      Potential    Kinetic En.
   -4.68916e+03   -5.27600e+05    2.95237e+03   -4.34148e+05    8.59988e+04
   Total Energy  Conserved En.    Temperature Pres. DC (bar) Pressure (bar)
   -3.48150e+05   -4.66051e+05    3.09142e+02   -2.27289e+02   -2.63991e+02
   Constr. rmsd
    1.03237e-03

           Step           Time         Lambda
          95500      191.00000        0.00000

   Energies (kJ/mol)
       G96Angle    Proper Dih.          LJ-14     Coulomb-14        LJ (SR)
    6.00013e+02    4.03693e+02    2.17059e+04   -1.10369e+03    7.42400e+04
  Disper. corr.   Coulomb (SR)   Coul. recip.      Potential    Kinetic En.
   -4.68916e+03   -5.27088e+05    2.83792e+03   -4.33094e+05    8.65693e+04
   Total Energy  Conserved En.    Temperature Pres. DC (bar) Pressure (bar)
   -3.46524e+05   -4.66395e+05    3.11193e+02   -2.27289e+02    5.46687e+01
   Constr. rmsd
    1.00446e-03

           Step           Time         Lambda
          96000      192.00000        0.00000

   Energies (kJ/mol)
       G96Angle    Proper Dih.          LJ-14     Coulomb-14        LJ (SR)
    6.46509e+02    3.95463e+02    2.17251e+04   -1.08034e+03    7.49249e+04
  Disper. corr.   Coulomb (SR)   Coul. recip.      Potential    Kinetic En.
   -4.68916e+03   -5.28056e+05    2.85407e+03   -4.33279e+05    8.67468e+04
   Total Energy  Conserved En.    Temperature Pres. DC (bar) Pressure (bar)
   -3.46532e+05   -4.66693e+05    3.11831e+02   -2.27289e+02    7.03382e+02
   Constr. rmsd
    9.17176e-04

           Step           Time         Lambda
          96500      193.00000        0.00000

   Energies (kJ/mol)
       G96Angle    Proper Dih.          LJ-14     Coulomb-14        LJ (SR)
    6.59458e+02    3.94674e+02    2.17527e+04   -1.08308e+03    7.43378e+04
  Disper. corr.   Coulomb (SR)   Coul. recip.      Potential    Kinetic En.
   -4.68916e+03   -5.26950e+05    2.81067e+03   -4.32767e+05    8.62029e+04
   Total Energy  Conserved En.    Temperature Pres. DC (bar) Pressure (bar)
   -3.46564e+05   -4.67044e+05    3.09876e+02   -2.27289e+02    2.25293e+02
   Constr. rmsd
    9.82433e-04

           Step           Time         Lambda
          97000      194.00000        0.00000

   Energies (kJ/mol)
       G96Angle    Proper Dih.          LJ-14     Coulomb-14        LJ (SR)
    6.16907e+02    4.27645e+02    2.17469e+04   -1.09686e+03    7.46670e+04
  Disper. corr.   Coulomb (SR)   Coul. recip.      Potential    Kinetic En.
   -4.68916e+03   -5.28141e+05    2.84088e+03   -4.33628e+05    8.59715e+04
   Total Energy  Conserved En.    Temperature Pres. DC (bar) Pressure (bar)
   -3.47656e+05   -4.67373e+05    3.09044e+02   -2.27289e+02    1.50947e+02
   Constr. rmsd
    9.80803e-04

           Step           Time         Lambda
          97500      195.00000        0.00000

   Energies (kJ/mol)
       G96Angle    Proper Dih.          LJ-14     Coulomb-14        LJ (SR)
    5.68714e+02    4.53073e+02    2.17715e+04   -1.09538e+03    7.38804e+04
  Disper. corr.   Coulomb (SR)   Coul. recip.      Potential    Kinetic En.
   -4.68916e+03   -5.27561e+05    2.85450e+03   -4.33818e+05    8.59335e+04
   Total Energy  Conserved En.    Temperature Pres. DC (bar) Pressure (bar)
   -3.47884e+05   -4.67655e+05    3.08907e+02   -2.27289e+02    3.68484e+02
   Constr. rmsd
    9.22985e-04

           Step           Time         Lambda
          98000      196.00000        0.00000

   Energies (kJ/mol)
       G96Angle    Proper Dih.          LJ-14     Coulomb-14        LJ (SR)
    5.54057e+02    3.97570e+02    2.17080e+04   -1.08441e+03    7.43487e+04
  Disper. corr.   Coulomb (SR)   Coul. recip.      Potential    Kinetic En.
   -4.68916e+03   -5.26476e+05    2.90958e+03   -4.32331e+05    8.73597e+04
   Total Energy  Conserved En.    Temperature Pres. DC (bar) Pressure (bar)
   -3.44972e+05   -4.68076e+05    3.14034e+02   -2.27289e+02   -3.98212e+01
   Constr. rmsd
    1.03627e-03

           Step           Time         Lambda
          98500      197.00000        0.00000

   Energies (kJ/mol)
       G96Angle    Proper Dih.          LJ-14     Coulomb-14        LJ (SR)
    5.63867e+02    4.18842e+02    2.17952e+04   -1.09336e+03    7.43980e+04
  Disper. corr.   Coulomb (SR)   Coul. recip.      Potential    Kinetic En.
   -4.68916e+03   -5.26961e+05    2.87242e+03   -4.32695e+05    8.66702e+04
   Total Energy  Conserved En.    Temperature Pres. DC (bar) Pressure (bar)
   -3.46025e+05   -4.68396e+05    3.11556e+02   -2.27289e+02    3.07114e+02
   Constr. rmsd
    9.73077e-04

           Step           Time         Lambda
          99000      198.00000        0.00000

   Energies (kJ/mol)
       G96Angle    Proper Dih.          LJ-14     Coulomb-14        LJ (SR)
    5.70886e+02    4.52396e+02    2.17322e+04   -1.09464e+03    7.46464e+04
  Disper. corr.   Coulomb (SR)   Coul. recip.      Potential    Kinetic En.
   -4.68916e+03   -5.27263e+05    2.92859e+03   -4.32716e+05    8.56442e+04
   Total Energy  Conserved En.    Temperature Pres. DC (bar) Pressure (bar)
   -3.47072e+05   -4.68754e+05    3.07868e+02   -2.27289e+02   -7.54200e+01
   Constr. rmsd
    1.04600e-03

           Step           Time         Lambda
          99500      199.00000        0.00000

   Energies (kJ/mol)
       G96Angle    Proper Dih.          LJ-14     Coulomb-14        LJ (SR)
    5.80717e+02    4.34616e+02    2.17024e+04   -1.11819e+03    7.49781e+04
  Disper. corr.   Coulomb (SR)   Coul. recip.      Potential    Kinetic En.
   -4.68916e+03   -5.27670e+05    2.90851e+03   -4.32873e+05    8.62227e+04
   Total Energy  Conserved En.    Temperature Pres. DC (bar) Pressure (bar)
   -3.46651e+05   -4.69134e+05    3.09947e+02   -2.27289e+02   -1.44259e+02
   Constr. rmsd
    1.06481e-03

           Step           Time         Lambda
         100000      200.00000        0.00000

   Energies (kJ/mol)
       G96Angle    Proper Dih.          LJ-14     Coulomb-14        LJ (SR)
    5.83136e+02    4.27881e+02    2.18138e+04   -1.08952e+03    7.43489e+04
  Disper. corr.   Coulomb (SR)   Coul. recip.      Potential    Kinetic En.
   -4.68916e+03   -5.26456e+05    2.96990e+03   -4.32091e+05    8.60775e+04
   Total Energy  Conserved En.    Temperature Pres. DC (bar) Pressure (bar)
   -3.46013e+05   -4.69474e+05    3.09425e+02   -2.27289e+02    6.58241e+02
   Constr. rmsd
    9.18621e-04

           Step           Time         Lambda
         100500      201.00000        0.00000

   Energies (kJ/mol)
       G96Angle    Proper Dih.          LJ-14     Coulomb-14        LJ (SR)
    6.29083e+02    4.21822e+02    2.17583e+04   -1.07668e+03    7.41924e+04
  Disper. corr.   Coulomb (SR)   Coul. recip.      Potential    Kinetic En.
   -4.68916e+03   -5.26122e+05    2.85590e+03   -4.32030e+05    8.53549e+04
   Total Energy  Conserved En.    Temperature Pres. DC (bar) Pressure (bar)
   -3.46675e+05   -4.69854e+05    3.06828e+02   -2.27289e+02    2.70955e+02
   Constr. rmsd
    9.70265e-04

           Step           Time         Lambda
         101000      202.00000        0.00000

   Energies (kJ/mol)
       G96Angle    Proper Dih.          LJ-14     Coulomb-14        LJ (SR)
    5.74731e+02    3.99820e+02    2.17381e+04   -1.10546e+03    7.45499e+04
  Disper. corr.   Coulomb (SR)   Coul. recip.      Potential    Kinetic En.
   -4.68916e+03   -5.26790e+05    2.96036e+03   -4.32361e+05    8.60145e+04
   Total Energy  Conserved En.    Temperature Pres. DC (bar) Pressure (bar)
   -3.46347e+05   -4.70223e+05    3.09199e+02   -2.27289e+02    5.86314e+02
   Constr. rmsd
    9.33977e-04

           Step           Time         Lambda
         101500      203.00000        0.00000

   Energies (kJ/mol)
       G96Angle    Proper Dih.          LJ-14     Coulomb-14        LJ (SR)
    5.85658e+02    4.01022e+02    2.17766e+04   -1.10472e+03    7.59936e+04
  Disper. corr.   Coulomb (SR)   Coul. recip.      Potential    Kinetic En.
   -4.68916e+03   -5.28635e+05    2.88538e+03   -4.32786e+05    8.62811e+04
   Total Energy  Conserved En.    Temperature Pres. DC (bar) Pressure (bar)
   -3.46505e+05   -4.70587e+05    3.10157e+02   -2.27289e+02    8.33266e+02
   Constr. rmsd
    9.10966e-04

           Step           Time         Lambda
         102000      204.00000        0.00000

   Energies (kJ/mol)
       G96Angle    Proper Dih.          LJ-14     Coulomb-14        LJ (SR)
    5.56946e+02    4.02616e+02    2.17248e+04   -1.09388e+03    7.35060e+04
  Disper. corr.   Coulomb (SR)   Coul. recip.      Potential    Kinetic En.
   -4.68916e+03   -5.25500e+05    2.97403e+03   -4.32119e+05    8.54179e+04
   Total Energy  Conserved En.    Temperature Pres. DC (bar) Pressure (bar)
   -3.46701e+05   -4.70948e+05    3.07054e+02   -2.27289e+02   -4.74758e+01
   Constr. rmsd
    1.01084e-03

           Step           Time         Lambda
         102500      205.00000        0.00000

   Energies (kJ/mol)
       G96Angle    Proper Dih.          LJ-14     Coulomb-14        LJ (SR)
    6.08007e+02    4.09110e+02    2.17544e+04   -1.10502e+03    7.46082e+04
  Disper. corr.   Coulomb (SR)   Coul. recip.      Potential    Kinetic En.
   -4.68916e+03   -5.26817e+05    2.87320e+03   -4.32358e+05    8.63730e+04
   Total Energy  Conserved En.    Temperature Pres. DC (bar) Pressure (bar)
   -3.45985e+05   -4.71272e+05    3.10487e+02   -2.27289e+02    3.12922e+02
   Constr. rmsd
    9.72798e-04

           Step           Time         Lambda
         103000      206.00000        0.00000

   Energies (kJ/mol)
       G96Angle    Proper Dih.          LJ-14     Coulomb-14        LJ (SR)
    6.05326e+02    4.16433e+02    2.17665e+04   -1.11233e+03    7.41162e+04
  Disper. corr.   Coulomb (SR)   Coul. recip.      Potential    Kinetic En.
   -4.68916e+03   -5.26913e+05    2.90033e+03   -4.32910e+05    8.65826e+04
   Total Energy  Conserved En.    Temperature Pres. DC (bar) Pressure (bar)
   -3.46327e+05   -4.71618e+05    3.11241e+02   -2.27289e+02    3.11974e+02
   Constr. rmsd
    9.54077e-04

           Step           Time         Lambda
         103500      207.00000        0.00000

   Energies (kJ/mol)
       G96Angle    Proper Dih.          LJ-14     Coulomb-14        LJ (SR)
    6.04427e+02    3.78244e+02    2.17019e+04   -1.10229e+03    7.38521e+04
  Disper. corr.   Coulomb (SR)   Coul. recip.      Potential    Kinetic En.
   -4.68916e+03   -5.26843e+05    2.84889e+03   -4.33249e+05    8.70488e+04
   Total Energy  Conserved En.    Temperature Pres. DC (bar) Pressure (bar)
   -3.46200e+05   -4.71998e+05    3.12917e+02   -2.27289e+02   -2.20646e+02
   Constr. rmsd
    1.05112e-03

           Step           Time         Lambda
         104000      208.00000        0.00000

   Energies (kJ/mol)
       G96Angle    Proper Dih.          LJ-14     Coulomb-14        LJ (SR)
    5.96819e+02    4.02245e+02    2.17554e+04   -1.11086e+03    7.30385e+04
  Disper. corr.   Coulomb (SR)   Coul. recip.      Potential    Kinetic En.
   -4.68916e+03   -5.25432e+05    2.92680e+03   -4.32512e+05    8.60716e+04
   Total Energy  Conserved En.    Temperature Pres. DC (bar) Pressure (bar)
   -3.46440e+05   -4.72327e+05    3.09404e+02   -2.27289e+02    1.51827e+01
   Constr. rmsd
    9.82087e-04

           Step           Time         Lambda
         104500      209.00000        0.00000

   Energies (kJ/mol)
       G96Angle    Proper Dih.          LJ-14     Coulomb-14        LJ (SR)
    5.33810e+02    4.10930e+02    2.16649e+04   -1.08426e+03    7.34312e+04
  Disper. corr.   Coulomb (SR)   Coul. recip.      Potential    Kinetic En.
   -4.68916e+03   -5.27171e+05    2.83153e+03   -4.34072e+05    8.59200e+04
   Total Energy  Conserved En.    Temperature Pres. DC (bar) Pressure (bar)
   -3.48152e+05   -4.72650e+05    3.08859e+02   -2.27289e+02    1.53129e+02
   Constr. rmsd
    9.42756e-04

           Step           Time         Lambda
         105000      210.00000        0.00000

   Energies (kJ/mol)
       G96Angle    Proper Dih.          LJ-14     Coulomb-14        LJ (SR)
    6.19682e+02    4.24811e+02    2.17833e+04   -1.07732e+03    7.44747e+04
  Disper. corr.   Coulomb (SR)   Coul. recip.      Potential    Kinetic En.
   -4.68916e+03   -5.27628e+05    2.88438e+03   -4.33207e+05    8.60352e+04
   Total Energy  Conserved En.    Temperature Pres. DC (bar) Pressure (bar)
   -3.47172e+05   -4.72949e+05    3.09273e+02   -2.27289e+02    8.68071e+02
   Constr. rmsd
    8.64479e-04

           Step           Time         Lambda
         105500      211.00000        0.00000

   Energies (kJ/mol)
       G96Angle    Proper Dih.          LJ-14     Coulomb-14        LJ (SR)
    5.68264e+02    4.18634e+02    2.17540e+04   -1.08340e+03    7.47984e+04
  Disper. corr.   Coulomb (SR)   Coul. recip.      Potential    Kinetic En.
   -4.68916e+03   -5.27836e+05    2.91736e+03   -4.33152e+05    8.65026e+04
   Total Energy  Conserved En.    Temperature Pres. DC (bar) Pressure (bar)
   -3.46649e+05   -4.73275e+05    3.10953e+02   -2.27289e+02    6.08494e+02
   Constr. rmsd
    9.24855e-04

           Step           Time         Lambda
         106000      212.00000        0.00000

   Energies (kJ/mol)
       G96Angle    Proper Dih.          LJ-14     Coulomb-14        LJ (SR)
    5.47026e+02    4.04456e+02    2.16888e+04   -1.07092e+03    7.36243e+04
  Disper. corr.   Coulomb (SR)   Coul. recip.      Potential    Kinetic En.
   -4.68916e+03   -5.27065e+05    2.90883e+03   -4.33651e+05    8.63952e+04
   Total Energy  Conserved En.    Temperature Pres. DC (bar) Pressure (bar)
   -3.47256e+05   -4.73653e+05    3.10567e+02   -2.27289e+02   -2.07404e+02
   Constr. rmsd
    1.02977e-03

           Step           Time         Lambda
         106500      213.00000        0.00000

   Energies (kJ/mol)
       G96Angle    Proper Dih.          LJ-14     Coulomb-14        LJ (SR)
    5.23170e+02    3.77221e+02    2.16972e+04   -1.09362e+03    7.32328e+04
  Disper. corr.   Coulomb (SR)   Coul. recip.      Potential    Kinetic En.
   -4.68916e+03   -5.25805e+05    2.91443e+03   -4.32843e+05    8.60046e+04
   Total Energy  Conserved En.    Temperature Pres. DC (bar) Pressure (bar)
   -3.46839e+05   -4.73970e+05    3.09163e+02   -2.27289e+02    1.89442e+02
   Constr. rmsd
    9.54140e-04

           Step           Time         Lambda
         107000      214.00000        0.00000

   Energies (kJ/mol)
       G96Angle    Proper Dih.          LJ-14     Coulomb-14        LJ (SR)
    6.07020e+02    3.95053e+02    2.17558e+04   -1.12840e+03    7.48502e+04
  Disper. corr.   Coulomb (SR)   Coul. recip.      Potential    Kinetic En.
   -4.68916e+03   -5.27818e+05    2.89489e+03   -4.33132e+05    8.62147e+04
   Total Energy  Conserved En.    Temperature Pres. DC (bar) Pressure (bar)
   -3.46918e+05   -4.74289e+05    3.09918e+02   -2.27289e+02    5.00224e+02
   Constr. rmsd
    9.36609e-04

           Step           Time         Lambda
         107500      215.00000        0.00000

   Energies (kJ/mol)
       G96Angle    Proper Dih.          LJ-14     Coulomb-14        LJ (SR)
    5.85851e+02    4.08270e+02    2.17370e+04   -1.11438e+03    7.44388e+04
  Disper. corr.   Coulomb (SR)   Coul. recip.      Potential    Kinetic En.
   -4.68916e+03   -5.27678e+05    2.84561e+03   -4.33466e+05    8.69420e+04
   Total Energy  Conserved En.    Temperature Pres. DC (bar) Pressure (bar)
   -3.46524e+05   -4.74652e+05    3.12533e+02   -2.27289e+02    1.13629e+02
   Constr. rmsd
    1.00323e-03

           Step           Time         Lambda
         108000      216.00000        0.00000

   Energies (kJ/mol)
       G96Angle    Proper Dih.          LJ-14     Coulomb-14        LJ (SR)
    5.83266e+02    3.76117e+02    2.17242e+04   -1.08170e+03    7.28266e+04
  Disper. corr.   Coulomb (SR)   Coul. recip.      Potential    Kinetic En.
   -4.68916e+03   -5.25224e+05    2.90081e+03   -4.32584e+05    8.61632e+04
   Total Energy  Conserved En.    Temperature Pres. DC (bar) Pressure (bar)
   -3.46421e+05   -4.74988e+05    3.09733e+02   -2.27289e+02   -1.73250e+02
   Constr. rmsd
    1.00706e-03

           Step           Time         Lambda
         108500      217.00000        0.00000

   Energies (kJ/mol)
       G96Angle    Proper Dih.          LJ-14     Coulomb-14        LJ (SR)
    6.38891e+02    4.14261e+02    2.18426e+04   -1.09687e+03    7.51447e+04
  Disper. corr.   Coulomb (SR)   Coul. recip.      Potential    Kinetic En.
   -4.68916e+03   -5.28166e+05    2.95603e+03   -4.32955e+05    8.67486e+04
   Total Energy  Conserved En.    Temperature Pres. DC (bar) Pressure (bar)
   -3.46207e+05   -4.75280e+05    3.11838e+02   -2.27289e+02    9.52036e+02
   Constr. rmsd
    8.75745e-04

           Step           Time         Lambda
         109000      218.00000        0.00000

   Energies (kJ/mol)
       G96Angle    Proper Dih.          LJ-14     Coulomb-14        LJ (SR)
    6.31614e+02    4.12044e+02    2.16951e+04   -1.10973e+03    7.38756e+04
  Disper. corr.   Coulomb (SR)   Coul. recip.      Potential    Kinetic En.
   -4.68916e+03   -5.26649e+05    2.90484e+03   -4.32928e+05    8.61190e+04
   Total Energy  Conserved En.    Temperature Pres. DC (bar) Pressure (bar)
   -3.46809e+05   -4.75658e+05    3.09574e+02   -2.27289e+02   -1.82881e+02
   Constr. rmsd
    1.03600e-03

           Step           Time         Lambda
         109500      219.00000        0.00000

   Energies (kJ/mol)
       G96Angle    Proper Dih.          LJ-14     Coulomb-14        LJ (SR)
    5.90169e+02    4.20293e+02    2.17875e+04   -1.07797e+03    7.58968e+04
  Disper. corr.   Coulomb (SR)   Coul. recip.      Potential    Kinetic En.
   -4.68916e+03   -5.29097e+05    2.92077e+03   -4.33248e+05    8.59312e+04
   Total Energy  Conserved En.    Temperature Pres. DC (bar) Pressure (bar)
   -3.47317e+05   -4.75918e+05    3.08899e+02   -2.27289e+02    1.11271e+03
   Constr. rmsd
    8.61722e-04

           Step           Time         Lambda
         110000      220.00000        0.00000

   Energies (kJ/mol)
       G96Angle    Proper Dih.          LJ-14     Coulomb-14        LJ (SR)
    6.46076e+02    4.29543e+02    2.17997e+04   -1.08691e+03    7.49102e+04
  Disper. corr.   Coulomb (SR)   Coul. recip.      Potential    Kinetic En.
   -4.68916e+03   -5.28551e+05    2.94009e+03   -4.33601e+05    8.68483e+04
   Total Energy  Conserved En.    Temperature Pres. DC (bar) Pressure (bar)
   -3.46753e+05   -4.76285e+05    3.12196e+02   -2.27289e+02    7.03402e+02
   Constr. rmsd
    9.00245e-04

           Step           Time         Lambda
         110500      221.00000        0.00000

   Energies (kJ/mol)
       G96Angle    Proper Dih.          LJ-14     Coulomb-14        LJ (SR)
    6.03545e+02    4.23809e+02    2.17665e+04   -1.07841e+03    7.30332e+04
  Disper. corr.   Coulomb (SR)   Coul. recip.      Potential    Kinetic En.
   -4.68916e+03   -5.25414e+05    2.83508e+03   -4.32520e+05    8.61504e+04
   Total Energy  Conserved En.    Temperature Pres. DC (bar) Pressure (bar)
   -3.46369e+05   -4.76671e+05    3.09687e+02   -2.27289e+02   -1.31728e+02
   Constr. rmsd
    1.01293e-03

           Step           Time         Lambda
         111000      222.00000        0.00000

   Energies (kJ/mol)
       G96Angle    Proper Dih.          LJ-14     Coulomb-14        LJ (SR)
    5.99552e+02    3.96589e+02    2.17687e+04   -1.08494e+03    7.51900e+04
  Disper. corr.   Coulomb (SR)   Coul. recip.      Potential    Kinetic En.
   -4.68916e+03   -5.28373e+05    2.94503e+03   -4.33247e+05    8.60612e+04
   Total Energy  Conserved En.    Temperature Pres. DC (bar) Pressure (bar)
   -3.47186e+05   -4.77013e+05    3.09366e+02   -2.27289e+02    3.22092e+02
   Constr. rmsd
    9.78091e-04

           Step           Time         Lambda
         111500      223.00000        0.00000

   Energies (kJ/mol)
       G96Angle    Proper Dih.          LJ-14     Coulomb-14        LJ (SR)
    5.53164e+02    4.06117e+02    2.17444e+04   -1.08690e+03    7.40984e+04
  Disper. corr.   Coulomb (SR)   Coul. recip.      Potential    Kinetic En.
   -4.68916e+03   -5.27281e+05    2.84140e+03   -4.33413e+05    8.60326e+04
   Total Energy  Conserved En.    Temperature Pres. DC (bar) Pressure (bar)
   -3.47381e+05   -4.77333e+05    3.09264e+02   -2.27289e+02    1.27002e+02
   Constr. rmsd
    9.85316e-04

           Step           Time         Lambda
         112000      224.00000        0.00000

   Energies (kJ/mol)
       G96Angle    Proper Dih.          LJ-14     Coulomb-14        LJ (SR)
    5.92199e+02    4.08877e+02    2.16988e+04   -1.11012e+03    7.44281e+04
  Disper. corr.   Coulomb (SR)   Coul. recip.      Potential    Kinetic En.
   -4.68916e+03   -5.27000e+05    2.85523e+03   -4.32816e+05    8.63336e+04
   Total Energy  Conserved En.    Temperature Pres. DC (bar) Pressure (bar)
   -3.46482e+05   -4.77685e+05    3.10346e+02   -2.27289e+02   -4.67595e+01
   Constr. rmsd
    1.01965e-03

           Step           Time         Lambda
         112500      225.00000        0.00000

   Energies (kJ/mol)
       G96Angle    Proper Dih.          LJ-14     Coulomb-14        LJ (SR)
    5.50004e+02    4.03527e+02    2.17279e+04   -1.09979e+03    7.52562e+04
  Disper. corr.   Coulomb (SR)   Coul. recip.      Potential    Kinetic En.
   -4.68916e+03   -5.28514e+05    2.80962e+03   -4.33555e+05    8.57991e+04
   Total Energy  Conserved En.    Temperature Pres. DC (bar) Pressure (bar)
   -3.47756e+05   -4.78026e+05    3.08424e+02   -2.27289e+02    3.07084e+02
   Constr. rmsd
    9.78298e-04

           Step           Time         Lambda
         113000      226.00000        0.00000

   Energies (kJ/mol)
       G96Angle    Proper Dih.          LJ-14     Coulomb-14        LJ (SR)
    5.77120e+02    4.22046e+02    2.17677e+04   -1.09114e+03    7.46888e+04
  Disper. corr.   Coulomb (SR)   Coul. recip.      Potential    Kinetic En.
   -4.68916e+03   -5.27643e+05    2.83518e+03   -4.33132e+05    8.69848e+04
   Total Energy  Conserved En.    Temperature Pres. DC (bar) Pressure (bar)
   -3.46148e+05   -4.78370e+05    3.12687e+02   -2.27289e+02    1.89574e+01
   Constr. rmsd
    1.02228e-03

           Step           Time         Lambda
         113500      227.00000        0.00000

   Energies (kJ/mol)
       G96Angle    Proper Dih.          LJ-14     Coulomb-14        LJ (SR)
    5.83229e+02    4.27930e+02    2.17653e+04   -1.07672e+03    7.45591e+04
  Disper. corr.   Coulomb (SR)   Coul. recip.      Potential    Kinetic En.
   -4.68916e+03   -5.26770e+05    2.85995e+03   -4.32340e+05    8.60524e+04
   Total Energy  Conserved En.    Temperature Pres. DC (bar) Pressure (bar)
   -3.46288e+05   -4.78722e+05    3.09335e+02   -2.27289e+02    6.09207e+02
   Constr. rmsd
    9.29736e-04

           Step           Time         Lambda
         114000      228.00000        0.00000

   Energies (kJ/mol)
       G96Angle    Proper Dih.          LJ-14     Coulomb-14        LJ (SR)
    6.48267e+02    4.15606e+02    2.17351e+04   -1.08057e+03    7.43725e+04
  Disper. corr.   Coulomb (SR)   Coul. recip.      Potential    Kinetic En.
   -4.68916e+03   -5.27095e+05    2.89709e+03   -4.32796e+05    8.65120e+04
   Total Energy  Conserved En.    Temperature Pres. DC (bar) Pressure (bar)
   -3.46284e+05   -4.79104e+05    3.10987e+02   -2.27289e+02    3.58798e+02
   Constr. rmsd
    9.54260e-04

           Step           Time         Lambda
         114500      229.00000        0.00000

   Energies (kJ/mol)
       G96Angle    Proper Dih.          LJ-14     Coulomb-14        LJ (SR)
    5.65659e+02    4.08343e+02    2.17131e+04   -1.08806e+03    7.48730e+04
  Disper. corr.   Coulomb (SR)   Coul. recip.      Potential    Kinetic En.
   -4.68916e+03   -5.26459e+05    2.89612e+03   -4.31780e+05    8.54355e+04
   Total Energy  Conserved En.    Temperature Pres. DC (bar) Pressure (bar)
   -3.46345e+05   -4.79458e+05    3.07117e+02   -2.27289e+02    3.02431e+02
   Constr. rmsd
    9.89802e-04

           Step           Time         Lambda
         115000      230.00000        0.00000

   Energies (kJ/mol)
       G96Angle    Proper Dih.          LJ-14     Coulomb-14        LJ (SR)
    5.95405e+02    3.69250e+02    2.17210e+04   -1.10834e+03    7.38141e+04
  Disper. corr.   Coulomb (SR)   Coul. recip.      Potential    Kinetic En.
   -4.68916e+03   -5.25422e+05    2.87085e+03   -4.31849e+05    8.56891e+04
   Total Energy  Conserved En.    Temperature Pres. DC (bar) Pressure (bar)
   -3.46159e+05   -4.79753e+05    3.08029e+02   -2.27289e+02    2.06982e+02
   Constr. rmsd
    9.84652e-04

           Step           Time         Lambda
         115500      231.00000        0.00000

   Energies (kJ/mol)
       G96Angle    Proper Dih.          LJ-14     Coulomb-14        LJ (SR)
    6.09984e+02    4.18947e+02    2.17627e+04   -1.07568e+03    7.50368e+04
  Disper. corr.   Coulomb (SR)   Coul. recip.      Potential    Kinetic En.
   -4.68916e+03   -5.28356e+05    2.86563e+03   -4.33427e+05    8.62076e+04
   Total Energy  Conserved En.    Temperature Pres. DC (bar) Pressure (bar)
   -3.47219e+05   -4.80123e+05    3.09893e+02   -2.27289e+02    5.11862e+02
   Constr. rmsd
    9.35235e-04

           Step           Time         Lambda
         116000      232.00000        0.00000

   Energies (kJ/mol)
       G96Angle    Proper Dih.          LJ-14     Coulomb-14        LJ (SR)
    5.81816e+02    4.16685e+02    2.17447e+04   -1.08273e+03    7.43783e+04
  Disper. corr.   Coulomb (SR)   Coul. recip.      Potential    Kinetic En.
   -4.68916e+03   -5.27330e+05    2.90052e+03   -4.33079e+05    8.55992e+04
   Total Energy  Conserved En.    Temperature Pres. DC (bar) Pressure (bar)
   -3.47480e+05   -4.80478e+05    3.07706e+02   -2.27289e+02    3.34537e+02
   Constr. rmsd
    9.50537e-04

           Step           Time         Lambda
         116500      233.00000        0.00000

   Energies (kJ/mol)
       G96Angle    Proper Dih.          LJ-14     Coulomb-14        LJ (SR)
    5.53356e+02    4.23709e+02    2.17336e+04   -1.07776e+03    7.56682e+04
  Disper. corr.   Coulomb (SR)   Coul. recip.      Potential    Kinetic En.
   -4.68916e+03   -5.29163e+05    2.90145e+03   -4.33650e+05    8.70026e+04
   Total Energy  Conserved En.    Temperature Pres. DC (bar) Pressure (bar)
   -3.46647e+05   -4.80820e+05    3.12751e+02   -2.27289e+02    1.56715e+02
   Constr. rmsd
    1.01558e-03

           Step           Time         Lambda
         117000      234.00000        0.00000

   Energies (kJ/mol)
       G96Angle    Proper Dih.          LJ-14     Coulomb-14        LJ (SR)
    5.58412e+02    4.01726e+02    2.17048e+04   -1.09475e+03    7.32210e+04
  Disper. corr.   Coulomb (SR)   Coul. recip.      Potential    Kinetic En.
   -4.68916e+03   -5.25989e+05    2.96561e+03   -4.32922e+05    8.60772e+04
   Total Energy  Conserved En.    Temperature Pres. DC (bar) Pressure (bar)
   -3.46844e+05   -4.81131e+05    3.09424e+02   -2.27289e+02    2.48141e+02
   Constr. rmsd
    9.41721e-04

           Step           Time         Lambda
         117500      235.00000        0.00000

   Energies (kJ/mol)
       G96Angle    Proper Dih.          LJ-14     Coulomb-14        LJ (SR)
    5.84523e+02    4.06361e+02    2.17232e+04   -1.09461e+03    7.33969e+04
  Disper. corr.   Coulomb (SR)   Coul. recip.      Potential    Kinetic En.
   -4.68916e+03   -5.24834e+05    2.91504e+03   -4.31591e+05    8.62034e+04
   Total Energy  Conserved En.    Temperature Pres. DC (bar) Pressure (bar)
   -3.45388e+05   -4.81450e+05    3.09878e+02   -2.27289e+02    2.38224e+02
   Constr. rmsd
    9.56294e-04

           Step           Time         Lambda
         118000      236.00000        0.00000

   Energies (kJ/mol)
       G96Angle    Proper Dih.          LJ-14     Coulomb-14        LJ (SR)
    6.20227e+02    3.97978e+02    2.17174e+04   -1.10666e+03    7.50808e+04
  Disper. corr.   Coulomb (SR)   Coul. recip.      Potential    Kinetic En.
   -4.68916e+03   -5.27477e+05    2.88612e+03   -4.32570e+05    8.61009e+04
   Total Energy  Conserved En.    Temperature Pres. DC (bar) Pressure (bar)
   -3.46469e+05   -4.81802e+05    3.09509e+02   -2.27289e+02    5.70504e+02
   Constr. rmsd
    9.39639e-04

           Step           Time         Lambda
         118500      237.00000        0.00000

   Energies (kJ/mol)
       G96Angle    Proper Dih.          LJ-14     Coulomb-14        LJ (SR)
    5.82820e+02    4.04965e+02    2.16714e+04   -1.09110e+03    7.32031e+04
  Disper. corr.   Coulomb (SR)   Coul. recip.      Potential    Kinetic En.
   -4.68916e+03   -5.25969e+05    2.87478e+03   -4.33012e+05    8.62241e+04
   Total Energy  Conserved En.    Temperature Pres. DC (bar) Pressure (bar)
   -3.46788e+05   -4.82170e+05    3.09952e+02   -2.27289e+02   -2.94968e+02
   Constr. rmsd
    1.03339e-03

           Step           Time         Lambda
         119000      238.00000        0.00000

   Energies (kJ/mol)
       G96Angle    Proper Dih.          LJ-14     Coulomb-14        LJ (SR)
    5.32200e+02    3.87496e+02    2.17071e+04   -1.07882e+03    7.48251e+04
  Disper. corr.   Coulomb (SR)   Coul. recip.      Potential    Kinetic En.
   -4.68916e+03   -5.30027e+05    2.86721e+03   -4.35476e+05    8.56786e+04
   Total Energy  Conserved En.    Temperature Pres. DC (bar) Pressure (bar)
   -3.49798e+05   -4.82477e+05    3.07991e+02   -2.27289e+02    4.12025e+02
   Constr. rmsd
    9.26904e-04

           Step           Time         Lambda
         119500      239.00000        0.00000

   Energies (kJ/mol)
       G96Angle    Proper Dih.          LJ-14     Coulomb-14        LJ (SR)
    6.53063e+02    4.08984e+02    2.17849e+04   -1.09167e+03    7.37380e+04
  Disper. corr.   Coulomb (SR)   Coul. recip.      Potential    Kinetic En.
   -4.68916e+03   -5.27007e+05    2.92819e+03   -4.33275e+05    8.71079e+04
   Total Energy  Conserved En.    Temperature Pres. DC (bar) Pressure (bar)
   -3.46167e+05   -4.82857e+05    3.13129e+02   -2.27289e+02    5.34691e+02
   Constr. rmsd
    9.08235e-04

Writing checkpoint, step 119860 at Wed Apr  4 14:33:55 2018


           Step           Time         Lambda
         120000      240.00000        0.00000

   Energies (kJ/mol)
       G96Angle    Proper Dih.          LJ-14     Coulomb-14        LJ (SR)
    6.46824e+02    3.92431e+02    2.17994e+04   -1.07701e+03    7.42241e+04
  Disper. corr.   Coulomb (SR)   Coul. recip.      Potential    Kinetic En.
   -4.68916e+03   -5.26454e+05    2.99492e+03   -4.32162e+05    8.69354e+04
   Total Energy  Conserved En.    Temperature Pres. DC (bar) Pressure (bar)
   -3.45227e+05   -4.83225e+05    3.12509e+02   -2.27289e+02    5.20558e+02
   Constr. rmsd
    9.37598e-04

           Step           Time         Lambda
         120500      241.00000        0.00000

   Energies (kJ/mol)
       G96Angle    Proper Dih.          LJ-14     Coulomb-14        LJ (SR)
    6.27079e+02    3.72264e+02    2.16895e+04   -1.11928e+03    7.39506e+04
  Disper. corr.   Coulomb (SR)   Coul. recip.      Potential    Kinetic En.
   -4.68916e+03   -5.26361e+05    2.89713e+03   -4.32633e+05    8.60885e+04
   Total Energy  Conserved En.    Temperature Pres. DC (bar) Pressure (bar)
   -3.46544e+05   -4.83598e+05    3.09465e+02   -2.27289e+02    1.03988e+02
   Constr. rmsd
    9.90417e-04

           Step           Time         Lambda
         121000      242.00000        0.00000

   Energies (kJ/mol)
       G96Angle    Proper Dih.          LJ-14     Coulomb-14        LJ (SR)
    5.72637e+02    3.91958e+02    2.17069e+04   -1.09098e+03    7.61614e+04
  Disper. corr.   Coulomb (SR)   Coul. recip.      Potential    Kinetic En.
   -4.68916e+03   -5.28884e+05    2.91410e+03   -4.32917e+05    8.50993e+04
   Total Energy  Conserved En.    Temperature Pres. DC (bar) Pressure (bar)
   -3.47818e+05   -4.83947e+05    3.05909e+02   -2.27289e+02    5.03359e+02
   Constr. rmsd
    9.75940e-04

           Step           Time         Lambda
         121500      243.00000        0.00000

   Energies (kJ/mol)
       G96Angle    Proper Dih.          LJ-14     Coulomb-14        LJ (SR)
    6.34048e+02    4.22811e+02    2.17677e+04   -1.08706e+03    7.37588e+04
  Disper. corr.   Coulomb (SR)   Coul. recip.      Potential    Kinetic En.
   -4.68916e+03   -5.27164e+05    2.88971e+03   -4.33467e+05    8.72142e+04
   Total Energy  Conserved En.    Temperature Pres. DC (bar) Pressure (bar)
   -3.46253e+05   -4.84268e+05    3.13511e+02   -2.27289e+02    4.74518e+02
   Constr. rmsd
    9.14455e-04

           Step           Time         Lambda
         122000      244.00000        0.00000

   Energies (kJ/mol)
       G96Angle    Proper Dih.          LJ-14     Coulomb-14        LJ (SR)
    5.81472e+02    3.84725e+02    2.17234e+04   -1.07846e+03    7.43255e+04
  Disper. corr.   Coulomb (SR)   Coul. recip.      Potential    Kinetic En.
   -4.68916e+03   -5.27988e+05    2.88575e+03   -4.33855e+05    8.64029e+04
   Total Energy  Conserved En.    Temperature Pres. DC (bar) Pressure (bar)
   -3.47452e+05   -4.84611e+05    3.10595e+02   -2.27289e+02    5.52679e+02
   Constr. rmsd
    9.11171e-04

           Step           Time         Lambda
         122500      245.00000        0.00000

   Energies (kJ/mol)
       G96Angle    Proper Dih.          LJ-14     Coulomb-14        LJ (SR)
    5.85808e+02    3.57568e+02    2.17530e+04   -1.08399e+03    7.50862e+04
  Disper. corr.   Coulomb (SR)   Coul. recip.      Potential    Kinetic En.
   -4.68916e+03   -5.29531e+05    2.77608e+03   -4.34746e+05    8.59521e+04
   Total Energy  Conserved En.    Temperature Pres. DC (bar) Pressure (bar)
   -3.48793e+05   -4.84959e+05    3.08974e+02   -2.27289e+02    5.91839e+02
   Constr. rmsd
    9.15523e-04

           Step           Time         Lambda
         123000      246.00000        0.00000

   Energies (kJ/mol)
       G96Angle    Proper Dih.          LJ-14     Coulomb-14        LJ (SR)
    5.73010e+02    4.05673e+02    2.17104e+04   -1.10720e+03    7.41722e+04
  Disper. corr.   Coulomb (SR)   Coul. recip.      Potential    Kinetic En.
   -4.68916e+03   -5.27445e+05    2.92106e+03   -4.33459e+05    8.55303e+04
   Total Energy  Conserved En.    Temperature Pres. DC (bar) Pressure (bar)
   -3.47929e+05   -4.85338e+05    3.07458e+02   -2.27289e+02    3.10207e+02
   Constr. rmsd
    9.60736e-04

           Step           Time         Lambda
         123500      247.00000        0.00000

   Energies (kJ/mol)
       G96Angle    Proper Dih.          LJ-14     Coulomb-14        LJ (SR)
    5.24816e+02    4.02728e+02    2.16819e+04   -1.07778e+03    7.35149e+04
  Disper. corr.   Coulomb (SR)   Coul. recip.      Potential    Kinetic En.
   -4.68916e+03   -5.27008e+05    2.92108e+03   -4.33729e+05    8.52586e+04
   Total Energy  Conserved En.    Temperature Pres. DC (bar) Pressure (bar)
   -3.48471e+05   -4.85654e+05    3.06481e+02   -2.27289e+02    4.00932e+02
   Constr. rmsd
    9.12872e-04

           Step           Time         Lambda
         124000      248.00000        0.00000

   Energies (kJ/mol)
       G96Angle    Proper Dih.          LJ-14     Coulomb-14        LJ (SR)
    5.62276e+02    4.12079e+02    2.17657e+04   -1.11537e+03    7.38965e+04
  Disper. corr.   Coulomb (SR)   Coul. recip.      Potential    Kinetic En.
   -4.68916e+03   -5.26909e+05    2.86867e+03   -4.33208e+05    8.69020e+04
   Total Energy  Conserved En.    Temperature Pres. DC (bar) Pressure (bar)
   -3.46306e+05   -4.85974e+05    3.12389e+02   -2.27289e+02    5.05338e+02
   Constr. rmsd
    9.11400e-04

           Step           Time         Lambda
         124500      249.00000        0.00000

   Energies (kJ/mol)
       G96Angle    Proper Dih.          LJ-14     Coulomb-14        LJ (SR)
    6.05304e+02    4.19533e+02    2.17831e+04   -1.08510e+03    7.39058e+04
  Disper. corr.   Coulomb (SR)   Coul. recip.      Potential    Kinetic En.
   -4.68916e+03   -5.26865e+05    2.90081e+03   -4.33025e+05    8.70019e+04
   Total Energy  Conserved En.    Temperature Pres. DC (bar) Pressure (bar)
   -3.46023e+05   -4.86326e+05    3.12748e+02   -2.27289e+02    2.81229e+02
   Constr. rmsd
    9.61194e-04

           Step           Time         Lambda
         125000      250.00000        0.00000

   Energies (kJ/mol)
       G96Angle    Proper Dih.          LJ-14     Coulomb-14        LJ (SR)
    6.08856e+02    4.03990e+02    2.17477e+04   -1.07739e+03    7.36702e+04
  Disper. corr.   Coulomb (SR)   Coul. recip.      Potential    Kinetic En.
   -4.68916e+03   -5.27113e+05    2.86971e+03   -4.33579e+05    8.60442e+04
   Total Energy  Conserved En.    Temperature Pres. DC (bar) Pressure (bar)
   -3.47535e+05   -4.86687e+05    3.09305e+02   -2.27289e+02    2.10162e+01
   Constr. rmsd
    9.89298e-04

           Step           Time         Lambda
         125500      251.00000        0.00000

   Energies (kJ/mol)
       G96Angle    Proper Dih.          LJ-14     Coulomb-14        LJ (SR)
    5.69595e+02    4.28603e+02    2.16576e+04   -1.09787e+03    7.44809e+04
  Disper. corr.   Coulomb (SR)   Coul. recip.      Potential    Kinetic En.
   -4.68916e+03   -5.27616e+05    2.83306e+03   -4.33433e+05    8.58996e+04
   Total Energy  Conserved En.    Temperature Pres. DC (bar) Pressure (bar)
   -3.47533e+05   -4.87036e+05    3.08785e+02   -2.27289e+02   -2.30557e+02
   Constr. rmsd
    1.05916e-03

           Step           Time         Lambda
         126000      252.00000        0.00000

   Energies (kJ/mol)
       G96Angle    Proper Dih.          LJ-14     Coulomb-14        LJ (SR)
    6.01603e+02    4.23563e+02    2.17783e+04   -1.09889e+03    7.54743e+04
  Disper. corr.   Coulomb (SR)   Coul. recip.      Potential    Kinetic En.
   -4.68916e+03   -5.27790e+05    2.91356e+03   -4.32387e+05    8.64142e+04
   Total Energy  Conserved En.    Temperature Pres. DC (bar) Pressure (bar)
   -3.45973e+05   -4.87367e+05    3.10635e+02   -2.27289e+02    2.37627e+02
   Constr. rmsd
    1.01210e-03

           Step           Time         Lambda
         126500      253.00000        0.00000

   Energies (kJ/mol)
       G96Angle    Proper Dih.          LJ-14     Coulomb-14        LJ (SR)
    6.03496e+02    4.21298e+02    2.17409e+04   -1.09960e+03    7.29401e+04
  Disper. corr.   Coulomb (SR)   Coul. recip.      Potential    Kinetic En.
   -4.68916e+03   -5.25886e+05    2.86376e+03   -4.33105e+05    8.66216e+04
   Total Energy  Conserved En.    Temperature Pres. DC (bar) Pressure (bar)
   -3.46484e+05   -4.87688e+05    3.11381e+02   -2.27289e+02    1.78264e+02
   Constr. rmsd
    9.44680e-04

           Step           Time         Lambda
         127000      254.00000        0.00000

   Energies (kJ/mol)
       G96Angle    Proper Dih.          LJ-14     Coulomb-14        LJ (SR)
    5.21834e+02    3.74209e+02    2.16341e+04   -1.10726e+03    7.40278e+04
  Disper. corr.   Coulomb (SR)   Coul. recip.      Potential    Kinetic En.
   -4.68916e+03   -5.28086e+05    2.81004e+03   -4.34514e+05    8.56445e+04
   Total Energy  Conserved En.    Temperature Pres. DC (bar) Pressure (bar)
   -3.48870e+05   -4.88080e+05    3.07869e+02   -2.27289e+02   -2.03286e+02
   Constr. rmsd
    1.01962e-03

           Step           Time         Lambda
         127500      255.00000        0.00000

   Energies (kJ/mol)
       G96Angle    Proper Dih.          LJ-14     Coulomb-14        LJ (SR)
    5.83207e+02    3.78512e+02    2.17355e+04   -1.09530e+03    7.39840e+04
  Disper. corr.   Coulomb (SR)   Coul. recip.      Potential    Kinetic En.
   -4.68916e+03   -5.26852e+05    2.81703e+03   -4.33139e+05    8.60506e+04
   Total Energy  Conserved En.    Temperature Pres. DC (bar) Pressure (bar)
   -3.47088e+05   -4.88418e+05    3.09328e+02   -2.27289e+02    2.20033e+02
   Constr. rmsd
    9.72298e-04

           Step           Time         Lambda
         128000      256.00000        0.00000

   Energies (kJ/mol)
       G96Angle    Proper Dih.          LJ-14     Coulomb-14        LJ (SR)
    6.51891e+02    4.24238e+02    2.17340e+04   -1.07491e+03    7.46363e+04
  Disper. corr.   Coulomb (SR)   Coul. recip.      Potential    Kinetic En.
   -4.68916e+03   -5.27730e+05    2.93266e+03   -4.33115e+05    8.64646e+04
   Total Energy  Conserved En.    Temperature Pres. DC (bar) Pressure (bar)
   -3.46650e+05   -4.88801e+05    3.10817e+02   -2.27289e+02    2.69899e+02
   Constr. rmsd
    9.81771e-04

           Step           Time         Lambda
         128500      257.00000        0.00000

   Energies (kJ/mol)
       G96Angle    Proper Dih.          LJ-14     Coulomb-14        LJ (SR)
    5.64215e+02    4.19874e+02    2.17417e+04   -1.08257e+03    7.45727e+04
  Disper. corr.   Coulomb (SR)   Coul. recip.      Potential    Kinetic En.
   -4.68916e+03   -5.29087e+05    2.85463e+03   -4.34706e+05    8.60058e+04
   Total Energy  Conserved En.    Temperature Pres. DC (bar) Pressure (bar)
   -3.48700e+05   -4.89117e+05    3.09167e+02   -2.27289e+02    4.64141e+02
   Constr. rmsd
    9.18546e-04

           Step           Time         Lambda
         129000      258.00000        0.00000

   Energies (kJ/mol)
       G96Angle    Proper Dih.          LJ-14     Coulomb-14        LJ (SR)
    6.11212e+02    3.82105e+02    2.16848e+04   -1.11703e+03    7.43376e+04
  Disper. corr.   Coulomb (SR)   Coul. recip.      Potential    Kinetic En.
   -4.68916e+03   -5.28392e+05    2.85576e+03   -4.34326e+05    8.61962e+04
   Total Energy  Conserved En.    Temperature Pres. DC (bar) Pressure (bar)
   -3.48130e+05   -4.89479e+05    3.09852e+02   -2.27289e+02    1.78987e+02
   Constr. rmsd
    9.69984e-04

           Step           Time         Lambda
         129500      259.00000        0.00000

   Energies (kJ/mol)
       G96Angle    Proper Dih.          LJ-14     Coulomb-14        LJ (SR)
    5.79512e+02    3.75977e+02    2.17350e+04   -1.10350e+03    7.42148e+04
  Disper. corr.   Coulomb (SR)   Coul. recip.      Potential    Kinetic En.
   -4.68916e+03   -5.27633e+05    2.85300e+03   -4.33667e+05    8.66237e+04
   Total Energy  Conserved En.    Temperature Pres. DC (bar) Pressure (bar)
   -3.47044e+05   -4.89849e+05    3.11388e+02   -2.27289e+02    1.53313e+02
   Constr. rmsd
    9.80908e-04

           Step           Time         Lambda
         130000      260.00000        0.00000

   Energies (kJ/mol)
       G96Angle    Proper Dih.          LJ-14     Coulomb-14        LJ (SR)
    5.77727e+02    4.10077e+02    2.17571e+04   -1.09331e+03    7.36017e+04
  Disper. corr.   Coulomb (SR)   Coul. recip.      Potential    Kinetic En.
   -4.68916e+03   -5.26136e+05    2.88582e+03   -4.32686e+05    8.57535e+04
   Total Energy  Conserved En.    Temperature Pres. DC (bar) Pressure (bar)
   -3.46933e+05   -4.90175e+05    3.08260e+02   -2.27289e+02    2.46086e+02
   Constr. rmsd
    9.64083e-04

           Step           Time         Lambda
         130500      261.00000        0.00000

   Energies (kJ/mol)
       G96Angle    Proper Dih.          LJ-14     Coulomb-14        LJ (SR)
    5.88857e+02    4.07930e+02    2.17311e+04   -1.09224e+03    7.43857e+04
  Disper. corr.   Coulomb (SR)   Coul. recip.      Potential    Kinetic En.
   -4.68916e+03   -5.27831e+05    2.75795e+03   -4.33741e+05    8.58484e+04
   Total Energy  Conserved En.    Temperature Pres. DC (bar) Pressure (bar)
   -3.47893e+05   -4.90500e+05    3.08602e+02   -2.27289e+02    3.68957e+02
   Constr. rmsd
    9.45910e-04

           Step           Time         Lambda
         131000      262.00000        0.00000

   Energies (kJ/mol)
       G96Angle    Proper Dih.          LJ-14     Coulomb-14        LJ (SR)
    5.69672e+02    4.34892e+02    2.17566e+04   -1.11116e+03    7.41594e+04
  Disper. corr.   Coulomb (SR)   Coul. recip.      Potential    Kinetic En.
   -4.68916e+03   -5.25628e+05    2.80044e+03   -4.31708e+05    8.56888e+04
   Total Energy  Conserved En.    Temperature Pres. DC (bar) Pressure (bar)
   -3.46019e+05   -4.90870e+05    3.08028e+02   -2.27289e+02    4.36772e+02
   Constr. rmsd
    9.53837e-04

           Step           Time         Lambda
         131500      263.00000        0.00000

   Energies (kJ/mol)
       G96Angle    Proper Dih.          LJ-14     Coulomb-14        LJ (SR)
    5.63204e+02    3.80617e+02    2.16562e+04   -1.10765e+03    7.45774e+04
  Disper. corr.   Coulomb (SR)   Coul. recip.      Potential    Kinetic En.
   -4.68916e+03   -5.28562e+05    2.82903e+03   -4.34352e+05    8.53232e+04
   Total Energy  Conserved En.    Temperature Pres. DC (bar) Pressure (bar)
   -3.49029e+05   -4.91196e+05    3.06713e+02   -2.27289e+02   -4.59566e+00
   Constr. rmsd
    1.00166e-03

           Step           Time         Lambda
         132000      264.00000        0.00000

   Energies (kJ/mol)
       G96Angle    Proper Dih.          LJ-14     Coulomb-14        LJ (SR)
    5.58769e+02    4.10779e+02    2.17530e+04   -1.08038e+03    7.31050e+04
  Disper. corr.   Coulomb (SR)   Coul. recip.      Potential    Kinetic En.
   -4.68916e+03   -5.25803e+05    2.86980e+03   -4.32876e+05    8.55338e+04
   Total Energy  Conserved En.    Temperature Pres. DC (bar) Pressure (bar)
   -3.47342e+05   -4.91504e+05    3.07471e+02   -2.27289e+02    1.34251e+02
   Constr. rmsd
    9.48156e-04

           Step           Time         Lambda
         132500      265.00000        0.00000

   Energies (kJ/mol)
       G96Angle    Proper Dih.          LJ-14     Coulomb-14        LJ (SR)
    5.58871e+02    4.23906e+02    2.17050e+04   -1.10309e+03    7.37855e+04
  Disper. corr.   Coulomb (SR)   Coul. recip.      Potential    Kinetic En.
   -4.68916e+03   -5.26586e+05    2.88623e+03   -4.33019e+05    8.54179e+04
   Total Energy  Conserved En.    Temperature Pres. DC (bar) Pressure (bar)
   -3.47601e+05   -4.91846e+05    3.07054e+02   -2.27289e+02    6.88332e+02
   Constr. rmsd
    8.83899e-04

           Step           Time         Lambda
         133000      266.00000        0.00000

   Energies (kJ/mol)
       G96Angle    Proper Dih.          LJ-14     Coulomb-14        LJ (SR)
    6.34368e+02    4.03717e+02    2.17555e+04   -1.11877e+03    7.43328e+04
  Disper. corr.   Coulomb (SR)   Coul. recip.      Potential    Kinetic En.
   -4.68916e+03   -5.25062e+05    2.89832e+03   -4.30845e+05    8.60860e+04
   Total Energy  Conserved En.    Temperature Pres. DC (bar) Pressure (bar)
   -3.44759e+05   -4.92227e+05    3.09456e+02   -2.27289e+02    2.30526e+02
   Constr. rmsd
    1.00604e-03

           Step           Time         Lambda
         133500      267.00000        0.00000

   Energies (kJ/mol)
       G96Angle    Proper Dih.          LJ-14     Coulomb-14        LJ (SR)
    5.63680e+02    4.33681e+02    2.17573e+04   -1.09128e+03    7.37030e+04
  Disper. corr.   Coulomb (SR)   Coul. recip.      Potential    Kinetic En.
   -4.68916e+03   -5.25244e+05    2.98349e+03   -4.31583e+05    8.66316e+04
   Total Energy  Conserved En.    Temperature Pres. DC (bar) Pressure (bar)
   -3.44951e+05   -4.92568e+05    3.11417e+02   -2.27289e+02    5.07530e+02
   Constr. rmsd
    9.33690e-04

           Step           Time         Lambda
         134000      268.00000        0.00000

   Energies (kJ/mol)
       G96Angle    Proper Dih.          LJ-14     Coulomb-14        LJ (SR)
    6.01419e+02    4.10525e+02    2.18107e+04   -1.09543e+03    7.48195e+04
  Disper. corr.   Coulomb (SR)   Coul. recip.      Potential    Kinetic En.
   -4.68916e+03   -5.28472e+05    2.86982e+03   -4.33745e+05    8.67132e+04
   Total Energy  Conserved En.    Temperature Pres. DC (bar) Pressure (bar)
   -3.47031e+05   -4.92914e+05    3.11710e+02   -2.27289e+02    7.18481e+02
   Constr. rmsd
    8.99301e-04

           Step           Time         Lambda
         134500      269.00000        0.00000

   Energies (kJ/mol)
       G96Angle    Proper Dih.          LJ-14     Coulomb-14        LJ (SR)
    6.30072e+02    4.11383e+02    2.17190e+04   -1.11272e+03    7.40638e+04
  Disper. corr.   Coulomb (SR)   Coul. recip.      Potential    Kinetic En.
   -4.68916e+03   -5.26595e+05    2.89930e+03   -4.32673e+05    8.56599e+04
   Total Energy  Conserved En.    Temperature Pres. DC (bar) Pressure (bar)
   -3.47014e+05   -4.93284e+05    3.07924e+02   -2.27289e+02   -5.37195e+01
   Constr. rmsd
    1.03239e-03

           Step           Time         Lambda
         135000      270.00000        0.00000

   Energies (kJ/mol)
       G96Angle    Proper Dih.          LJ-14     Coulomb-14        LJ (SR)
    5.58346e+02    3.91014e+02    2.17186e+04   -1.08984e+03    7.39260e+04
  Disper. corr.   Coulomb (SR)   Coul. recip.      Potential    Kinetic En.
   -4.68916e+03   -5.27598e+05    2.82006e+03   -4.33963e+05    8.52329e+04
   Total Energy  Conserved En.    Temperature Pres. DC (bar) Pressure (bar)
   -3.48730e+05   -4.93593e+05    3.06389e+02   -2.27289e+02    3.08586e+02
   Constr. rmsd
    9.32996e-04

           Step           Time         Lambda
         135500      271.00000        0.00000

   Energies (kJ/mol)
       G96Angle    Proper Dih.          LJ-14     Coulomb-14        LJ (SR)
    5.60556e+02    3.71530e+02    2.16585e+04   -1.06386e+03    7.37131e+04
  Disper. corr.   Coulomb (SR)   Coul. recip.      Potential    Kinetic En.
   -4.68916e+03   -5.28218e+05    2.78590e+03   -4.34882e+05    8.51287e+04
   Total Energy  Conserved En.    Temperature Pres. DC (bar) Pressure (bar)
   -3.49753e+05   -4.93915e+05    3.06015e+02   -2.27289e+02   -2.21458e+01
   Constr. rmsd
    9.79119e-04

           Step           Time         Lambda
         136000      272.00000        0.00000

   Energies (kJ/mol)
       G96Angle    Proper Dih.          LJ-14     Coulomb-14        LJ (SR)
    5.62739e+02    4.36984e+02    2.17040e+04   -1.09179e+03    7.37712e+04
  Disper. corr.   Coulomb (SR)   Coul. recip.      Potential    Kinetic En.
   -4.68916e+03   -5.26931e+05    2.88924e+03   -4.33348e+05    8.62361e+04
   Total Energy  Conserved En.    Temperature Pres. DC (bar) Pressure (bar)
   -3.47112e+05   -4.94299e+05    3.09995e+02   -2.27289e+02   -2.47917e+01
   Constr. rmsd
    9.95387e-04

           Step           Time         Lambda
         136500      273.00000        0.00000

   Energies (kJ/mol)
       G96Angle    Proper Dih.          LJ-14     Coulomb-14        LJ (SR)
    5.73849e+02    3.90654e+02    2.16875e+04   -1.08155e+03    7.50499e+04
  Disper. corr.   Coulomb (SR)   Coul. recip.      Potential    Kinetic En.
   -4.68916e+03   -5.28501e+05    2.88415e+03   -4.33686e+05    8.60333e+04
   Total Energy  Conserved En.    Temperature Pres. DC (bar) Pressure (bar)
   -3.47653e+05   -4.94649e+05    3.09266e+02   -2.27289e+02    3.33663e+02
   Constr. rmsd
    9.57044e-04

           Step           Time         Lambda
         137000      274.00000        0.00000

   Energies (kJ/mol)
       G96Angle    Proper Dih.          LJ-14     Coulomb-14        LJ (SR)
    6.19158e+02    4.33566e+02    2.17418e+04   -1.10559e+03    7.47990e+04
  Disper. corr.   Coulomb (SR)   Coul. recip.      Potential    Kinetic En.
   -4.68916e+03   -5.27352e+05    2.94530e+03   -4.32608e+05    8.66403e+04
   Total Energy  Conserved En.    Temperature Pres. DC (bar) Pressure (bar)
   -3.45967e+05   -4.95038e+05    3.11448e+02   -2.27289e+02    3.04245e+02
   Constr. rmsd
    9.82841e-04

           Step           Time         Lambda
         137500      275.00000        0.00000

   Energies (kJ/mol)
       G96Angle    Proper Dih.          LJ-14     Coulomb-14        LJ (SR)
    5.96751e+02    4.04137e+02    2.17670e+04   -1.10921e+03    7.41995e+04
  Disper. corr.   Coulomb (SR)   Coul. recip.      Potential    Kinetic En.
   -4.68916e+03   -5.26254e+05    2.87221e+03   -4.32213e+05    8.66799e+04
   Total Energy  Conserved En.    Temperature Pres. DC (bar) Pressure (bar)
   -3.45533e+05   -4.95374e+05    3.11590e+02   -2.27289e+02    4.08531e+02
   Constr. rmsd
    9.51070e-04

           Step           Time         Lambda
         138000      276.00000        0.00000

   Energies (kJ/mol)
       G96Angle    Proper Dih.          LJ-14     Coulomb-14        LJ (SR)
    5.56383e+02    3.75494e+02    2.17647e+04   -1.07494e+03    7.46215e+04
  Disper. corr.   Coulomb (SR)   Coul. recip.      Potential    Kinetic En.
   -4.68916e+03   -5.26879e+05    2.87619e+03   -4.32449e+05    8.59098e+04
   Total Energy  Conserved En.    Temperature Pres. DC (bar) Pressure (bar)
   -3.46539e+05   -4.95721e+05    3.08822e+02   -2.27289e+02    4.60201e+02
   Constr. rmsd
    9.45180e-04

           Step           Time         Lambda
         138500      277.00000        0.00000

   Energies (kJ/mol)
       G96Angle    Proper Dih.          LJ-14     Coulomb-14        LJ (SR)
    5.91459e+02    4.19055e+02    2.17444e+04   -1.09154e+03    7.37454e+04
  Disper. corr.   Coulomb (SR)   Coul. recip.      Potential    Kinetic En.
   -4.68916e+03   -5.26508e+05    2.85884e+03   -4.32929e+05    8.63446e+04
   Total Energy  Conserved En.    Temperature Pres. DC (bar) Pressure (bar)
   -3.46584e+05   -4.96069e+05    3.10385e+02   -2.27289e+02    4.37825e+02
   Constr. rmsd
    9.27724e-04

           Step           Time         Lambda
         139000      278.00000        0.00000

   Energies (kJ/mol)
       G96Angle    Proper Dih.          LJ-14     Coulomb-14        LJ (SR)
    6.43617e+02    4.33712e+02    2.17511e+04   -1.07228e+03    7.42168e+04
  Disper. corr.   Coulomb (SR)   Coul. recip.      Potential    Kinetic En.
   -4.68916e+03   -5.26553e+05    2.75916e+03   -4.32510e+05    8.71120e+04
   Total Energy  Conserved En.    Temperature Pres. DC (bar) Pressure (bar)
   -3.45398e+05   -4.96497e+05    3.13144e+02   -2.27289e+02   -3.64015e+02
   Constr. rmsd
    1.08228e-03

           Step           Time         Lambda
         139500      279.00000        0.00000

   Energies (kJ/mol)
       G96Angle    Proper Dih.          LJ-14     Coulomb-14        LJ (SR)
    6.27442e+02    4.28358e+02    2.17334e+04   -1.08598e+03    7.34458e+04
  Disper. corr.   Coulomb (SR)   Coul. recip.      Potential    Kinetic En.
   -4.68916e+03   -5.25576e+05    2.96410e+03   -4.32152e+05    8.68089e+04
   Total Energy  Conserved En.    Temperature Pres. DC (bar) Pressure (bar)
   -3.45343e+05   -4.96832e+05    3.12054e+02   -2.27289e+02   -2.45605e+02
   Constr. rmsd
    1.04726e-03

           Step           Time         Lambda
         140000      280.00000        0.00000

   Energies (kJ/mol)
       G96Angle    Proper Dih.          LJ-14     Coulomb-14        LJ (SR)
    6.30749e+02    4.25312e+02    2.17722e+04   -1.08352e+03    7.55338e+04
  Disper. corr.   Coulomb (SR)   Coul. recip.      Potential    Kinetic En.
   -4.68916e+03   -5.29046e+05    2.99345e+03   -4.33464e+05    8.66551e+04
   Total Energy  Conserved En.    Temperature Pres. DC (bar) Pressure (bar)
   -3.46809e+05   -4.97142e+05    3.11502e+02   -2.27289e+02    7.22553e+02
   Constr. rmsd
    9.23021e-04

           Step           Time         Lambda
         140500      281.00000        0.00000

   Energies (kJ/mol)
       G96Angle    Proper Dih.          LJ-14     Coulomb-14        LJ (SR)
    5.83554e+02    4.22465e+02    2.17001e+04   -1.08572e+03    7.36964e+04
  Disper. corr.   Coulomb (SR)   Coul. recip.      Potential    Kinetic En.
   -4.68916e+03   -5.26203e+05    2.91259e+03   -4.32663e+05    8.57479e+04
   Total Energy  Conserved En.    Temperature Pres. DC (bar) Pressure (bar)
   -3.46915e+05   -4.97507e+05    3.08240e+02   -2.27289e+02    4.26619e+01
   Constr. rmsd
    9.99922e-04

           Step           Time         Lambda
         141000      282.00000        0.00000

   Energies (kJ/mol)
       G96Angle    Proper Dih.          LJ-14     Coulomb-14        LJ (SR)
    5.71718e+02    3.89919e+02    2.17240e+04   -1.11282e+03    7.47408e+04
  Disper. corr.   Coulomb (SR)   Coul. recip.      Potential    Kinetic En.
   -4.68916e+03   -5.27503e+05    2.92724e+03   -4.32952e+05    8.60867e+04
   Total Energy  Conserved En.    Temperature Pres. DC (bar) Pressure (bar)
   -3.46865e+05   -4.97818e+05    3.09458e+02   -2.27289e+02    4.96591e+02
   Constr. rmsd
    9.53582e-04

           Step           Time         Lambda
         141500      283.00000        0.00000

   Energies (kJ/mol)
       G96Angle    Proper Dih.          LJ-14     Coulomb-14        LJ (SR)
    5.22547e+02    4.07251e+02    2.17367e+04   -1.06905e+03    7.43386e+04
  Disper. corr.   Coulomb (SR)   Coul. recip.      Potential    Kinetic En.
   -4.68916e+03   -5.27284e+05    2.89544e+03   -4.33142e+05    8.58506e+04
   Total Energy  Conserved En.    Temperature Pres. DC (bar) Pressure (bar)
   -3.47292e+05   -4.98155e+05    3.08609e+02   -2.27289e+02    5.20922e+02
   Constr. rmsd
    9.35448e-04

           Step           Time         Lambda
         142000      284.00000        0.00000

   Energies (kJ/mol)
       G96Angle    Proper Dih.          LJ-14     Coulomb-14        LJ (SR)
    5.94143e+02    4.10944e+02    2.17318e+04   -1.09041e+03    7.46609e+04
  Disper. corr.   Coulomb (SR)   Coul. recip.      Potential    Kinetic En.
   -4.68916e+03   -5.27841e+05    2.87319e+03   -4.33349e+05    8.65051e+04
   Total Energy  Conserved En.    Temperature Pres. DC (bar) Pressure (bar)
   -3.46844e+05   -4.98537e+05    3.10962e+02   -2.27289e+02    3.41315e+02
   Constr. rmsd
    9.53042e-04

           Step           Time         Lambda
         142500      285.00000        0.00000

   Energies (kJ/mol)
       G96Angle    Proper Dih.          LJ-14     Coulomb-14        LJ (SR)
    6.03757e+02    3.82314e+02    2.16808e+04   -1.10933e+03    7.40397e+04
  Disper. corr.   Coulomb (SR)   Coul. recip.      Potential    Kinetic En.
   -4.68916e+03   -5.28224e+05    2.94597e+03   -4.34370e+05    8.56589e+04
   Total Energy  Conserved En.    Temperature Pres. DC (bar) Pressure (bar)
   -3.48711e+05   -4.98823e+05    3.07920e+02   -2.27289e+02    3.63571e+02
   Constr. rmsd
    9.22127e-04

           Step           Time         Lambda
         143000      286.00000        0.00000

   Energies (kJ/mol)
       G96Angle    Proper Dih.          LJ-14     Coulomb-14        LJ (SR)
    5.54708e+02    3.91970e+02    2.16865e+04   -1.09412e+03    7.39288e+04
  Disper. corr.   Coulomb (SR)   Coul. recip.      Potential    Kinetic En.
   -4.68916e+03   -5.26945e+05    2.92308e+03   -4.33243e+05    8.56526e+04
   Total Energy  Conserved En.    Temperature Pres. DC (bar) Pressure (bar)
   -3.47591e+05   -4.99145e+05    3.07898e+02   -2.27289e+02    3.34567e+02
   Constr. rmsd
    9.45019e-04

           Step           Time         Lambda
         143500      287.00000        0.00000

   Energies (kJ/mol)
       G96Angle    Proper Dih.          LJ-14     Coulomb-14        LJ (SR)
    6.42064e+02    3.97466e+02    2.17596e+04   -1.11005e+03    7.44298e+04
  Disper. corr.   Coulomb (SR)   Coul. recip.      Potential    Kinetic En.
   -4.68916e+03   -5.27249e+05    2.99094e+03   -4.32828e+05    8.68138e+04
   Total Energy  Conserved En.    Temperature Pres. DC (bar) Pressure (bar)
   -3.46014e+05   -4.99492e+05    3.12072e+02   -2.27289e+02    4.56624e+02
   Constr. rmsd
    9.43731e-04

           Step           Time         Lambda
         144000      288.00000        0.00000

   Energies (kJ/mol)
       G96Angle    Proper Dih.          LJ-14     Coulomb-14        LJ (SR)
    6.10436e+02    4.16824e+02    2.17695e+04   -1.07952e+03    7.41678e+04
  Disper. corr.   Coulomb (SR)   Coul. recip.      Potential    Kinetic En.
   -4.68916e+03   -5.25653e+05    2.88815e+03   -4.31569e+05    8.72631e+04
   Total Energy  Conserved En.    Temperature Pres. DC (bar) Pressure (bar)
   -3.44306e+05   -4.99868e+05    3.13687e+02   -2.27289e+02    4.04271e+02
   Constr. rmsd
    9.51807e-04

           Step           Time         Lambda
         144500      289.00000        0.00000

   Energies (kJ/mol)
       G96Angle    Proper Dih.          LJ-14     Coulomb-14        LJ (SR)
    5.40351e+02    3.75751e+02    2.16927e+04   -1.10483e+03    7.51379e+04
  Disper. corr.   Coulomb (SR)   Coul. recip.      Potential    Kinetic En.
   -4.68916e+03   -5.29605e+05    2.85563e+03   -4.34796e+05    8.54243e+04
   Total Energy  Conserved En.    Temperature Pres. DC (bar) Pressure (bar)
   -3.49372e+05   -5.00195e+05    3.07077e+02   -2.27289e+02    1.08105e+02
   Constr. rmsd
    9.85263e-04

           Step           Time         Lambda
         145000      290.00000        0.00000

   Energies (kJ/mol)
       G96Angle    Proper Dih.          LJ-14     Coulomb-14        LJ (SR)
    5.62897e+02    4.13274e+02    2.17033e+04   -1.11115e+03    7.35757e+04
  Disper. corr.   Coulomb (SR)   Coul. recip.      Potential    Kinetic En.
   -4.68916e+03   -5.26445e+05    2.90791e+03   -4.33082e+05    8.55158e+04
   Total Energy  Conserved En.    Temperature Pres. DC (bar) Pressure (bar)
   -3.47566e+05   -5.00483e+05    3.07406e+02   -2.27289e+02    2.69233e+02
   Constr. rmsd
    9.50879e-04

Writing checkpoint, step 145320 at Wed Apr  4 14:48:54 2018


           Step           Time         Lambda
         145500      291.00000        0.00000

   Energies (kJ/mol)
       G96Angle    Proper Dih.          LJ-14     Coulomb-14        LJ (SR)
    5.63829e+02    4.11135e+02    2.17648e+04   -1.07951e+03    7.38665e+04
  Disper. corr.   Coulomb (SR)   Coul. recip.      Potential    Kinetic En.
   -4.68916e+03   -5.26033e+05    2.93856e+03   -4.32257e+05    8.69024e+04
   Total Energy  Conserved En.    Temperature Pres. DC (bar) Pressure (bar)
   -3.45354e+05   -5.00838e+05    3.12390e+02   -2.27289e+02    2.63287e+02
   Constr. rmsd
    9.66651e-04

           Step           Time         Lambda
         146000      292.00000        0.00000

   Energies (kJ/mol)
       G96Angle    Proper Dih.          LJ-14     Coulomb-14        LJ (SR)
    5.56927e+02    4.07857e+02    2.16965e+04   -1.08581e+03    7.42005e+04
  Disper. corr.   Coulomb (SR)   Coul. recip.      Potential    Kinetic En.
   -4.68916e+03   -5.27649e+05    2.80113e+03   -4.33761e+05    8.61132e+04
   Total Energy  Conserved En.    Temperature Pres. DC (bar) Pressure (bar)
   -3.47648e+05   -5.01170e+05    3.09553e+02   -2.27289e+02    2.49022e+02
   Constr. rmsd
    9.52596e-04

           Step           Time         Lambda
         146500      293.00000        0.00000

   Energies (kJ/mol)
       G96Angle    Proper Dih.          LJ-14     Coulomb-14        LJ (SR)
    6.34460e+02    4.60703e+02    2.17905e+04   -1.08622e+03    7.39636e+04
  Disper. corr.   Coulomb (SR)   Coul. recip.      Potential    Kinetic En.
   -4.68916e+03   -5.26446e+05    2.86009e+03   -4.32512e+05    8.67195e+04
   Total Energy  Conserved En.    Temperature Pres. DC (bar) Pressure (bar)
   -3.45792e+05   -5.01478e+05    3.11733e+02   -2.27289e+02    6.19669e+02
   Constr. rmsd
    9.03514e-04

           Step           Time         Lambda
         147000      294.00000        0.00000

   Energies (kJ/mol)
       G96Angle    Proper Dih.          LJ-14     Coulomb-14        LJ (SR)
    5.68851e+02    4.13553e+02    2.16931e+04   -1.09760e+03    7.40313e+04
  Disper. corr.   Coulomb (SR)   Coul. recip.      Potential    Kinetic En.
   -4.68916e+03   -5.27266e+05    2.91985e+03   -4.33426e+05    8.59407e+04
   Total Energy  Conserved En.    Temperature Pres. DC (bar) Pressure (bar)
   -3.47486e+05   -5.01878e+05    3.08933e+02   -2.27289e+02   -1.18741e+02
   Constr. rmsd
    1.01542e-03

           Step           Time         Lambda
         147500      295.00000        0.00000

   Energies (kJ/mol)
       G96Angle    Proper Dih.          LJ-14     Coulomb-14        LJ (SR)
    5.66199e+02    4.01626e+02    2.16643e+04   -1.10419e+03    7.54248e+04
  Disper. corr.   Coulomb (SR)   Coul. recip.      Potential    Kinetic En.
   -4.68916e+03   -5.29349e+05    2.85591e+03   -4.34230e+05    8.55472e+04
   Total Energy  Conserved En.    Temperature Pres. DC (bar) Pressure (bar)
   -3.48683e+05   -5.02190e+05    3.07519e+02   -2.27289e+02    3.97905e+02
   Constr. rmsd
    9.67024e-04

           Step           Time         Lambda
         148000      296.00000        0.00000

   Energies (kJ/mol)
       G96Angle    Proper Dih.          LJ-14     Coulomb-14        LJ (SR)
    6.07855e+02    4.18957e+02    2.17209e+04   -1.10861e+03    7.49739e+04
  Disper. corr.   Coulomb (SR)   Coul. recip.      Potential    Kinetic En.
   -4.68916e+03   -5.27752e+05    2.88502e+03   -4.32944e+05    8.61845e+04
   Total Energy  Conserved En.    Temperature Pres. DC (bar) Pressure (bar)
   -3.46759e+05   -5.02544e+05    3.09810e+02   -2.27289e+02    2.08053e+02
   Constr. rmsd
    1.00544e-03

           Step           Time         Lambda
         148500      297.00000        0.00000

   Energies (kJ/mol)
       G96Angle    Proper Dih.          LJ-14     Coulomb-14        LJ (SR)
    6.13601e+02    4.02333e+02    2.17360e+04   -1.10505e+03    7.43554e+04
  Disper. corr.   Coulomb (SR)   Coul. recip.      Potential    Kinetic En.
   -4.68916e+03   -5.25965e+05    2.79538e+03   -4.31856e+05    8.63742e+04
   Total Energy  Conserved En.    Temperature Pres. DC (bar) Pressure (bar)
   -3.45482e+05   -5.02888e+05    3.10492e+02   -2.27289e+02   -7.27524e+01
   Constr. rmsd
    1.04425e-03

           Step           Time         Lambda
         149000      298.00000        0.00000

   Energies (kJ/mol)
       G96Angle    Proper Dih.          LJ-14     Coulomb-14        LJ (SR)
    6.05255e+02    4.56334e+02    2.17891e+04   -1.06371e+03    7.60240e+04
  Disper. corr.   Coulomb (SR)   Coul. recip.      Potential    Kinetic En.
   -4.68916e+03   -5.29234e+05    2.93582e+03   -4.33176e+05    8.62903e+04
   Total Energy  Conserved En.    Temperature Pres. DC (bar) Pressure (bar)
   -3.46886e+05   -5.03162e+05    3.10190e+02   -2.27289e+02    1.07405e+03
   Constr. rmsd
    8.70952e-04

           Step           Time         Lambda
         149500      299.00000        0.00000

   Energies (kJ/mol)
       G96Angle    Proper Dih.          LJ-14     Coulomb-14        LJ (SR)
    6.03379e+02    4.00906e+02    2.17773e+04   -1.11049e+03    7.50158e+04
  Disper. corr.   Coulomb (SR)   Coul. recip.      Potential    Kinetic En.
   -4.68916e+03   -5.28947e+05    2.82337e+03   -4.34125e+05    8.68764e+04
   Total Energy  Conserved En.    Temperature Pres. DC (bar) Pressure (bar)
   -3.47249e+05   -5.03520e+05    3.12297e+02   -2.27289e+02    5.68836e+02
   Constr. rmsd
    9.27299e-04

           Step           Time         Lambda
         150000      300.00000        0.00000

   Energies (kJ/mol)
       G96Angle    Proper Dih.          LJ-14     Coulomb-14        LJ (SR)
    5.93102e+02    3.93292e+02    2.17107e+04   -1.08072e+03    7.54659e+04
  Disper. corr.   Coulomb (SR)   Coul. recip.      Potential    Kinetic En.
   -4.68916e+03   -5.28738e+05    2.86195e+03   -4.33483e+05    8.52913e+04
   Total Energy  Conserved En.    Temperature Pres. DC (bar) Pressure (bar)
   -3.48192e+05   -5.03850e+05    3.06599e+02   -2.27289e+02    5.85849e+02
   Constr. rmsd
    9.34203e-04

           Step           Time         Lambda
         150500      301.00000        0.00000

   Energies (kJ/mol)
       G96Angle    Proper Dih.          LJ-14     Coulomb-14        LJ (SR)
    5.74610e+02    4.40137e+02    2.17110e+04   -1.09962e+03    7.48420e+04
  Disper. corr.   Coulomb (SR)   Coul. recip.      Potential    Kinetic En.
   -4.68916e+03   -5.27143e+05    2.96126e+03   -4.32403e+05    8.55477e+04
   Total Energy  Conserved En.    Temperature Pres. DC (bar) Pressure (bar)
   -3.46855e+05   -5.04202e+05    3.07521e+02   -2.27289e+02    4.18683e+02
   Constr. rmsd
    9.64655e-04

           Step           Time         Lambda
         151000      302.00000        0.00000

   Energies (kJ/mol)
       G96Angle    Proper Dih.          LJ-14     Coulomb-14        LJ (SR)
    5.57150e+02    4.32523e+02    2.16646e+04   -1.10469e+03    7.52922e+04
  Disper. corr.   Coulomb (SR)   Coul. recip.      Potential    Kinetic En.
   -4.68916e+03   -5.28394e+05    2.90977e+03   -4.33331e+05    8.66398e+04
   Total Energy  Conserved En.    Temperature Pres. DC (bar) Pressure (bar)
   -3.46692e+05   -5.04584e+05    3.11446e+02   -2.27289e+02   -1.18692e+02
   Constr. rmsd
    1.06127e-03

           Step           Time         Lambda
         151500      303.00000        0.00000

   Energies (kJ/mol)
       G96Angle    Proper Dih.          LJ-14     Coulomb-14        LJ (SR)
    6.25997e+02    4.17822e+02    2.17668e+04   -1.09219e+03    7.43736e+04
  Disper. corr.   Coulomb (SR)   Coul. recip.      Potential    Kinetic En.
   -4.68916e+03   -5.27652e+05    2.93514e+03   -4.33314e+05    8.63672e+04
   Total Energy  Conserved En.    Temperature Pres. DC (bar) Pressure (bar)
   -3.46947e+05   -5.04894e+05    3.10467e+02   -2.27289e+02    3.85227e+02
   Constr. rmsd
    9.54848e-04

           Step           Time         Lambda
         152000      304.00000        0.00000

   Energies (kJ/mol)
       G96Angle    Proper Dih.          LJ-14     Coulomb-14        LJ (SR)
    5.75627e+02    4.02481e+02    2.17511e+04   -1.09530e+03    7.44999e+04
  Disper. corr.   Coulomb (SR)   Coul. recip.      Potential    Kinetic En.
   -4.68916e+03   -5.27939e+05    2.88831e+03   -4.33606e+05    8.67364e+04
   Total Energy  Conserved En.    Temperature Pres. DC (bar) Pressure (bar)
   -3.46869e+05   -5.05293e+05    3.11794e+02   -2.27289e+02    2.22975e+02
   Constr. rmsd
    9.68541e-04

           Step           Time         Lambda
         152500      305.00000        0.00000

   Energies (kJ/mol)
       G96Angle    Proper Dih.          LJ-14     Coulomb-14        LJ (SR)
    5.71252e+02    4.26720e+02    2.17343e+04   -1.08771e+03    7.48135e+04
  Disper. corr.   Coulomb (SR)   Coul. recip.      Potential    Kinetic En.
   -4.68916e+03   -5.27490e+05    2.91729e+03   -4.32804e+05    8.64089e+04
   Total Energy  Conserved En.    Temperature Pres. DC (bar) Pressure (bar)
   -3.46395e+05   -5.05603e+05    3.10616e+02   -2.27289e+02    5.45121e+02
   Constr. rmsd
    9.35482e-04

           Step           Time         Lambda
         153000      306.00000        0.00000

   Energies (kJ/mol)
       G96Angle    Proper Dih.          LJ-14     Coulomb-14        LJ (SR)
    5.72346e+02    4.18774e+02    2.17492e+04   -1.11405e+03    7.43540e+04
  Disper. corr.   Coulomb (SR)   Coul. recip.      Potential    Kinetic En.
   -4.68916e+03   -5.27287e+05    2.91397e+03   -4.33082e+05    8.64742e+04
   Total Energy  Conserved En.    Temperature Pres. DC (bar) Pressure (bar)
   -3.46608e+05   -5.05964e+05    3.10851e+02   -2.27289e+02    1.38064e+02
   Constr. rmsd
    9.88975e-04

           Step           Time         Lambda
         153500      307.00000        0.00000

   Energies (kJ/mol)
       G96Angle    Proper Dih.          LJ-14     Coulomb-14        LJ (SR)
    5.81105e+02    4.24714e+02    2.17614e+04   -1.08458e+03    7.42606e+04
  Disper. corr.   Coulomb (SR)   Coul. recip.      Potential    Kinetic En.
   -4.68916e+03   -5.27353e+05    3.01065e+03   -4.33088e+05    8.63401e+04
   Total Energy  Conserved En.    Temperature Pres. DC (bar) Pressure (bar)
   -3.46748e+05   -5.06307e+05    3.10369e+02   -2.27289e+02    2.77768e+02
   Constr. rmsd
    9.62791e-04

           Step           Time         Lambda
         154000      308.00000        0.00000

   Energies (kJ/mol)
       G96Angle    Proper Dih.          LJ-14     Coulomb-14        LJ (SR)
    5.90948e+02    3.95878e+02    2.17312e+04   -1.09308e+03    7.49595e+04
  Disper. corr.   Coulomb (SR)   Coul. recip.      Potential    Kinetic En.
   -4.68916e+03   -5.28012e+05    2.89331e+03   -4.33224e+05    8.61647e+04
   Total Energy  Conserved En.    Temperature Pres. DC (bar) Pressure (bar)
   -3.47059e+05   -5.06613e+05    3.09738e+02   -2.27289e+02    8.09658e+02
   Constr. rmsd
    8.85390e-04

           Step           Time         Lambda
         154500      309.00000        0.00000

   Energies (kJ/mol)
       G96Angle    Proper Dih.          LJ-14     Coulomb-14        LJ (SR)
    6.30550e+02    4.34164e+02    2.17336e+04   -1.07786e+03    7.54943e+04
  Disper. corr.   Coulomb (SR)   Coul. recip.      Potential    Kinetic En.
   -4.68916e+03   -5.27491e+05    2.80482e+03   -4.32160e+05    8.58677e+04
   Total Energy  Conserved En.    Temperature Pres. DC (bar) Pressure (bar)
   -3.46292e+05   -5.07013e+05    3.08671e+02   -2.27289e+02    2.85577e+02
   Constr. rmsd
    1.01393e-03

           Step           Time         Lambda
         155000      310.00000        0.00000

   Energies (kJ/mol)
       G96Angle    Proper Dih.          LJ-14     Coulomb-14        LJ (SR)
    6.31126e+02    4.09392e+02    2.17200e+04   -1.08413e+03    7.25812e+04
  Disper. corr.   Coulomb (SR)   Coul. recip.      Potential    Kinetic En.
   -4.68916e+03   -5.25540e+05    2.89854e+03   -4.33073e+05    8.66106e+04
   Total Energy  Conserved En.    Temperature Pres. DC (bar) Pressure (bar)
   -3.46462e+05   -5.07357e+05    3.11341e+02   -2.27289e+02    1.81740e+02
   Constr. rmsd
    9.37128e-04

           Step           Time         Lambda
         155500      311.00000        0.00000

   Energies (kJ/mol)
       G96Angle    Proper Dih.          LJ-14     Coulomb-14        LJ (SR)
    5.69823e+02    4.07839e+02    2.17002e+04   -1.09460e+03    7.46818e+04
  Disper. corr.   Coulomb (SR)   Coul. recip.      Potential    Kinetic En.
   -4.68916e+03   -5.28554e+05    2.81680e+03   -4.34162e+05    8.59297e+04
   Total Energy  Conserved En.    Temperature Pres. DC (bar) Pressure (bar)
   -3.48232e+05   -5.07699e+05    3.08894e+02   -2.27289e+02    4.17206e+02
   Constr. rmsd
    9.29049e-04

           Step           Time         Lambda
         156000      312.00000        0.00000

   Energies (kJ/mol)
       G96Angle    Proper Dih.          LJ-14     Coulomb-14        LJ (SR)
    5.69408e+02    4.39484e+02    2.17911e+04   -1.09939e+03    7.35422e+04
  Disper. corr.   Coulomb (SR)   Coul. recip.      Potential    Kinetic En.
   -4.68916e+03   -5.26229e+05    2.90604e+03   -4.32769e+05    8.61172e+04
   Total Energy  Conserved En.    Temperature Pres. DC (bar) Pressure (bar)
   -3.46652e+05   -5.08012e+05    3.09568e+02   -2.27289e+02    3.71342e+02
   Constr. rmsd
    9.34224e-04

           Step           Time         Lambda
         156500      313.00000        0.00000

   Energies (kJ/mol)
       G96Angle    Proper Dih.          LJ-14     Coulomb-14        LJ (SR)
    5.56563e+02    3.92520e+02    2.16731e+04   -1.09206e+03    7.29255e+04
  Disper. corr.   Coulomb (SR)   Coul. recip.      Potential    Kinetic En.
   -4.68916e+03   -5.25538e+05    2.90648e+03   -4.32865e+05    8.59595e+04
   Total Energy  Conserved En.    Temperature Pres. DC (bar) Pressure (bar)
   -3.46905e+05   -5.08343e+05    3.09001e+02   -2.27289e+02    1.02980e+02
   Constr. rmsd
    9.57715e-04

           Step           Time         Lambda
         157000      314.00000        0.00000

   Energies (kJ/mol)
       G96Angle    Proper Dih.          LJ-14     Coulomb-14        LJ (SR)
    5.44300e+02    4.18702e+02    2.17128e+04   -1.07248e+03    7.33085e+04
  Disper. corr.   Coulomb (SR)   Coul. recip.      Potential    Kinetic En.
   -4.68916e+03   -5.26658e+05    2.88202e+03   -4.33553e+05    8.58077e+04
   Total Energy  Conserved En.    Temperature Pres. DC (bar) Pressure (bar)
   -3.47746e+05   -5.08691e+05    3.08455e+02   -2.27289e+02   -1.92068e+02
   Constr. rmsd
    1.00943e-03

           Step           Time         Lambda
         157500      315.00000        0.00000

   Energies (kJ/mol)
       G96Angle    Proper Dih.          LJ-14     Coulomb-14        LJ (SR)
    5.84061e+02    3.92843e+02    2.16733e+04   -1.10116e+03    7.46520e+04
  Disper. corr.   Coulomb (SR)   Coul. recip.      Potential    Kinetic En.
   -4.68916e+03   -5.28104e+05    2.92543e+03   -4.33667e+05    8.64554e+04
   Total Energy  Conserved En.    Temperature Pres. DC (bar) Pressure (bar)
   -3.47212e+05   -5.09056e+05    3.10784e+02   -2.27289e+02   -3.06744e+02
   Constr. rmsd
    1.08272e-03

           Step           Time         Lambda
         158000      316.00000        0.00000

   Energies (kJ/mol)
       G96Angle    Proper Dih.          LJ-14     Coulomb-14        LJ (SR)
    5.65685e+02    4.07653e+02    2.16994e+04   -1.07781e+03    7.28047e+04
  Disper. corr.   Coulomb (SR)   Coul. recip.      Potential    Kinetic En.
   -4.68916e+03   -5.25598e+05    2.76610e+03   -4.33122e+05    8.55487e+04
   Total Energy  Conserved En.    Temperature Pres. DC (bar) Pressure (bar)
   -3.47573e+05   -5.09369e+05    3.07524e+02   -2.27289e+02    4.87535e+01
   Constr. rmsd
    9.60646e-04

           Step           Time         Lambda
         158500      317.00000        0.00000

   Energies (kJ/mol)
       G96Angle    Proper Dih.          LJ-14     Coulomb-14        LJ (SR)
    6.00775e+02    4.18923e+02    2.17967e+04   -1.09507e+03    7.49749e+04
  Disper. corr.   Coulomb (SR)   Coul. recip.      Potential    Kinetic En.
   -4.68916e+03   -5.28814e+05    2.82084e+03   -4.33987e+05    8.67208e+04
   Total Energy  Conserved En.    Temperature Pres. DC (bar) Pressure (bar)
   -3.47266e+05   -5.09689e+05    3.11738e+02   -2.27289e+02    1.15891e+03
   Constr. rmsd
    8.21088e-04

           Step           Time         Lambda
         159000      318.00000        0.00000

   Energies (kJ/mol)
       G96Angle    Proper Dih.          LJ-14     Coulomb-14        LJ (SR)
    6.35826e+02    4.02608e+02    2.17639e+04   -1.14533e+03    7.44248e+04
  Disper. corr.   Coulomb (SR)   Coul. recip.      Potential    Kinetic En.
   -4.68916e+03   -5.27302e+05    2.86144e+03   -4.33048e+05    8.62456e+04
   Total Energy  Conserved En.    Temperature Pres. DC (bar) Pressure (bar)
   -3.46802e+05   -5.10057e+05    3.10029e+02   -2.27289e+02    7.05387e+02
   Constr. rmsd
    8.94465e-04

           Step           Time         Lambda
         159500      319.00000        0.00000

   Energies (kJ/mol)
       G96Angle    Proper Dih.          LJ-14     Coulomb-14        LJ (SR)
    5.62120e+02    4.14342e+02    2.16864e+04   -1.08641e+03    7.38063e+04
  Disper. corr.   Coulomb (SR)   Coul. recip.      Potential    Kinetic En.
   -4.68916e+03   -5.27528e+05    2.83036e+03   -4.34004e+05    8.64908e+04
   Total Energy  Conserved En.    Temperature Pres. DC (bar) Pressure (bar)
   -3.47513e+05   -5.10416e+05    3.10911e+02   -2.27289e+02    2.44050e+01
   Constr. rmsd
    1.00327e-03

           Step           Time         Lambda
         160000      320.00000        0.00000

   Energies (kJ/mol)
       G96Angle    Proper Dih.          LJ-14     Coulomb-14        LJ (SR)
    5.73328e+02    4.25368e+02    2.17093e+04   -1.11823e+03    7.52004e+04
  Disper. corr.   Coulomb (SR)   Coul. recip.      Potential    Kinetic En.
   -4.68916e+03   -5.27976e+05    2.82045e+03   -4.33055e+05    8.60882e+04
   Total Energy  Conserved En.    Temperature Pres. DC (bar) Pressure (bar)
   -3.46967e+05   -5.10771e+05    3.09464e+02   -2.27289e+02    7.28462e+02
   Constr. rmsd
    9.16611e-04

           Step           Time         Lambda
         160500      321.00000        0.00000

   Energies (kJ/mol)
       G96Angle    Proper Dih.          LJ-14     Coulomb-14        LJ (SR)
    5.82475e+02    4.32099e+02    2.16845e+04   -1.11174e+03    7.40233e+04
  Disper. corr.   Coulomb (SR)   Coul. recip.      Potential    Kinetic En.
   -4.68916e+03   -5.27244e+05    2.86275e+03   -4.33459e+05    8.63788e+04
   Total Energy  Conserved En.    Temperature Pres. DC (bar) Pressure (bar)
   -3.47081e+05   -5.11201e+05    3.10508e+02   -2.27289e+02    1.01903e+02
   Constr. rmsd
    9.87022e-04

           Step           Time         Lambda
         161000      322.00000        0.00000

   Energies (kJ/mol)
       G96Angle    Proper Dih.          LJ-14     Coulomb-14        LJ (SR)
    5.92957e+02    4.18750e+02    2.16633e+04   -1.10988e+03    7.51713e+04
  Disper. corr.   Coulomb (SR)   Coul. recip.      Potential    Kinetic En.
   -4.68916e+03   -5.28747e+05    2.90145e+03   -4.33799e+05    8.66062e+04
   Total Energy  Conserved En.    Temperature Pres. DC (bar) Pressure (bar)
   -3.47192e+05   -5.11539e+05    3.11326e+02   -2.27289e+02    2.76483e+02
   Constr. rmsd
    9.87860e-04

           Step           Time         Lambda
         161500      323.00000        0.00000

   Energies (kJ/mol)
       G96Angle    Proper Dih.          LJ-14     Coulomb-14        LJ (SR)
    5.87322e+02    4.14803e+02    2.16934e+04   -1.07695e+03    7.39274e+04
  Disper. corr.   Coulomb (SR)   Coul. recip.      Potential    Kinetic En.
   -4.68916e+03   -5.27353e+05    2.87335e+03   -4.33623e+05    8.60581e+04
   Total Energy  Conserved En.    Temperature Pres. DC (bar) Pressure (bar)
   -3.47565e+05   -5.11900e+05    3.09355e+02   -2.27289e+02    1.16499e+02
   Constr. rmsd
    9.80843e-04

           Step           Time         Lambda
         162000      324.00000        0.00000

   Energies (kJ/mol)
       G96Angle    Proper Dih.          LJ-14     Coulomb-14        LJ (SR)
    6.23557e+02    3.99483e+02    2.16818e+04   -1.09647e+03    7.26345e+04
  Disper. corr.   Coulomb (SR)   Coul. recip.      Potential    Kinetic En.
   -4.68916e+03   -5.24766e+05    2.85919e+03   -4.32353e+05    8.69433e+04
   Total Energy  Conserved En.    Temperature Pres. DC (bar) Pressure (bar)
   -3.45410e+05   -5.12338e+05    3.12537e+02   -2.27289e+02   -3.88000e+02
   Constr. rmsd
    1.04999e-03

           Step           Time         Lambda
         162500      325.00000        0.00000

   Energies (kJ/mol)
       G96Angle    Proper Dih.          LJ-14     Coulomb-14        LJ (SR)
    6.07040e+02    3.62413e+02    2.17103e+04   -1.11012e+03    7.41341e+04
  Disper. corr.   Coulomb (SR)   Coul. recip.      Potential    Kinetic En.
   -4.68916e+03   -5.26916e+05    2.91886e+03   -4.32983e+05    8.67448e+04
   Total Energy  Conserved En.    Temperature Pres. DC (bar) Pressure (bar)
   -3.46238e+05   -5.12641e+05    3.11824e+02   -2.27289e+02   -7.63088e+01
   Constr. rmsd
    1.02784e-03

           Step           Time         Lambda
         163000      326.00000        0.00000

   Energies (kJ/mol)
       G96Angle    Proper Dih.          LJ-14     Coulomb-14        LJ (SR)
    6.21998e+02    4.18881e+02    2.16999e+04   -1.07533e+03    7.40702e+04
  Disper. corr.   Coulomb (SR)   Coul. recip.      Potential    Kinetic En.
   -4.68916e+03   -5.26909e+05    2.86379e+03   -4.32998e+05    8.63042e+04
   Total Energy  Conserved En.    Temperature Pres. DC (bar) Pressure (bar)
   -3.46694e+05   -5.12977e+05    3.10240e+02   -2.27289e+02   -2.44123e+01
   Constr. rmsd
    1.02529e-03

           Step           Time         Lambda
         163500      327.00000        0.00000

   Energies (kJ/mol)
       G96Angle    Proper Dih.          LJ-14     Coulomb-14        LJ (SR)
    5.71838e+02    4.26257e+02    2.17316e+04   -1.10767e+03    7.45026e+04
  Disper. corr.   Coulomb (SR)   Coul. recip.      Potential    Kinetic En.
   -4.68916e+03   -5.27998e+05    2.87482e+03   -4.33688e+05    8.53051e+04
   Total Energy  Conserved En.    Temperature Pres. DC (bar) Pressure (bar)
   -3.48383e+05   -5.13267e+05    3.06648e+02   -2.27289e+02    5.56997e+02
   Constr. rmsd
    9.12229e-04

           Step           Time         Lambda
         164000      328.00000        0.00000

   Energies (kJ/mol)
       G96Angle    Proper Dih.          LJ-14     Coulomb-14        LJ (SR)
    6.17847e+02    3.95907e+02    2.16597e+04   -1.08395e+03    7.41181e+04
  Disper. corr.   Coulomb (SR)   Coul. recip.      Potential    Kinetic En.
   -4.68916e+03   -5.27901e+05    2.88026e+03   -4.34003e+05    8.64733e+04
   Total Energy  Conserved En.    Temperature Pres. DC (bar) Pressure (bar)
   -3.47529e+05   -5.13676e+05    3.10848e+02   -2.27289e+02    5.47174e+00
   Constr. rmsd
    9.94017e-04

           Step           Time         Lambda
         164500      329.00000        0.00000

   Energies (kJ/mol)
       G96Angle    Proper Dih.          LJ-14     Coulomb-14        LJ (SR)
    5.97579e+02    4.07278e+02    2.17350e+04   -1.11720e+03    7.34078e+04
  Disper. corr.   Coulomb (SR)   Coul. recip.      Potential    Kinetic En.
   -4.68916e+03   -5.26642e+05    2.92188e+03   -4.33379e+05    8.69744e+04
   Total Energy  Conserved En.    Temperature Pres. DC (bar) Pressure (bar)
   -3.46404e+05   -5.14040e+05    3.12649e+02   -2.27289e+02   -9.96336e+00
   Constr. rmsd
    9.85419e-04

           Step           Time         Lambda
         165000      330.00000        0.00000

   Energies (kJ/mol)
       G96Angle    Proper Dih.          LJ-14     Coulomb-14        LJ (SR)
    5.95542e+02    4.24305e+02    2.17388e+04   -1.07895e+03    7.50833e+04
  Disper. corr.   Coulomb (SR)   Coul. recip.      Potential    Kinetic En.
   -4.68916e+03   -5.28613e+05    2.91575e+03   -4.33623e+05    8.58757e+04
   Total Energy  Conserved En.    Temperature Pres. DC (bar) Pressure (bar)
   -3.47747e+05   -5.14367e+05    3.08700e+02   -2.27289e+02    5.04262e+02
   Constr. rmsd
    9.34528e-04

           Step           Time         Lambda
         165500      331.00000        0.00000

   Energies (kJ/mol)
       G96Angle    Proper Dih.          LJ-14     Coulomb-14        LJ (SR)
    5.65895e+02    3.97308e+02    2.16903e+04   -1.11806e+03    7.32943e+04
  Disper. corr.   Coulomb (SR)   Coul. recip.      Potential    Kinetic En.
   -4.68916e+03   -5.26908e+05    2.88205e+03   -4.33885e+05    8.51742e+04
   Total Energy  Conserved En.    Temperature Pres. DC (bar) Pressure (bar)
   -3.48711e+05   -5.14743e+05    3.06178e+02   -2.27289e+02    3.80665e+02
   Constr. rmsd
    9.04267e-04

           Step           Time         Lambda
         166000      332.00000        0.00000

   Energies (kJ/mol)
       G96Angle    Proper Dih.          LJ-14     Coulomb-14        LJ (SR)
    5.77229e+02    4.32946e+02    2.17116e+04   -1.09440e+03    7.28954e+04
  Disper. corr.   Coulomb (SR)   Coul. recip.      Potential    Kinetic En.
   -4.68916e+03   -5.25895e+05    2.90132e+03   -4.33160e+05    8.60841e+04
   Total Energy  Conserved En.    Temperature Pres. DC (bar) Pressure (bar)
   -3.47076e+05   -5.15135e+05    3.09449e+02   -2.27289e+02   -1.49586e+02
   Constr. rmsd
    9.96935e-04

           Step           Time         Lambda
         166500      333.00000        0.00000

   Energies (kJ/mol)
       G96Angle    Proper Dih.          LJ-14     Coulomb-14        LJ (SR)
    6.32253e+02    4.50819e+02    2.18082e+04   -1.09786e+03    7.45225e+04
  Disper. corr.   Coulomb (SR)   Coul. recip.      Potential    Kinetic En.
   -4.68916e+03   -5.28452e+05    2.87248e+03   -4.33953e+05    8.68531e+04
   Total Energy  Conserved En.    Temperature Pres. DC (bar) Pressure (bar)
   -3.47100e+05   -5.15466e+05    3.12213e+02   -2.27289e+02    9.24142e+02
   Constr. rmsd
    8.56097e-04

           Step           Time         Lambda
         167000      334.00000        0.00000

   Energies (kJ/mol)
       G96Angle    Proper Dih.          LJ-14     Coulomb-14        LJ (SR)
    5.96988e+02    4.20095e+02    2.16834e+04   -1.06084e+03    7.37634e+04
  Disper. corr.   Coulomb (SR)   Coul. recip.      Potential    Kinetic En.
   -4.68916e+03   -5.27515e+05    2.81664e+03   -4.33984e+05    8.52330e+04
   Total Energy  Conserved En.    Temperature Pres. DC (bar) Pressure (bar)
   -3.48751e+05   -5.15845e+05    3.06389e+02   -2.27289e+02   -2.69394e+02
   Constr. rmsd
    1.02767e-03

           Step           Time         Lambda
         167500      335.00000        0.00000

   Energies (kJ/mol)
       G96Angle    Proper Dih.          LJ-14     Coulomb-14        LJ (SR)
    6.00725e+02    4.19705e+02    2.17685e+04   -1.07633e+03    7.46987e+04
  Disper. corr.   Coulomb (SR)   Coul. recip.      Potential    Kinetic En.
   -4.68916e+03   -5.28690e+05    2.77331e+03   -4.34194e+05    8.66715e+04
   Total Energy  Conserved En.    Temperature Pres. DC (bar) Pressure (bar)
   -3.47523e+05   -5.16174e+05    3.11560e+02   -2.27289e+02    3.30893e+02
   Constr. rmsd
    9.63717e-04

           Step           Time         Lambda
         168000      336.00000        0.00000

   Energies (kJ/mol)
       G96Angle    Proper Dih.          LJ-14     Coulomb-14        LJ (SR)
    6.14981e+02    3.91946e+02    2.17164e+04   -1.09284e+03    7.52866e+04
  Disper. corr.   Coulomb (SR)   Coul. recip.      Potential    Kinetic En.
   -4.68916e+03   -5.28990e+05    2.90012e+03   -4.33862e+05    8.59550e+04
   Total Energy  Conserved En.    Temperature Pres. DC (bar) Pressure (bar)
   -3.47907e+05   -5.16530e+05    3.08985e+02   -2.27289e+02    3.14811e+02
   Constr. rmsd
    9.70952e-04

           Step           Time         Lambda
         168500      337.00000        0.00000

   Energies (kJ/mol)
       G96Angle    Proper Dih.          LJ-14     Coulomb-14        LJ (SR)
    6.13101e+02    4.29499e+02    2.18486e+04   -1.07931e+03    7.38804e+04
  Disper. corr.   Coulomb (SR)   Coul. recip.      Potential    Kinetic En.
   -4.68916e+03   -5.26229e+05    2.88511e+03   -4.32341e+05    8.62925e+04
   Total Energy  Conserved En.    Temperature Pres. DC (bar) Pressure (bar)
   -3.46048e+05   -5.16820e+05    3.10198e+02   -2.27289e+02    1.31871e+03
   Constr. rmsd
    7.80226e-04

           Step           Time         Lambda
         169000      338.00000        0.00000

   Energies (kJ/mol)
       G96Angle    Proper Dih.          LJ-14     Coulomb-14        LJ (SR)
    6.17289e+02    4.20817e+02    2.17191e+04   -1.08984e+03    7.42642e+04
  Disper. corr.   Coulomb (SR)   Coul. recip.      Potential    Kinetic En.
   -4.68916e+03   -5.26947e+05    2.82106e+03   -4.32884e+05    8.60653e+04
   Total Energy  Conserved En.    Temperature Pres. DC (bar) Pressure (bar)
   -3.46818e+05   -5.17195e+05    3.09381e+02   -2.27289e+02    3.39887e+02
   Constr. rmsd
    9.42547e-04

           Step           Time         Lambda
         169500      339.00000        0.00000

   Energies (kJ/mol)
       G96Angle    Proper Dih.          LJ-14     Coulomb-14        LJ (SR)
    6.12054e+02    4.04173e+02    2.17844e+04   -1.09120e+03    7.54160e+04
  Disper. corr.   Coulomb (SR)   Coul. recip.      Potential    Kinetic En.
   -4.68916e+03   -5.29335e+05    2.89164e+03   -4.34007e+05    8.51950e+04
   Total Energy  Conserved En.    Temperature Pres. DC (bar) Pressure (bar)
   -3.48812e+05   -5.17542e+05    3.06253e+02   -2.27289e+02    6.28587e+02
   Constr. rmsd
    9.19231e-04

           Step           Time         Lambda
         170000      340.00000        0.00000

   Energies (kJ/mol)
       G96Angle    Proper Dih.          LJ-14     Coulomb-14        LJ (SR)
    5.75561e+02    4.00998e+02    2.16913e+04   -1.07052e+03    7.42910e+04
  Disper. corr.   Coulomb (SR)   Coul. recip.      Potential    Kinetic En.
   -4.68916e+03   -5.25954e+05    3.00782e+03   -4.31747e+05    8.51082e+04
   Total Energy  Conserved En.    Temperature Pres. DC (bar) Pressure (bar)
   -3.46639e+05   -5.17908e+05    3.05941e+02   -2.27289e+02    2.49664e+02
   Constr. rmsd
    9.96915e-04

           Step           Time         Lambda
         170500      341.00000        0.00000

   Energies (kJ/mol)
       G96Angle    Proper Dih.          LJ-14     Coulomb-14        LJ (SR)
    5.88932e+02    3.93370e+02    2.16715e+04   -1.09773e+03    7.33881e+04
  Disper. corr.   Coulomb (SR)   Coul. recip.      Potential    Kinetic En.
   -4.68916e+03   -5.25852e+05    2.89785e+03   -4.32699e+05    8.60212e+04
   Total Energy  Conserved En.    Temperature Pres. DC (bar) Pressure (bar)
   -3.46677e+05   -5.18330e+05    3.09223e+02   -2.27289e+02   -4.97221e+02
   Constr. rmsd
    1.08119e-03

Writing checkpoint, step 170840 at Wed Apr  4 15:03:55 2018


           Step           Time         Lambda
         171000      342.00000        0.00000

   Energies (kJ/mol)
       G96Angle    Proper Dih.          LJ-14     Coulomb-14        LJ (SR)
    6.06274e+02    4.33951e+02    2.16978e+04   -1.10741e+03    7.34599e+04
  Disper. corr.   Coulomb (SR)   Coul. recip.      Potential    Kinetic En.
   -4.68916e+03   -5.26124e+05    2.82158e+03   -4.32901e+05    8.62918e+04
   Total Energy  Conserved En.    Temperature Pres. DC (bar) Pressure (bar)
   -3.46609e+05   -5.18670e+05    3.10195e+02   -2.27289e+02   -2.15206e+02
   Constr. rmsd
    1.02429e-03

           Step           Time         Lambda
         171500      343.00000        0.00000

   Energies (kJ/mol)
       G96Angle    Proper Dih.          LJ-14     Coulomb-14        LJ (SR)
    5.81858e+02    4.27278e+02    2.17427e+04   -1.10464e+03    7.35581e+04
  Disper. corr.   Coulomb (SR)   Coul. recip.      Potential    Kinetic En.
   -4.68916e+03   -5.25118e+05    2.88350e+03   -4.31718e+05    8.65957e+04
   Total Energy  Conserved En.    Temperature Pres. DC (bar) Pressure (bar)
   -3.45122e+05   -5.18995e+05    3.11288e+02   -2.27289e+02    3.67897e+02
   Constr. rmsd
    9.48546e-04

           Step           Time         Lambda
         172000      344.00000        0.00000

   Energies (kJ/mol)
       G96Angle    Proper Dih.          LJ-14     Coulomb-14        LJ (SR)
    6.27827e+02    4.07584e+02    2.17185e+04   -1.11265e+03    7.35866e+04
  Disper. corr.   Coulomb (SR)   Coul. recip.      Potential    Kinetic En.
   -4.68916e+03   -5.26470e+05    2.95572e+03   -4.32976e+05    8.58934e+04
   Total Energy  Conserved En.    Temperature Pres. DC (bar) Pressure (bar)
   -3.47082e+05   -5.19324e+05    3.08763e+02   -2.27289e+02   -1.60090e+01
   Constr. rmsd
    9.93168e-04

           Step           Time         Lambda
         172500      345.00000        0.00000

   Energies (kJ/mol)
       G96Angle    Proper Dih.          LJ-14     Coulomb-14        LJ (SR)
    5.10273e+02    4.14793e+02    2.16912e+04   -1.06672e+03    7.48355e+04
  Disper. corr.   Coulomb (SR)   Coul. recip.      Potential    Kinetic En.
   -4.68916e+03   -5.28423e+05    2.86360e+03   -4.33863e+05    8.60580e+04
   Total Energy  Conserved En.    Temperature Pres. DC (bar) Pressure (bar)
   -3.47805e+05   -5.19656e+05    3.09355e+02   -2.27289e+02    1.32695e+02
   Constr. rmsd
    1.00059e-03

           Step           Time         Lambda
         173000      346.00000        0.00000

   Energies (kJ/mol)
       G96Angle    Proper Dih.          LJ-14     Coulomb-14        LJ (SR)
    5.78772e+02    4.27674e+02    2.17473e+04   -1.07228e+03    7.36013e+04
  Disper. corr.   Coulomb (SR)   Coul. recip.      Potential    Kinetic En.
   -4.68916e+03   -5.27254e+05    2.82967e+03   -4.33831e+05    8.61852e+04
   Total Energy  Conserved En.    Temperature Pres. DC (bar) Pressure (bar)
   -3.47645e+05   -5.19963e+05    3.09812e+02   -2.27289e+02    7.54011e+02
   Constr. rmsd
    8.60846e-04

           Step           Time         Lambda
         173500      347.00000        0.00000

   Energies (kJ/mol)
       G96Angle    Proper Dih.          LJ-14     Coulomb-14        LJ (SR)
    5.91038e+02    4.41823e+02    2.18028e+04   -1.07423e+03    7.44383e+04
  Disper. corr.   Coulomb (SR)   Coul. recip.      Potential    Kinetic En.
   -4.68916e+03   -5.26982e+05    2.83384e+03   -4.32637e+05    8.65886e+04
   Total Energy  Conserved En.    Temperature Pres. DC (bar) Pressure (bar)
   -3.46049e+05   -5.20310e+05    3.11262e+02   -2.27289e+02    9.43642e+02
   Constr. rmsd
    8.59505e-04

           Step           Time         Lambda
         174000      348.00000        0.00000

   Energies (kJ/mol)
       G96Angle    Proper Dih.          LJ-14     Coulomb-14        LJ (SR)
    5.69778e+02    4.05975e+02    2.17373e+04   -1.07874e+03    7.35641e+04
  Disper. corr.   Coulomb (SR)   Coul. recip.      Potential    Kinetic En.
   -4.68916e+03   -5.26610e+05    2.83462e+03   -4.33266e+05    8.62159e+04
   Total Energy  Conserved En.    Temperature Pres. DC (bar) Pressure (bar)
   -3.47050e+05   -5.20715e+05    3.09923e+02   -2.27289e+02    4.09186e+02
   Constr. rmsd
    9.23367e-04

           Step           Time         Lambda
         174500      349.00000        0.00000

   Energies (kJ/mol)
       G96Angle    Proper Dih.          LJ-14     Coulomb-14        LJ (SR)
    5.97419e+02    3.88705e+02    2.17146e+04   -1.09844e+03    7.45234e+04
  Disper. corr.   Coulomb (SR)   Coul. recip.      Potential    Kinetic En.
   -4.68916e+03   -5.27985e+05    2.85538e+03   -4.33693e+05    8.63449e+04
   Total Energy  Conserved En.    Temperature Pres. DC (bar) Pressure (bar)
   -3.47348e+05   -5.21098e+05    3.10386e+02   -2.27289e+02    1.66565e+02
   Constr. rmsd
    9.88467e-04

           Step           Time         Lambda
         175000      350.00000        0.00000

   Energies (kJ/mol)
       G96Angle    Proper Dih.          LJ-14     Coulomb-14        LJ (SR)
    5.58286e+02    3.96048e+02    2.17003e+04   -1.07612e+03    7.38327e+04
  Disper. corr.   Coulomb (SR)   Coul. recip.      Potential    Kinetic En.
   -4.68916e+03   -5.27332e+05    2.80600e+03   -4.33804e+05    8.56420e+04
   Total Energy  Conserved En.    Temperature Pres. DC (bar) Pressure (bar)
   -3.48162e+05   -5.21396e+05    3.07860e+02   -2.27289e+02    1.95548e+02
   Constr. rmsd
    9.56106e-04

           Step           Time         Lambda
         175500      351.00000        0.00000

   Energies (kJ/mol)
       G96Angle    Proper Dih.          LJ-14     Coulomb-14        LJ (SR)
    5.82515e+02    3.93434e+02    2.16956e+04   -1.09773e+03    7.26348e+04
  Disper. corr.   Coulomb (SR)   Coul. recip.      Potential    Kinetic En.
   -4.68916e+03   -5.25369e+05    2.93578e+03   -4.32914e+05    8.57430e+04
   Total Energy  Conserved En.    Temperature Pres. DC (bar) Pressure (bar)
   -3.47171e+05   -5.21755e+05    3.08223e+02   -2.27289e+02    4.08236e+01
   Constr. rmsd
    9.57770e-04

           Step           Time         Lambda
         176000      352.00000        0.00000

   Energies (kJ/mol)
       G96Angle    Proper Dih.          LJ-14     Coulomb-14        LJ (SR)
    6.26709e+02    3.93452e+02    2.17416e+04   -1.10420e+03    7.30495e+04
  Disper. corr.   Coulomb (SR)   Coul. recip.      Potential    Kinetic En.
   -4.68916e+03   -5.25102e+05    2.86970e+03   -4.32215e+05    8.61510e+04
   Total Energy  Conserved En.    Temperature Pres. DC (bar) Pressure (bar)
   -3.46064e+05   -5.22090e+05    3.09689e+02   -2.27289e+02    1.47610e+02
   Constr. rmsd
    9.69213e-04

           Step           Time         Lambda
         176500      353.00000        0.00000

   Energies (kJ/mol)
       G96Angle    Proper Dih.          LJ-14     Coulomb-14        LJ (SR)
    5.96003e+02    3.82066e+02    2.17599e+04   -1.09867e+03    7.47830e+04
  Disper. corr.   Coulomb (SR)   Coul. recip.      Potential    Kinetic En.
   -4.68916e+03   -5.28211e+05    2.84452e+03   -4.33633e+05    8.59801e+04
   Total Energy  Conserved En.    Temperature Pres. DC (bar) Pressure (bar)
   -3.47653e+05   -5.22424e+05    3.09075e+02   -2.27289e+02    8.85557e+02
   Constr. rmsd
    8.66064e-04

           Step           Time         Lambda
         177000      354.00000        0.00000

   Energies (kJ/mol)
       G96Angle    Proper Dih.          LJ-14     Coulomb-14        LJ (SR)
    5.83402e+02    4.33005e+02    2.17055e+04   -1.10472e+03    7.22120e+04
  Disper. corr.   Coulomb (SR)   Coul. recip.      Potential    Kinetic En.
   -4.68916e+03   -5.23565e+05    2.87972e+03   -4.31545e+05    8.65958e+04
   Total Energy  Conserved En.    Temperature Pres. DC (bar) Pressure (bar)
   -3.44949e+05   -5.22843e+05    3.11288e+02   -2.27289e+02   -1.88666e+02
   Constr. rmsd
    1.01602e-03

           Step           Time         Lambda
         177500      355.00000        0.00000

   Energies (kJ/mol)
       G96Angle    Proper Dih.          LJ-14     Coulomb-14        LJ (SR)
    5.78938e+02    3.88467e+02    2.16941e+04   -1.10706e+03    7.51396e+04
  Disper. corr.   Coulomb (SR)   Coul. recip.      Potential    Kinetic En.
   -4.68916e+03   -5.27986e+05    2.98811e+03   -4.32993e+05    8.52001e+04
   Total Energy  Conserved En.    Temperature Pres. DC (bar) Pressure (bar)
   -3.47793e+05   -5.23176e+05    3.06271e+02   -2.27289e+02    5.05388e+02
   Constr. rmsd
    9.50830e-04

           Step           Time         Lambda
         178000      356.00000        0.00000

   Energies (kJ/mol)
       G96Angle    Proper Dih.          LJ-14     Coulomb-14        LJ (SR)
    5.91077e+02    4.42751e+02    2.17813e+04   -1.09835e+03    7.44714e+04
  Disper. corr.   Coulomb (SR)   Coul. recip.      Potential    Kinetic En.
   -4.68916e+03   -5.26705e+05    2.90120e+03   -4.32305e+05    8.69727e+04
   Total Energy  Conserved En.    Temperature Pres. DC (bar) Pressure (bar)
   -3.45332e+05   -5.23527e+05    3.12643e+02   -2.27289e+02    5.16324e+02
   Constr. rmsd
    9.36263e-04

           Step           Time         Lambda
         178500      357.00000        0.00000

   Energies (kJ/mol)
       G96Angle    Proper Dih.          LJ-14     Coulomb-14        LJ (SR)
    5.68862e+02    4.05673e+02    2.17476e+04   -1.09672e+03    7.58768e+04
  Disper. corr.   Coulomb (SR)   Coul. recip.      Potential    Kinetic En.
   -4.68916e+03   -5.29333e+05    2.89058e+03   -4.33629e+05    8.65438e+04
   Total Energy  Conserved En.    Temperature Pres. DC (bar) Pressure (bar)
   -3.47085e+05   -5.23873e+05    3.11101e+02   -2.27289e+02    8.73997e+02
   Constr. rmsd
    8.97172e-04

           Step           Time         Lambda
         179000      358.00000        0.00000

   Energies (kJ/mol)
       G96Angle    Proper Dih.          LJ-14     Coulomb-14        LJ (SR)
    6.40677e+02    3.93901e+02    2.17289e+04   -1.11554e+03    7.36079e+04
  Disper. corr.   Coulomb (SR)   Coul. recip.      Potential    Kinetic En.
   -4.68916e+03   -5.25236e+05    2.97125e+03   -4.31698e+05    8.63512e+04
   Total Energy  Conserved En.    Temperature Pres. DC (bar) Pressure (bar)
   -3.45347e+05   -5.24244e+05    3.10409e+02   -2.27289e+02    1.75957e+02
   Constr. rmsd
    9.76732e-04

           Step           Time         Lambda
         179500      359.00000        0.00000

   Energies (kJ/mol)
       G96Angle    Proper Dih.          LJ-14     Coulomb-14        LJ (SR)
    6.32150e+02    4.40641e+02    2.17693e+04   -1.09934e+03    7.58459e+04
  Disper. corr.   Coulomb (SR)   Coul. recip.      Potential    Kinetic En.
   -4.68916e+03   -5.28797e+05    2.97043e+03   -4.32927e+05    8.65336e+04
   Total Energy  Conserved En.    Temperature Pres. DC (bar) Pressure (bar)
   -3.46394e+05   -5.24604e+05    3.11064e+02   -2.27289e+02    7.46158e+02
   Constr. rmsd
    9.30601e-04

           Step           Time         Lambda
         180000      360.00000        0.00000

   Energies (kJ/mol)
       G96Angle    Proper Dih.          LJ-14     Coulomb-14        LJ (SR)
    5.94480e+02    4.10021e+02    2.17065e+04   -1.07508e+03    7.47002e+04
  Disper. corr.   Coulomb (SR)   Coul. recip.      Potential    Kinetic En.
   -4.68916e+03   -5.26958e+05    2.90981e+03   -4.32401e+05    8.60779e+04
   Total Energy  Conserved En.    Temperature Pres. DC (bar) Pressure (bar)
   -3.46324e+05   -5.24993e+05    3.09426e+02   -2.27289e+02    2.78120e+02
   Constr. rmsd
    9.80426e-04

           Step           Time         Lambda
         180500      361.00000        0.00000

   Energies (kJ/mol)
       G96Angle    Proper Dih.          LJ-14     Coulomb-14        LJ (SR)
    5.92271e+02    4.23190e+02    2.17435e+04   -1.07994e+03    7.26732e+04
  Disper. corr.   Coulomb (SR)   Coul. recip.      Potential    Kinetic En.
   -4.68916e+03   -5.24764e+05    2.90650e+03   -4.32195e+05    8.61978e+04
   Total Energy  Conserved En.    Temperature Pres. DC (bar) Pressure (bar)
   -3.45997e+05   -5.25373e+05    3.09857e+02   -2.27289e+02   -1.20709e+02
   Constr. rmsd
    9.98860e-04

           Step           Time         Lambda
         181000      362.00000        0.00000

   Energies (kJ/mol)
       G96Angle    Proper Dih.          LJ-14     Coulomb-14        LJ (SR)
    5.56474e+02    4.12126e+02    2.17452e+04   -1.11147e+03    7.41584e+04
  Disper. corr.   Coulomb (SR)   Coul. recip.      Potential    Kinetic En.
   -4.68916e+03   -5.27118e+05    2.87247e+03   -4.33174e+05    8.58235e+04
   Total Energy  Conserved En.    Temperature Pres. DC (bar) Pressure (bar)
   -3.47350e+05   -5.25676e+05    3.08512e+02   -2.27289e+02    3.54791e+02
   Constr. rmsd
    9.48583e-04

           Step           Time         Lambda
         181500      363.00000        0.00000

   Energies (kJ/mol)
       G96Angle    Proper Dih.          LJ-14     Coulomb-14        LJ (SR)
    6.28681e+02    4.38669e+02    2.18394e+04   -1.09832e+03    7.65003e+04
  Disper. corr.   Coulomb (SR)   Coul. recip.      Potential    Kinetic En.
   -4.68916e+03   -5.28366e+05    3.04136e+03   -4.31705e+05    8.66027e+04
   Total Energy  Conserved En.    Temperature Pres. DC (bar) Pressure (bar)
   -3.45103e+05   -5.26004e+05    3.11313e+02   -2.27289e+02    9.95163e+02
   Constr. rmsd
    9.18292e-04

           Step           Time         Lambda
         182000      364.00000        0.00000

   Energies (kJ/mol)
       G96Angle    Proper Dih.          LJ-14     Coulomb-14        LJ (SR)
    6.00736e+02    3.63730e+02    2.17374e+04   -1.09194e+03    7.30023e+04
  Disper. corr.   Coulomb (SR)   Coul. recip.      Potential    Kinetic En.
   -4.68916e+03   -5.26018e+05    2.87067e+03   -4.33224e+05    8.63614e+04
   Total Energy  Conserved En.    Temperature Pres. DC (bar) Pressure (bar)
   -3.46862e+05   -5.26362e+05    3.10446e+02   -2.27289e+02    3.04179e+02
   Constr. rmsd
    9.23438e-04

           Step           Time         Lambda
         182500      365.00000        0.00000

   Energies (kJ/mol)
       G96Angle    Proper Dih.          LJ-14     Coulomb-14        LJ (SR)
    5.94581e+02    4.23703e+02    2.17604e+04   -1.09605e+03    7.47790e+04
  Disper. corr.   Coulomb (SR)   Coul. recip.      Potential    Kinetic En.
   -4.68916e+03   -5.27992e+05    2.86216e+03   -4.33358e+05    8.62132e+04
   Total Energy  Conserved En.    Temperature Pres. DC (bar) Pressure (bar)
   -3.47145e+05   -5.26730e+05    3.09913e+02   -2.27289e+02    9.26449e+01
   Constr. rmsd
    1.00407e-03

           Step           Time         Lambda
         183000      366.00000        0.00000

   Energies (kJ/mol)
       G96Angle    Proper Dih.          LJ-14     Coulomb-14        LJ (SR)
    5.89110e+02    4.60503e+02    2.17368e+04   -1.07737e+03    7.53400e+04
  Disper. corr.   Coulomb (SR)   Coul. recip.      Potential    Kinetic En.
   -4.68916e+03   -5.29317e+05    2.86818e+03   -4.34089e+05    8.55636e+04
   Total Energy  Conserved En.    Temperature Pres. DC (bar) Pressure (bar)
   -3.48526e+05   -5.27059e+05    3.07578e+02   -2.27289e+02    2.62737e+02
   Constr. rmsd
    9.73362e-04

           Step           Time         Lambda
         183500      367.00000        0.00000

   Energies (kJ/mol)
       G96Angle    Proper Dih.          LJ-14     Coulomb-14        LJ (SR)
    5.35771e+02    3.93939e+02    2.16659e+04   -1.10012e+03    7.41163e+04
  Disper. corr.   Coulomb (SR)   Coul. recip.      Potential    Kinetic En.
   -4.68916e+03   -5.28631e+05    2.87520e+03   -4.34833e+05    8.62734e+04
   Total Energy  Conserved En.    Temperature Pres. DC (bar) Pressure (bar)
   -3.48560e+05   -5.27396e+05    3.10129e+02   -2.27289e+02   -2.39428e+01
   Constr. rmsd
    9.90268e-04

           Step           Time         Lambda
         184000      368.00000        0.00000

   Energies (kJ/mol)
       G96Angle    Proper Dih.          LJ-14     Coulomb-14        LJ (SR)
    5.78936e+02    3.79817e+02    2.17519e+04   -1.09612e+03    7.49436e+04
  Disper. corr.   Coulomb (SR)   Coul. recip.      Potential    Kinetic En.
   -4.68916e+03   -5.28723e+05    2.87182e+03   -4.33982e+05    8.65043e+04
   Total Energy  Conserved En.    Temperature Pres. DC (bar) Pressure (bar)
   -3.47478e+05   -5.27733e+05    3.10959e+02   -2.27289e+02    3.91225e+02
   Constr. rmsd
    9.69015e-04

           Step           Time         Lambda
         184500      369.00000        0.00000

   Energies (kJ/mol)
       G96Angle    Proper Dih.          LJ-14     Coulomb-14        LJ (SR)
    5.92418e+02    4.01832e+02    2.17020e+04   -1.07279e+03    7.50117e+04
  Disper. corr.   Coulomb (SR)   Coul. recip.      Potential    Kinetic En.
   -4.68916e+03   -5.28481e+05    2.97076e+03   -4.33564e+05    8.60548e+04
   Total Energy  Conserved En.    Temperature Pres. DC (bar) Pressure (bar)
   -3.47509e+05   -5.28093e+05    3.09344e+02   -2.27289e+02    4.08521e+02
   Constr. rmsd
    9.44525e-04

           Step           Time         Lambda
         185000      370.00000        0.00000

   Energies (kJ/mol)
       G96Angle    Proper Dih.          LJ-14     Coulomb-14        LJ (SR)
    5.81202e+02    4.25416e+02    2.17257e+04   -1.09971e+03    7.41890e+04
  Disper. corr.   Coulomb (SR)   Coul. recip.      Potential    Kinetic En.
   -4.68916e+03   -5.27030e+05    2.85744e+03   -4.33040e+05    8.59839e+04
   Total Energy  Conserved En.    Temperature Pres. DC (bar) Pressure (bar)
   -3.47057e+05   -5.28421e+05    3.09089e+02   -2.27289e+02    2.66594e+02
   Constr. rmsd
    9.70688e-04

           Step           Time         Lambda
         185500      371.00000        0.00000

   Energies (kJ/mol)
       G96Angle    Proper Dih.          LJ-14     Coulomb-14        LJ (SR)
    6.22951e+02    3.94185e+02    2.17442e+04   -1.11358e+03    7.54271e+04
  Disper. corr.   Coulomb (SR)   Coul. recip.      Potential    Kinetic En.
   -4.68916e+03   -5.28297e+05    2.86389e+03   -4.33047e+05    8.59158e+04
   Total Energy  Conserved En.    Temperature Pres. DC (bar) Pressure (bar)
   -3.47131e+05   -5.28772e+05    3.08844e+02   -2.27289e+02    3.79273e+02
   Constr. rmsd
    9.87945e-04

           Step           Time         Lambda
         186000      372.00000        0.00000

   Energies (kJ/mol)
       G96Angle    Proper Dih.          LJ-14     Coulomb-14        LJ (SR)
    6.12178e+02    4.26095e+02    2.17817e+04   -1.08808e+03    7.46282e+04
  Disper. corr.   Coulomb (SR)   Coul. recip.      Potential    Kinetic En.
   -4.68916e+03   -5.27115e+05    2.89542e+03   -4.32548e+05    8.64168e+04
   Total Energy  Conserved En.    Temperature Pres. DC (bar) Pressure (bar)
   -3.46132e+05   -5.29130e+05    3.10645e+02   -2.27289e+02    3.69801e+02
   Constr. rmsd
    9.64260e-04

           Step           Time         Lambda
         186500      373.00000        0.00000

   Energies (kJ/mol)
       G96Angle    Proper Dih.          LJ-14     Coulomb-14        LJ (SR)
    6.07904e+02    4.05396e+02    2.17257e+04   -1.09788e+03    7.46645e+04
  Disper. corr.   Coulomb (SR)   Coul. recip.      Potential    Kinetic En.
   -4.68916e+03   -5.27702e+05    2.98850e+03   -4.33097e+05    8.65747e+04
   Total Energy  Conserved En.    Temperature Pres. DC (bar) Pressure (bar)
   -3.46523e+05   -5.29490e+05    3.11212e+02   -2.27289e+02    1.59793e+02
   Constr. rmsd
    9.92105e-04

           Step           Time         Lambda
         187000      374.00000        0.00000

   Energies (kJ/mol)
       G96Angle    Proper Dih.          LJ-14     Coulomb-14        LJ (SR)
    6.14887e+02    3.91655e+02    2.18032e+04   -1.10334e+03    7.47417e+04
  Disper. corr.   Coulomb (SR)   Coul. recip.      Potential    Kinetic En.
   -4.68916e+03   -5.28204e+05    2.93329e+03   -4.33512e+05    8.71509e+04
   Total Energy  Conserved En.    Temperature Pres. DC (bar) Pressure (bar)
   -3.46361e+05   -5.29771e+05    3.13284e+02   -2.27289e+02    9.65992e+02
   Constr. rmsd
    8.59953e-04

           Step           Time         Lambda
         187500      375.00000        0.00000

   Energies (kJ/mol)
       G96Angle    Proper Dih.          LJ-14     Coulomb-14        LJ (SR)
    6.02356e+02    4.13249e+02    2.16644e+04   -1.09439e+03    7.33408e+04
  Disper. corr.   Coulomb (SR)   Coul. recip.      Potential    Kinetic En.
   -4.68916e+03   -5.26456e+05    2.86519e+03   -4.33354e+05    8.62812e+04
   Total Energy  Conserved En.    Temperature Pres. DC (bar) Pressure (bar)
   -3.47073e+05   -5.30208e+05    3.10158e+02   -2.27289e+02   -4.14296e+02
   Constr. rmsd
    1.05924e-03

           Step           Time         Lambda
         188000      376.00000        0.00000

   Energies (kJ/mol)
       G96Angle    Proper Dih.          LJ-14     Coulomb-14        LJ (SR)
    6.10199e+02    3.95370e+02    2.17138e+04   -1.08543e+03    7.35164e+04
  Disper. corr.   Coulomb (SR)   Coul. recip.      Potential    Kinetic En.
   -4.68916e+03   -5.26571e+05    2.86355e+03   -4.33246e+05    8.52448e+04
   Total Energy  Conserved En.    Temperature Pres. DC (bar) Pressure (bar)
   -3.48001e+05   -5.30484e+05    3.06432e+02   -2.27289e+02    4.48747e+02
   Constr. rmsd
    9.12309e-04

           Step           Time         Lambda
         188500      377.00000        0.00000

   Energies (kJ/mol)
       G96Angle    Proper Dih.          LJ-14     Coulomb-14        LJ (SR)
    5.78995e+02    3.77104e+02    2.16632e+04   -1.06511e+03    7.54779e+04
  Disper. corr.   Coulomb (SR)   Coul. recip.      Potential    Kinetic En.
   -4.68916e+03   -5.28077e+05    2.85045e+03   -4.32883e+05    8.57809e+04
   Total Energy  Conserved En.    Temperature Pres. DC (bar) Pressure (bar)
   -3.47102e+05   -5.30883e+05    3.08359e+02   -2.27289e+02   -2.28881e+01
   Constr. rmsd
    1.05082e-03

           Step           Time         Lambda
         189000      378.00000        0.00000

   Energies (kJ/mol)
       G96Angle    Proper Dih.          LJ-14     Coulomb-14        LJ (SR)
    5.71314e+02    4.25433e+02    2.17329e+04   -1.09187e+03    7.37630e+04
  Disper. corr.   Coulomb (SR)   Coul. recip.      Potential    Kinetic En.
   -4.68916e+03   -5.26199e+05    2.77494e+03   -4.32712e+05    8.62675e+04
   Total Energy  Conserved En.    Temperature Pres. DC (bar) Pressure (bar)
   -3.46445e+05   -5.31228e+05    3.10108e+02   -2.27289e+02    3.82751e+02
   Constr. rmsd
    9.38201e-04

           Step           Time         Lambda
         189500      379.00000        0.00000

   Energies (kJ/mol)
       G96Angle    Proper Dih.          LJ-14     Coulomb-14        LJ (SR)
    6.04471e+02    3.96628e+02    2.17097e+04   -1.11087e+03    7.37978e+04
  Disper. corr.   Coulomb (SR)   Coul. recip.      Potential    Kinetic En.
   -4.68916e+03   -5.27114e+05    2.84626e+03   -4.33559e+05    8.63059e+04
   Total Energy  Conserved En.    Temperature Pres. DC (bar) Pressure (bar)
   -3.47253e+05   -5.31565e+05    3.10246e+02   -2.27289e+02    2.06629e+02
   Constr. rmsd
    9.64568e-04

           Step           Time         Lambda
         190000      380.00000        0.00000

   Energies (kJ/mol)
       G96Angle    Proper Dih.          LJ-14     Coulomb-14        LJ (SR)
    5.92150e+02    4.18052e+02    2.17308e+04   -1.05720e+03    7.38215e+04
  Disper. corr.   Coulomb (SR)   Coul. recip.      Potential    Kinetic En.
   -4.68916e+03   -5.26174e+05    2.89734e+03   -4.32460e+05    8.64481e+04
   Total Energy  Conserved En.    Temperature Pres. DC (bar) Pressure (bar)
   -3.46012e+05   -5.31931e+05    3.10757e+02   -2.27289e+02    3.98549e+02
   Constr. rmsd
    9.54127e-04

           Step           Time         Lambda
         190500      381.00000        0.00000

   Energies (kJ/mol)
       G96Angle    Proper Dih.          LJ-14     Coulomb-14        LJ (SR)
    6.05019e+02    4.14404e+02    2.16790e+04   -1.07510e+03    7.44090e+04
  Disper. corr.   Coulomb (SR)   Coul. recip.      Potential    Kinetic En.
   -4.68916e+03   -5.27219e+05    2.93015e+03   -4.32946e+05    8.61365e+04
   Total Energy  Conserved En.    Temperature Pres. DC (bar) Pressure (bar)
   -3.46809e+05   -5.32312e+05    3.09637e+02   -2.27289e+02    1.56898e+02
   Constr. rmsd
    9.90047e-04

           Step           Time         Lambda
         191000      382.00000        0.00000

   Energies (kJ/mol)
       G96Angle    Proper Dih.          LJ-14     Coulomb-14        LJ (SR)
    6.15887e+02    4.59205e+02    2.17360e+04   -1.09410e+03    7.44295e+04
  Disper. corr.   Coulomb (SR)   Coul. recip.      Potential    Kinetic En.
   -4.68916e+03   -5.27632e+05    2.82338e+03   -4.33351e+05    8.70886e+04
   Total Energy  Conserved En.    Temperature Pres. DC (bar) Pressure (bar)
   -3.46263e+05   -5.32647e+05    3.13060e+02   -2.27289e+02    3.67090e+02
   Constr. rmsd
    9.60055e-04

           Step           Time         Lambda
         191500      383.00000        0.00000

   Energies (kJ/mol)
       G96Angle    Proper Dih.          LJ-14     Coulomb-14        LJ (SR)
    6.07551e+02    3.92242e+02    2.17076e+04   -1.09784e+03    7.40148e+04
  Disper. corr.   Coulomb (SR)   Coul. recip.      Potential    Kinetic En.
   -4.68916e+03   -5.27782e+05    2.90294e+03   -4.33943e+05    8.64122e+04
   Total Energy  Conserved En.    Temperature Pres. DC (bar) Pressure (bar)
   -3.47531e+05   -5.33013e+05    3.10628e+02   -2.27289e+02   -2.62360e+01
   Constr. rmsd
    9.99432e-04

           Step           Time         Lambda
         192000      384.00000        0.00000

   Energies (kJ/mol)
       G96Angle    Proper Dih.          LJ-14     Coulomb-14        LJ (SR)
    6.52390e+02    3.97161e+02    2.17919e+04   -1.09141e+03    7.47169e+04
  Disper. corr.   Coulomb (SR)   Coul. recip.      Potential    Kinetic En.
   -4.68916e+03   -5.27932e+05    2.85370e+03   -4.33300e+05    8.60857e+04
   Total Energy  Conserved En.    Temperature Pres. DC (bar) Pressure (bar)
   -3.47214e+05   -5.33340e+05    3.09455e+02   -2.27289e+02    3.83739e+02
   Constr. rmsd
    9.50100e-04

           Step           Time         Lambda
         192500      385.00000        0.00000

   Energies (kJ/mol)
       G96Angle    Proper Dih.          LJ-14     Coulomb-14        LJ (SR)
    5.92369e+02    4.09247e+02    2.17044e+04   -1.09801e+03    7.37447e+04
  Disper. corr.   Coulomb (SR)   Coul. recip.      Potential    Kinetic En.
   -4.68916e+03   -5.27467e+05    2.87993e+03   -4.33923e+05    8.60499e+04
   Total Energy  Conserved En.    Temperature Pres. DC (bar) Pressure (bar)
   -3.47873e+05   -5.33717e+05    3.09326e+02   -2.27289e+02    1.32030e+02
   Constr. rmsd
    9.55828e-04

           Step           Time         Lambda
         193000      386.00000        0.00000

   Energies (kJ/mol)
       G96Angle    Proper Dih.          LJ-14     Coulomb-14        LJ (SR)
    6.13599e+02    4.12746e+02    2.17710e+04   -1.07451e+03    7.44938e+04
  Disper. corr.   Coulomb (SR)   Coul. recip.      Potential    Kinetic En.
   -4.68916e+03   -5.27708e+05    2.75858e+03   -4.33421e+05    8.61438e+04
   Total Energy  Conserved En.    Temperature Pres. DC (bar) Pressure (bar)
   -3.47278e+05   -5.34036e+05    3.09663e+02   -2.27289e+02    4.10432e+02
   Constr. rmsd
    9.36478e-04

           Step           Time         Lambda
         193500      387.00000        0.00000

   Energies (kJ/mol)
       G96Angle    Proper Dih.          LJ-14     Coulomb-14        LJ (SR)
    5.47202e+02    3.82462e+02    2.16963e+04   -1.07789e+03    7.45196e+04
  Disper. corr.   Coulomb (SR)   Coul. recip.      Potential    Kinetic En.
   -4.68916e+03   -5.27206e+05    2.80127e+03   -4.33026e+05    8.55129e+04
   Total Energy  Conserved En.    Temperature Pres. DC (bar) Pressure (bar)
   -3.47513e+05   -5.34364e+05    3.07396e+02   -2.27289e+02    2.40041e+02
   Constr. rmsd
    9.72892e-04

           Step           Time         Lambda
         194000      388.00000        0.00000

   Energies (kJ/mol)
       G96Angle    Proper Dih.          LJ-14     Coulomb-14        LJ (SR)
    6.46320e+02    3.90475e+02    2.16839e+04   -1.10557e+03    7.39192e+04
  Disper. corr.   Coulomb (SR)   Coul. recip.      Potential    Kinetic En.
   -4.68916e+03   -5.26629e+05    2.89714e+03   -4.32886e+05    8.59888e+04
   Total Energy  Conserved En.    Temperature Pres. DC (bar) Pressure (bar)
   -3.46898e+05   -5.34746e+05    3.09106e+02   -2.27289e+02   -2.79183e+02
   Constr. rmsd
    1.04533e-03

           Step           Time         Lambda
         194500      389.00000        0.00000

   Energies (kJ/mol)
       G96Angle    Proper Dih.          LJ-14     Coulomb-14        LJ (SR)
    5.39622e+02    3.82009e+02    2.16640e+04   -1.08168e+03    7.20683e+04
  Disper. corr.   Coulomb (SR)   Coul. recip.      Potential    Kinetic En.
   -4.68916e+03   -5.24263e+05    2.85320e+03   -4.32526e+05    8.59942e+04
   Total Energy  Conserved En.    Temperature Pres. DC (bar) Pressure (bar)
   -3.46532e+05   -5.35078e+05    3.09126e+02   -2.27289e+02   -9.94057e+01
   Constr. rmsd
    9.79961e-04

           Step           Time         Lambda
         195000      390.00000        0.00000

   Energies (kJ/mol)
       G96Angle    Proper Dih.          LJ-14     Coulomb-14        LJ (SR)
    5.75113e+02    4.08036e+02    2.17458e+04   -1.06936e+03    7.44926e+04
  Disper. corr.   Coulomb (SR)   Coul. recip.      Potential    Kinetic En.
   -4.68916e+03   -5.27482e+05    2.83819e+03   -4.33180e+05    8.54665e+04
   Total Energy  Conserved En.    Temperature Pres. DC (bar) Pressure (bar)
   -3.47714e+05   -5.35368e+05    3.07229e+02   -2.27289e+02    5.20037e+02
   Constr. rmsd
    9.17911e-04

           Step           Time         Lambda
         195500      391.00000        0.00000

   Energies (kJ/mol)
       G96Angle    Proper Dih.          LJ-14     Coulomb-14        LJ (SR)
    5.31272e+02    4.11881e+02    2.17306e+04   -1.10518e+03    7.46003e+04
  Disper. corr.   Coulomb (SR)   Coul. recip.      Potential    Kinetic En.
   -4.68916e+03   -5.28175e+05    2.85344e+03   -4.33842e+05    8.62087e+04
   Total Energy  Conserved En.    Temperature Pres. DC (bar) Pressure (bar)
   -3.47633e+05   -5.35736e+05    3.09897e+02   -2.27289e+02    2.54438e+02
   Constr. rmsd
    9.61901e-04

           Step           Time         Lambda
         196000      392.00000        0.00000

   Energies (kJ/mol)
       G96Angle    Proper Dih.          LJ-14     Coulomb-14        LJ (SR)
    5.96144e+02    4.23070e+02    2.17448e+04   -1.12198e+03    7.30271e+04
  Disper. corr.   Coulomb (SR)   Coul. recip.      Potential    Kinetic En.
   -4.68916e+03   -5.24812e+05    2.80598e+03   -4.32026e+05    8.64343e+04
   Total Energy  Conserved En.    Temperature Pres. DC (bar) Pressure (bar)
   -3.45592e+05   -5.36060e+05    3.10708e+02   -2.27289e+02    9.30613e+01
   Constr. rmsd
    9.82563e-04

Writing checkpoint, step 196280 at Wed Apr  4 15:18:54 2018


           Step           Time         Lambda
         196500      393.00000        0.00000

   Energies (kJ/mol)
       G96Angle    Proper Dih.          LJ-14     Coulomb-14        LJ (SR)
    5.72692e+02    4.13770e+02    2.17401e+04   -1.07536e+03    7.39415e+04
  Disper. corr.   Coulomb (SR)   Coul. recip.      Potential    Kinetic En.
   -4.68916e+03   -5.26616e+05    2.87102e+03   -4.32841e+05    8.63520e+04
   Total Energy  Conserved En.    Temperature Pres. DC (bar) Pressure (bar)
   -3.46489e+05   -5.36390e+05    3.10412e+02   -2.27289e+02    3.01526e+02
   Constr. rmsd
    9.57412e-04

           Step           Time         Lambda
         197000      394.00000        0.00000

   Energies (kJ/mol)
       G96Angle    Proper Dih.          LJ-14     Coulomb-14        LJ (SR)
    5.75008e+02    4.19857e+02    2.17291e+04   -1.10015e+03    7.41523e+04
  Disper. corr.   Coulomb (SR)   Coul. recip.      Potential    Kinetic En.
   -4.68916e+03   -5.27065e+05    2.85172e+03   -4.33126e+05    8.63206e+04
   Total Energy  Conserved En.    Temperature Pres. DC (bar) Pressure (bar)
   -3.46806e+05   -5.36767e+05    3.10299e+02   -2.27289e+02   -6.00300e+01
   Constr. rmsd
    1.00892e-03

           Step           Time         Lambda
         197500      395.00000        0.00000

   Energies (kJ/mol)
       G96Angle    Proper Dih.          LJ-14     Coulomb-14        LJ (SR)
    6.11117e+02    4.27072e+02    2.18143e+04   -1.08532e+03    7.34548e+04
  Disper. corr.   Coulomb (SR)   Coul. recip.      Potential    Kinetic En.
   -4.68916e+03   -5.25635e+05    2.92811e+03   -4.32174e+05    8.65942e+04
   Total Energy  Conserved En.    Temperature Pres. DC (bar) Pressure (bar)
   -3.45579e+05   -5.37086e+05    3.11282e+02   -2.27289e+02    9.01358e+02
   Constr. rmsd
    8.35539e-04

           Step           Time         Lambda
         198000      396.00000        0.00000

   Energies (kJ/mol)
       G96Angle    Proper Dih.          LJ-14     Coulomb-14        LJ (SR)
    5.97058e+02    4.20079e+02    2.17790e+04   -1.07183e+03    7.56409e+04
  Disper. corr.   Coulomb (SR)   Coul. recip.      Potential    Kinetic En.
   -4.68916e+03   -5.29538e+05    2.88938e+03   -4.33973e+05    8.58024e+04
   Total Energy  Conserved En.    Temperature Pres. DC (bar) Pressure (bar)
   -3.48170e+05   -5.37450e+05    3.08436e+02   -2.27289e+02    6.55022e+02
   Constr. rmsd
    9.21076e-04

           Step           Time         Lambda
         198500      397.00000        0.00000

   Energies (kJ/mol)
       G96Angle    Proper Dih.          LJ-14     Coulomb-14        LJ (SR)
    5.67072e+02    4.23247e+02    2.16672e+04   -1.11592e+03    7.36416e+04
  Disper. corr.   Coulomb (SR)   Coul. recip.      Potential    Kinetic En.
   -4.68916e+03   -5.26496e+05    2.89297e+03   -4.33109e+05    8.62626e+04
   Total Energy  Conserved En.    Temperature Pres. DC (bar) Pressure (bar)
   -3.46846e+05   -5.37846e+05    3.10090e+02   -2.27289e+02   -5.05652e+02
   Constr. rmsd
    1.09797e-03

           Step           Time         Lambda
         199000      398.00000        0.00000

   Energies (kJ/mol)
       G96Angle    Proper Dih.          LJ-14     Coulomb-14        LJ (SR)
    6.24928e+02    3.97117e+02    2.17425e+04   -1.10851e+03    7.48932e+04
  Disper. corr.   Coulomb (SR)   Coul. recip.      Potential    Kinetic En.
   -4.68916e+03   -5.27566e+05    2.86676e+03   -4.32839e+05    8.65764e+04
   Total Energy  Conserved En.    Temperature Pres. DC (bar) Pressure (bar)
   -3.46262e+05   -5.38153e+05    3.11218e+02   -2.27289e+02    2.03620e+02
   Constr. rmsd
    9.99340e-04

           Step           Time         Lambda
         199500      399.00000        0.00000

   Energies (kJ/mol)
       G96Angle    Proper Dih.          LJ-14     Coulomb-14        LJ (SR)
    5.77174e+02    4.44064e+02    2.17365e+04   -1.11417e+03    7.44809e+04
  Disper. corr.   Coulomb (SR)   Coul. recip.      Potential    Kinetic En.
   -4.68916e+03   -5.27775e+05    2.97695e+03   -4.33363e+05    8.69899e+04
   Total Energy  Conserved En.    Temperature Pres. DC (bar) Pressure (bar)
   -3.46373e+05   -5.38510e+05    3.12705e+02   -2.27289e+02    4.42832e+02
   Constr. rmsd
    9.39467e-04

           Step           Time         Lambda
         200000      400.00000        0.00000

   Energies (kJ/mol)
       G96Angle    Proper Dih.          LJ-14     Coulomb-14        LJ (SR)
    5.46617e+02    4.18223e+02    2.17465e+04   -1.10467e+03    7.44012e+04
  Disper. corr.   Coulomb (SR)   Coul. recip.      Potential    Kinetic En.
   -4.68916e+03   -5.27309e+05    2.83952e+03   -4.33151e+05    8.59007e+04
   Total Energy  Conserved En.    Temperature Pres. DC (bar) Pressure (bar)
   -3.47250e+05   -5.38801e+05    3.08789e+02   -2.27289e+02    5.02826e+02
   Constr. rmsd
    9.30064e-04

           Step           Time         Lambda
         200500      401.00000        0.00000

   Energies (kJ/mol)
       G96Angle    Proper Dih.          LJ-14     Coulomb-14        LJ (SR)
    6.17863e+02    4.14565e+02    2.17792e+04   -1.07433e+03    7.44103e+04
  Disper. corr.   Coulomb (SR)   Coul. recip.      Potential    Kinetic En.
   -4.68916e+03   -5.27990e+05    2.95168e+03   -4.33580e+05    8.67382e+04
   Total Energy  Conserved En.    Temperature Pres. DC (bar) Pressure (bar)
   -3.46841e+05   -5.39148e+05    3.11800e+02   -2.27289e+02    2.73837e+02
   Constr. rmsd
    9.67228e-04

           Step           Time         Lambda
         201000      402.00000        0.00000

   Energies (kJ/mol)
       G96Angle    Proper Dih.          LJ-14     Coulomb-14        LJ (SR)
    5.79764e+02    3.88719e+02    2.17404e+04   -1.09816e+03    7.35355e+04
  Disper. corr.   Coulomb (SR)   Coul. recip.      Potential    Kinetic En.
   -4.68916e+03   -5.26792e+05    2.95079e+03   -4.33384e+05    8.64383e+04
   Total Energy  Conserved En.    Temperature Pres. DC (bar) Pressure (bar)
   -3.46946e+05   -5.39487e+05    3.10722e+02   -2.27289e+02    1.83992e+02
   Constr. rmsd
    9.61589e-04

           Step           Time         Lambda
         201500      403.00000        0.00000

   Energies (kJ/mol)
       G96Angle    Proper Dih.          LJ-14     Coulomb-14        LJ (SR)
    5.92808e+02    4.26247e+02    2.17641e+04   -1.08334e+03    7.39337e+04
  Disper. corr.   Coulomb (SR)   Coul. recip.      Potential    Kinetic En.
   -4.68916e+03   -5.25722e+05    2.89942e+03   -4.31878e+05    8.55120e+04
   Total Energy  Conserved En.    Temperature Pres. DC (bar) Pressure (bar)
   -3.46366e+05   -5.39823e+05    3.07392e+02   -2.27289e+02    4.27214e+02
   Constr. rmsd
    9.42062e-04

           Step           Time         Lambda
         202000      404.00000        0.00000

   Energies (kJ/mol)
       G96Angle    Proper Dih.          LJ-14     Coulomb-14        LJ (SR)
    6.10347e+02    4.37544e+02    2.18165e+04   -1.10122e+03    7.47598e+04
  Disper. corr.   Coulomb (SR)   Coul. recip.      Potential    Kinetic En.
   -4.68916e+03   -5.28423e+05    2.80795e+03   -4.33781e+05    8.62932e+04
   Total Energy  Conserved En.    Temperature Pres. DC (bar) Pressure (bar)
   -3.47488e+05   -5.40112e+05    3.10200e+02   -2.27289e+02    1.00890e+03
   Constr. rmsd
    8.48923e-04

           Step           Time         Lambda
         202500      405.00000        0.00000

   Energies (kJ/mol)
       G96Angle    Proper Dih.          LJ-14     Coulomb-14        LJ (SR)
    5.88196e+02    4.34265e+02    2.17435e+04   -1.05988e+03    7.34651e+04
  Disper. corr.   Coulomb (SR)   Coul. recip.      Potential    Kinetic En.
   -4.68916e+03   -5.26667e+05    2.92059e+03   -4.33264e+05    8.55311e+04
   Total Energy  Conserved En.    Temperature Pres. DC (bar) Pressure (bar)
   -3.47733e+05   -5.40481e+05    3.07461e+02   -2.27289e+02    6.91025e+02
   Constr. rmsd
    8.77017e-04

           Step           Time         Lambda
         203000      406.00000        0.00000

   Energies (kJ/mol)
       G96Angle    Proper Dih.          LJ-14     Coulomb-14        LJ (SR)
    5.64048e+02    3.94861e+02    2.17125e+04   -1.11986e+03    7.31313e+04
  Disper. corr.   Coulomb (SR)   Coul. recip.      Potential    Kinetic En.
   -4.68916e+03   -5.26578e+05    2.94661e+03   -4.33638e+05    8.61131e+04
   Total Energy  Conserved En.    Temperature Pres. DC (bar) Pressure (bar)
   -3.47525e+05   -5.40882e+05    3.09553e+02   -2.27289e+02    3.43369e+02
   Constr. rmsd
    9.18577e-04

           Step           Time         Lambda
         203500      407.00000        0.00000

   Energies (kJ/mol)
       G96Angle    Proper Dih.          LJ-14     Coulomb-14        LJ (SR)
    5.84383e+02    4.44184e+02    2.17577e+04   -1.08439e+03    7.47694e+04
  Disper. corr.   Coulomb (SR)   Coul. recip.      Potential    Kinetic En.
   -4.68916e+03   -5.27844e+05    3.01424e+03   -4.33048e+05    8.63217e+04
   Total Energy  Conserved En.    Temperature Pres. DC (bar) Pressure (bar)
   -3.46726e+05   -5.41219e+05    3.10303e+02   -2.27289e+02    6.36589e+02
   Constr. rmsd
    9.18752e-04

           Step           Time         Lambda
         204000      408.00000        0.00000

   Energies (kJ/mol)
       G96Angle    Proper Dih.          LJ-14     Coulomb-14        LJ (SR)
    6.23902e+02    4.35083e+02    2.17794e+04   -1.08559e+03    7.35745e+04
  Disper. corr.   Coulomb (SR)   Coul. recip.      Potential    Kinetic En.
   -4.68916e+03   -5.26536e+05    2.88431e+03   -4.33013e+05    8.62642e+04
   Total Energy  Conserved En.    Temperature Pres. DC (bar) Pressure (bar)
   -3.46749e+05   -5.41550e+05    3.10096e+02   -2.27289e+02    5.28610e+02
   Constr. rmsd
    9.01698e-04

           Step           Time         Lambda
         204500      409.00000        0.00000

   Energies (kJ/mol)
       G96Angle    Proper Dih.          LJ-14     Coulomb-14        LJ (SR)
    5.95334e+02    4.21702e+02    2.17450e+04   -1.09149e+03    7.33227e+04
  Disper. corr.   Coulomb (SR)   Coul. recip.      Potential    Kinetic En.
   -4.68916e+03   -5.27100e+05    2.79275e+03   -4.34003e+05    8.70049e+04
   Total Energy  Conserved En.    Temperature Pres. DC (bar) Pressure (bar)
   -3.46998e+05   -5.41905e+05    3.12759e+02   -2.27289e+02    3.69614e+02
   Constr. rmsd
    9.14685e-04

           Step           Time         Lambda
         205000      410.00000        0.00000

   Energies (kJ/mol)
       G96Angle    Proper Dih.          LJ-14     Coulomb-14        LJ (SR)
    5.96869e+02    4.02870e+02    2.16686e+04   -1.10379e+03    7.46318e+04
  Disper. corr.   Coulomb (SR)   Coul. recip.      Potential    Kinetic En.
   -4.68916e+03   -5.27461e+05    2.89506e+03   -4.33058e+05    8.56881e+04
   Total Energy  Conserved En.    Temperature Pres. DC (bar) Pressure (bar)
   -3.47370e+05   -5.42225e+05    3.08025e+02   -2.27289e+02    3.40884e+02
   Constr. rmsd
    9.72207e-04

           Step           Time         Lambda
         205500      411.00000        0.00000

   Energies (kJ/mol)
       G96Angle    Proper Dih.          LJ-14     Coulomb-14        LJ (SR)
    5.64485e+02    3.86187e+02    2.17243e+04   -1.09804e+03    7.41016e+04
  Disper. corr.   Coulomb (SR)   Coul. recip.      Potential    Kinetic En.
   -4.68916e+03   -5.27289e+05    2.83025e+03   -4.33470e+05    8.58723e+04
   Total Energy  Conserved En.    Temperature Pres. DC (bar) Pressure (bar)
   -3.47597e+05   -5.42572e+05    3.08688e+02   -2.27289e+02    2.78710e+02
   Constr. rmsd
    9.62148e-04

           Step           Time         Lambda
         206000      412.00000        0.00000

   Energies (kJ/mol)
       G96Angle    Proper Dih.          LJ-14     Coulomb-14        LJ (SR)
    6.50848e+02    4.10904e+02    2.17046e+04   -1.07751e+03    7.57280e+04
  Disper. corr.   Coulomb (SR)   Coul. recip.      Potential    Kinetic En.
   -4.68916e+03   -5.28836e+05    2.87672e+03   -4.33232e+05    8.70054e+04
   Total Energy  Conserved En.    Temperature Pres. DC (bar) Pressure (bar)
   -3.46226e+05   -5.42950e+05    3.12761e+02   -2.27289e+02    2.14420e+02
   Constr. rmsd
    1.01038e-03

           Step           Time         Lambda
         206500      413.00000        0.00000

   Energies (kJ/mol)
       G96Angle    Proper Dih.          LJ-14     Coulomb-14        LJ (SR)
    6.35116e+02    4.19122e+02    2.17487e+04   -1.10217e+03    7.40406e+04
  Disper. corr.   Coulomb (SR)   Coul. recip.      Potential    Kinetic En.
   -4.68916e+03   -5.27008e+05    2.90215e+03   -4.33053e+05    8.64238e+04
   Total Energy  Conserved En.    Temperature Pres. DC (bar) Pressure (bar)
   -3.46630e+05   -5.43281e+05    3.10670e+02   -2.27289e+02    2.24934e+02
   Constr. rmsd
    9.68677e-04

           Step           Time         Lambda
         207000      414.00000        0.00000

   Energies (kJ/mol)
       G96Angle    Proper Dih.          LJ-14     Coulomb-14        LJ (SR)
    6.05207e+02    3.90556e+02    2.17241e+04   -1.11470e+03    7.47264e+04
  Disper. corr.   Coulomb (SR)   Coul. recip.      Potential    Kinetic En.
   -4.68916e+03   -5.27798e+05    2.91426e+03   -4.33241e+05    8.69466e+04
   Total Energy  Conserved En.    Temperature Pres. DC (bar) Pressure (bar)
   -3.46294e+05   -5.43662e+05    3.12549e+02   -2.27289e+02   -8.42706e+01
   Constr. rmsd
    1.04514e-03

           Step           Time         Lambda
         207500      415.00000        0.00000

   Energies (kJ/mol)
       G96Angle    Proper Dih.          LJ-14     Coulomb-14        LJ (SR)
    5.74596e+02    4.21872e+02    2.17284e+04   -1.08281e+03    7.44651e+04
  Disper. corr.   Coulomb (SR)   Coul. recip.      Potential    Kinetic En.
   -4.68916e+03   -5.27213e+05    2.96515e+03   -4.32829e+05    8.55773e+04
   Total Energy  Conserved En.    Temperature Pres. DC (bar) Pressure (bar)
   -3.47252e+05   -5.43924e+05    3.07627e+02   -2.27289e+02    4.53953e+02
   Constr. rmsd
    9.40770e-04

           Step           Time         Lambda
         208000      416.00000        0.00000

   Energies (kJ/mol)
       G96Angle    Proper Dih.          LJ-14     Coulomb-14        LJ (SR)
    5.73593e+02    4.30633e+02    2.18036e+04   -1.09084e+03    7.34747e+04
  Disper. corr.   Coulomb (SR)   Coul. recip.      Potential    Kinetic En.
   -4.68916e+03   -5.26325e+05    2.93365e+03   -4.32889e+05    8.67606e+04
   Total Energy  Conserved En.    Temperature Pres. DC (bar) Pressure (bar)
   -3.46129e+05   -5.44255e+05    3.11881e+02   -2.27289e+02    5.90877e+02
   Constr. rmsd
    8.90429e-04

           Step           Time         Lambda
         208500      417.00000        0.00000

   Energies (kJ/mol)
       G96Angle    Proper Dih.          LJ-14     Coulomb-14        LJ (SR)
    5.56679e+02    4.14652e+02    2.18133e+04   -1.11764e+03    7.49649e+04
  Disper. corr.   Coulomb (SR)   Coul. recip.      Potential    Kinetic En.
   -4.68916e+03   -5.27518e+05    2.84252e+03   -4.32733e+05    8.65722e+04
   Total Energy  Conserved En.    Temperature Pres. DC (bar) Pressure (bar)
   -3.46161e+05   -5.44610e+05    3.11204e+02   -2.27289e+02    8.94387e+02
   Constr. rmsd
    8.86010e-04

           Step           Time         Lambda
         209000      418.00000        0.00000

   Energies (kJ/mol)
       G96Angle    Proper Dih.          LJ-14     Coulomb-14        LJ (SR)
    5.85977e+02    4.00605e+02    2.17367e+04   -1.07289e+03    7.41018e+04
  Disper. corr.   Coulomb (SR)   Coul. recip.      Potential    Kinetic En.
   -4.68916e+03   -5.26950e+05    2.83214e+03   -4.33055e+05    8.62799e+04
   Total Energy  Conserved En.    Temperature Pres. DC (bar) Pressure (bar)
   -3.46775e+05   -5.44969e+05    3.10153e+02   -2.27289e+02    3.06810e+02
   Constr. rmsd
    9.56568e-04

           Step           Time         Lambda
         209500      419.00000        0.00000

   Energies (kJ/mol)
       G96Angle    Proper Dih.          LJ-14     Coulomb-14        LJ (SR)
    5.58767e+02    4.21262e+02    2.17890e+04   -1.05106e+03    7.42621e+04
  Disper. corr.   Coulomb (SR)   Coul. recip.      Potential    Kinetic En.
   -4.68916e+03   -5.27244e+05    2.91422e+03   -4.33039e+05    8.67211e+04
   Total Energy  Conserved En.    Temperature Pres. DC (bar) Pressure (bar)
   -3.46318e+05   -5.45284e+05    3.11739e+02   -2.27289e+02    5.72501e+02
   Constr. rmsd
    9.09621e-04

           Step           Time         Lambda
         210000      420.00000        0.00000

   Energies (kJ/mol)
       G96Angle    Proper Dih.          LJ-14     Coulomb-14        LJ (SR)
    5.96007e+02    4.16106e+02    2.17304e+04   -1.08876e+03    7.43021e+04
  Disper. corr.   Coulomb (SR)   Coul. recip.      Potential    Kinetic En.
   -4.68916e+03   -5.27419e+05    2.87130e+03   -4.33281e+05    8.65764e+04
   Total Energy  Conserved En.    Temperature Pres. DC (bar) Pressure (bar)
   -3.46705e+05   -5.45667e+05    3.11218e+02   -2.27289e+02    1.61938e+02
   Constr. rmsd
    9.91030e-04

           Step           Time         Lambda
         210500      421.00000        0.00000

   Energies (kJ/mol)
       G96Angle    Proper Dih.          LJ-14     Coulomb-14        LJ (SR)
    6.31936e+02    3.87009e+02    2.17558e+04   -1.09218e+03    7.49652e+04
  Disper. corr.   Coulomb (SR)   Coul. recip.      Potential    Kinetic En.
   -4.68916e+03   -5.28464e+05    2.85887e+03   -4.33647e+05    8.56808e+04
   Total Energy  Conserved En.    Temperature Pres. DC (bar) Pressure (bar)
   -3.47966e+05   -5.45961e+05    3.07999e+02   -2.27289e+02    6.74964e+02
   Constr. rmsd
    9.06457e-04

           Step           Time         Lambda
         211000      422.00000        0.00000

   Energies (kJ/mol)
       G96Angle    Proper Dih.          LJ-14     Coulomb-14        LJ (SR)
    6.16766e+02    3.79392e+02    2.17461e+04   -1.07093e+03    7.29269e+04
  Disper. corr.   Coulomb (SR)   Coul. recip.      Potential    Kinetic En.
   -4.68916e+03   -5.26256e+05    2.86898e+03   -4.33478e+05    8.67407e+04
   Total Energy  Conserved En.    Temperature Pres. DC (bar) Pressure (bar)
   -3.46738e+05   -5.46342e+05    3.11809e+02   -2.27289e+02    2.54618e+02
   Constr. rmsd
    9.34384e-04

           Step           Time         Lambda
         211500      423.00000        0.00000

   Energies (kJ/mol)
       G96Angle    Proper Dih.          LJ-14     Coulomb-14        LJ (SR)
    5.83392e+02    4.07767e+02    2.16954e+04   -1.08497e+03    7.40036e+04
  Disper. corr.   Coulomb (SR)   Coul. recip.      Potential    Kinetic En.
   -4.68916e+03   -5.26726e+05    2.87596e+03   -4.32934e+05    8.60507e+04
   Total Energy  Conserved En.    Temperature Pres. DC (bar) Pressure (bar)
   -3.46883e+05   -5.46724e+05    3.09329e+02   -2.27289e+02    2.64487e+01
   Constr. rmsd
    1.00465e-03

           Step           Time         Lambda
         212000      424.00000        0.00000

   Energies (kJ/mol)
       G96Angle    Proper Dih.          LJ-14     Coulomb-14        LJ (SR)
    5.71903e+02    4.11598e+02    2.17906e+04   -1.08276e+03    7.36899e+04
  Disper. corr.   Coulomb (SR)   Coul. recip.      Potential    Kinetic En.
   -4.68916e+03   -5.26190e+05    2.88520e+03   -4.32612e+05    8.64450e+04
   Total Energy  Conserved En.    Temperature Pres. DC (bar) Pressure (bar)
   -3.46167e+05   -5.47057e+05    3.10746e+02   -2.27289e+02    2.79397e+02
   Constr. rmsd
    9.51135e-04

           Step           Time         Lambda
         212500      425.00000        0.00000

   Energies (kJ/mol)
       G96Angle    Proper Dih.          LJ-14     Coulomb-14        LJ (SR)
    5.54469e+02    4.28968e+02    2.18012e+04   -1.08443e+03    7.44101e+04
  Disper. corr.   Coulomb (SR)   Coul. recip.      Potential    Kinetic En.
   -4.68916e+03   -5.25500e+05    2.88430e+03   -4.31195e+05    8.61956e+04
   Total Energy  Conserved En.    Temperature Pres. DC (bar) Pressure (bar)
   -3.44999e+05   -5.47394e+05    3.09850e+02   -2.27289e+02    5.75219e+02
   Constr. rmsd
    9.51009e-04

           Step           Time         Lambda
         213000      426.00000        0.00000

   Energies (kJ/mol)
       G96Angle    Proper Dih.          LJ-14     Coulomb-14        LJ (SR)
    5.56421e+02    4.08816e+02    2.17244e+04   -1.10862e+03    7.43579e+04
  Disper. corr.   Coulomb (SR)   Coul. recip.      Potential    Kinetic En.
   -4.68916e+03   -5.27169e+05    2.98327e+03   -4.32936e+05    8.61472e+04
   Total Energy  Conserved En.    Temperature Pres. DC (bar) Pressure (bar)
   -3.46789e+05   -5.47765e+05    3.09676e+02   -2.27289e+02   -6.92795e+01
   Constr. rmsd
    1.02462e-03

           Step           Time         Lambda
         213500      427.00000        0.00000

   Energies (kJ/mol)
       G96Angle    Proper Dih.          LJ-14     Coulomb-14        LJ (SR)
    6.10041e+02    3.98210e+02    2.17013e+04   -1.10332e+03    7.45016e+04
  Disper. corr.   Coulomb (SR)   Coul. recip.      Potential    Kinetic En.
   -4.68916e+03   -5.27412e+05    2.88581e+03   -4.33107e+05    8.72710e+04
   Total Energy  Conserved En.    Temperature Pres. DC (bar) Pressure (bar)
   -3.45836e+05   -5.48111e+05    3.13716e+02   -2.27289e+02    2.17765e+02
   Constr. rmsd
    9.85016e-04

           Step           Time         Lambda
         214000      428.00000        0.00000

   Energies (kJ/mol)
       G96Angle    Proper Dih.          LJ-14     Coulomb-14        LJ (SR)
    6.12490e+02    4.42977e+02    2.17539e+04   -1.11593e+03    7.60210e+04
  Disper. corr.   Coulomb (SR)   Coul. recip.      Potential    Kinetic En.
   -4.68916e+03   -5.28195e+05    2.96369e+03   -4.32206e+05    8.64200e+04
   Total Energy  Conserved En.    Temperature Pres. DC (bar) Pressure (bar)
   -3.45786e+05   -5.48472e+05    3.10656e+02   -2.27289e+02    6.81630e+02
   Constr. rmsd
    9.59314e-04

           Step           Time         Lambda
         214500      429.00000        0.00000

   Energies (kJ/mol)
       G96Angle    Proper Dih.          LJ-14     Coulomb-14        LJ (SR)
    5.80961e+02    4.24367e+02    2.18201e+04   -1.09805e+03    7.42630e+04
  Disper. corr.   Coulomb (SR)   Coul. recip.      Potential    Kinetic En.
   -4.68916e+03   -5.26704e+05    2.84546e+03   -4.32557e+05    8.73531e+04
   Total Energy  Conserved En.    Temperature Pres. DC (bar) Pressure (bar)
   -3.45204e+05   -5.48784e+05    3.14010e+02   -2.27289e+02    6.69770e+02
   Constr. rmsd
    8.95563e-04

           Step           Time         Lambda
         215000      430.00000        0.00000

   Energies (kJ/mol)
       G96Angle    Proper Dih.          LJ-14     Coulomb-14        LJ (SR)
    5.93913e+02    4.31743e+02    2.17581e+04   -1.08471e+03    7.32645e+04
  Disper. corr.   Coulomb (SR)   Coul. recip.      Potential    Kinetic En.
   -4.68916e+03   -5.26202e+05    2.89968e+03   -4.33028e+05    8.64495e+04
   Total Energy  Conserved En.    Temperature Pres. DC (bar) Pressure (bar)
   -3.46578e+05   -5.49151e+05    3.10763e+02   -2.27289e+02    1.07194e+02
   Constr. rmsd
    9.68796e-04

           Step           Time         Lambda
         215500      431.00000        0.00000

   Energies (kJ/mol)
       G96Angle    Proper Dih.          LJ-14     Coulomb-14        LJ (SR)
    6.03930e+02    4.18689e+02    2.17773e+04   -1.07814e+03    7.39400e+04
  Disper. corr.   Coulomb (SR)   Coul. recip.      Potential    Kinetic En.
   -4.68916e+03   -5.26793e+05    3.00785e+03   -4.32812e+05    8.65051e+04
   Total Energy  Conserved En.    Temperature Pres. DC (bar) Pressure (bar)
   -3.46307e+05   -5.49511e+05    3.10962e+02   -2.27289e+02    1.99298e+02
   Constr. rmsd
    9.76315e-04

           Step           Time         Lambda
         216000      432.00000        0.00000

   Energies (kJ/mol)
       G96Angle    Proper Dih.          LJ-14     Coulomb-14        LJ (SR)
    5.97909e+02    4.18519e+02    2.16878e+04   -1.06033e+03    7.33405e+04
  Disper. corr.   Coulomb (SR)   Coul. recip.      Potential    Kinetic En.
   -4.68916e+03   -5.25534e+05    2.93775e+03   -4.32301e+05    8.57712e+04
   Total Energy  Conserved En.    Temperature Pres. DC (bar) Pressure (bar)
   -3.46530e+05   -5.49853e+05    3.08324e+02   -2.27289e+02    9.07283e+01
   Constr. rmsd
    9.81220e-04

           Step           Time         Lambda
         216500      433.00000        0.00000

   Energies (kJ/mol)
       G96Angle    Proper Dih.          LJ-14     Coulomb-14        LJ (SR)
    5.53228e+02    4.20661e+02    2.17210e+04   -1.05631e+03    7.40573e+04
  Disper. corr.   Coulomb (SR)   Coul. recip.      Potential    Kinetic En.
   -4.68916e+03   -5.27509e+05    2.81125e+03   -4.33691e+05    8.59548e+04
   Total Energy  Conserved En.    Temperature Pres. DC (bar) Pressure (bar)
   -3.47736e+05   -5.50162e+05    3.08984e+02   -2.27289e+02    4.05995e+02
   Constr. rmsd
    9.30113e-04

           Step           Time         Lambda
         217000      434.00000        0.00000

   Energies (kJ/mol)
       G96Angle    Proper Dih.          LJ-14     Coulomb-14        LJ (SR)
    5.69356e+02    4.15278e+02    2.17824e+04   -1.12048e+03    7.40149e+04
  Disper. corr.   Coulomb (SR)   Coul. recip.      Potential    Kinetic En.
   -4.68916e+03   -5.27682e+05    2.86394e+03   -4.33846e+05    8.62065e+04
   Total Energy  Conserved En.    Temperature Pres. DC (bar) Pressure (bar)
   -3.47639e+05   -5.50530e+05    3.09889e+02   -2.27289e+02    1.01882e+02
   Constr. rmsd
    9.78772e-04

           Step           Time         Lambda
         217500      435.00000        0.00000

   Energies (kJ/mol)
       G96Angle    Proper Dih.          LJ-14     Coulomb-14        LJ (SR)
    5.75851e+02    4.10995e+02    2.16685e+04   -1.08554e+03    7.36982e+04
  Disper. corr.   Coulomb (SR)   Coul. recip.      Potential    Kinetic En.
   -4.68916e+03   -5.27692e+05    2.92199e+03   -4.34191e+05    8.64566e+04
   Total Energy  Conserved En.    Temperature Pres. DC (bar) Pressure (bar)
   -3.47735e+05   -5.50883e+05    3.10788e+02   -2.27289e+02   -2.60414e+02
   Constr. rmsd
    1.03412e-03

           Step           Time         Lambda
         218000      436.00000        0.00000

   Energies (kJ/mol)
       G96Angle    Proper Dih.          LJ-14     Coulomb-14        LJ (SR)
    5.83808e+02    3.99642e+02    2.17448e+04   -1.05374e+03    7.45159e+04
  Disper. corr.   Coulomb (SR)   Coul. recip.      Potential    Kinetic En.
   -4.68916e+03   -5.26634e+05    3.02456e+03   -4.32108e+05    8.59313e+04
   Total Energy  Conserved En.    Temperature Pres. DC (bar) Pressure (bar)
   -3.46177e+05   -5.51205e+05    3.08899e+02   -2.27289e+02    3.49910e+01
   Constr. rmsd
    1.01926e-03

           Step           Time         Lambda
         218500      437.00000        0.00000

   Energies (kJ/mol)
       G96Angle    Proper Dih.          LJ-14     Coulomb-14        LJ (SR)
    5.59930e+02    3.89353e+02    2.16910e+04   -1.08229e+03    7.34649e+04
  Disper. corr.   Coulomb (SR)   Coul. recip.      Potential    Kinetic En.
   -4.68916e+03   -5.27459e+05    2.85698e+03   -4.34268e+05    8.48446e+04
   Total Energy  Conserved En.    Temperature Pres. DC (bar) Pressure (bar)
   -3.49423e+05   -5.51512e+05    3.04993e+02   -2.27289e+02    1.30622e+02
   Constr. rmsd
    9.50415e-04

           Step           Time         Lambda
         219000      438.00000        0.00000

   Energies (kJ/mol)
       G96Angle    Proper Dih.          LJ-14     Coulomb-14        LJ (SR)
    6.23069e+02    4.16183e+02    2.17260e+04   -1.08369e+03    7.38910e+04
  Disper. corr.   Coulomb (SR)   Coul. recip.      Potential    Kinetic En.
   -4.68916e+03   -5.27589e+05    2.89027e+03   -4.33816e+05    8.55750e+04
   Total Energy  Conserved En.    Temperature Pres. DC (bar) Pressure (bar)
   -3.48241e+05   -5.51840e+05    3.07619e+02   -2.27289e+02    3.72807e+02
   Constr. rmsd
    9.29104e-04

           Step           Time         Lambda
         219500      439.00000        0.00000

   Energies (kJ/mol)
       G96Angle    Proper Dih.          LJ-14     Coulomb-14        LJ (SR)
    6.13639e+02    4.17463e+02    2.17380e+04   -1.09463e+03    7.42954e+04
  Disper. corr.   Coulomb (SR)   Coul. recip.      Potential    Kinetic En.
   -4.68916e+03   -5.26319e+05    2.87064e+03   -4.32168e+05    8.56105e+04
   Total Energy  Conserved En.    Temperature Pres. DC (bar) Pressure (bar)
   -3.46557e+05   -5.52231e+05    3.07746e+02   -2.27289e+02    2.70445e+02
   Constr. rmsd
    9.73855e-04

           Step           Time         Lambda
         220000      440.00000        0.00000

   Energies (kJ/mol)
       G96Angle    Proper Dih.          LJ-14     Coulomb-14        LJ (SR)
    5.66152e+02    4.09524e+02    2.16960e+04   -1.08040e+03    7.32203e+04
  Disper. corr.   Coulomb (SR)   Coul. recip.      Potential    Kinetic En.
   -4.68916e+03   -5.25640e+05    2.93062e+03   -4.32587e+05    8.66119e+04
   Total Energy  Conserved En.    Temperature Pres. DC (bar) Pressure (bar)
   -3.45975e+05   -5.52600e+05    3.11346e+02   -2.27289e+02    2.11037e+00
   Constr. rmsd
    1.00938e-03

           Step           Time         Lambda
         220500      441.00000        0.00000

   Energies (kJ/mol)
       G96Angle    Proper Dih.          LJ-14     Coulomb-14        LJ (SR)
    6.49758e+02    4.24616e+02    2.16690e+04   -1.07323e+03    7.41095e+04
  Disper. corr.   Coulomb (SR)   Coul. recip.      Potential    Kinetic En.
   -4.68916e+03   -5.27649e+05    2.89573e+03   -4.33663e+05    8.63718e+04
   Total Energy  Conserved En.    Temperature Pres. DC (bar) Pressure (bar)
   -3.47291e+05   -5.52963e+05    3.10483e+02   -2.27289e+02   -4.37717e+02
   Constr. rmsd
    1.07645e-03

           Step           Time         Lambda
         221000      442.00000        0.00000

   Energies (kJ/mol)
       G96Angle    Proper Dih.          LJ-14     Coulomb-14        LJ (SR)
    5.98996e+02    4.35222e+02    2.16580e+04   -1.10385e+03    7.42632e+04
  Disper. corr.   Coulomb (SR)   Coul. recip.      Potential    Kinetic En.
   -4.68916e+03   -5.28155e+05    2.81086e+03   -4.34182e+05    8.68018e+04
   Total Energy  Conserved En.    Temperature Pres. DC (bar) Pressure (bar)
   -3.47380e+05   -5.53251e+05    3.12029e+02   -2.27289e+02    1.70966e+02
   Constr. rmsd
    9.68291e-04

           Step           Time         Lambda
         221500      443.00000        0.00000

   Energies (kJ/mol)
       G96Angle    Proper Dih.          LJ-14     Coulomb-14        LJ (SR)
    5.93602e+02    4.44019e+02    2.17177e+04   -1.10851e+03    7.42244e+04
  Disper. corr.   Coulomb (SR)   Coul. recip.      Potential    Kinetic En.
   -4.68916e+03   -5.27574e+05    2.91365e+03   -4.33479e+05    8.59082e+04
   Total Energy  Conserved En.    Temperature Pres. DC (bar) Pressure (bar)
   -3.47570e+05   -5.53583e+05    3.08816e+02   -2.27289e+02   -1.66619e+02
   Constr. rmsd
    1.04120e-03

Writing checkpoint, step 221760 at Wed Apr  4 15:33:54 2018


           Step           Time         Lambda
         222000      444.00000        0.00000

   Energies (kJ/mol)
       G96Angle    Proper Dih.          LJ-14     Coulomb-14        LJ (SR)
    5.74884e+02    4.21846e+02    2.16749e+04   -1.09871e+03    7.31410e+04
  Disper. corr.   Coulomb (SR)   Coul. recip.      Potential    Kinetic En.
   -4.68916e+03   -5.25615e+05    2.93556e+03   -4.32655e+05    8.56284e+04
   Total Energy  Conserved En.    Temperature Pres. DC (bar) Pressure (bar)
   -3.47027e+05   -5.53924e+05    3.07811e+02   -2.27289e+02    1.20410e+02
   Constr. rmsd
    9.62861e-04

           Step           Time         Lambda
         222500      445.00000        0.00000

   Energies (kJ/mol)
       G96Angle    Proper Dih.          LJ-14     Coulomb-14        LJ (SR)
    5.74816e+02    4.18667e+02    2.17186e+04   -1.09638e+03    7.45141e+04
  Disper. corr.   Coulomb (SR)   Coul. recip.      Potential    Kinetic En.
   -4.68916e+03   -5.27292e+05    2.91946e+03   -4.32932e+05    8.63803e+04
   Total Energy  Conserved En.    Temperature Pres. DC (bar) Pressure (bar)
   -3.46552e+05   -5.54268e+05    3.10514e+02   -2.27289e+02   -8.38659e+01
   Constr. rmsd
    1.03291e-03

           Step           Time         Lambda
         223000      446.00000        0.00000

   Energies (kJ/mol)
       G96Angle    Proper Dih.          LJ-14     Coulomb-14        LJ (SR)
    5.35973e+02    4.04092e+02    2.16857e+04   -1.08980e+03    7.52712e+04
  Disper. corr.   Coulomb (SR)   Coul. recip.      Potential    Kinetic En.
   -4.68916e+03   -5.28825e+05    2.82432e+03   -4.33883e+05    8.54812e+04
   Total Energy  Conserved En.    Temperature Pres. DC (bar) Pressure (bar)
   -3.48401e+05   -5.54591e+05    3.07282e+02   -2.27289e+02    4.38871e+02
   Constr. rmsd
    9.60601e-04

           Step           Time         Lambda
         223500      447.00000        0.00000

   Energies (kJ/mol)
       G96Angle    Proper Dih.          LJ-14     Coulomb-14        LJ (SR)
    5.61593e+02    4.22590e+02    2.17486e+04   -1.08097e+03    7.39581e+04
  Disper. corr.   Coulomb (SR)   Coul. recip.      Potential    Kinetic En.
   -4.68916e+03   -5.26197e+05    2.83876e+03   -4.32438e+05    8.52980e+04
   Total Energy  Conserved En.    Temperature Pres. DC (bar) Pressure (bar)
   -3.47140e+05   -5.54900e+05    3.06623e+02   -2.27289e+02    4.02098e+02
   Constr. rmsd
    9.35991e-04

           Step           Time         Lambda
         224000      448.00000        0.00000

   Energies (kJ/mol)
       G96Angle    Proper Dih.          LJ-14     Coulomb-14        LJ (SR)
    6.13959e+02    4.12380e+02    2.17493e+04   -1.07832e+03    7.48979e+04
  Disper. corr.   Coulomb (SR)   Coul. recip.      Potential    Kinetic En.
   -4.68916e+03   -5.28263e+05    2.89414e+03   -4.33463e+05    8.64991e+04
   Total Energy  Conserved En.    Temperature Pres. DC (bar) Pressure (bar)
   -3.46964e+05   -5.55260e+05    3.10941e+02   -2.27289e+02    1.78390e+02
   Constr. rmsd
    9.93657e-04

           Step           Time         Lambda
         224500      449.00000        0.00000

   Energies (kJ/mol)
       G96Angle    Proper Dih.          LJ-14     Coulomb-14        LJ (SR)
    6.01581e+02    4.44755e+02    2.17681e+04   -1.08463e+03    7.45484e+04
  Disper. corr.   Coulomb (SR)   Coul. recip.      Potential    Kinetic En.
   -4.68916e+03   -5.27998e+05    2.84187e+03   -4.33567e+05    8.58493e+04
   Total Energy  Conserved En.    Temperature Pres. DC (bar) Pressure (bar)
   -3.47718e+05   -5.55612e+05    3.08605e+02   -2.27289e+02    2.73536e+02
   Constr. rmsd
    9.76373e-04

           Step           Time         Lambda
         225000      450.00000        0.00000

   Energies (kJ/mol)
       G96Angle    Proper Dih.          LJ-14     Coulomb-14        LJ (SR)
    5.87366e+02    4.01899e+02    2.16710e+04   -1.10571e+03    7.49243e+04
  Disper. corr.   Coulomb (SR)   Coul. recip.      Potential    Kinetic En.
   -4.68916e+03   -5.28640e+05    2.86930e+03   -4.33981e+05    8.47112e+04
   Total Energy  Conserved En.    Temperature Pres. DC (bar) Pressure (bar)
   -3.49270e+05   -5.55948e+05    3.04514e+02   -2.27289e+02    2.01399e+02
   Constr. rmsd
    9.72639e-04

           Step           Time         Lambda
         225500      451.00000        0.00000

   Energies (kJ/mol)
       G96Angle    Proper Dih.          LJ-14     Coulomb-14        LJ (SR)
    5.65537e+02    4.16186e+02    2.16694e+04   -1.08985e+03    7.41860e+04
  Disper. corr.   Coulomb (SR)   Coul. recip.      Potential    Kinetic En.
   -4.68916e+03   -5.27863e+05    3.00269e+03   -4.33802e+05    8.56813e+04
   Total Energy  Conserved En.    Temperature Pres. DC (bar) Pressure (bar)
   -3.48120e+05   -5.56327e+05    3.08001e+02   -2.27289e+02    2.53627e+01
   Constr. rmsd
    1.00155e-03

           Step           Time         Lambda
         226000      452.00000        0.00000

   Energies (kJ/mol)
       G96Angle    Proper Dih.          LJ-14     Coulomb-14        LJ (SR)
    6.03600e+02    4.11652e+02    2.18275e+04   -1.10233e+03    7.28659e+04
  Disper. corr.   Coulomb (SR)   Coul. recip.      Potential    Kinetic En.
   -4.68916e+03   -5.24766e+05    2.95707e+03   -4.31892e+05    8.59124e+04
   Total Energy  Conserved En.    Temperature Pres. DC (bar) Pressure (bar)
   -3.45980e+05   -5.56657e+05    3.08831e+02   -2.27289e+02    8.76122e+02
   Constr. rmsd
    8.31001e-04

           Step           Time         Lambda
         226500      453.00000        0.00000

   Energies (kJ/mol)
       G96Angle    Proper Dih.          LJ-14     Coulomb-14        LJ (SR)
    5.68523e+02    3.96525e+02    2.17449e+04   -1.09885e+03    7.31538e+04
  Disper. corr.   Coulomb (SR)   Coul. recip.      Potential    Kinetic En.
   -4.68916e+03   -5.25767e+05    2.96097e+03   -4.32730e+05    8.63000e+04
   Total Energy  Conserved En.    Temperature Pres. DC (bar) Pressure (bar)
   -3.46430e+05   -5.57039e+05    3.10225e+02   -2.27289e+02    3.37411e+02
   Constr. rmsd
    9.34414e-04

           Step           Time         Lambda
         227000      454.00000        0.00000

   Energies (kJ/mol)
       G96Angle    Proper Dih.          LJ-14     Coulomb-14        LJ (SR)
    6.09449e+02    4.08405e+02    2.18076e+04   -1.09697e+03    7.41379e+04
  Disper. corr.   Coulomb (SR)   Coul. recip.      Potential    Kinetic En.
   -4.68916e+03   -5.26187e+05    2.92937e+03   -4.32081e+05    8.72840e+04
   Total Energy  Conserved En.    Temperature Pres. DC (bar) Pressure (bar)
   -3.44797e+05   -5.57404e+05    3.13762e+02   -2.27289e+02    6.48142e+02
   Constr. rmsd
    9.19589e-04

           Step           Time         Lambda
         227500      455.00000        0.00000

   Energies (kJ/mol)
       G96Angle    Proper Dih.          LJ-14     Coulomb-14        LJ (SR)
    5.89525e+02    4.08859e+02    2.17698e+04   -1.09902e+03    7.36165e+04
  Disper. corr.   Coulomb (SR)   Coul. recip.      Potential    Kinetic En.
   -4.68916e+03   -5.26152e+05    2.94157e+03   -4.32614e+05    8.67356e+04
   Total Energy  Conserved En.    Temperature Pres. DC (bar) Pressure (bar)
   -3.45878e+05   -5.57771e+05    3.11791e+02   -2.27289e+02    2.63766e+02
   Constr. rmsd
    9.49671e-04

           Step           Time         Lambda
         228000      456.00000        0.00000

   Energies (kJ/mol)
       G96Angle    Proper Dih.          LJ-14     Coulomb-14        LJ (SR)
    6.07953e+02    3.78943e+02    2.17134e+04   -1.10037e+03    7.58308e+04
  Disper. corr.   Coulomb (SR)   Coul. recip.      Potential    Kinetic En.
   -4.68916e+03   -5.29953e+05    2.87525e+03   -4.34337e+05    8.65117e+04
   Total Energy  Conserved En.    Temperature Pres. DC (bar) Pressure (bar)
   -3.47825e+05   -5.58119e+05    3.10986e+02   -2.27289e+02    8.90548e+02
   Constr. rmsd
    8.96849e-04

           Step           Time         Lambda
         228500      457.00000        0.00000

   Energies (kJ/mol)
       G96Angle    Proper Dih.          LJ-14     Coulomb-14        LJ (SR)
    5.62578e+02    3.84150e+02    2.16802e+04   -1.09997e+03    7.35484e+04
  Disper. corr.   Coulomb (SR)   Coul. recip.      Potential    Kinetic En.
   -4.68916e+03   -5.26409e+05    2.83601e+03   -4.33186e+05    8.58343e+04
   Total Energy  Conserved En.    Temperature Pres. DC (bar) Pressure (bar)
   -3.47352e+05   -5.58492e+05    3.08551e+02   -2.27289e+02    9.32449e+01
   Constr. rmsd
    9.70440e-04

           Step           Time         Lambda
         229000      458.00000        0.00000

   Energies (kJ/mol)
       G96Angle    Proper Dih.          LJ-14     Coulomb-14        LJ (SR)
    6.39642e+02    4.04506e+02    2.17742e+04   -1.11429e+03    7.33658e+04
  Disper. corr.   Coulomb (SR)   Coul. recip.      Potential    Kinetic En.
   -4.68916e+03   -5.27112e+05    2.88482e+03   -4.33846e+05    8.69658e+04
   Total Energy  Conserved En.    Temperature Pres. DC (bar) Pressure (bar)
   -3.46880e+05   -5.58817e+05    3.12618e+02   -2.27289e+02    5.52098e+02
   Constr. rmsd
    8.83212e-04

           Step           Time         Lambda
         229500      459.00000        0.00000

   Energies (kJ/mol)
       G96Angle    Proper Dih.          LJ-14     Coulomb-14        LJ (SR)
    5.87206e+02    4.11412e+02    2.16965e+04   -1.09343e+03    7.49401e+04
  Disper. corr.   Coulomb (SR)   Coul. recip.      Potential    Kinetic En.
   -4.68916e+03   -5.28678e+05    2.85507e+03   -4.33970e+05    8.68176e+04
   Total Energy  Conserved En.    Temperature Pres. DC (bar) Pressure (bar)
   -3.47153e+05   -5.59227e+05    3.12085e+02   -2.27289e+02    2.94835e+01
   Constr. rmsd
    1.01158e-03

           Step           Time         Lambda
         230000      460.00000        0.00000

   Energies (kJ/mol)
       G96Angle    Proper Dih.          LJ-14     Coulomb-14        LJ (SR)
    5.40477e+02    4.06894e+02    2.17024e+04   -1.10908e+03    7.35612e+04
  Disper. corr.   Coulomb (SR)   Coul. recip.      Potential    Kinetic En.
   -4.68916e+03   -5.25528e+05    2.90931e+03   -4.32206e+05    8.60345e+04
   Total Energy  Conserved En.    Temperature Pres. DC (bar) Pressure (bar)
   -3.46172e+05   -5.59529e+05    3.09270e+02   -2.27289e+02    1.11392e+02
   Constr. rmsd
    9.78640e-04

           Step           Time         Lambda
         230500      461.00000        0.00000

   Energies (kJ/mol)
       G96Angle    Proper Dih.          LJ-14     Coulomb-14        LJ (SR)
    5.44813e+02    4.15964e+02    2.17278e+04   -1.08271e+03    7.38112e+04
  Disper. corr.   Coulomb (SR)   Coul. recip.      Potential    Kinetic En.
   -4.68916e+03   -5.27284e+05    2.84434e+03   -4.33712e+05    8.55072e+04
   Total Energy  Conserved En.    Temperature Pres. DC (bar) Pressure (bar)
   -3.48205e+05   -5.59848e+05    3.07375e+02   -2.27289e+02    5.39565e+02
   Constr. rmsd
    8.95613e-04

           Step           Time         Lambda
         231000      462.00000        0.00000

   Energies (kJ/mol)
       G96Angle    Proper Dih.          LJ-14     Coulomb-14        LJ (SR)
    6.14605e+02    3.91462e+02    2.17003e+04   -1.12089e+03    7.41260e+04
  Disper. corr.   Coulomb (SR)   Coul. recip.      Potential    Kinetic En.
   -4.68916e+03   -5.26459e+05    2.86597e+03   -4.32570e+05    8.64827e+04
   Total Energy  Conserved En.    Temperature Pres. DC (bar) Pressure (bar)
   -3.46088e+05   -5.60242e+05    3.10882e+02   -2.27289e+02    1.48619e+02
   Constr. rmsd
    9.89571e-04

           Step           Time         Lambda
         231500      463.00000        0.00000

   Energies (kJ/mol)
       G96Angle    Proper Dih.          LJ-14     Coulomb-14        LJ (SR)
    5.96998e+02    3.75866e+02    2.17293e+04   -1.08930e+03    7.42463e+04
  Disper. corr.   Coulomb (SR)   Coul. recip.      Potential    Kinetic En.
   -4.68916e+03   -5.27391e+05    2.89253e+03   -4.33328e+05    8.61802e+04
   Total Energy  Conserved En.    Temperature Pres. DC (bar) Pressure (bar)
   -3.47148e+05   -5.60605e+05    3.09794e+02   -2.27289e+02    1.40470e+02
   Constr. rmsd
    9.78694e-04

           Step           Time         Lambda
         232000      464.00000        0.00000

   Energies (kJ/mol)
       G96Angle    Proper Dih.          LJ-14     Coulomb-14        LJ (SR)
    6.10910e+02    4.27668e+02    2.17588e+04   -1.08975e+03    7.37368e+04
  Disper. corr.   Coulomb (SR)   Coul. recip.      Potential    Kinetic En.
   -4.68916e+03   -5.26206e+05    2.99744e+03   -4.32453e+05    8.63714e+04
   Total Energy  Conserved En.    Temperature Pres. DC (bar) Pressure (bar)
   -3.46082e+05   -5.60944e+05    3.10482e+02   -2.27289e+02    4.94199e+02
   Constr. rmsd
    9.14351e-04

           Step           Time         Lambda
         232500      465.00000        0.00000

   Energies (kJ/mol)
       G96Angle    Proper Dih.          LJ-14     Coulomb-14        LJ (SR)
    6.32948e+02    4.12144e+02    2.17830e+04   -1.10924e+03    7.47396e+04
  Disper. corr.   Coulomb (SR)   Coul. recip.      Potential    Kinetic En.
   -4.68916e+03   -5.26778e+05    2.94872e+03   -4.32060e+05    8.69771e+04
   Total Energy  Conserved En.    Temperature Pres. DC (bar) Pressure (bar)
   -3.45083e+05   -5.61301e+05    3.12659e+02   -2.27289e+02    4.31740e+02
   Constr. rmsd
    9.71411e-04

           Step           Time         Lambda
         233000      466.00000        0.00000

   Energies (kJ/mol)
       G96Angle    Proper Dih.          LJ-14     Coulomb-14        LJ (SR)
    6.19330e+02    3.88440e+02    2.17884e+04   -1.10819e+03    7.53800e+04
  Disper. corr.   Coulomb (SR)   Coul. recip.      Potential    Kinetic En.
   -4.68916e+03   -5.28080e+05    2.85433e+03   -4.32847e+05    8.63319e+04
   Total Energy  Conserved En.    Temperature Pres. DC (bar) Pressure (bar)
   -3.46515e+05   -5.61654e+05    3.10340e+02   -2.27289e+02    5.73123e+02
   Constr. rmsd
    9.56890e-04

           Step           Time         Lambda
         233500      467.00000        0.00000

   Energies (kJ/mol)
       G96Angle    Proper Dih.          LJ-14     Coulomb-14        LJ (SR)
    6.26946e+02    4.11513e+02    2.17364e+04   -1.08006e+03    7.40096e+04
  Disper. corr.   Coulomb (SR)   Coul. recip.      Potential    Kinetic En.
   -4.68916e+03   -5.26579e+05    2.92237e+03   -4.32641e+05    8.67428e+04
   Total Energy  Conserved En.    Temperature Pres. DC (bar) Pressure (bar)
   -3.45898e+05   -5.62041e+05    3.11817e+02   -2.27289e+02    1.94069e+02
   Constr. rmsd
    9.75380e-04

           Step           Time         Lambda
         234000      468.00000        0.00000

   Energies (kJ/mol)
       G96Angle    Proper Dih.          LJ-14     Coulomb-14        LJ (SR)
    6.25652e+02    4.47728e+02    2.17210e+04   -1.10468e+03    7.39340e+04
  Disper. corr.   Coulomb (SR)   Coul. recip.      Potential    Kinetic En.
   -4.68916e+03   -5.26980e+05    2.78291e+03   -4.33263e+05    8.65495e+04
   Total Energy  Conserved En.    Temperature Pres. DC (bar) Pressure (bar)
   -3.46714e+05   -5.62393e+05    3.11122e+02   -2.27289e+02    1.36149e+02
   Constr. rmsd
    9.79995e-04

           Step           Time         Lambda
         234500      469.00000        0.00000

   Energies (kJ/mol)
       G96Angle    Proper Dih.          LJ-14     Coulomb-14        LJ (SR)
    5.83594e+02    4.09312e+02    2.17167e+04   -1.06962e+03    7.52048e+04
  Disper. corr.   Coulomb (SR)   Coul. recip.      Potential    Kinetic En.
   -4.68916e+03   -5.27996e+05    2.79600e+03   -4.33044e+05    8.59858e+04
   Total Energy  Conserved En.    Temperature Pres. DC (bar) Pressure (bar)
   -3.47058e+05   -5.62741e+05    3.09095e+02   -2.27289e+02    3.12848e+02
   Constr. rmsd
    9.77876e-04

           Step           Time         Lambda
         235000      470.00000        0.00000

   Energies (kJ/mol)
       G96Angle    Proper Dih.          LJ-14     Coulomb-14        LJ (SR)
    5.79653e+02    4.35077e+02    2.16860e+04   -1.09830e+03    7.34413e+04
  Disper. corr.   Coulomb (SR)   Coul. recip.      Potential    Kinetic En.
   -4.68916e+03   -5.25977e+05    2.91316e+03   -4.32710e+05    8.63382e+04
   Total Energy  Conserved En.    Temperature Pres. DC (bar) Pressure (bar)
   -3.46372e+05   -5.63116e+05    3.10362e+02   -2.27289e+02    1.09925e+02
   Constr. rmsd
    9.81948e-04

           Step           Time         Lambda
         235500      471.00000        0.00000

   Energies (kJ/mol)
       G96Angle    Proper Dih.          LJ-14     Coulomb-14        LJ (SR)
    6.20142e+02    3.97400e+02    2.18008e+04   -1.10596e+03    7.50207e+04
  Disper. corr.   Coulomb (SR)   Coul. recip.      Potential    Kinetic En.
   -4.68916e+03   -5.28046e+05    2.95182e+03   -4.33050e+05    8.68129e+04
   Total Energy  Conserved En.    Temperature Pres. DC (bar) Pressure (bar)
   -3.46237e+05   -5.63436e+05    3.12069e+02   -2.27289e+02    4.81033e+02
   Constr. rmsd
    9.55048e-04

           Step           Time         Lambda
         236000      472.00000        0.00000

   Energies (kJ/mol)
       G96Angle    Proper Dih.          LJ-14     Coulomb-14        LJ (SR)
    5.95091e+02    4.18017e+02    2.16862e+04   -1.09342e+03    7.36339e+04
  Disper. corr.   Coulomb (SR)   Coul. recip.      Potential    Kinetic En.
   -4.68916e+03   -5.26028e+05    2.84749e+03   -4.32630e+05    8.61758e+04
   Total Energy  Conserved En.    Temperature Pres. DC (bar) Pressure (bar)
   -3.46454e+05   -5.63817e+05    3.09779e+02   -2.27289e+02   -2.05601e+02
   Constr. rmsd
    1.04343e-03

           Step           Time         Lambda
         236500      473.00000        0.00000

   Energies (kJ/mol)
       G96Angle    Proper Dih.          LJ-14     Coulomb-14        LJ (SR)
    6.05259e+02    3.77089e+02    2.16844e+04   -1.09080e+03    7.44060e+04
  Disper. corr.   Coulomb (SR)   Coul. recip.      Potential    Kinetic En.
   -4.68916e+03   -5.27050e+05    2.93812e+03   -4.32819e+05    8.61937e+04
   Total Energy  Conserved En.    Temperature Pres. DC (bar) Pressure (bar)
   -3.46626e+05   -5.64147e+05    3.09843e+02   -2.27289e+02    2.24059e+02
   Constr. rmsd
    9.79255e-04

           Step           Time         Lambda
         237000      474.00000        0.00000

   Energies (kJ/mol)
       G96Angle    Proper Dih.          LJ-14     Coulomb-14        LJ (SR)
    5.88735e+02    4.20445e+02    2.17030e+04   -1.08812e+03    7.33662e+04
  Disper. corr.   Coulomb (SR)   Coul. recip.      Potential    Kinetic En.
   -4.68916e+03   -5.25464e+05    2.88313e+03   -4.32279e+05    8.63937e+04
   Total Energy  Conserved En.    Temperature Pres. DC (bar) Pressure (bar)
   -3.45886e+05   -5.64517e+05    3.10562e+02   -2.27289e+02   -1.08324e+02
   Constr. rmsd
    1.01775e-03

           Step           Time         Lambda
         237500      475.00000        0.00000

   Energies (kJ/mol)
       G96Angle    Proper Dih.          LJ-14     Coulomb-14        LJ (SR)
    5.91676e+02    4.06625e+02    2.17216e+04   -1.09675e+03    7.35215e+04
  Disper. corr.   Coulomb (SR)   Coul. recip.      Potential    Kinetic En.
   -4.68916e+03   -5.26162e+05    2.87462e+03   -4.32832e+05    8.70127e+04
   Total Energy  Conserved En.    Temperature Pres. DC (bar) Pressure (bar)
   -3.45819e+05   -5.64863e+05    3.12787e+02   -2.27289e+02   -9.78126e+01
   Constr. rmsd
    1.01484e-03

           Step           Time         Lambda
         238000      476.00000        0.00000

   Energies (kJ/mol)
       G96Angle    Proper Dih.          LJ-14     Coulomb-14        LJ (SR)
    6.19566e+02    4.25193e+02    2.16913e+04   -1.09784e+03    7.46161e+04
  Disper. corr.   Coulomb (SR)   Coul. recip.      Potential    Kinetic En.
   -4.68916e+03   -5.27286e+05    2.92936e+03   -4.32792e+05    8.77290e+04
   Total Energy  Conserved En.    Temperature Pres. DC (bar) Pressure (bar)
   -3.45063e+05   -5.65292e+05    3.15362e+02   -2.27289e+02   -2.68865e+02
   Constr. rmsd
    1.08727e-03

           Step           Time         Lambda
         238500      477.00000        0.00000

   Energies (kJ/mol)
       G96Angle    Proper Dih.          LJ-14     Coulomb-14        LJ (SR)
    6.04335e+02    4.11436e+02    2.17607e+04   -1.11713e+03    7.35219e+04
  Disper. corr.   Coulomb (SR)   Coul. recip.      Potential    Kinetic En.
   -4.68916e+03   -5.26544e+05    2.92698e+03   -4.33125e+05    8.70878e+04
   Total Energy  Conserved En.    Temperature Pres. DC (bar) Pressure (bar)
   -3.46038e+05   -5.65622e+05    3.13057e+02   -2.27289e+02   -2.96800e+01
   Constr. rmsd
    9.96496e-04

           Step           Time         Lambda
         239000      478.00000        0.00000

   Energies (kJ/mol)
       G96Angle    Proper Dih.          LJ-14     Coulomb-14        LJ (SR)
    6.08278e+02    3.85208e+02    2.17259e+04   -1.07865e+03    7.57073e+04
  Disper. corr.   Coulomb (SR)   Coul. recip.      Potential    Kinetic En.
   -4.68916e+03   -5.29066e+05    2.89559e+03   -4.33512e+05    8.60881e+04
   Total Energy  Conserved En.    Temperature Pres. DC (bar) Pressure (bar)
   -3.47424e+05   -5.65880e+05    3.09463e+02   -2.27289e+02    6.54171e+02
   Constr. rmsd
    9.36199e-04

           Step           Time         Lambda
         239500      479.00000        0.00000

   Energies (kJ/mol)
       G96Angle    Proper Dih.          LJ-14     Coulomb-14        LJ (SR)
    5.89649e+02    4.16777e+02    2.17217e+04   -1.10112e+03    7.42749e+04
  Disper. corr.   Coulomb (SR)   Coul. recip.      Potential    Kinetic En.
   -4.68916e+03   -5.26112e+05    2.92356e+03   -4.31976e+05    8.63415e+04
   Total Energy  Conserved En.    Temperature Pres. DC (bar) Pressure (bar)
   -3.45635e+05   -5.66250e+05    3.10374e+02   -2.27289e+02    2.74322e+02
   Constr. rmsd
    9.85361e-04

           Step           Time         Lambda
         240000      480.00000        0.00000

   Energies (kJ/mol)
       G96Angle    Proper Dih.          LJ-14     Coulomb-14        LJ (SR)
    5.83234e+02    4.15778e+02    2.16807e+04   -1.09517e+03    7.51399e+04
  Disper. corr.   Coulomb (SR)   Coul. recip.      Potential    Kinetic En.
   -4.68916e+03   -5.28325e+05    2.90121e+03   -4.33388e+05    8.64046e+04
   Total Energy  Conserved En.    Temperature Pres. DC (bar) Pressure (bar)
   -3.46984e+05   -5.66611e+05    3.10601e+02   -2.27289e+02   -3.20004e+01
   Constr. rmsd
    1.04003e-03

           Step           Time         Lambda
         240500      481.00000        0.00000

   Energies (kJ/mol)
       G96Angle    Proper Dih.          LJ-14     Coulomb-14        LJ (SR)
    6.16488e+02    3.93464e+02    2.16936e+04   -1.10903e+03    7.44964e+04
  Disper. corr.   Coulomb (SR)   Coul. recip.      Potential    Kinetic En.
   -4.68916e+03   -5.28964e+05    2.84279e+03   -4.34719e+05    8.60815e+04
   Total Energy  Conserved En.    Temperature Pres. DC (bar) Pressure (bar)
   -3.48637e+05   -5.66929e+05    3.09440e+02   -2.27289e+02    1.61466e+01
   Constr. rmsd
    9.95829e-04

           Step           Time         Lambda
         241000      482.00000        0.00000

   Energies (kJ/mol)
       G96Angle    Proper Dih.          LJ-14     Coulomb-14        LJ (SR)
    5.46570e+02    3.70692e+02    2.17077e+04   -1.09134e+03    7.47272e+04
  Disper. corr.   Coulomb (SR)   Coul. recip.      Potential    Kinetic En.
   -4.68916e+03   -5.28770e+05    2.82878e+03   -4.34370e+05    8.59292e+04
   Total Energy  Conserved En.    Temperature Pres. DC (bar) Pressure (bar)
   -3.48441e+05   -5.67254e+05    3.08892e+02   -2.27289e+02    4.16380e+02
   Constr. rmsd
    9.38105e-04

           Step           Time         Lambda
         241500      483.00000        0.00000

   Energies (kJ/mol)
       G96Angle    Proper Dih.          LJ-14     Coulomb-14        LJ (SR)
    6.23567e+02    4.27592e+02    2.17603e+04   -1.10676e+03    7.49591e+04
  Disper. corr.   Coulomb (SR)   Coul. recip.      Potential    Kinetic En.
   -4.68916e+03   -5.28553e+05    2.87805e+03   -4.33700e+05    8.58377e+04
   Total Energy  Conserved En.    Temperature Pres. DC (bar) Pressure (bar)
   -3.47862e+05   -5.67589e+05    3.08563e+02   -2.27289e+02    3.36715e+02
   Constr. rmsd
    9.74345e-04

           Step           Time         Lambda
         242000      484.00000        0.00000

   Energies (kJ/mol)
       G96Angle    Proper Dih.          LJ-14     Coulomb-14        LJ (SR)
    5.65101e+02    4.47229e+02    2.17394e+04   -1.09262e+03    7.41555e+04
  Disper. corr.   Coulomb (SR)   Coul. recip.      Potential    Kinetic En.
   -4.68916e+03   -5.27301e+05    2.97360e+03   -4.33202e+05    8.64154e+04
   Total Energy  Conserved En.    Temperature Pres. DC (bar) Pressure (bar)
   -3.46786e+05   -5.67885e+05    3.10640e+02   -2.27289e+02    6.05724e+02
   Constr. rmsd
    9.05293e-04

           Step           Time         Lambda
         242500      485.00000        0.00000

   Energies (kJ/mol)
       G96Angle    Proper Dih.          LJ-14     Coulomb-14        LJ (SR)
    5.93241e+02    4.32898e+02    2.16585e+04   -1.10679e+03    7.40241e+04
  Disper. corr.   Coulomb (SR)   Coul. recip.      Potential    Kinetic En.
   -4.68916e+03   -5.25843e+05    2.96999e+03   -4.31961e+05    8.65647e+04
   Total Energy  Conserved En.    Temperature Pres. DC (bar) Pressure (bar)
   -3.45396e+05   -5.68288e+05    3.11177e+02   -2.27289e+02   -3.89645e+02
   Constr. rmsd
    1.08898e-03

           Step           Time         Lambda
         243000      486.00000        0.00000

   Energies (kJ/mol)
       G96Angle    Proper Dih.          LJ-14     Coulomb-14        LJ (SR)
    6.21941e+02    3.80003e+02    2.17187e+04   -1.10503e+03    7.42058e+04
  Disper. corr.   Coulomb (SR)   Coul. recip.      Potential    Kinetic En.
   -4.68916e+03   -5.26758e+05    2.89921e+03   -4.32726e+05    8.70420e+04
   Total Energy  Conserved En.    Temperature Pres. DC (bar) Pressure (bar)
   -3.45684e+05   -5.68589e+05    3.12892e+02   -2.27289e+02    5.48452e+02
   Constr. rmsd
    9.31481e-04

           Step           Time         Lambda
         243500      487.00000        0.00000

   Energies (kJ/mol)
       G96Angle    Proper Dih.          LJ-14     Coulomb-14        LJ (SR)
    5.75228e+02    4.09652e+02    2.17710e+04   -1.11410e+03    7.43791e+04
  Disper. corr.   Coulomb (SR)   Coul. recip.      Potential    Kinetic En.
   -4.68916e+03   -5.27661e+05    2.94163e+03   -4.33388e+05    8.59241e+04
   Total Energy  Conserved En.    Temperature Pres. DC (bar) Pressure (bar)
   -3.47464e+05   -5.68927e+05    3.08874e+02   -2.27289e+02    4.92346e+02
   Constr. rmsd
    9.19728e-04

           Step           Time         Lambda
         244000      488.00000        0.00000

   Energies (kJ/mol)
       G96Angle    Proper Dih.          LJ-14     Coulomb-14        LJ (SR)
    6.10439e+02    3.86595e+02    2.17323e+04   -1.09483e+03    7.41536e+04
  Disper. corr.   Coulomb (SR)   Coul. recip.      Potential    Kinetic En.
   -4.68916e+03   -5.27288e+05    2.91279e+03   -4.33277e+05    8.56873e+04
   Total Energy  Conserved En.    Temperature Pres. DC (bar) Pressure (bar)
   -3.47589e+05   -5.69270e+05    3.08023e+02   -2.27289e+02    4.81991e+02
   Constr. rmsd
    9.20204e-04

           Step           Time         Lambda
         244500      489.00000        0.00000

   Energies (kJ/mol)
       G96Angle    Proper Dih.          LJ-14     Coulomb-14        LJ (SR)
    6.44674e+02    4.04338e+02    2.17827e+04   -1.07980e+03    7.50530e+04
  Disper. corr.   Coulomb (SR)   Coul. recip.      Potential    Kinetic En.
   -4.68916e+03   -5.27764e+05    2.85983e+03   -4.32789e+05    8.71435e+04
   Total Energy  Conserved En.    Temperature Pres. DC (bar) Pressure (bar)
   -3.45645e+05   -5.69648e+05    3.13257e+02   -2.27289e+02    4.88868e+02
   Constr. rmsd
    9.54307e-04

           Step           Time         Lambda
         245000      490.00000        0.00000

   Energies (kJ/mol)
       G96Angle    Proper Dih.          LJ-14     Coulomb-14        LJ (SR)
    5.99755e+02    4.27631e+02    2.17962e+04   -1.08243e+03    7.36726e+04
  Disper. corr.   Coulomb (SR)   Coul. recip.      Potential    Kinetic En.
   -4.68916e+03   -5.26493e+05    2.88798e+03   -4.32880e+05    8.68492e+04
   Total Energy  Conserved En.    Temperature Pres. DC (bar) Pressure (bar)
   -3.46031e+05   -5.69997e+05    3.12199e+02   -2.27289e+02    3.49298e+02
   Constr. rmsd
    9.42872e-04

           Step           Time         Lambda
         245500      491.00000        0.00000

   Energies (kJ/mol)
       G96Angle    Proper Dih.          LJ-14     Coulomb-14        LJ (SR)
    6.08610e+02    3.89828e+02    2.17645e+04   -1.09112e+03    7.30966e+04
  Disper. corr.   Coulomb (SR)   Coul. recip.      Potential    Kinetic En.
   -4.68916e+03   -5.25073e+05    2.93582e+03   -4.32058e+05    8.66106e+04
   Total Energy  Conserved En.    Temperature Pres. DC (bar) Pressure (bar)
   -3.45448e+05   -5.70350e+05    3.11341e+02   -2.27289e+02    4.01607e+02
   Constr. rmsd
    9.33137e-04

           Step           Time         Lambda
         246000      492.00000        0.00000

   Energies (kJ/mol)
       G96Angle    Proper Dih.          LJ-14     Coulomb-14        LJ (SR)
    6.22495e+02    4.27527e+02    2.18083e+04   -1.08997e+03    7.46958e+04
  Disper. corr.   Coulomb (SR)   Coul. recip.      Potential    Kinetic En.
   -4.68916e+03   -5.26763e+05    2.82799e+03   -4.32160e+05    8.65932e+04
   Total Energy  Conserved En.    Temperature Pres. DC (bar) Pressure (bar)
   -3.45567e+05   -5.70674e+05    3.11279e+02   -2.27289e+02    1.05722e+03
   Constr. rmsd
    8.43777e-04

           Step           Time         Lambda
         246500      493.00000        0.00000

   Energies (kJ/mol)
       G96Angle    Proper Dih.          LJ-14     Coulomb-14        LJ (SR)
    5.50203e+02    3.99880e+02    2.16728e+04   -1.09547e+03    7.60225e+04
  Disper. corr.   Coulomb (SR)   Coul. recip.      Potential    Kinetic En.
   -4.68916e+03   -5.30736e+05    2.94649e+03   -4.34928e+05    8.62104e+04
   Total Energy  Conserved En.    Temperature Pres. DC (bar) Pressure (bar)
   -3.48718e+05   -5.71090e+05    3.09903e+02   -2.27289e+02    4.12993e+02
   Constr. rmsd
    9.67075e-04

           Step           Time         Lambda
         247000      494.00000        0.00000

   Energies (kJ/mol)
       G96Angle    Proper Dih.          LJ-14     Coulomb-14        LJ (SR)
    5.71905e+02    4.15310e+02    2.17093e+04   -1.09917e+03    7.43350e+04
  Disper. corr.   Coulomb (SR)   Coul. recip.      Potential    Kinetic En.
   -4.68916e+03   -5.28024e+05    2.80035e+03   -4.33980e+05    8.63016e+04
   Total Energy  Conserved En.    Temperature Pres. DC (bar) Pressure (bar)
   -3.47679e+05   -5.71461e+05    3.10231e+02   -2.27289e+02    3.51241e+02
   Constr. rmsd
    9.39393e-04

Writing checkpoint, step 247180 at Wed Apr  4 15:48:55 2018


           Step           Time         Lambda
         247500      495.00000        0.00000

   Energies (kJ/mol)
       G96Angle    Proper Dih.          LJ-14     Coulomb-14        LJ (SR)
    6.29618e+02    4.17078e+02    2.17527e+04   -1.08649e+03    7.49052e+04
  Disper. corr.   Coulomb (SR)   Coul. recip.      Potential    Kinetic En.
   -4.68916e+03   -5.26841e+05    3.02659e+03   -4.31885e+05    8.57882e+04
   Total Energy  Conserved En.    Temperature Pres. DC (bar) Pressure (bar)
   -3.46097e+05   -5.71824e+05    3.08385e+02   -2.27289e+02    3.59329e+02
   Constr. rmsd
    9.89723e-04

           Step           Time         Lambda
         248000      496.00000        0.00000

   Energies (kJ/mol)
       G96Angle    Proper Dih.          LJ-14     Coulomb-14        LJ (SR)
    5.75551e+02    4.33088e+02    2.17222e+04   -1.09584e+03    7.41230e+04
  Disper. corr.   Coulomb (SR)   Coul. recip.      Potential    Kinetic En.
   -4.68916e+03   -5.26358e+05    2.85615e+03   -4.32433e+05    8.62547e+04
   Total Energy  Conserved En.    Temperature Pres. DC (bar) Pressure (bar)
   -3.46178e+05   -5.72196e+05    3.10062e+02   -2.27289e+02    1.09072e+02
   Constr. rmsd
    9.92244e-04

           Step           Time         Lambda
         248500      497.00000        0.00000

   Energies (kJ/mol)
       G96Angle    Proper Dih.          LJ-14     Coulomb-14        LJ (SR)
    6.07427e+02    3.88408e+02    2.16973e+04   -1.08650e+03    7.36346e+04
  Disper. corr.   Coulomb (SR)   Coul. recip.      Potential    Kinetic En.
   -4.68916e+03   -5.26167e+05    2.83526e+03   -4.32780e+05    8.66352e+04
   Total Energy  Conserved En.    Temperature Pres. DC (bar) Pressure (bar)
   -3.46145e+05   -5.72513e+05    3.11430e+02   -2.27289e+02    3.65318e+02
   Constr. rmsd
    9.44555e-04

           Step           Time         Lambda
         249000      498.00000        0.00000

   Energies (kJ/mol)
       G96Angle    Proper Dih.          LJ-14     Coulomb-14        LJ (SR)
    5.66607e+02    4.29929e+02    2.17242e+04   -1.07855e+03    7.45056e+04
  Disper. corr.   Coulomb (SR)   Coul. recip.      Potential    Kinetic En.
   -4.68916e+03   -5.27216e+05    2.88880e+03   -4.32868e+05    8.63613e+04
   Total Energy  Conserved En.    Temperature Pres. DC (bar) Pressure (bar)
   -3.46507e+05   -5.72880e+05    3.10445e+02   -2.27289e+02    1.67735e+02
   Constr. rmsd
    9.94608e-04

           Step           Time         Lambda
         249500      499.00000        0.00000

   Energies (kJ/mol)
       G96Angle    Proper Dih.          LJ-14     Coulomb-14        LJ (SR)
    5.70432e+02    4.12769e+02    2.16608e+04   -1.07873e+03    7.38016e+04
  Disper. corr.   Coulomb (SR)   Coul. recip.      Potential    Kinetic En.
   -4.68916e+03   -5.26848e+05    2.72543e+03   -4.33444e+05    8.66342e+04
   Total Energy  Conserved En.    Temperature Pres. DC (bar) Pressure (bar)
   -3.46810e+05   -5.73281e+05    3.11426e+02   -2.27289e+02   -2.75474e+02
   Constr. rmsd
    1.04578e-03

           Step           Time         Lambda
         250000      500.00000        0.00000

   Energies (kJ/mol)
       G96Angle    Proper Dih.          LJ-14     Coulomb-14        LJ (SR)
    5.58317e+02    3.98384e+02    2.17297e+04   -1.09314e+03    7.39638e+04
  Disper. corr.   Coulomb (SR)   Coul. recip.      Potential    Kinetic En.
   -4.68916e+03   -5.26166e+05    2.79102e+03   -4.32507e+05    8.68765e+04
   Total Energy  Conserved En.    Temperature Pres. DC (bar) Pressure (bar)
   -3.45630e+05   -5.73592e+05    3.12297e+02   -2.27289e+02    5.14785e+02
   Constr. rmsd
    9.15394e-04

           Step           Time         Lambda
         250500      501.00000        0.00000

   Energies (kJ/mol)
       G96Angle    Proper Dih.          LJ-14     Coulomb-14        LJ (SR)
    6.48267e+02    4.01822e+02    2.17728e+04   -1.10144e+03    7.34918e+04
  Disper. corr.   Coulomb (SR)   Coul. recip.      Potential    Kinetic En.
   -4.68916e+03   -5.26592e+05    2.84370e+03   -4.33225e+05    8.65788e+04
   Total Energy  Conserved En.    Temperature Pres. DC (bar) Pressure (bar)
   -3.46646e+05   -5.73996e+05    3.11227e+02   -2.27289e+02    7.16872e+02
   Constr. rmsd
    8.60592e-04

           Step           Time         Lambda
         251000      502.00000        0.00000

   Energies (kJ/mol)
       G96Angle    Proper Dih.          LJ-14     Coulomb-14        LJ (SR)
    5.98108e+02    4.44889e+02    2.17782e+04   -1.07989e+03    7.42132e+04
  Disper. corr.   Coulomb (SR)   Coul. recip.      Potential    Kinetic En.
   -4.68916e+03   -5.26355e+05    2.86587e+03   -4.32223e+05    8.64615e+04
   Total Energy  Conserved En.    Temperature Pres. DC (bar) Pressure (bar)
   -3.45762e+05   -5.74337e+05    3.10805e+02   -2.27289e+02    6.92545e+02
   Constr. rmsd
    8.96016e-04

           Step           Time         Lambda
         251500      503.00000        0.00000

   Energies (kJ/mol)
       G96Angle    Proper Dih.          LJ-14     Coulomb-14        LJ (SR)
    5.57569e+02    4.22139e+02    2.17060e+04   -1.10052e+03    7.47873e+04
  Disper. corr.   Coulomb (SR)   Coul. recip.      Potential    Kinetic En.
   -4.68916e+03   -5.27270e+05    2.89431e+03   -4.32692e+05    8.60221e+04
   Total Energy  Conserved En.    Temperature Pres. DC (bar) Pressure (bar)
   -3.46670e+05   -5.74687e+05    3.09226e+02   -2.27289e+02    4.25509e+02
   Constr. rmsd
    9.55515e-04

           Step           Time         Lambda
         252000      504.00000        0.00000

   Energies (kJ/mol)
       G96Angle    Proper Dih.          LJ-14     Coulomb-14        LJ (SR)
    6.20951e+02    4.39535e+02    2.17293e+04   -1.08485e+03    7.50136e+04
  Disper. corr.   Coulomb (SR)   Coul. recip.      Potential    Kinetic En.
   -4.68916e+03   -5.28257e+05    2.87508e+03   -4.33353e+05    8.64050e+04
   Total Energy  Conserved En.    Temperature Pres. DC (bar) Pressure (bar)
   -3.46948e+05   -5.75030e+05    3.10602e+02   -2.27289e+02    8.74673e+01
   Constr. rmsd
    1.01188e-03

           Step           Time         Lambda
         252500      505.00000        0.00000

   Energies (kJ/mol)
       G96Angle    Proper Dih.          LJ-14     Coulomb-14        LJ (SR)
    5.66919e+02    3.89635e+02    2.17150e+04   -1.07542e+03    7.49311e+04
  Disper. corr.   Coulomb (SR)   Coul. recip.      Potential    Kinetic En.
   -4.68916e+03   -5.26760e+05    2.87788e+03   -4.32044e+05    8.59999e+04
   Total Energy  Conserved En.    Temperature Pres. DC (bar) Pressure (bar)
   -3.46044e+05   -5.75344e+05    3.09146e+02   -2.27289e+02    2.14428e+02
   Constr. rmsd
    1.00455e-03

           Step           Time         Lambda
         253000      506.00000        0.00000

   Energies (kJ/mol)
       G96Angle    Proper Dih.          LJ-14     Coulomb-14        LJ (SR)
    5.88458e+02    4.31975e+02    2.17679e+04   -1.08953e+03    7.47492e+04
  Disper. corr.   Coulomb (SR)   Coul. recip.      Potential    Kinetic En.
   -4.68916e+03   -5.27399e+05    2.83872e+03   -4.32802e+05    8.65533e+04
   Total Energy  Conserved En.    Temperature Pres. DC (bar) Pressure (bar)
   -3.46248e+05   -5.75711e+05    3.11135e+02   -2.27289e+02    1.39454e+02
   Constr. rmsd
    1.00607e-03

           Step           Time         Lambda
         253500      507.00000        0.00000

   Energies (kJ/mol)
       G96Angle    Proper Dih.          LJ-14     Coulomb-14        LJ (SR)
    6.34093e+02    3.69929e+02    2.17582e+04   -1.09686e+03    7.42799e+04
  Disper. corr.   Coulomb (SR)   Coul. recip.      Potential    Kinetic En.
   -4.68916e+03   -5.27182e+05    2.94112e+03   -4.32985e+05    8.59251e+04
   Total Energy  Conserved En.    Temperature Pres. DC (bar) Pressure (bar)
   -3.47060e+05   -5.76063e+05    3.08877e+02   -2.27289e+02    2.52515e+02
   Constr. rmsd
    9.74111e-04

           Step           Time         Lambda
         254000      508.00000        0.00000

   Energies (kJ/mol)
       G96Angle    Proper Dih.          LJ-14     Coulomb-14        LJ (SR)
    5.90523e+02    3.93271e+02    2.16418e+04   -1.10197e+03    7.53644e+04
  Disper. corr.   Coulomb (SR)   Coul. recip.      Potential    Kinetic En.
   -4.68916e+03   -5.28063e+05    3.01496e+03   -4.32850e+05    8.66664e+04
   Total Energy  Conserved En.    Temperature Pres. DC (bar) Pressure (bar)
   -3.46183e+05   -5.76439e+05    3.11542e+02   -2.27289e+02   -4.33297e+02
   Constr. rmsd
    1.11546e-03

           Step           Time         Lambda
         254500      509.00000        0.00000

   Energies (kJ/mol)
       G96Angle    Proper Dih.          LJ-14     Coulomb-14        LJ (SR)
    5.63082e+02    4.39666e+02    2.17355e+04   -1.08868e+03    7.43371e+04
  Disper. corr.   Coulomb (SR)   Coul. recip.      Potential    Kinetic En.
   -4.68916e+03   -5.26604e+05    2.87524e+03   -4.32431e+05    8.62334e+04
   Total Energy  Conserved En.    Temperature Pres. DC (bar) Pressure (bar)
   -3.46198e+05   -5.76725e+05    3.09986e+02   -2.27289e+02    2.12559e+02
   Constr. rmsd
    9.87170e-04

           Step           Time         Lambda
         255000      510.00000        0.00000

   Energies (kJ/mol)
       G96Angle    Proper Dih.          LJ-14     Coulomb-14        LJ (SR)
    5.55616e+02    4.25485e+02    2.17325e+04   -1.09724e+03    7.39313e+04
  Disper. corr.   Coulomb (SR)   Coul. recip.      Potential    Kinetic En.
   -4.68916e+03   -5.27176e+05    2.87666e+03   -4.33440e+05    8.59834e+04
   Total Energy  Conserved En.    Temperature Pres. DC (bar) Pressure (bar)
   -3.47457e+05   -5.77066e+05    3.09087e+02   -2.27289e+02    3.92539e+02
   Constr. rmsd
    9.39286e-04

           Step           Time         Lambda
         255500      511.00000        0.00000

   Energies (kJ/mol)
       G96Angle    Proper Dih.          LJ-14     Coulomb-14        LJ (SR)
    5.98712e+02    4.26392e+02    2.17461e+04   -1.09502e+03    7.50545e+04
  Disper. corr.   Coulomb (SR)   Coul. recip.      Potential    Kinetic En.
   -4.68916e+03   -5.27905e+05    2.89063e+03   -4.32973e+05    8.63874e+04
   Total Energy  Conserved En.    Temperature Pres. DC (bar) Pressure (bar)
   -3.46586e+05   -5.77417e+05    3.10539e+02   -2.27289e+02    2.91380e+02
   Constr. rmsd
    9.74965e-04

           Step           Time         Lambda
         256000      512.00000        0.00000

   Energies (kJ/mol)
       G96Angle    Proper Dih.          LJ-14     Coulomb-14        LJ (SR)
    5.75779e+02    3.99752e+02    2.17472e+04   -1.09648e+03    7.53946e+04
  Disper. corr.   Coulomb (SR)   Coul. recip.      Potential    Kinetic En.
   -4.68916e+03   -5.29330e+05    2.85893e+03   -4.34140e+05    8.62097e+04
   Total Energy  Conserved En.    Temperature Pres. DC (bar) Pressure (bar)
   -3.47930e+05   -5.77746e+05    3.09900e+02   -2.27289e+02    5.54874e+02
   Constr. rmsd
    9.26365e-04

           Step           Time         Lambda
         256500      513.00000        0.00000

   Energies (kJ/mol)
       G96Angle    Proper Dih.          LJ-14     Coulomb-14        LJ (SR)
    5.94347e+02    4.17267e+02    2.17300e+04   -1.08795e+03    7.33078e+04
  Disper. corr.   Coulomb (SR)   Coul. recip.      Potential    Kinetic En.
   -4.68916e+03   -5.26096e+05    2.89849e+03   -4.32925e+05    8.66757e+04
   Total Energy  Conserved En.    Temperature Pres. DC (bar) Pressure (bar)
   -3.46249e+05   -5.78107e+05    3.11576e+02   -2.27289e+02    4.76500e+02
   Constr. rmsd
    9.10320e-04

           Step           Time         Lambda
         257000      514.00000        0.00000

   Energies (kJ/mol)
       G96Angle    Proper Dih.          LJ-14     Coulomb-14        LJ (SR)
    6.10937e+02    4.18422e+02    2.17047e+04   -1.10437e+03    7.43474e+04
  Disper. corr.   Coulomb (SR)   Coul. recip.      Potential    Kinetic En.
   -4.68916e+03   -5.26823e+05    2.92266e+03   -4.32613e+05    8.66290e+04
   Total Energy  Conserved En.    Temperature Pres. DC (bar) Pressure (bar)
   -3.45984e+05   -5.78493e+05    3.11408e+02   -2.27289e+02    8.04238e+01
   Constr. rmsd
    1.00801e-03

           Step           Time         Lambda
         257500      515.00000        0.00000

   Energies (kJ/mol)
       G96Angle    Proper Dih.          LJ-14     Coulomb-14        LJ (SR)
    6.48582e+02    4.08476e+02    2.17493e+04   -1.11338e+03    7.45549e+04
  Disper. corr.   Coulomb (SR)   Coul. recip.      Potential    Kinetic En.
   -4.68916e+03   -5.27721e+05    2.86965e+03   -4.33292e+05    8.74551e+04
   Total Energy  Conserved En.    Temperature Pres. DC (bar) Pressure (bar)
   -3.45837e+05   -5.78872e+05    3.14377e+02   -2.27289e+02    4.14715e+02
   Constr. rmsd
    9.60179e-04

           Step           Time         Lambda
         258000      516.00000        0.00000

   Energies (kJ/mol)
       G96Angle    Proper Dih.          LJ-14     Coulomb-14        LJ (SR)
    5.72995e+02    4.56891e+02    2.17667e+04   -1.09275e+03    7.47305e+04
  Disper. corr.   Coulomb (SR)   Coul. recip.      Potential    Kinetic En.
   -4.68916e+03   -5.27665e+05    2.90428e+03   -4.33016e+05    8.64424e+04
   Total Energy  Conserved En.    Temperature Pres. DC (bar) Pressure (bar)
   -3.46573e+05   -5.79214e+05    3.10737e+02   -2.27289e+02    3.85858e+02
   Constr. rmsd
    9.62950e-04

           Step           Time         Lambda
         258500      517.00000        0.00000

   Energies (kJ/mol)
       G96Angle    Proper Dih.          LJ-14     Coulomb-14        LJ (SR)
    5.99551e+02    3.94963e+02    2.17518e+04   -1.07212e+03    7.46493e+04
  Disper. corr.   Coulomb (SR)   Coul. recip.      Potential    Kinetic En.
   -4.68916e+03   -5.26949e+05    2.95974e+03   -4.32355e+05    8.62075e+04
   Total Energy  Conserved En.    Temperature Pres. DC (bar) Pressure (bar)
   -3.46148e+05   -5.79554e+05    3.09892e+02   -2.27289e+02    6.31194e+02
   Constr. rmsd
    9.20815e-04

           Step           Time         Lambda
         259000      518.00000        0.00000

   Energies (kJ/mol)
       G96Angle    Proper Dih.          LJ-14     Coulomb-14        LJ (SR)
    6.17667e+02    4.14353e+02    2.17252e+04   -1.09473e+03    7.38420e+04
  Disper. corr.   Coulomb (SR)   Coul. recip.      Potential    Kinetic En.
   -4.68916e+03   -5.25895e+05    2.86505e+03   -4.32214e+05    8.60463e+04
   Total Energy  Conserved En.    Temperature Pres. DC (bar) Pressure (bar)
   -3.46168e+05   -5.79945e+05    3.09313e+02   -2.27289e+02   -1.80967e+01
   Constr. rmsd
    1.01857e-03

           Step           Time         Lambda
         259500      519.00000        0.00000

   Energies (kJ/mol)
       G96Angle    Proper Dih.          LJ-14     Coulomb-14        LJ (SR)
    6.31771e+02    3.73779e+02    2.17166e+04   -1.09860e+03    7.44735e+04
  Disper. corr.   Coulomb (SR)   Coul. recip.      Potential    Kinetic En.
   -4.68916e+03   -5.27660e+05    2.89757e+03   -4.33355e+05    8.63815e+04
   Total Energy  Conserved En.    Temperature Pres. DC (bar) Pressure (bar)
   -3.46973e+05   -5.80262e+05    3.10518e+02   -2.27289e+02    2.20879e+02
   Constr. rmsd
    9.81050e-04

           Step           Time         Lambda
         260000      520.00000        0.00000

   Energies (kJ/mol)
       G96Angle    Proper Dih.          LJ-14     Coulomb-14        LJ (SR)
    5.82917e+02    4.37143e+02    2.17504e+04   -1.10046e+03    7.51109e+04
  Disper. corr.   Coulomb (SR)   Coul. recip.      Potential    Kinetic En.
   -4.68916e+03   -5.27083e+05    2.81472e+03   -4.32176e+05    8.73191e+04
   Total Energy  Conserved En.    Temperature Pres. DC (bar) Pressure (bar)
   -3.44857e+05   -5.80634e+05    3.13888e+02   -2.27289e+02    2.50342e+02
   Constr. rmsd
    1.00907e-03

           Step           Time         Lambda
         260500      521.00000        0.00000

   Energies (kJ/mol)
       G96Angle    Proper Dih.          LJ-14     Coulomb-14        LJ (SR)
    5.83231e+02    3.94443e+02    2.17364e+04   -1.09516e+03    7.41383e+04
  Disper. corr.   Coulomb (SR)   Coul. recip.      Potential    Kinetic En.
   -4.68916e+03   -5.26799e+05    2.92640e+03   -4.32805e+05    8.66111e+04
   Total Energy  Conserved En.    Temperature Pres. DC (bar) Pressure (bar)
   -3.46194e+05   -5.80972e+05    3.11343e+02   -2.27289e+02    1.88464e+02
   Constr. rmsd
    9.80092e-04

           Step           Time         Lambda
         261000      522.00000        0.00000

   Energies (kJ/mol)
       G96Angle    Proper Dih.          LJ-14     Coulomb-14        LJ (SR)
    6.33779e+02    4.37294e+02    2.18257e+04   -1.08403e+03    7.32408e+04
  Disper. corr.   Coulomb (SR)   Coul. recip.      Potential    Kinetic En.
   -4.68916e+03   -5.24794e+05    2.95595e+03   -4.31474e+05    8.71405e+04
   Total Energy  Conserved En.    Temperature Pres. DC (bar) Pressure (bar)
   -3.44334e+05   -5.81283e+05    3.13246e+02   -2.27289e+02    7.85987e+02
   Constr. rmsd
    8.62715e-04

           Step           Time         Lambda
         261500      523.00000        0.00000

   Energies (kJ/mol)
       G96Angle    Proper Dih.          LJ-14     Coulomb-14        LJ (SR)
    5.95139e+02    4.19220e+02    2.17489e+04   -1.07094e+03    7.47628e+04
  Disper. corr.   Coulomb (SR)   Coul. recip.      Potential    Kinetic En.
   -4.68916e+03   -5.27288e+05    2.91864e+03   -4.32603e+05    8.68885e+04
   Total Energy  Conserved En.    Temperature Pres. DC (bar) Pressure (bar)
   -3.45715e+05   -5.81690e+05    3.12340e+02   -2.27289e+02   -1.03528e+02
   Constr. rmsd
    1.04434e-03

           Step           Time         Lambda
         262000      524.00000        0.00000

   Energies (kJ/mol)
       G96Angle    Proper Dih.          LJ-14     Coulomb-14        LJ (SR)
    5.44836e+02    4.32352e+02    2.16873e+04   -1.11078e+03    7.54898e+04
  Disper. corr.   Coulomb (SR)   Coul. recip.      Potential    Kinetic En.
   -4.68916e+03   -5.30080e+05    2.84732e+03   -4.34879e+05    8.59459e+04
   Total Energy  Conserved En.    Temperature Pres. DC (bar) Pressure (bar)
   -3.48933e+05   -5.82010e+05    3.08952e+02   -2.27289e+02    1.51135e+02
   Constr. rmsd
    9.94443e-04

           Step           Time         Lambda
         262500      525.00000        0.00000

   Energies (kJ/mol)
       G96Angle    Proper Dih.          LJ-14     Coulomb-14        LJ (SR)
    5.86452e+02    4.16996e+02    2.16876e+04   -1.10486e+03    7.40640e+04
  Disper. corr.   Coulomb (SR)   Coul. recip.      Potential    Kinetic En.
   -4.68916e+03   -5.27299e+05    2.97511e+03   -4.33363e+05    8.64017e+04
   Total Energy  Conserved En.    Temperature Pres. DC (bar) Pressure (bar)
   -3.46961e+05   -5.82358e+05    3.10590e+02   -2.27289e+02   -2.01096e+02
   Constr. rmsd
    1.03573e-03

           Step           Time         Lambda
         263000      526.00000        0.00000

   Energies (kJ/mol)
       G96Angle    Proper Dih.          LJ-14     Coulomb-14        LJ (SR)
    6.23806e+02    3.67837e+02    2.17436e+04   -1.09881e+03    7.37301e+04
  Disper. corr.   Coulomb (SR)   Coul. recip.      Potential    Kinetic En.
   -4.68916e+03   -5.26774e+05    2.94123e+03   -4.33155e+05    8.64699e+04
   Total Energy  Conserved En.    Temperature Pres. DC (bar) Pressure (bar)
   -3.46686e+05   -5.82694e+05    3.10836e+02   -2.27289e+02    6.51578e+01
   Constr. rmsd
    9.91844e-04

           Step           Time         Lambda
         263500      527.00000        0.00000

   Energies (kJ/mol)
       G96Angle    Proper Dih.          LJ-14     Coulomb-14        LJ (SR)
    5.78777e+02    4.27569e+02    2.17797e+04   -1.08399e+03    7.42624e+04
  Disper. corr.   Coulomb (SR)   Coul. recip.      Potential    Kinetic En.
   -4.68916e+03   -5.27470e+05    2.87444e+03   -4.33320e+05    8.62004e+04
   Total Energy  Conserved En.    Temperature Pres. DC (bar) Pressure (bar)
   -3.47120e+05   -5.83020e+05    3.09867e+02   -2.27289e+02    5.64134e+02
   Constr. rmsd
    9.02629e-04

           Step           Time         Lambda
         264000      528.00000        0.00000

   Energies (kJ/mol)
       G96Angle    Proper Dih.          LJ-14     Coulomb-14        LJ (SR)
    6.12883e+02    4.29713e+02    2.17352e+04   -1.07590e+03    7.41936e+04
  Disper. corr.   Coulomb (SR)   Coul. recip.      Potential    Kinetic En.
   -4.68916e+03   -5.27669e+05    2.91693e+03   -4.33546e+05    8.64955e+04
   Total Energy  Conserved En.    Temperature Pres. DC (bar) Pressure (bar)
   -3.47051e+05   -5.83418e+05    3.10928e+02   -2.27289e+02    2.02332e+02
   Constr. rmsd
    9.80789e-04

           Step           Time         Lambda
         264500      529.00000        0.00000

   Energies (kJ/mol)
       G96Angle    Proper Dih.          LJ-14     Coulomb-14        LJ (SR)
    5.53470e+02    3.84779e+02    2.17871e+04   -1.08039e+03    7.53383e+04
  Disper. corr.   Coulomb (SR)   Coul. recip.      Potential    Kinetic En.
   -4.68916e+03   -5.28671e+05    2.84612e+03   -4.33530e+05    8.68207e+04
   Total Energy  Conserved En.    Temperature Pres. DC (bar) Pressure (bar)
   -3.46710e+05   -5.83738e+05    3.12097e+02   -2.27289e+02    1.20977e+03
   Constr. rmsd
    8.26713e-04

           Step           Time         Lambda
         265000      530.00000        0.00000

   Energies (kJ/mol)
       G96Angle    Proper Dih.          LJ-14     Coulomb-14        LJ (SR)
    5.26803e+02    4.25542e+02    2.17208e+04   -1.09719e+03    7.52301e+04
  Disper. corr.   Coulomb (SR)   Coul. recip.      Potential    Kinetic En.
   -4.68916e+03   -5.29077e+05    2.91330e+03   -4.34047e+05    8.61788e+04
   Total Energy  Conserved En.    Temperature Pres. DC (bar) Pressure (bar)
   -3.47868e+05   -5.84086e+05    3.09789e+02   -2.27289e+02    6.87252e+02
   Constr. rmsd
    9.05509e-04

           Step           Time         Lambda
         265500      531.00000        0.00000

   Energies (kJ/mol)
       G96Angle    Proper Dih.          LJ-14     Coulomb-14        LJ (SR)
    5.95802e+02    3.98704e+02    2.17483e+04   -1.08135e+03    7.47317e+04
  Disper. corr.   Coulomb (SR)   Coul. recip.      Potential    Kinetic En.
   -4.68916e+03   -5.27017e+05    2.87142e+03   -4.32442e+05    8.61612e+04
   Total Energy  Conserved En.    Temperature Pres. DC (bar) Pressure (bar)
   -3.46280e+05   -5.84468e+05    3.09726e+02   -2.27289e+02    5.04860e+02
   Constr. rmsd
    9.46477e-04

           Step           Time         Lambda
         266000      532.00000        0.00000

   Energies (kJ/mol)
       G96Angle    Proper Dih.          LJ-14     Coulomb-14        LJ (SR)
    5.80931e+02    3.86417e+02    2.17374e+04   -1.09985e+03    7.36758e+04
  Disper. corr.   Coulomb (SR)   Coul. recip.      Potential    Kinetic En.
   -4.68916e+03   -5.27497e+05    2.88658e+03   -4.34019e+05    8.55902e+04
   Total Energy  Conserved En.    Temperature Pres. DC (bar) Pressure (bar)
   -3.48429e+05   -5.84768e+05    3.07673e+02   -2.27289e+02    6.41437e+02
   Constr. rmsd
    8.76303e-04

           Step           Time         Lambda
         266500      533.00000        0.00000

   Energies (kJ/mol)
       G96Angle    Proper Dih.          LJ-14     Coulomb-14        LJ (SR)
    5.51025e+02    3.75421e+02    2.17416e+04   -1.09188e+03    7.51717e+04
  Disper. corr.   Coulomb (SR)   Coul. recip.      Potential    Kinetic En.
   -4.68916e+03   -5.29270e+05    2.90338e+03   -4.34308e+05    8.46191e+04
   Total Energy  Conserved En.    Temperature Pres. DC (bar) Pressure (bar)
   -3.49689e+05   -5.85136e+05    3.04183e+02   -2.27289e+02    9.32050e+02
   Constr. rmsd
    8.51995e-04

           Step           Time         Lambda
         267000      534.00000        0.00000

   Energies (kJ/mol)
       G96Angle    Proper Dih.          LJ-14     Coulomb-14        LJ (SR)
    6.20824e+02    4.27853e+02    2.17102e+04   -1.09884e+03    7.43962e+04
  Disper. corr.   Coulomb (SR)   Coul. recip.      Potential    Kinetic En.
   -4.68916e+03   -5.27227e+05    2.85789e+03   -4.33002e+05    8.63576e+04
   Total Energy  Conserved En.    Temperature Pres. DC (bar) Pressure (bar)
   -3.46645e+05   -5.85522e+05    3.10432e+02   -2.27289e+02   -3.11134e+01
   Constr. rmsd
    1.01454e-03

           Step           Time         Lambda
         267500      535.00000        0.00000

   Energies (kJ/mol)
       G96Angle    Proper Dih.          LJ-14     Coulomb-14        LJ (SR)
    5.86646e+02    4.04766e+02    2.17246e+04   -1.09571e+03    7.41236e+04
  Disper. corr.   Coulomb (SR)   Coul. recip.      Potential    Kinetic En.
   -4.68916e+03   -5.27308e+05    2.87613e+03   -4.33377e+05    8.74292e+04
   Total Energy  Conserved En.    Temperature Pres. DC (bar) Pressure (bar)
   -3.45948e+05   -5.85869e+05    3.14284e+02   -2.27289e+02    1.69866e+02
   Constr. rmsd
    9.84803e-04

           Step           Time         Lambda
         268000      536.00000        0.00000

   Energies (kJ/mol)
       G96Angle    Proper Dih.          LJ-14     Coulomb-14        LJ (SR)
    5.77370e+02    4.07353e+02    2.17273e+04   -1.06836e+03    7.38906e+04
  Disper. corr.   Coulomb (SR)   Coul. recip.      Potential    Kinetic En.
   -4.68916e+03   -5.26831e+05    2.81605e+03   -4.33170e+05    8.55306e+04
   Total Energy  Conserved En.    Temperature Pres. DC (bar) Pressure (bar)
   -3.47639e+05   -5.86226e+05    3.07459e+02   -2.27289e+02    3.30416e+02
   Constr. rmsd
    9.48254e-04

           Step           Time         Lambda
         268500      537.00000        0.00000

   Energies (kJ/mol)
       G96Angle    Proper Dih.          LJ-14     Coulomb-14        LJ (SR)
    5.85683e+02    4.19667e+02    2.17782e+04   -1.09898e+03    7.44952e+04
  Disper. corr.   Coulomb (SR)   Coul. recip.      Potential    Kinetic En.
   -4.68916e+03   -5.27087e+05    2.89302e+03   -4.32703e+05    8.62800e+04
   Total Energy  Conserved En.    Temperature Pres. DC (bar) Pressure (bar)
   -3.46423e+05   -5.86607e+05    3.10153e+02   -2.27289e+02    2.42046e+02
   Constr. rmsd
    9.79123e-04

           Step           Time         Lambda
         269000      538.00000        0.00000

   Energies (kJ/mol)
       G96Angle    Proper Dih.          LJ-14     Coulomb-14        LJ (SR)
    6.04573e+02    4.19535e+02    2.17628e+04   -1.05338e+03    7.45378e+04
  Disper. corr.   Coulomb (SR)   Coul. recip.      Potential    Kinetic En.
   -4.68916e+03   -5.27840e+05    2.77033e+03   -4.33487e+05    8.64114e+04
   Total Energy  Conserved En.    Temperature Pres. DC (bar) Pressure (bar)
   -3.47076e+05   -5.86914e+05    3.10625e+02   -2.27289e+02    3.31545e+02
   Constr. rmsd
    9.56658e-04

           Step           Time         Lambda
         269500      539.00000        0.00000

   Energies (kJ/mol)
       G96Angle    Proper Dih.          LJ-14     Coulomb-14        LJ (SR)
    5.13461e+02    3.84415e+02    2.16420e+04   -1.11945e+03    7.24330e+04
  Disper. corr.   Coulomb (SR)   Coul. recip.      Potential    Kinetic En.
   -4.68916e+03   -5.25799e+05    2.83336e+03   -4.33801e+05    8.57973e+04
   Total Energy  Conserved En.    Temperature Pres. DC (bar) Pressure (bar)
   -3.48004e+05   -5.87254e+05    3.08418e+02   -2.27289e+02   -4.19017e+02
   Constr. rmsd
    1.02084e-03

           Step           Time         Lambda
         270000      540.00000        0.00000

   Energies (kJ/mol)
       G96Angle    Proper Dih.          LJ-14     Coulomb-14        LJ (SR)
    5.70336e+02    4.13792e+02    2.17582e+04   -1.11545e+03    7.50806e+04
  Disper. corr.   Coulomb (SR)   Coul. recip.      Potential    Kinetic En.
   -4.68916e+03   -5.28319e+05    3.00187e+03   -4.33299e+05    8.63298e+04
   Total Energy  Conserved En.    Temperature Pres. DC (bar) Pressure (bar)
   -3.46969e+05   -5.87544e+05    3.10332e+02   -2.27289e+02    7.55861e+02
   Constr. rmsd
    8.99545e-04

           Step           Time         Lambda
         270500      541.00000        0.00000

   Energies (kJ/mol)
       G96Angle    Proper Dih.          LJ-14     Coulomb-14        LJ (SR)
    5.58254e+02    3.97595e+02    2.17083e+04   -1.06971e+03    7.42978e+04
  Disper. corr.   Coulomb (SR)   Coul. recip.      Potential    Kinetic En.
   -4.68916e+03   -5.26804e+05    2.94545e+03   -4.32656e+05    8.63655e+04
   Total Energy  Conserved En.    Temperature Pres. DC (bar) Pressure (bar)
   -3.46290e+05   -5.87892e+05    3.10460e+02   -2.27289e+02    3.06863e+02
   Constr. rmsd
    9.61467e-04

           Step           Time         Lambda
         271000      542.00000        0.00000

   Energies (kJ/mol)
       G96Angle    Proper Dih.          LJ-14     Coulomb-14        LJ (SR)
    6.24265e+02    3.74989e+02    2.17194e+04   -1.08958e+03    7.45630e+04
  Disper. corr.   Coulomb (SR)   Coul. recip.      Potential    Kinetic En.
   -4.68916e+03   -5.27443e+05    2.94915e+03   -4.32991e+05    8.62084e+04
   Total Energy  Conserved En.    Temperature Pres. DC (bar) Pressure (bar)
   -3.46782e+05   -5.88270e+05    3.09895e+02   -2.27289e+02    1.23518e+01
   Constr. rmsd
    1.02000e-03

Writing checkpoint, step 271320 at Wed Apr  4 16:03:54 2018


           Step           Time         Lambda
         271500      543.00000        0.00000

   Energies (kJ/mol)
       G96Angle    Proper Dih.          LJ-14     Coulomb-14        LJ (SR)
    6.08879e+02    4.09013e+02    2.17494e+04   -1.09402e+03    7.43836e+04
  Disper. corr.   Coulomb (SR)   Coul. recip.      Potential    Kinetic En.
   -4.68916e+03   -5.27848e+05    2.86070e+03   -4.33620e+05    8.63551e+04
   Total Energy  Conserved En.    Temperature Pres. DC (bar) Pressure (bar)
   -3.47264e+05   -5.88575e+05    3.10423e+02   -2.27289e+02    3.95299e+02
   Constr. rmsd
    9.40104e-04

           Step           Time         Lambda
         272000      544.00000        0.00000

   Energies (kJ/mol)
       G96Angle    Proper Dih.          LJ-14     Coulomb-14        LJ (SR)
    5.74859e+02    4.11856e+02    2.17407e+04   -1.07626e+03    7.51440e+04
  Disper. corr.   Coulomb (SR)   Coul. recip.      Potential    Kinetic En.
   -4.68916e+03   -5.27934e+05    2.85552e+03   -4.32972e+05    8.55807e+04
   Total Energy  Conserved En.    Temperature Pres. DC (bar) Pressure (bar)
   -3.47392e+05   -5.88914e+05    3.07639e+02   -2.27289e+02    5.49787e+02
   Constr. rmsd
    9.41784e-04

           Step           Time         Lambda
         272500      545.00000        0.00000

   Energies (kJ/mol)
       G96Angle    Proper Dih.          LJ-14     Coulomb-14        LJ (SR)
    5.74450e+02    4.45549e+02    2.17239e+04   -1.10212e+03    7.55448e+04
  Disper. corr.   Coulomb (SR)   Coul. recip.      Potential    Kinetic En.
   -4.68916e+03   -5.28900e+05    2.81325e+03   -4.33589e+05    8.64213e+04
   Total Energy  Conserved En.    Temperature Pres. DC (bar) Pressure (bar)
   -3.47168e+05   -5.89295e+05    3.10661e+02   -2.27289e+02    5.79363e+02
   Constr. rmsd
    9.48253e-04

           Step           Time         Lambda
         273000      546.00000        0.00000

   Energies (kJ/mol)
       G96Angle    Proper Dih.          LJ-14     Coulomb-14        LJ (SR)
    5.55800e+02    3.87828e+02    2.17493e+04   -1.08265e+03    7.30565e+04
  Disper. corr.   Coulomb (SR)   Coul. recip.      Potential    Kinetic En.
   -4.68916e+03   -5.24842e+05    2.87533e+03   -4.31989e+05    8.59400e+04
   Total Energy  Conserved En.    Temperature Pres. DC (bar) Pressure (bar)
   -3.46049e+05   -5.89685e+05    3.08931e+02   -2.27289e+02   -3.81415e+01
   Constr. rmsd
    9.99568e-04

           Step           Time         Lambda
         273500      547.00000        0.00000

   Energies (kJ/mol)
       G96Angle    Proper Dih.          LJ-14     Coulomb-14        LJ (SR)
    5.77981e+02    3.99865e+02    2.17393e+04   -1.09504e+03    7.44154e+04
  Disper. corr.   Coulomb (SR)   Coul. recip.      Potential    Kinetic En.
   -4.68916e+03   -5.26926e+05    2.90707e+03   -4.32671e+05    8.59281e+04
   Total Energy  Conserved En.    Temperature Pres. DC (bar) Pressure (bar)
   -3.46742e+05   -5.90025e+05    3.08888e+02   -2.27289e+02    4.69780e+02
   Constr. rmsd
    9.43270e-04

           Step           Time         Lambda
         274000      548.00000        0.00000

   Energies (kJ/mol)
       G96Angle    Proper Dih.          LJ-14     Coulomb-14        LJ (SR)
    5.56229e+02    3.95985e+02    2.17157e+04   -1.11312e+03    7.44724e+04
  Disper. corr.   Coulomb (SR)   Coul. recip.      Potential    Kinetic En.
   -4.68916e+03   -5.28190e+05    2.89503e+03   -4.33957e+05    8.60706e+04
   Total Energy  Conserved En.    Temperature Pres. DC (bar) Pressure (bar)
   -3.47887e+05   -5.90382e+05    3.09400e+02   -2.27289e+02    5.43677e+02
   Constr. rmsd
    9.26387e-04

           Step           Time         Lambda
         274500      549.00000        0.00000

   Energies (kJ/mol)
       G96Angle    Proper Dih.          LJ-14     Coulomb-14        LJ (SR)
    5.61658e+02    4.39933e+02    2.16958e+04   -1.09759e+03    7.27957e+04
  Disper. corr.   Coulomb (SR)   Coul. recip.      Potential    Kinetic En.
   -4.68916e+03   -5.26149e+05    2.94290e+03   -4.33499e+05    8.66530e+04
   Total Energy  Conserved En.    Temperature Pres. DC (bar) Pressure (bar)
   -3.46846e+05   -5.90753e+05    3.11494e+02   -2.27289e+02   -1.37296e+02
   Constr. rmsd
    9.93078e-04

           Step           Time         Lambda
         275000      550.00000        0.00000

   Energies (kJ/mol)
       G96Angle    Proper Dih.          LJ-14     Coulomb-14        LJ (SR)
    5.78206e+02    4.06667e+02    2.17193e+04   -1.08587e+03    7.33743e+04
  Disper. corr.   Coulomb (SR)   Coul. recip.      Potential    Kinetic En.
   -4.68916e+03   -5.26334e+05    2.87736e+03   -4.33153e+05    8.61127e+04
   Total Energy  Conserved En.    Temperature Pres. DC (bar) Pressure (bar)
   -3.47040e+05   -5.91103e+05    3.09552e+02   -2.27289e+02    1.64397e+02
   Constr. rmsd
    9.58365e-04

           Step           Time         Lambda
         275500      551.00000        0.00000

   Energies (kJ/mol)
       G96Angle    Proper Dih.          LJ-14     Coulomb-14        LJ (SR)
    6.31794e+02    4.24032e+02    2.18149e+04   -1.09127e+03    7.26268e+04
  Disper. corr.   Coulomb (SR)   Coul. recip.      Potential    Kinetic En.
   -4.68916e+03   -5.23927e+05    2.86062e+03   -4.31349e+05    8.58335e+04
   Total Energy  Conserved En.    Temperature Pres. DC (bar) Pressure (bar)
   -3.45515e+05   -5.91401e+05    3.08548e+02   -2.27289e+02    2.69055e+02
   Constr. rmsd
    9.41949e-04

           Step           Time         Lambda
         276000      552.00000        0.00000

   Energies (kJ/mol)
       G96Angle    Proper Dih.          LJ-14     Coulomb-14        LJ (SR)
    5.64722e+02    3.88383e+02    2.16900e+04   -1.10255e+03    7.44997e+04
  Disper. corr.   Coulomb (SR)   Coul. recip.      Potential    Kinetic En.
   -4.68916e+03   -5.27733e+05    2.84731e+03   -4.33534e+05    8.60296e+04
   Total Energy  Conserved En.    Temperature Pres. DC (bar) Pressure (bar)
   -3.47505e+05   -5.91707e+05    3.09253e+02   -2.27289e+02    2.36618e+02
   Constr. rmsd
    9.73207e-04

           Step           Time         Lambda
         276500      553.00000        0.00000

   Energies (kJ/mol)
       G96Angle    Proper Dih.          LJ-14     Coulomb-14        LJ (SR)
    6.45860e+02    4.23723e+02    2.18116e+04   -1.08729e+03    7.40236e+04
  Disper. corr.   Coulomb (SR)   Coul. recip.      Potential    Kinetic En.
   -4.68916e+03   -5.25616e+05    2.94799e+03   -4.31539e+05    8.65131e+04
   Total Energy  Conserved En.    Temperature Pres. DC (bar) Pressure (bar)
   -3.45026e+05   -5.92033e+05    3.10991e+02   -2.27289e+02    5.10843e+02
   Constr. rmsd
    9.43146e-04

           Step           Time         Lambda
         277000      554.00000        0.00000

   Energies (kJ/mol)
       G96Angle    Proper Dih.          LJ-14     Coulomb-14        LJ (SR)
    5.75021e+02    4.12474e+02    2.17141e+04   -1.10805e+03    7.41218e+04
  Disper. corr.   Coulomb (SR)   Coul. recip.      Potential    Kinetic En.
   -4.68916e+03   -5.27432e+05    2.90701e+03   -4.33499e+05    8.72101e+04
   Total Energy  Conserved En.    Temperature Pres. DC (bar) Pressure (bar)
   -3.46289e+05   -5.92425e+05    3.13497e+02   -2.27289e+02    1.10996e+02
   Constr. rmsd
    9.78675e-04

           Step           Time         Lambda
         277500      555.00000        0.00000

   Energies (kJ/mol)
       G96Angle    Proper Dih.          LJ-14     Coulomb-14        LJ (SR)
    5.76650e+02    4.00191e+02    2.17473e+04   -1.10699e+03    7.40256e+04
  Disper. corr.   Coulomb (SR)   Coul. recip.      Potential    Kinetic En.
   -4.68916e+03   -5.26530e+05    2.87525e+03   -4.32701e+05    8.55289e+04
   Total Energy  Conserved En.    Temperature Pres. DC (bar) Pressure (bar)
   -3.47172e+05   -5.92796e+05    3.07453e+02   -2.27289e+02    2.37101e+02
   Constr. rmsd
    9.64917e-04

           Step           Time         Lambda
         278000      556.00000        0.00000

   Energies (kJ/mol)
       G96Angle    Proper Dih.          LJ-14     Coulomb-14        LJ (SR)
    5.50811e+02    4.24582e+02    2.16858e+04   -1.09973e+03    7.49327e+04
  Disper. corr.   Coulomb (SR)   Coul. recip.      Potential    Kinetic En.
   -4.68916e+03   -5.28056e+05    2.80876e+03   -4.33442e+05    8.64124e+04
   Total Energy  Conserved En.    Temperature Pres. DC (bar) Pressure (bar)
   -3.47030e+05   -5.93161e+05    3.10629e+02   -2.27289e+02    3.83651e+02
   Constr. rmsd
    9.56761e-04

           Step           Time         Lambda
         278500      557.00000        0.00000

   Energies (kJ/mol)
       G96Angle    Proper Dih.          LJ-14     Coulomb-14        LJ (SR)
    5.63601e+02    3.91825e+02    2.17134e+04   -1.09078e+03    7.52158e+04
  Disper. corr.   Coulomb (SR)   Coul. recip.      Potential    Kinetic En.
   -4.68916e+03   -5.28732e+05    2.87884e+03   -4.33749e+05    8.67697e+04
   Total Energy  Conserved En.    Temperature Pres. DC (bar) Pressure (bar)
   -3.46979e+05   -5.93522e+05    3.11913e+02   -2.27289e+02    3.48892e+02
   Constr. rmsd
    9.78151e-04

           Step           Time         Lambda
         279000      558.00000        0.00000

   Energies (kJ/mol)
       G96Angle    Proper Dih.          LJ-14     Coulomb-14        LJ (SR)
    6.02789e+02    4.14221e+02    2.16379e+04   -1.09629e+03    7.39977e+04
  Disper. corr.   Coulomb (SR)   Coul. recip.      Potential    Kinetic En.
   -4.68916e+03   -5.27322e+05    2.93475e+03   -4.33521e+05    8.58234e+04
   Total Energy  Conserved En.    Temperature Pres. DC (bar) Pressure (bar)
   -3.47697e+05   -5.93902e+05    3.08512e+02   -2.27289e+02   -6.41886e+02
   Constr. rmsd
    1.10784e-03

           Step           Time         Lambda
         279500      559.00000        0.00000

   Energies (kJ/mol)
       G96Angle    Proper Dih.          LJ-14     Coulomb-14        LJ (SR)
    5.85607e+02    4.15237e+02    2.17472e+04   -1.06928e+03    7.41094e+04
  Disper. corr.   Coulomb (SR)   Coul. recip.      Potential    Kinetic En.
   -4.68916e+03   -5.27206e+05    2.82920e+03   -4.33278e+05    8.59596e+04
   Total Energy  Conserved En.    Temperature Pres. DC (bar) Pressure (bar)
   -3.47318e+05   -5.94218e+05    3.09001e+02   -2.27289e+02    3.68015e+02
   Constr. rmsd
    9.30771e-04

           Step           Time         Lambda
         280000      560.00000        0.00000

   Energies (kJ/mol)
       G96Angle    Proper Dih.          LJ-14     Coulomb-14        LJ (SR)
    5.97865e+02    4.25606e+02    2.17448e+04   -1.11446e+03    7.42945e+04
  Disper. corr.   Coulomb (SR)   Coul. recip.      Potential    Kinetic En.
   -4.68916e+03   -5.27517e+05    2.91152e+03   -4.33346e+05    8.64000e+04
   Total Energy  Conserved En.    Temperature Pres. DC (bar) Pressure (bar)
   -3.46946e+05   -5.94567e+05    3.10585e+02   -2.27289e+02    3.50468e+02
   Constr. rmsd
    9.51213e-04

           Step           Time         Lambda
         280500      561.00000        0.00000

   Energies (kJ/mol)
       G96Angle    Proper Dih.          LJ-14     Coulomb-14        LJ (SR)
    5.45305e+02    4.03956e+02    2.16808e+04   -1.07994e+03    7.43483e+04
  Disper. corr.   Coulomb (SR)   Coul. recip.      Potential    Kinetic En.
   -4.68916e+03   -5.27602e+05    2.93941e+03   -4.33454e+05    8.63377e+04
   Total Energy  Conserved En.    Temperature Pres. DC (bar) Pressure (bar)
   -3.47116e+05   -5.94959e+05    3.10361e+02   -2.27289e+02   -1.23634e+02
   Constr. rmsd
    1.02880e-03

           Step           Time         Lambda
         281000      562.00000        0.00000

   Energies (kJ/mol)
       G96Angle    Proper Dih.          LJ-14     Coulomb-14        LJ (SR)
    5.71685e+02    4.01634e+02    2.17922e+04   -1.08195e+03    7.48137e+04
  Disper. corr.   Coulomb (SR)   Coul. recip.      Potential    Kinetic En.
   -4.68916e+03   -5.27365e+05    2.99565e+03   -4.32561e+05    8.58003e+04
   Total Energy  Conserved En.    Temperature Pres. DC (bar) Pressure (bar)
   -3.46761e+05   -5.95247e+05    3.08429e+02   -2.27289e+02    4.66633e+02
   Constr. rmsd
    9.58761e-04

           Step           Time         Lambda
         281500      563.00000        0.00000

   Energies (kJ/mol)
       G96Angle    Proper Dih.          LJ-14     Coulomb-14        LJ (SR)
    5.72338e+02    3.84299e+02    2.17381e+04   -1.10638e+03    7.53450e+04
  Disper. corr.   Coulomb (SR)   Coul. recip.      Potential    Kinetic En.
   -4.68916e+03   -5.28568e+05    2.85768e+03   -4.33466e+05    8.59249e+04
   Total Energy  Conserved En.    Temperature Pres. DC (bar) Pressure (bar)
   -3.47541e+05   -5.95658e+05    3.08876e+02   -2.27289e+02    4.53841e+02
   Constr. rmsd
    9.55323e-04

           Step           Time         Lambda
         282000      564.00000        0.00000

   Energies (kJ/mol)
       G96Angle    Proper Dih.          LJ-14     Coulomb-14        LJ (SR)
    6.05418e+02    4.56992e+02    2.18083e+04   -1.07479e+03    7.41500e+04
  Disper. corr.   Coulomb (SR)   Coul. recip.      Potential    Kinetic En.
   -4.68916e+03   -5.26177e+05    2.86889e+03   -4.32052e+05    8.67088e+04
   Total Energy  Conserved En.    Temperature Pres. DC (bar) Pressure (bar)
   -3.45343e+05   -5.95968e+05    3.11694e+02   -2.27289e+02    6.65373e+02
   Constr. rmsd
    9.02881e-04

           Step           Time         Lambda
         282500      565.00000        0.00000

   Energies (kJ/mol)
       G96Angle    Proper Dih.          LJ-14     Coulomb-14        LJ (SR)
    6.47192e+02    4.05802e+02    2.17781e+04   -1.10234e+03    7.43599e+04
  Disper. corr.   Coulomb (SR)   Coul. recip.      Potential    Kinetic En.
   -4.68916e+03   -5.26042e+05    3.00316e+03   -4.31639e+05    8.66232e+04
   Total Energy  Conserved En.    Temperature Pres. DC (bar) Pressure (bar)
   -3.45016e+05   -5.96353e+05    3.11387e+02   -2.27289e+02    3.70603e+02
   Constr. rmsd
    9.67808e-04

           Step           Time         Lambda
         283000      566.00000        0.00000

   Energies (kJ/mol)
       G96Angle    Proper Dih.          LJ-14     Coulomb-14        LJ (SR)
    5.50973e+02    4.36908e+02    2.16905e+04   -1.10545e+03    7.46192e+04
  Disper. corr.   Coulomb (SR)   Coul. recip.      Potential    Kinetic En.
   -4.68916e+03   -5.28498e+05    2.83555e+03   -4.34160e+05    8.65054e+04
   Total Energy  Conserved En.    Temperature Pres. DC (bar) Pressure (bar)
   -3.47654e+05   -5.96727e+05    3.10963e+02   -2.27289e+02    5.05555e+02
   Constr. rmsd
    9.18836e-04

           Step           Time         Lambda
         283500      567.00000        0.00000

   Energies (kJ/mol)
       G96Angle    Proper Dih.          LJ-14     Coulomb-14        LJ (SR)
    6.17562e+02    3.75664e+02    2.17457e+04   -1.09385e+03    7.37418e+04
  Disper. corr.   Coulomb (SR)   Coul. recip.      Potential    Kinetic En.
   -4.68916e+03   -5.25681e+05    2.96163e+03   -4.32022e+05    8.62654e+04
   Total Energy  Conserved En.    Temperature Pres. DC (bar) Pressure (bar)
   -3.45756e+05   -5.97094e+05    3.10100e+02   -2.27289e+02   -2.78906e+02
   Constr. rmsd
    1.06988e-03

           Step           Time         Lambda
         284000      568.00000        0.00000

   Energies (kJ/mol)
       G96Angle    Proper Dih.          LJ-14     Coulomb-14        LJ (SR)
    6.16293e+02    4.20777e+02    2.17003e+04   -1.08373e+03    7.35311e+04
  Disper. corr.   Coulomb (SR)   Coul. recip.      Potential    Kinetic En.
   -4.68916e+03   -5.26054e+05    2.87942e+03   -4.32679e+05    8.60448e+04
   Total Energy  Conserved En.    Temperature Pres. DC (bar) Pressure (bar)
   -3.46634e+05   -5.97414e+05    3.09308e+02   -2.27289e+02   -3.75417e+02
   Constr. rmsd
    1.06320e-03

           Step           Time         Lambda
         284500      569.00000        0.00000

   Energies (kJ/mol)
       G96Angle    Proper Dih.          LJ-14     Coulomb-14        LJ (SR)
    5.99768e+02    3.95345e+02    2.17200e+04   -1.09950e+03    7.41062e+04
  Disper. corr.   Coulomb (SR)   Coul. recip.      Potential    Kinetic En.
   -4.68916e+03   -5.27280e+05    2.92415e+03   -4.33323e+05    8.62237e+04
   Total Energy  Conserved En.    Temperature Pres. DC (bar) Pressure (bar)
   -3.47099e+05   -5.97800e+05    3.09951e+02   -2.27289e+02   -1.44441e+02
   Constr. rmsd
    1.03147e-03

           Step           Time         Lambda
         285000      570.00000        0.00000

   Energies (kJ/mol)
       G96Angle    Proper Dih.          LJ-14     Coulomb-14        LJ (SR)
    5.73295e+02    3.97299e+02    2.16881e+04   -1.10733e+03    7.37141e+04
  Disper. corr.   Coulomb (SR)   Coul. recip.      Potential    Kinetic En.
   -4.68916e+03   -5.26567e+05    2.93645e+03   -4.33054e+05    8.58812e+04
   Total Energy  Conserved En.    Temperature Pres. DC (bar) Pressure (bar)
   -3.47173e+05   -5.98152e+05    3.08719e+02   -2.27289e+02    1.64570e+02
   Constr. rmsd
    9.69425e-04

           Step           Time         Lambda
         285500      571.00000        0.00000

   Energies (kJ/mol)
       G96Angle    Proper Dih.          LJ-14     Coulomb-14        LJ (SR)
    5.86879e+02    3.83354e+02    2.17516e+04   -1.09774e+03    7.39339e+04
  Disper. corr.   Coulomb (SR)   Coul. recip.      Potential    Kinetic En.
   -4.68916e+03   -5.26625e+05    2.91537e+03   -4.32841e+05    8.63629e+04
   Total Energy  Conserved En.    Temperature Pres. DC (bar) Pressure (bar)
   -3.46478e+05   -5.98513e+05    3.10451e+02   -2.27289e+02    3.87590e+02
   Constr. rmsd
    9.48389e-04

           Step           Time         Lambda
         286000      572.00000        0.00000

   Energies (kJ/mol)
       G96Angle    Proper Dih.          LJ-14     Coulomb-14        LJ (SR)
    6.11310e+02    4.45445e+02    2.18017e+04   -1.08987e+03    7.38356e+04
  Disper. corr.   Coulomb (SR)   Coul. recip.      Potential    Kinetic En.
   -4.68916e+03   -5.26252e+05    2.98832e+03   -4.32349e+05    8.62376e+04
   Total Energy  Conserved En.    Temperature Pres. DC (bar) Pressure (bar)
   -3.46111e+05   -5.98866e+05    3.10001e+02   -2.27289e+02    3.75330e+02
   Constr. rmsd
    9.41996e-04

           Step           Time         Lambda
         286500      573.00000        0.00000

   Energies (kJ/mol)
       G96Angle    Proper Dih.          LJ-14     Coulomb-14        LJ (SR)
    6.21156e+02    4.13292e+02    2.17254e+04   -1.11679e+03    7.43404e+04
  Disper. corr.   Coulomb (SR)   Coul. recip.      Potential    Kinetic En.
   -4.68916e+03   -5.27895e+05    2.84606e+03   -4.33755e+05    8.63510e+04
   Total Energy  Conserved En.    Temperature Pres. DC (bar) Pressure (bar)
   -3.47404e+05   -5.99206e+05    3.10408e+02   -2.27289e+02    3.16409e+02
   Constr. rmsd
    9.57918e-04

           Step           Time         Lambda
         287000      574.00000        0.00000

   Energies (kJ/mol)
       G96Angle    Proper Dih.          LJ-14     Coulomb-14        LJ (SR)
    5.60299e+02    4.30225e+02    2.17176e+04   -1.08074e+03    7.45931e+04
  Disper. corr.   Coulomb (SR)   Coul. recip.      Potential    Kinetic En.
   -4.68916e+03   -5.27984e+05    2.86427e+03   -4.33588e+05    8.58924e+04
   Total Energy  Conserved En.    Temperature Pres. DC (bar) Pressure (bar)
   -3.47696e+05   -5.99547e+05    3.08760e+02   -2.27289e+02    1.82658e+02
   Constr. rmsd
    9.77191e-04

           Step           Time         Lambda
         287500      575.00000        0.00000

   Energies (kJ/mol)
       G96Angle    Proper Dih.          LJ-14     Coulomb-14        LJ (SR)
    6.46032e+02    4.25691e+02    2.17895e+04   -1.10315e+03    7.44715e+04
  Disper. corr.   Coulomb (SR)   Coul. recip.      Potential    Kinetic En.
   -4.68916e+03   -5.25912e+05    2.86767e+03   -4.31504e+05    8.56506e+04
   Total Energy  Conserved En.    Temperature Pres. DC (bar) Pressure (bar)
   -3.45854e+05   -5.99889e+05    3.07891e+02   -2.27289e+02    6.68355e+02
   Constr. rmsd
    9.16814e-04

           Step           Time         Lambda
         288000      576.00000        0.00000

   Energies (kJ/mol)
       G96Angle    Proper Dih.          LJ-14     Coulomb-14        LJ (SR)
    5.95403e+02    3.94733e+02    2.17532e+04   -1.07881e+03    7.45837e+04
  Disper. corr.   Coulomb (SR)   Coul. recip.      Potential    Kinetic En.
   -4.68916e+03   -5.27878e+05    2.81100e+03   -4.33508e+05    8.65265e+04
   Total Energy  Conserved En.    Temperature Pres. DC (bar) Pressure (bar)
   -3.46982e+05   -6.00281e+05    3.11039e+02   -2.27289e+02    1.20984e+02
   Constr. rmsd
    9.91872e-04

           Step           Time         Lambda
         288500      577.00000        0.00000

   Energies (kJ/mol)
       G96Angle    Proper Dih.          LJ-14     Coulomb-14        LJ (SR)
    5.63389e+02    3.88605e+02    2.17571e+04   -1.08546e+03    7.34199e+04
  Disper. corr.   Coulomb (SR)   Coul. recip.      Potential    Kinetic En.
   -4.68916e+03   -5.26280e+05    2.82849e+03   -4.33097e+05    8.64932e+04
   Total Energy  Conserved En.    Temperature Pres. DC (bar) Pressure (bar)
   -3.46604e+05   -6.00612e+05    3.10919e+02   -2.27289e+02    1.07348e+02
   Constr. rmsd
    9.76526e-04

           Step           Time         Lambda
         289000      578.00000        0.00000

   Energies (kJ/mol)
       G96Angle    Proper Dih.          LJ-14     Coulomb-14        LJ (SR)
    5.99973e+02    4.29966e+02    2.17738e+04   -1.08393e+03    7.54721e+04
  Disper. corr.   Coulomb (SR)   Coul. recip.      Potential    Kinetic En.
   -4.68916e+03   -5.28552e+05    2.91305e+03   -4.33137e+05    8.61862e+04
   Total Energy  Conserved En.    Temperature Pres. DC (bar) Pressure (bar)
   -3.46950e+05   -6.00953e+05    3.09816e+02   -2.27289e+02    2.54835e+02
   Constr. rmsd
    1.00504e-03

           Step           Time         Lambda
         289500      579.00000        0.00000

   Energies (kJ/mol)
       G96Angle    Proper Dih.          LJ-14     Coulomb-14        LJ (SR)
    6.03647e+02    3.99586e+02    2.17283e+04   -1.10086e+03    7.42436e+04
  Disper. corr.   Coulomb (SR)   Coul. recip.      Potential    Kinetic En.
   -4.68916e+03   -5.27173e+05    2.86917e+03   -4.33118e+05    8.72939e+04
   Total Energy  Conserved En.    Temperature Pres. DC (bar) Pressure (bar)
   -3.45824e+05   -6.01260e+05    3.13798e+02   -2.27289e+02    3.12580e+02
   Constr. rmsd
    9.60661e-04

           Step           Time         Lambda
         290000      580.00000        0.00000

   Energies (kJ/mol)
       G96Angle    Proper Dih.          LJ-14     Coulomb-14        LJ (SR)
    5.91462e+02    4.00202e+02    2.17010e+04   -1.11535e+03    7.41940e+04
  Disper. corr.   Coulomb (SR)   Coul. recip.      Potential    Kinetic En.
   -4.68916e+03   -5.27194e+05    2.83546e+03   -4.33277e+05    8.60053e+04
   Total Energy  Conserved En.    Temperature Pres. DC (bar) Pressure (bar)
   -3.47272e+05   -6.01589e+05    3.09166e+02   -2.27289e+02    4.40247e+02
   Constr. rmsd
    9.38754e-04

           Step           Time         Lambda
         290500      581.00000        0.00000

   Energies (kJ/mol)
       G96Angle    Proper Dih.          LJ-14     Coulomb-14        LJ (SR)
    5.90593e+02    4.02369e+02    2.17358e+04   -1.09922e+03    7.52606e+04
  Disper. corr.   Coulomb (SR)   Coul. recip.      Potential    Kinetic En.
   -4.68916e+03   -5.28641e+05    2.89619e+03   -4.33544e+05    8.61977e+04
   Total Energy  Conserved En.    Temperature Pres. DC (bar) Pressure (bar)
   -3.47346e+05   -6.01926e+05    3.09857e+02   -2.27289e+02    6.64887e+02
   Constr. rmsd
    9.19244e-04

Writing checkpoint, step 290820 at Wed Apr  4 16:18:55 2018


           Step           Time         Lambda
         291000      582.00000        0.00000

   Energies (kJ/mol)
       G96Angle    Proper Dih.          LJ-14     Coulomb-14        LJ (SR)
    5.82242e+02    4.22955e+02    2.17511e+04   -1.10586e+03    7.50371e+04
  Disper. corr.   Coulomb (SR)   Coul. recip.      Potential    Kinetic En.
   -4.68916e+03   -5.28622e+05    2.87423e+03   -4.33749e+05    8.62750e+04
   Total Energy  Conserved En.    Temperature Pres. DC (bar) Pressure (bar)
   -3.47474e+05   -6.02250e+05    3.10135e+02   -2.27289e+02    7.15123e+02
   Constr. rmsd
    9.00766e-04

           Step           Time         Lambda
         291500      583.00000        0.00000

   Energies (kJ/mol)
       G96Angle    Proper Dih.          LJ-14     Coulomb-14        LJ (SR)
    5.82635e+02    3.97434e+02    2.17772e+04   -1.09200e+03    7.43520e+04
  Disper. corr.   Coulomb (SR)   Coul. recip.      Potential    Kinetic En.
   -4.68916e+03   -5.27284e+05    2.95992e+03   -4.32996e+05    8.65777e+04
   Total Energy  Conserved En.    Temperature Pres. DC (bar) Pressure (bar)
   -3.46418e+05   -6.02633e+05    3.11223e+02   -2.27289e+02    8.12549e+02
   Constr. rmsd
    8.72914e-04

           Step           Time         Lambda
         292000      584.00000        0.00000

   Energies (kJ/mol)
       G96Angle    Proper Dih.          LJ-14     Coulomb-14        LJ (SR)
    5.34391e+02    4.24053e+02    2.17296e+04   -1.05975e+03    7.49138e+04
  Disper. corr.   Coulomb (SR)   Coul. recip.      Potential    Kinetic En.
   -4.68916e+03   -5.27363e+05    2.86872e+03   -4.32642e+05    8.60345e+04
   Total Energy  Conserved En.    Temperature Pres. DC (bar) Pressure (bar)
   -3.46607e+05   -6.03011e+05    3.09271e+02   -2.27289e+02    3.91951e+02
   Constr. rmsd
    9.75685e-04

           Step           Time         Lambda
         292500      585.00000        0.00000

   Energies (kJ/mol)
       G96Angle    Proper Dih.          LJ-14     Coulomb-14        LJ (SR)
    5.90810e+02    3.96143e+02    2.17171e+04   -1.10094e+03    7.36634e+04
  Disper. corr.   Coulomb (SR)   Coul. recip.      Potential    Kinetic En.
   -4.68916e+03   -5.27610e+05    2.85104e+03   -4.34181e+05    8.60498e+04
   Total Energy  Conserved En.    Temperature Pres. DC (bar) Pressure (bar)
   -3.48131e+05   -6.03360e+05    3.09326e+02   -2.27289e+02    1.04272e+02
   Constr. rmsd
    9.59526e-04

           Step           Time         Lambda
         293000      586.00000        0.00000

   Energies (kJ/mol)
       G96Angle    Proper Dih.          LJ-14     Coulomb-14        LJ (SR)
    5.65736e+02    4.02406e+02    2.17446e+04   -1.08156e+03    7.37916e+04
  Disper. corr.   Coulomb (SR)   Coul. recip.      Potential    Kinetic En.
   -4.68916e+03   -5.26884e+05    2.84942e+03   -4.33301e+05    8.54542e+04
   Total Energy  Conserved En.    Temperature Pres. DC (bar) Pressure (bar)
   -3.47847e+05   -6.03703e+05    3.07185e+02   -2.27289e+02    4.83994e+02
   Constr. rmsd
    9.23238e-04

           Step           Time         Lambda
         293500      587.00000        0.00000

   Energies (kJ/mol)
       G96Angle    Proper Dih.          LJ-14     Coulomb-14        LJ (SR)
    5.47639e+02    4.10849e+02    2.17067e+04   -1.07659e+03    7.50674e+04
  Disper. corr.   Coulomb (SR)   Coul. recip.      Potential    Kinetic En.
   -4.68916e+03   -5.27601e+05    2.87425e+03   -4.32760e+05    8.60723e+04
   Total Energy  Conserved En.    Temperature Pres. DC (bar) Pressure (bar)
   -3.46688e+05   -6.04067e+05    3.09406e+02   -2.27289e+02    5.93618e+02
   Constr. rmsd
    9.31457e-04

           Step           Time         Lambda
         294000      588.00000        0.00000

   Energies (kJ/mol)
       G96Angle    Proper Dih.          LJ-14     Coulomb-14        LJ (SR)
    5.59166e+02    4.00154e+02    2.17689e+04   -1.09842e+03    7.50611e+04
  Disper. corr.   Coulomb (SR)   Coul. recip.      Potential    Kinetic En.
   -4.68916e+03   -5.28748e+05    2.87715e+03   -4.33869e+05    8.67735e+04
   Total Energy  Conserved En.    Temperature Pres. DC (bar) Pressure (bar)
   -3.47095e+05   -6.04431e+05    3.11927e+02   -2.27289e+02    4.33218e+02
   Constr. rmsd
    9.48075e-04

           Step           Time         Lambda
         294500      589.00000        0.00000

   Energies (kJ/mol)
       G96Angle    Proper Dih.          LJ-14     Coulomb-14        LJ (SR)
    5.39988e+02    4.28111e+02    2.17016e+04   -1.08044e+03    7.51918e+04
  Disper. corr.   Coulomb (SR)   Coul. recip.      Potential    Kinetic En.
   -4.68916e+03   -5.28943e+05    2.84689e+03   -4.34005e+05    8.55773e+04
   Total Energy  Conserved En.    Temperature Pres. DC (bar) Pressure (bar)
   -3.48427e+05   -6.04783e+05    3.07627e+02   -2.27289e+02    3.09337e+02
   Constr. rmsd
    9.64220e-04

           Step           Time         Lambda
         295000      590.00000        0.00000

   Energies (kJ/mol)
       G96Angle    Proper Dih.          LJ-14     Coulomb-14        LJ (SR)
    5.86971e+02    4.31171e+02    2.17778e+04   -1.12214e+03    7.40569e+04
  Disper. corr.   Coulomb (SR)   Coul. recip.      Potential    Kinetic En.
   -4.68916e+03   -5.26660e+05    2.87872e+03   -4.32740e+05    8.69284e+04
   Total Energy  Conserved En.    Temperature Pres. DC (bar) Pressure (bar)
   -3.45812e+05   -6.05100e+05    3.12484e+02   -2.27289e+02    3.51927e+02
   Constr. rmsd
    9.57033e-04

           Step           Time         Lambda
         295500      591.00000        0.00000

   Energies (kJ/mol)
       G96Angle    Proper Dih.          LJ-14     Coulomb-14        LJ (SR)
    5.75024e+02    4.13821e+02    2.17505e+04   -1.08405e+03    7.47732e+04
  Disper. corr.   Coulomb (SR)   Coul. recip.      Potential    Kinetic En.
   -4.68916e+03   -5.26643e+05    2.79760e+03   -4.32106e+05    8.68178e+04
   Total Energy  Conserved En.    Temperature Pres. DC (bar) Pressure (bar)
   -3.45288e+05   -6.05439e+05    3.12086e+02   -2.27289e+02    5.51682e+02
   Constr. rmsd
    9.47203e-04

           Step           Time         Lambda
         296000      592.00000        0.00000

   Energies (kJ/mol)
       G96Angle    Proper Dih.          LJ-14     Coulomb-14        LJ (SR)
    5.52815e+02    3.99424e+02    2.17698e+04   -1.10813e+03    7.39569e+04
  Disper. corr.   Coulomb (SR)   Coul. recip.      Potential    Kinetic En.
   -4.68916e+03   -5.26096e+05    2.81781e+03   -4.32396e+05    8.62493e+04
   Total Energy  Conserved En.    Temperature Pres. DC (bar) Pressure (bar)
   -3.46147e+05   -6.05747e+05    3.10043e+02   -2.27289e+02    6.69558e+02
   Constr. rmsd
    9.04118e-04

           Step           Time         Lambda
         296500      593.00000        0.00000

   Energies (kJ/mol)
       G96Angle    Proper Dih.          LJ-14     Coulomb-14        LJ (SR)
    5.69001e+02    4.03214e+02    2.16974e+04   -1.11598e+03    7.33137e+04
  Disper. corr.   Coulomb (SR)   Coul. recip.      Potential    Kinetic En.
   -4.68916e+03   -5.25306e+05    2.92873e+03   -4.32199e+05    8.60594e+04
   Total Energy  Conserved En.    Temperature Pres. DC (bar) Pressure (bar)
   -3.46140e+05   -6.06114e+05    3.09360e+02   -2.27289e+02    1.88876e+02
   Constr. rmsd
    9.64630e-04

           Step           Time         Lambda
         297000      594.00000        0.00000

   Energies (kJ/mol)
       G96Angle    Proper Dih.          LJ-14     Coulomb-14        LJ (SR)
    5.54779e+02    4.13034e+02    2.16808e+04   -1.07228e+03    7.48824e+04
  Disper. corr.   Coulomb (SR)   Coul. recip.      Potential    Kinetic En.
   -4.68916e+03   -5.27072e+05    2.87090e+03   -4.32431e+05    8.61481e+04
   Total Energy  Conserved En.    Temperature Pres. DC (bar) Pressure (bar)
   -3.46283e+05   -6.06469e+05    3.09679e+02   -2.27289e+02    1.20913e+02
   Constr. rmsd
    1.01929e-03

           Step           Time         Lambda
         297500      595.00000        0.00000

   Energies (kJ/mol)
       G96Angle    Proper Dih.          LJ-14     Coulomb-14        LJ (SR)
    6.21567e+02    3.81493e+02    2.17416e+04   -1.09548e+03    7.53665e+04
  Disper. corr.   Coulomb (SR)   Coul. recip.      Potential    Kinetic En.
   -4.68916e+03   -5.28254e+05    2.89657e+03   -4.33031e+05    8.63455e+04
   Total Energy  Conserved En.    Temperature Pres. DC (bar) Pressure (bar)
   -3.46685e+05   -6.06793e+05    3.10388e+02   -2.27289e+02    6.48311e+02
   Constr. rmsd
    9.28232e-04

           Step           Time         Lambda
         298000      596.00000        0.00000

   Energies (kJ/mol)
       G96Angle    Proper Dih.          LJ-14     Coulomb-14        LJ (SR)
    5.78620e+02    4.17481e+02    2.17104e+04   -1.09227e+03    7.33340e+04
  Disper. corr.   Coulomb (SR)   Coul. recip.      Potential    Kinetic En.
   -4.68916e+03   -5.25885e+05    2.94279e+03   -4.32684e+05    8.60183e+04
   Total Energy  Conserved En.    Temperature Pres. DC (bar) Pressure (bar)
   -3.46665e+05   -6.07129e+05    3.09212e+02   -2.27289e+02    3.15485e+02
   Constr. rmsd
    9.36589e-04

           Step           Time         Lambda
         298500      597.00000        0.00000

   Energies (kJ/mol)
       G96Angle    Proper Dih.          LJ-14     Coulomb-14        LJ (SR)
    5.96810e+02    4.46050e+02    2.17482e+04   -1.08974e+03    7.32659e+04
  Disper. corr.   Coulomb (SR)   Coul. recip.      Potential    Kinetic En.
   -4.68916e+03   -5.25103e+05    2.83233e+03   -4.31992e+05    8.62508e+04
   Total Energy  Conserved En.    Temperature Pres. DC (bar) Pressure (bar)
   -3.45741e+05   -6.07471e+05    3.10048e+02   -2.27289e+02    7.59154e+01
   Constr. rmsd
    9.85692e-04

           Step           Time         Lambda
         299000      598.00000        0.00000

   Energies (kJ/mol)
       G96Angle    Proper Dih.          LJ-14     Coulomb-14        LJ (SR)
    5.90838e+02    4.15801e+02    2.17524e+04   -1.10650e+03    7.48327e+04
  Disper. corr.   Coulomb (SR)   Coul. recip.      Potential    Kinetic En.
   -4.68916e+03   -5.27467e+05    2.84631e+03   -4.32824e+05    8.61820e+04
   Total Energy  Conserved En.    Temperature Pres. DC (bar) Pressure (bar)
   -3.46642e+05   -6.07762e+05    3.09801e+02   -2.27289e+02    7.43061e+02
   Constr. rmsd
    9.06283e-04

           Step           Time         Lambda
         299500      599.00000        0.00000

   Energies (kJ/mol)
       G96Angle    Proper Dih.          LJ-14     Coulomb-14        LJ (SR)
    6.02819e+02    3.90805e+02    2.17935e+04   -1.09792e+03    7.52976e+04
  Disper. corr.   Coulomb (SR)   Coul. recip.      Potential    Kinetic En.
   -4.68916e+03   -5.28231e+05    2.85995e+03   -4.33073e+05    8.57034e+04
   Total Energy  Conserved En.    Temperature Pres. DC (bar) Pressure (bar)
   -3.47370e+05   -6.08084e+05    3.08080e+02   -2.27289e+02    7.23265e+02
   Constr. rmsd
    9.16385e-04

           Step           Time         Lambda
         300000      600.00000        0.00000

   Energies (kJ/mol)
       G96Angle    Proper Dih.          LJ-14     Coulomb-14        LJ (SR)
    5.79084e+02    4.14523e+02    2.16811e+04   -1.09011e+03    7.37252e+04
  Disper. corr.   Coulomb (SR)   Coul. recip.      Potential    Kinetic En.
   -4.68916e+03   -5.27562e+05    2.87148e+03   -4.34070e+05    8.71956e+04
   Total Energy  Conserved En.    Temperature Pres. DC (bar) Pressure (bar)
   -3.46874e+05   -6.08508e+05    3.13444e+02   -2.27289e+02   -1.28211e+02
   Constr. rmsd
    1.01413e-03

           Step           Time         Lambda
         300500      601.00000        0.00000

   Energies (kJ/mol)
       G96Angle    Proper Dih.          LJ-14     Coulomb-14        LJ (SR)
    5.75228e+02    4.11025e+02    2.16997e+04   -1.07482e+03    7.49850e+04
  Disper. corr.   Coulomb (SR)   Coul. recip.      Potential    Kinetic En.
   -4.68916e+03   -5.28366e+05    2.86193e+03   -4.33598e+05    8.61459e+04
   Total Energy  Conserved En.    Temperature Pres. DC (bar) Pressure (bar)
   -3.47452e+05   -6.08775e+05    3.09671e+02   -2.27289e+02    3.14030e+02
   Constr. rmsd
    9.63980e-04

           Step           Time         Lambda
         301000      602.00000        0.00000

   Energies (kJ/mol)
       G96Angle    Proper Dih.          LJ-14     Coulomb-14        LJ (SR)
    5.78283e+02    4.01971e+02    2.16911e+04   -1.08826e+03    7.40405e+04
  Disper. corr.   Coulomb (SR)   Coul. recip.      Potential    Kinetic En.
   -4.68916e+03   -5.27118e+05    2.85072e+03   -4.33333e+05    8.59921e+04
   Total Energy  Conserved En.    Temperature Pres. DC (bar) Pressure (bar)
   -3.47341e+05   -6.09128e+05    3.09118e+02   -2.27289e+02    1.95398e+01
   Constr. rmsd
    1.00861e-03

           Step           Time         Lambda
         301500      603.00000        0.00000

   Energies (kJ/mol)
       G96Angle    Proper Dih.          LJ-14     Coulomb-14        LJ (SR)
    6.07071e+02    3.99947e+02    2.17479e+04   -1.10576e+03    7.39197e+04
  Disper. corr.   Coulomb (SR)   Coul. recip.      Potential    Kinetic En.
   -4.68916e+03   -5.25956e+05    3.01642e+03   -4.32060e+05    8.58928e+04
   Total Energy  Conserved En.    Temperature Pres. DC (bar) Pressure (bar)
   -3.46167e+05   -6.09423e+05    3.08761e+02   -2.27289e+02    3.67037e+02
   Constr. rmsd
    9.39248e-04

           Step           Time         Lambda
         302000      604.00000        0.00000

   Energies (kJ/mol)
       G96Angle    Proper Dih.          LJ-14     Coulomb-14        LJ (SR)
    6.17344e+02    4.20498e+02    2.17494e+04   -1.08747e+03    7.48745e+04
  Disper. corr.   Coulomb (SR)   Coul. recip.      Potential    Kinetic En.
   -4.68916e+03   -5.28253e+05    2.94311e+03   -4.33425e+05    8.60305e+04
   Total Energy  Conserved En.    Temperature Pres. DC (bar) Pressure (bar)
   -3.47394e+05   -6.09774e+05    3.09256e+02   -2.27289e+02    4.20098e+02
   Constr. rmsd
    9.49315e-04

           Step           Time         Lambda
         302500      605.00000        0.00000

   Energies (kJ/mol)
       G96Angle    Proper Dih.          LJ-14     Coulomb-14        LJ (SR)
    6.06469e+02    4.09102e+02    2.17727e+04   -1.08869e+03    7.47548e+04
  Disper. corr.   Coulomb (SR)   Coul. recip.      Potential    Kinetic En.
   -4.68916e+03   -5.27657e+05    2.93883e+03   -4.32953e+05    8.68443e+04
   Total Energy  Conserved En.    Temperature Pres. DC (bar) Pressure (bar)
   -3.46109e+05   -6.10103e+05    3.12182e+02   -2.27289e+02    8.01809e+02
   Constr. rmsd
    8.82755e-04

           Step           Time         Lambda
         303000      606.00000        0.00000

   Energies (kJ/mol)
       G96Angle    Proper Dih.          LJ-14     Coulomb-14        LJ (SR)
    5.78001e+02    4.29690e+02    2.17860e+04   -1.10123e+03    7.43621e+04
  Disper. corr.   Coulomb (SR)   Coul. recip.      Potential    Kinetic En.
   -4.68916e+03   -5.26924e+05    2.87016e+03   -4.32688e+05    8.66830e+04
   Total Energy  Conserved En.    Temperature Pres. DC (bar) Pressure (bar)
   -3.46005e+05   -6.10474e+05    3.11602e+02   -2.27289e+02    7.33807e+02
   Constr. rmsd
    8.95346e-04

           Step           Time         Lambda
         303500      607.00000        0.00000

   Energies (kJ/mol)
       G96Angle    Proper Dih.          LJ-14     Coulomb-14        LJ (SR)
    6.01571e+02    4.01474e+02    2.17624e+04   -1.08501e+03    7.45568e+04
  Disper. corr.   Coulomb (SR)   Coul. recip.      Potential    Kinetic En.
   -4.68916e+03   -5.26567e+05    2.89961e+03   -4.32119e+05    8.62754e+04
   Total Energy  Conserved En.    Temperature Pres. DC (bar) Pressure (bar)
   -3.45844e+05   -6.10855e+05    3.10137e+02   -2.27289e+02    5.88970e+02
   Constr. rmsd
    9.20753e-04

           Step           Time         Lambda
         304000      608.00000        0.00000

   Energies (kJ/mol)
       G96Angle    Proper Dih.          LJ-14     Coulomb-14        LJ (SR)
    5.83442e+02    4.08760e+02    2.17619e+04   -1.09308e+03    7.52969e+04
  Disper. corr.   Coulomb (SR)   Coul. recip.      Potential    Kinetic En.
   -4.68916e+03   -5.27752e+05    2.88522e+03   -4.32598e+05    8.61081e+04
   Total Energy  Conserved En.    Temperature Pres. DC (bar) Pressure (bar)
   -3.46490e+05   -6.11241e+05    3.09535e+02   -2.27289e+02    6.25352e+02
   Constr. rmsd
    9.40828e-04

           Step           Time         Lambda
         304500      609.00000        0.00000

   Energies (kJ/mol)
       G96Angle    Proper Dih.          LJ-14     Coulomb-14        LJ (SR)
    5.96406e+02    3.94429e+02    2.17261e+04   -1.11025e+03    7.27738e+04
  Disper. corr.   Coulomb (SR)   Coul. recip.      Potential    Kinetic En.
   -4.68916e+03   -5.25347e+05    2.84673e+03   -4.32809e+05    8.63274e+04
   Total Energy  Conserved En.    Temperature Pres. DC (bar) Pressure (bar)
   -3.46482e+05   -6.11612e+05    3.10323e+02   -2.27289e+02   -4.59012e+00
   Constr. rmsd
    9.76456e-04

           Step           Time         Lambda
         305000      610.00000        0.00000

   Energies (kJ/mol)
       G96Angle    Proper Dih.          LJ-14     Coulomb-14        LJ (SR)
    5.90955e+02    3.53798e+02    2.16782e+04   -1.10588e+03    7.31560e+04
  Disper. corr.   Coulomb (SR)   Coul. recip.      Potential    Kinetic En.
   -4.68916e+03   -5.26355e+05    2.87060e+03   -4.33500e+05    8.61536e+04
   Total Energy  Conserved En.    Temperature Pres. DC (bar) Pressure (bar)
   -3.47347e+05   -6.11926e+05    3.09699e+02   -2.27289e+02   -3.00908e+02
   Constr. rmsd
    1.03057e-03

           Step           Time         Lambda
         305500      611.00000        0.00000

   Energies (kJ/mol)
       G96Angle    Proper Dih.          LJ-14     Coulomb-14        LJ (SR)
    6.13715e+02    3.95031e+02    2.17928e+04   -1.09445e+03    7.42347e+04
  Disper. corr.   Coulomb (SR)   Coul. recip.      Potential    Kinetic En.
   -4.68916e+03   -5.27441e+05    2.96507e+03   -4.33223e+05    8.61638e+04
   Total Energy  Conserved En.    Temperature Pres. DC (bar) Pressure (bar)
   -3.47060e+05   -6.12208e+05    3.09735e+02   -2.27289e+02    4.86037e+02
   Constr. rmsd
    9.13708e-04

           Step           Time         Lambda
         306000      612.00000        0.00000

   Energies (kJ/mol)
       G96Angle    Proper Dih.          LJ-14     Coulomb-14        LJ (SR)
    5.93533e+02    4.03911e+02    2.17441e+04   -1.10305e+03    7.27888e+04
  Disper. corr.   Coulomb (SR)   Coul. recip.      Potential    Kinetic En.
   -4.68916e+03   -5.24107e+05    2.96473e+03   -4.31404e+05    8.59141e+04
   Total Energy  Conserved En.    Temperature Pres. DC (bar) Pressure (bar)
   -3.45490e+05   -6.12580e+05    3.08838e+02   -2.27289e+02   -2.41329e+01
   Constr. rmsd
    1.00255e-03

           Step           Time         Lambda
         306500      613.00000        0.00000

   Energies (kJ/mol)
       G96Angle    Proper Dih.          LJ-14     Coulomb-14        LJ (SR)
    6.34991e+02    3.76323e+02    2.17790e+04   -1.10955e+03    7.46961e+04
  Disper. corr.   Coulomb (SR)   Coul. recip.      Potential    Kinetic En.
   -4.68916e+03   -5.26256e+05    2.89053e+03   -4.31678e+05    8.69993e+04
   Total Energy  Conserved En.    Temperature Pres. DC (bar) Pressure (bar)
   -3.44678e+05   -6.12922e+05    3.12739e+02   -2.27289e+02    4.74132e+02
   Constr. rmsd
    9.61022e-04

           Step           Time         Lambda
         307000      614.00000        0.00000

   Energies (kJ/mol)
       G96Angle    Proper Dih.          LJ-14     Coulomb-14        LJ (SR)
    6.02734e+02    3.90912e+02    2.17329e+04   -1.11408e+03    7.37289e+04
  Disper. corr.   Coulomb (SR)   Coul. recip.      Potential    Kinetic En.
   -4.68916e+03   -5.26467e+05    2.90428e+03   -4.32910e+05    8.61198e+04
   Total Energy  Conserved En.    Temperature Pres. DC (bar) Pressure (bar)
   -3.46791e+05   -6.13284e+05    3.09577e+02   -2.27289e+02    2.96769e+02
   Constr. rmsd
    9.49721e-04

           Step           Time         Lambda
         307500      615.00000        0.00000

   Energies (kJ/mol)
       G96Angle    Proper Dih.          LJ-14     Coulomb-14        LJ (SR)
    5.90085e+02    4.11776e+02    2.16543e+04   -1.07947e+03    7.42343e+04
  Disper. corr.   Coulomb (SR)   Coul. recip.      Potential    Kinetic En.
   -4.68916e+03   -5.27734e+05    2.92649e+03   -4.33685e+05    8.63658e+04
   Total Energy  Conserved En.    Temperature Pres. DC (bar) Pressure (bar)
   -3.47320e+05   -6.13681e+05    3.10461e+02   -2.27289e+02   -3.75976e+02
   Constr. rmsd
    1.07456e-03

           Step           Time         Lambda
         308000      616.00000        0.00000

   Energies (kJ/mol)
       G96Angle    Proper Dih.          LJ-14     Coulomb-14        LJ (SR)
    6.14735e+02    4.55242e+02    2.17491e+04   -1.11833e+03    7.39202e+04
  Disper. corr.   Coulomb (SR)   Coul. recip.      Potential    Kinetic En.
   -4.68916e+03   -5.26872e+05    2.81748e+03   -4.33122e+05    8.58591e+04
   Total Energy  Conserved En.    Temperature Pres. DC (bar) Pressure (bar)
   -3.47263e+05   -6.13990e+05    3.08640e+02   -2.27289e+02    1.07036e+02
   Constr. rmsd
    9.83658e-04

           Step           Time         Lambda
         308500      617.00000        0.00000

   Energies (kJ/mol)
       G96Angle    Proper Dih.          LJ-14     Coulomb-14        LJ (SR)
    5.65511e+02    3.72988e+02    2.16666e+04   -1.07027e+03    7.41259e+04
  Disper. corr.   Coulomb (SR)   Coul. recip.      Potential    Kinetic En.
   -4.68916e+03   -5.26573e+05    2.93850e+03   -4.32663e+05    8.54003e+04
   Total Energy  Conserved En.    Temperature Pres. DC (bar) Pressure (bar)
   -3.47263e+05   -6.14331e+05    3.06991e+02   -2.27289e+02    2.00871e+02
   Constr. rmsd
    9.75542e-04

           Step           Time         Lambda
         309000      618.00000        0.00000

   Energies (kJ/mol)
       G96Angle    Proper Dih.          LJ-14     Coulomb-14        LJ (SR)
    6.26267e+02    4.03130e+02    2.17890e+04   -1.06994e+03    7.50357e+04
  Disper. corr.   Coulomb (SR)   Coul. recip.      Potential    Kinetic En.
   -4.68916e+03   -5.27501e+05    2.99146e+03   -4.32415e+05    8.67213e+04
   Total Energy  Conserved En.    Temperature Pres. DC (bar) Pressure (bar)
   -3.45694e+05   -6.14678e+05    3.11739e+02   -2.27289e+02    4.31945e+02
   Constr. rmsd
    9.63361e-04

           Step           Time         Lambda
         309500      619.00000        0.00000

   Energies (kJ/mol)
       G96Angle    Proper Dih.          LJ-14     Coulomb-14        LJ (SR)
    5.92686e+02    3.96369e+02    2.17374e+04   -1.07964e+03    7.38640e+04
  Disper. corr.   Coulomb (SR)   Coul. recip.      Potential    Kinetic En.
   -4.68916e+03   -5.26933e+05    2.86504e+03   -4.33246e+05    8.62690e+04
   Total Energy  Conserved En.    Temperature Pres. DC (bar) Pressure (bar)
   -3.46977e+05   -6.15066e+05    3.10113e+02   -2.27289e+02    4.02446e+02
   Constr. rmsd
    9.47109e-04

           Step           Time         Lambda
         310000      620.00000        0.00000

   Energies (kJ/mol)
       G96Angle    Proper Dih.          LJ-14     Coulomb-14        LJ (SR)
    5.83027e+02    3.97771e+02    2.17069e+04   -1.11900e+03    7.31035e+04
  Disper. corr.   Coulomb (SR)   Coul. recip.      Potential    Kinetic En.
   -4.68916e+03   -5.26802e+05    2.86773e+03   -4.33951e+05    8.60830e+04
   Total Energy  Conserved En.    Temperature Pres. DC (bar) Pressure (bar)
   -3.47868e+05   -6.15437e+05    3.09445e+02   -2.27289e+02    4.64284e+02
   Constr. rmsd
    8.92323e-04

           Step           Time         Lambda
         310500      621.00000        0.00000

   Energies (kJ/mol)
       G96Angle    Proper Dih.          LJ-14     Coulomb-14        LJ (SR)
    6.19974e+02    4.39066e+02    2.17197e+04   -1.07946e+03    7.45094e+04
  Disper. corr.   Coulomb (SR)   Coul. recip.      Potential    Kinetic En.
   -4.68916e+03   -5.27424e+05    2.97759e+03   -4.32927e+05    8.56481e+04
   Total Energy  Conserved En.    Temperature Pres. DC (bar) Pressure (bar)
   -3.47279e+05   -6.15810e+05    3.07881e+02   -2.27289e+02    2.59585e+02
   Constr. rmsd
    9.72112e-04

           Step           Time         Lambda
         311000      622.00000        0.00000

   Energies (kJ/mol)
       G96Angle    Proper Dih.          LJ-14     Coulomb-14        LJ (SR)
    5.89950e+02    4.07934e+02    2.18014e+04   -1.10424e+03    7.46059e+04
  Disper. corr.   Coulomb (SR)   Coul. recip.      Potential    Kinetic En.
   -4.68916e+03   -5.28015e+05    2.92725e+03   -4.33476e+05    8.61512e+04
   Total Energy  Conserved En.    Temperature Pres. DC (bar) Pressure (bar)
   -3.47325e+05   -6.16124e+05    3.09690e+02   -2.27289e+02    6.02412e+02
   Constr. rmsd
    9.13072e-04

           Step           Time         Lambda
         311500      623.00000        0.00000

   Energies (kJ/mol)
       G96Angle    Proper Dih.          LJ-14     Coulomb-14        LJ (SR)
    5.59159e+02    4.24858e+02    2.17079e+04   -1.08246e+03    7.54334e+04
  Disper. corr.   Coulomb (SR)   Coul. recip.      Potential    Kinetic En.
   -4.68916e+03   -5.28541e+05    2.86720e+03   -4.33320e+05    8.63765e+04
   Total Energy  Conserved En.    Temperature Pres. DC (bar) Pressure (bar)
   -3.46944e+05   -6.16492e+05    3.10500e+02   -2.27289e+02   -2.13638e+02
   Constr. rmsd
    1.08966e-03

           Step           Time         Lambda
         312000      624.00000        0.00000

   Energies (kJ/mol)
       G96Angle    Proper Dih.          LJ-14     Coulomb-14        LJ (SR)
    5.92282e+02    3.99405e+02    2.17566e+04   -1.06842e+03    7.50131e+04
  Disper. corr.   Coulomb (SR)   Coul. recip.      Potential    Kinetic En.
   -4.68916e+03   -5.29108e+05    2.79344e+03   -4.34310e+05    8.64203e+04
   Total Energy  Conserved En.    Temperature Pres. DC (bar) Pressure (bar)
   -3.47890e+05   -6.16808e+05    3.10657e+02   -2.27289e+02    2.34950e+02
   Constr. rmsd
    9.84025e-04

           Step           Time         Lambda
         312500      625.00000        0.00000

   Energies (kJ/mol)
       G96Angle    Proper Dih.          LJ-14     Coulomb-14        LJ (SR)
    6.08489e+02    3.78266e+02    2.17458e+04   -1.11465e+03    7.48517e+04
  Disper. corr.   Coulomb (SR)   Coul. recip.      Potential    Kinetic En.
   -4.68916e+03   -5.27265e+05    2.91392e+03   -4.32571e+05    8.55697e+04
   Total Energy  Conserved En.    Temperature Pres. DC (bar) Pressure (bar)
   -3.47001e+05   -6.17178e+05    3.07600e+02   -2.27289e+02    4.47636e+02
   Constr. rmsd
    9.44623e-04

           Step           Time         Lambda
         313000      626.00000        0.00000

   Energies (kJ/mol)
       G96Angle    Proper Dih.          LJ-14     Coulomb-14        LJ (SR)
    6.74910e+02    4.19268e+02    2.17853e+04   -1.10574e+03    7.41040e+04
  Disper. corr.   Coulomb (SR)   Coul. recip.      Potential    Kinetic En.
   -4.68916e+03   -5.26507e+05    2.83674e+03   -4.32481e+05    8.67061e+04
   Total Energy  Conserved En.    Temperature Pres. DC (bar) Pressure (bar)
   -3.45775e+05   -6.17505e+05    3.11685e+02   -2.27289e+02    6.37001e+02
   Constr. rmsd
    9.03901e-04

           Step           Time         Lambda
         313500      627.00000        0.00000

   Energies (kJ/mol)
       G96Angle    Proper Dih.          LJ-14     Coulomb-14        LJ (SR)
    5.72843e+02    3.89915e+02    2.17431e+04   -1.09776e+03    7.40697e+04
  Disper. corr.   Coulomb (SR)   Coul. recip.      Potential    Kinetic En.
   -4.68916e+03   -5.27084e+05    3.00291e+03   -4.33093e+05    8.70357e+04
   Total Energy  Conserved En.    Temperature Pres. DC (bar) Pressure (bar)
   -3.46057e+05   -6.17876e+05    3.12870e+02   -2.27289e+02    3.33146e+02
   Constr. rmsd
    9.59067e-04

           Step           Time         Lambda
         314000      628.00000        0.00000

   Energies (kJ/mol)
       G96Angle    Proper Dih.          LJ-14     Coulomb-14        LJ (SR)
    5.68845e+02    3.83834e+02    2.17432e+04   -1.09239e+03    7.42450e+04
  Disper. corr.   Coulomb (SR)   Coul. recip.      Potential    Kinetic En.
   -4.68916e+03   -5.27679e+05    2.83147e+03   -4.33689e+05    8.60252e+04
   Total Energy  Conserved En.    Temperature Pres. DC (bar) Pressure (bar)
   -3.47664e+05   -6.18242e+05    3.09237e+02   -2.27289e+02    1.83709e+02
   Constr. rmsd
    9.80697e-04

           Step           Time         Lambda
         314500      629.00000        0.00000

   Energies (kJ/mol)
       G96Angle    Proper Dih.          LJ-14     Coulomb-14        LJ (SR)
    5.67278e+02    3.88229e+02    2.16969e+04   -1.09901e+03    7.49691e+04
  Disper. corr.   Coulomb (SR)   Coul. recip.      Potential    Kinetic En.
   -4.68916e+03   -5.27313e+05    2.96320e+03   -4.32516e+05    8.55574e+04
   Total Energy  Conserved En.    Temperature Pres. DC (bar) Pressure (bar)
   -3.46959e+05   -6.18571e+05    3.07555e+02   -2.27289e+02    1.89467e+02
   Constr. rmsd
    9.93461e-04

           Step           Time         Lambda
         315000      630.00000        0.00000

   Energies (kJ/mol)
       G96Angle    Proper Dih.          LJ-14     Coulomb-14        LJ (SR)
    6.06321e+02    3.74468e+02    2.17343e+04   -1.10829e+03    7.43582e+04
  Disper. corr.   Coulomb (SR)   Coul. recip.      Potential    Kinetic En.
   -4.68916e+03   -5.26532e+05    2.88382e+03   -4.32373e+05    8.61184e+04
   Total Energy  Conserved En.    Temperature Pres. DC (bar) Pressure (bar)
   -3.46254e+05   -6.18955e+05    3.09572e+02   -2.27289e+02    2.02134e+02
   Constr. rmsd
    9.87506e-04

Writing checkpoint, step 315140 at Wed Apr  4 16:33:54 2018


           Step           Time         Lambda
         315500      631.00000        0.00000

   Energies (kJ/mol)
       G96Angle    Proper Dih.          LJ-14     Coulomb-14        LJ (SR)
    5.93014e+02    3.91796e+02    2.16883e+04   -1.09398e+03    7.39591e+04
  Disper. corr.   Coulomb (SR)   Coul. recip.      Potential    Kinetic En.
   -4.68916e+03   -5.26612e+05    2.85430e+03   -4.32909e+05    8.57357e+04
   Total Energy  Conserved En.    Temperature Pres. DC (bar) Pressure (bar)
   -3.47173e+05   -6.19305e+05    3.08196e+02   -2.27289e+02    1.91127e+02
   Constr. rmsd
    9.67367e-04

           Step           Time         Lambda
         316000      632.00000        0.00000

   Energies (kJ/mol)
       G96Angle    Proper Dih.          LJ-14     Coulomb-14        LJ (SR)
    5.66438e+02    3.88718e+02    2.17228e+04   -1.09114e+03    7.38106e+04
  Disper. corr.   Coulomb (SR)   Coul. recip.      Potential    Kinetic En.
   -4.68916e+03   -5.25634e+05    2.88366e+03   -4.32042e+05    8.57316e+04
   Total Energy  Conserved En.    Temperature Pres. DC (bar) Pressure (bar)
   -3.46311e+05   -6.19597e+05    3.08182e+02   -2.27289e+02    5.13151e+02
   Constr. rmsd
    9.27983e-04

           Step           Time         Lambda
         316500      633.00000        0.00000

   Energies (kJ/mol)
       G96Angle    Proper Dih.          LJ-14     Coulomb-14        LJ (SR)
    5.87056e+02    3.92405e+02    2.16937e+04   -1.10557e+03    7.48482e+04
  Disper. corr.   Coulomb (SR)   Coul. recip.      Potential    Kinetic En.
   -4.68916e+03   -5.28169e+05    2.81730e+03   -4.33625e+05    8.60781e+04
   Total Energy  Conserved En.    Temperature Pres. DC (bar) Pressure (bar)
   -3.47546e+05   -6.19926e+05    3.09427e+02   -2.27289e+02    2.09155e+02
   Constr. rmsd
    9.83331e-04

           Step           Time         Lambda
         317000      634.00000        0.00000

   Energies (kJ/mol)
       G96Angle    Proper Dih.          LJ-14     Coulomb-14        LJ (SR)
    5.74528e+02    4.08648e+02    2.17301e+04   -1.09326e+03    7.35729e+04
  Disper. corr.   Coulomb (SR)   Coul. recip.      Potential    Kinetic En.
   -4.68916e+03   -5.26761e+05    2.80549e+03   -4.33452e+05    8.67540e+04
   Total Energy  Conserved En.    Temperature Pres. DC (bar) Pressure (bar)
   -3.46698e+05   -6.20258e+05    3.11857e+02   -2.27289e+02    3.03583e+02
   Constr. rmsd
    9.51640e-04

           Step           Time         Lambda
         317500      635.00000        0.00000

   Energies (kJ/mol)
       G96Angle    Proper Dih.          LJ-14     Coulomb-14        LJ (SR)
    5.49064e+02    3.75133e+02    2.16596e+04   -1.10929e+03    7.45809e+04
  Disper. corr.   Coulomb (SR)   Coul. recip.      Potential    Kinetic En.
   -4.68916e+03   -5.27976e+05    2.90265e+03   -4.33707e+05    8.53282e+04
   Total Energy  Conserved En.    Temperature Pres. DC (bar) Pressure (bar)
   -3.48379e+05   -6.20575e+05    3.06731e+02   -2.27289e+02    2.69765e+02
   Constr. rmsd
    9.59226e-04

           Step           Time         Lambda
         318000      636.00000        0.00000

   Energies (kJ/mol)
       G96Angle    Proper Dih.          LJ-14     Coulomb-14        LJ (SR)
    5.71780e+02    3.90642e+02    2.16699e+04   -1.08399e+03    7.52258e+04
  Disper. corr.   Coulomb (SR)   Coul. recip.      Potential    Kinetic En.
   -4.68916e+03   -5.29029e+05    2.91127e+03   -4.34033e+05    8.59899e+04
   Total Energy  Conserved En.    Temperature Pres. DC (bar) Pressure (bar)
   -3.48043e+05   -6.20934e+05    3.09110e+02   -2.27289e+02    1.75317e+02
   Constr. rmsd
    9.96882e-04

           Step           Time         Lambda
         318500      637.00000        0.00000

   Energies (kJ/mol)
       G96Angle    Proper Dih.          LJ-14     Coulomb-14        LJ (SR)
    6.07393e+02    4.09966e+02    2.17344e+04   -1.10121e+03    7.49161e+04
  Disper. corr.   Coulomb (SR)   Coul. recip.      Potential    Kinetic En.
   -4.68916e+03   -5.28605e+05    2.91489e+03   -4.33813e+05    8.59925e+04
   Total Energy  Conserved En.    Temperature Pres. DC (bar) Pressure (bar)
   -3.47821e+05   -6.21252e+05    3.09120e+02   -2.27289e+02    3.52977e+02
   Constr. rmsd
    9.70907e-04

           Step           Time         Lambda
         319000      638.00000        0.00000

   Energies (kJ/mol)
       G96Angle    Proper Dih.          LJ-14     Coulomb-14        LJ (SR)
    6.19956e+02    3.72882e+02    2.17119e+04   -1.12556e+03    7.38028e+04
  Disper. corr.   Coulomb (SR)   Coul. recip.      Potential    Kinetic En.
   -4.68916e+03   -5.26053e+05    2.84538e+03   -4.32515e+05    8.54242e+04
   Total Energy  Conserved En.    Temperature Pres. DC (bar) Pressure (bar)
   -3.47091e+05   -6.21640e+05    3.07077e+02   -2.27289e+02    3.72374e+02
   Constr. rmsd
    9.36625e-04

           Step           Time         Lambda
         319500      639.00000        0.00000

   Energies (kJ/mol)
       G96Angle    Proper Dih.          LJ-14     Coulomb-14        LJ (SR)
    6.33368e+02    4.49629e+02    2.17438e+04   -1.08507e+03    7.35425e+04
  Disper. corr.   Coulomb (SR)   Coul. recip.      Potential    Kinetic En.
   -4.68916e+03   -5.25772e+05    2.99306e+03   -4.32184e+05    8.69403e+04
   Total Energy  Conserved En.    Temperature Pres. DC (bar) Pressure (bar)
   -3.45243e+05   -6.21988e+05    3.12527e+02   -2.27289e+02    3.33660e+01
   Constr. rmsd
    9.97446e-04

           Step           Time         Lambda
         320000      640.00000        0.00000

   Energies (kJ/mol)
       G96Angle    Proper Dih.          LJ-14     Coulomb-14        LJ (SR)
    5.37611e+02    4.14824e+02    2.17292e+04   -1.09997e+03    7.41559e+04
  Disper. corr.   Coulomb (SR)   Coul. recip.      Potential    Kinetic En.
   -4.68916e+03   -5.28609e+05    2.89792e+03   -4.34663e+05    8.56513e+04
   Total Energy  Conserved En.    Temperature Pres. DC (bar) Pressure (bar)
   -3.49012e+05   -6.22263e+05    3.07893e+02   -2.27289e+02    9.84588e+02
   Constr. rmsd
    8.10244e-04

           Step           Time         Lambda
         320500      641.00000        0.00000

   Energies (kJ/mol)
       G96Angle    Proper Dih.          LJ-14     Coulomb-14        LJ (SR)
    5.65649e+02    4.01767e+02    2.17344e+04   -1.06742e+03    7.49375e+04
  Disper. corr.   Coulomb (SR)   Coul. recip.      Potential    Kinetic En.
   -4.68916e+03   -5.28417e+05    2.95520e+03   -4.33579e+05    8.60134e+04
   Total Energy  Conserved En.    Temperature Pres. DC (bar) Pressure (bar)
   -3.47566e+05   -6.22662e+05    3.09195e+02   -2.27289e+02    3.73880e+02
   Constr. rmsd
    9.62934e-04

           Step           Time         Lambda
         321000      642.00000        0.00000

   Energies (kJ/mol)
       G96Angle    Proper Dih.          LJ-14     Coulomb-14        LJ (SR)
    6.10594e+02    4.07617e+02    2.17953e+04   -1.09057e+03    7.65454e+04
  Disper. corr.   Coulomb (SR)   Coul. recip.      Potential    Kinetic En.
   -4.68916e+03   -5.29904e+05    2.90097e+03   -4.33424e+05    8.62675e+04
   Total Energy  Conserved En.    Temperature Pres. DC (bar) Pressure (bar)
   -3.47156e+05   -6.22958e+05    3.10108e+02   -2.27289e+02    8.80770e+02
   Constr. rmsd
    9.12640e-04

           Step           Time         Lambda
         321500      643.00000        0.00000

   Energies (kJ/mol)
       G96Angle    Proper Dih.          LJ-14     Coulomb-14        LJ (SR)
    6.47810e+02    4.01670e+02    2.17833e+04   -1.10141e+03    7.43746e+04
  Disper. corr.   Coulomb (SR)   Coul. recip.      Potential    Kinetic En.
   -4.68916e+03   -5.26466e+05    2.90531e+03   -4.32144e+05    8.62337e+04
   Total Energy  Conserved En.    Temperature Pres. DC (bar) Pressure (bar)
   -3.45910e+05   -6.23348e+05    3.09987e+02   -2.27289e+02    4.55579e+02
   Constr. rmsd
    9.42372e-04

           Step           Time         Lambda
         322000      644.00000        0.00000

   Energies (kJ/mol)
       G96Angle    Proper Dih.          LJ-14     Coulomb-14        LJ (SR)
    6.15927e+02    4.11031e+02    2.18048e+04   -1.07014e+03    7.37197e+04
  Disper. corr.   Coulomb (SR)   Coul. recip.      Potential    Kinetic En.
   -4.68916e+03   -5.26493e+05    2.84512e+03   -4.32855e+05    8.68647e+04
   Total Energy  Conserved En.    Temperature Pres. DC (bar) Pressure (bar)
   -3.45991e+05   -6.23697e+05    3.12255e+02   -2.27289e+02    8.56462e+02
   Constr. rmsd
    8.52374e-04

           Step           Time         Lambda
         322500      645.00000        0.00000

   Energies (kJ/mol)
       G96Angle    Proper Dih.          LJ-14     Coulomb-14        LJ (SR)
    6.15891e+02    4.30821e+02    2.17050e+04   -1.10732e+03    7.46710e+04
  Disper. corr.   Coulomb (SR)   Coul. recip.      Potential    Kinetic En.
   -4.68916e+03   -5.27398e+05    2.89614e+03   -4.32875e+05    8.59826e+04
   Total Energy  Conserved En.    Temperature Pres. DC (bar) Pressure (bar)
   -3.46893e+05   -6.24082e+05    3.09084e+02   -2.27289e+02    1.38824e+02
   Constr. rmsd
    9.98012e-04

           Step           Time         Lambda
         323000      646.00000        0.00000

   Energies (kJ/mol)
       G96Angle    Proper Dih.          LJ-14     Coulomb-14        LJ (SR)
    5.69369e+02    3.85610e+02    2.17130e+04   -1.07966e+03    7.50992e+04
  Disper. corr.   Coulomb (SR)   Coul. recip.      Potential    Kinetic En.
   -4.68916e+03   -5.29131e+05    2.90032e+03   -4.34232e+05    8.66969e+04
   Total Energy  Conserved En.    Temperature Pres. DC (bar) Pressure (bar)
   -3.47535e+05   -6.24421e+05    3.11652e+02   -2.27289e+02    1.48918e+02
   Constr. rmsd
    1.00666e-03

           Step           Time         Lambda
         323500      647.00000        0.00000

   Energies (kJ/mol)
       G96Angle    Proper Dih.          LJ-14     Coulomb-14        LJ (SR)
    5.43447e+02    3.91593e+02    2.17323e+04   -1.09069e+03    7.36068e+04
  Disper. corr.   Coulomb (SR)   Coul. recip.      Potential    Kinetic En.
   -4.68916e+03   -5.27018e+05    2.87378e+03   -4.33650e+05    8.66132e+04
   Total Energy  Conserved En.    Temperature Pres. DC (bar) Pressure (bar)
   -3.47037e+05   -6.24807e+05    3.11351e+02   -2.27289e+02    2.23112e+02
   Constr. rmsd
    9.59303e-04

           Step           Time         Lambda
         324000      648.00000        0.00000

   Energies (kJ/mol)
       G96Angle    Proper Dih.          LJ-14     Coulomb-14        LJ (SR)
    5.76778e+02    3.95066e+02    2.17008e+04   -1.10195e+03    7.30327e+04
  Disper. corr.   Coulomb (SR)   Coul. recip.      Potential    Kinetic En.
   -4.68916e+03   -5.25457e+05    2.89201e+03   -4.32651e+05    8.61883e+04
   Total Energy  Conserved En.    Temperature Pres. DC (bar) Pressure (bar)
   -3.46462e+05   -6.25186e+05    3.09823e+02   -2.27289e+02    4.83485e+01
   Constr. rmsd
    9.86742e-04

           Step           Time         Lambda
         324500      649.00000        0.00000

   Energies (kJ/mol)
       G96Angle    Proper Dih.          LJ-14     Coulomb-14        LJ (SR)
    5.73535e+02    4.24248e+02    2.17659e+04   -1.09972e+03    7.29571e+04
  Disper. corr.   Coulomb (SR)   Coul. recip.      Potential    Kinetic En.
   -4.68916e+03   -5.25237e+05    2.91643e+03   -4.32389e+05    8.63312e+04
   Total Energy  Conserved En.    Temperature Pres. DC (bar) Pressure (bar)
   -3.46058e+05   -6.25532e+05    3.10337e+02   -2.27289e+02    4.53029e+02
   Constr. rmsd
    9.02441e-04

           Step           Time         Lambda
         325000      650.00000        0.00000

   Energies (kJ/mol)
       G96Angle    Proper Dih.          LJ-14     Coulomb-14        LJ (SR)
    5.78945e+02    4.14279e+02    2.17174e+04   -1.07977e+03    7.53724e+04
  Disper. corr.   Coulomb (SR)   Coul. recip.      Potential    Kinetic En.
   -4.68916e+03   -5.28973e+05    2.87361e+03   -4.33786e+05    8.53266e+04
   Total Energy  Conserved En.    Temperature Pres. DC (bar) Pressure (bar)
   -3.48459e+05   -6.25875e+05    3.06726e+02   -2.27289e+02    4.03504e+02
   Constr. rmsd
    9.54039e-04

           Step           Time         Lambda
         325500      651.00000        0.00000

   Energies (kJ/mol)
       G96Angle    Proper Dih.          LJ-14     Coulomb-14        LJ (SR)
    6.04442e+02    4.33633e+02    2.17681e+04   -1.08262e+03    7.50102e+04
  Disper. corr.   Coulomb (SR)   Coul. recip.      Potential    Kinetic En.
   -4.68916e+03   -5.28079e+05    2.91701e+03   -4.33117e+05    8.58146e+04
   Total Energy  Conserved En.    Temperature Pres. DC (bar) Pressure (bar)
   -3.47303e+05   -6.26232e+05    3.08480e+02   -2.27289e+02    6.51915e+02
   Constr. rmsd
    9.20532e-04

           Step           Time         Lambda
         326000      652.00000        0.00000

   Energies (kJ/mol)
       G96Angle    Proper Dih.          LJ-14     Coulomb-14        LJ (SR)
    6.05924e+02    3.84973e+02    2.17635e+04   -1.11078e+03    7.28084e+04
  Disper. corr.   Coulomb (SR)   Coul. recip.      Potential    Kinetic En.
   -4.68916e+03   -5.24590e+05    2.85353e+03   -4.31974e+05    8.69901e+04
   Total Energy  Conserved En.    Temperature Pres. DC (bar) Pressure (bar)
   -3.44984e+05   -6.26594e+05    3.12706e+02   -2.27289e+02    4.22699e+02
   Constr. rmsd
    9.21305e-04

           Step           Time         Lambda
         326500      653.00000        0.00000

   Energies (kJ/mol)
       G96Angle    Proper Dih.          LJ-14     Coulomb-14        LJ (SR)
    5.65154e+02    4.21465e+02    2.16809e+04   -1.09873e+03    7.40845e+04
  Disper. corr.   Coulomb (SR)   Coul. recip.      Potential    Kinetic En.
   -4.68916e+03   -5.27972e+05    2.86389e+03   -4.34144e+05    8.65196e+04
   Total Energy  Conserved En.    Temperature Pres. DC (bar) Pressure (bar)
   -3.47624e+05   -6.26953e+05    3.11014e+02   -2.27289e+02    6.82374e+01
   Constr. rmsd
    9.86243e-04

           Step           Time         Lambda
         327000      654.00000        0.00000

   Energies (kJ/mol)
       G96Angle    Proper Dih.          LJ-14     Coulomb-14        LJ (SR)
    5.82056e+02    4.26273e+02    2.18281e+04   -1.10504e+03    7.34912e+04
  Disper. corr.   Coulomb (SR)   Coul. recip.      Potential    Kinetic En.
   -4.68916e+03   -5.26465e+05    2.87368e+03   -4.33058e+05    8.66149e+04
   Total Energy  Conserved En.    Temperature Pres. DC (bar) Pressure (bar)
   -3.46443e+05   -6.27279e+05    3.11357e+02   -2.27289e+02    3.32403e+02
   Constr. rmsd
    9.34820e-04

           Step           Time         Lambda
         327500      655.00000        0.00000

   Energies (kJ/mol)
       G96Angle    Proper Dih.          LJ-14     Coulomb-14        LJ (SR)
    5.88021e+02    3.96648e+02    2.17283e+04   -1.07319e+03    7.60348e+04
  Disper. corr.   Coulomb (SR)   Coul. recip.      Potential    Kinetic En.
   -4.68916e+03   -5.28885e+05    2.96119e+03   -4.32939e+05    8.52508e+04
   Total Energy  Conserved En.    Temperature Pres. DC (bar) Pressure (bar)
   -3.47688e+05   -6.27615e+05    3.06453e+02   -2.27289e+02    4.81182e+02
   Constr. rmsd
    9.76249e-04

           Step           Time         Lambda
         328000      656.00000        0.00000

   Energies (kJ/mol)
       G96Angle    Proper Dih.          LJ-14     Coulomb-14        LJ (SR)
    6.03206e+02    4.05442e+02    2.17519e+04   -1.06879e+03    7.55330e+04
  Disper. corr.   Coulomb (SR)   Coul. recip.      Potential    Kinetic En.
   -4.68916e+03   -5.27716e+05    3.05913e+03   -4.32121e+05    8.60856e+04
   Total Energy  Conserved En.    Temperature Pres. DC (bar) Pressure (bar)
   -3.46036e+05   -6.27950e+05    3.09454e+02   -2.27289e+02    6.70186e+02
   Constr. rmsd
    9.42132e-04

           Step           Time         Lambda
         328500      657.00000        0.00000

   Energies (kJ/mol)
       G96Angle    Proper Dih.          LJ-14     Coulomb-14        LJ (SR)
    5.36300e+02    3.78549e+02    2.17286e+04   -1.10036e+03    7.44535e+04
  Disper. corr.   Coulomb (SR)   Coul. recip.      Potential    Kinetic En.
   -4.68916e+03   -5.26585e+05    2.87049e+03   -4.32407e+05    8.57881e+04
   Total Energy  Conserved En.    Temperature Pres. DC (bar) Pressure (bar)
   -3.46619e+05   -6.28286e+05    3.08385e+02   -2.27289e+02    6.71452e+02
   Constr. rmsd
    9.19344e-04

           Step           Time         Lambda
         329000      658.00000        0.00000

   Energies (kJ/mol)
       G96Angle    Proper Dih.          LJ-14     Coulomb-14        LJ (SR)
    5.72753e+02    4.13968e+02    2.17465e+04   -1.11330e+03    7.51049e+04
  Disper. corr.   Coulomb (SR)   Coul. recip.      Potential    Kinetic En.
   -4.68916e+03   -5.28490e+05    2.85879e+03   -4.33595e+05    8.63970e+04
   Total Energy  Conserved En.    Temperature Pres. DC (bar) Pressure (bar)
   -3.47198e+05   -6.28628e+05    3.10574e+02   -2.27289e+02    4.71947e+02
   Constr. rmsd
    9.41542e-04

           Step           Time         Lambda
         329500      659.00000        0.00000

   Energies (kJ/mol)
       G96Angle    Proper Dih.          LJ-14     Coulomb-14        LJ (SR)
    6.01573e+02    3.97561e+02    2.17343e+04   -1.09962e+03    7.41978e+04
  Disper. corr.   Coulomb (SR)   Coul. recip.      Potential    Kinetic En.
   -4.68916e+03   -5.26841e+05    2.85273e+03   -4.32846e+05    8.55807e+04
   Total Energy  Conserved En.    Temperature Pres. DC (bar) Pressure (bar)
   -3.47265e+05   -6.28975e+05    3.07639e+02   -2.27289e+02    2.61115e+02
   Constr. rmsd
    9.72217e-04

           Step           Time         Lambda
         330000      660.00000        0.00000

   Energies (kJ/mol)
       G96Angle    Proper Dih.          LJ-14     Coulomb-14        LJ (SR)
    6.28537e+02    4.30210e+02    2.17986e+04   -1.09174e+03    7.34856e+04
  Disper. corr.   Coulomb (SR)   Coul. recip.      Potential    Kinetic En.
   -4.68916e+03   -5.25559e+05    2.99402e+03   -4.32003e+05    8.70665e+04
   Total Energy  Conserved En.    Temperature Pres. DC (bar) Pressure (bar)
   -3.44936e+05   -6.29323e+05    3.12980e+02   -2.27289e+02    3.09449e+02
   Constr. rmsd
    9.50015e-04

           Step           Time         Lambda
         330500      661.00000        0.00000

   Energies (kJ/mol)
       G96Angle    Proper Dih.          LJ-14     Coulomb-14        LJ (SR)
    5.41691e+02    4.09469e+02    2.17104e+04   -1.11090e+03    7.40216e+04
  Disper. corr.   Coulomb (SR)   Coul. recip.      Potential    Kinetic En.
   -4.68916e+03   -5.26912e+05    2.85795e+03   -4.33170e+05    8.56749e+04
   Total Energy  Conserved En.    Temperature Pres. DC (bar) Pressure (bar)
   -3.47496e+05   -6.29685e+05    3.07978e+02   -2.27289e+02    4.12862e+00
   Constr. rmsd
    1.00187e-03

           Step           Time         Lambda
         331000      662.00000        0.00000

   Energies (kJ/mol)
       G96Angle    Proper Dih.          LJ-14     Coulomb-14        LJ (SR)
    5.71625e+02    3.70487e+02    2.17428e+04   -1.09551e+03    7.33621e+04
  Disper. corr.   Coulomb (SR)   Coul. recip.      Potential    Kinetic En.
   -4.68916e+03   -5.25639e+05    2.78417e+03   -4.32592e+05    8.65504e+04
   Total Energy  Conserved En.    Temperature Pres. DC (bar) Pressure (bar)
   -3.46042e+05   -6.29988e+05    3.11125e+02   -2.27289e+02    4.38591e+02
   Constr. rmsd
    9.24921e-04

           Step           Time         Lambda
         331500      663.00000        0.00000

   Energies (kJ/mol)
       G96Angle    Proper Dih.          LJ-14     Coulomb-14        LJ (SR)
    5.47366e+02    3.95790e+02    2.17005e+04   -1.08947e+03    7.40145e+04
  Disper. corr.   Coulomb (SR)   Coul. recip.      Potential    Kinetic En.
   -4.68916e+03   -5.26462e+05    2.98184e+03   -4.32601e+05    8.63157e+04
   Total Energy  Conserved En.    Temperature Pres. DC (bar) Pressure (bar)
   -3.46285e+05   -6.30359e+05    3.10281e+02   -2.27289e+02   -2.15659e+01
   Constr. rmsd
    1.00794e-03

           Step           Time         Lambda
         332000      664.00000        0.00000

   Energies (kJ/mol)
       G96Angle    Proper Dih.          LJ-14     Coulomb-14        LJ (SR)
    5.68583e+02    4.21460e+02    2.17077e+04   -1.07231e+03    7.42009e+04
  Disper. corr.   Coulomb (SR)   Coul. recip.      Potential    Kinetic En.
   -4.68916e+03   -5.28387e+05    2.83668e+03   -4.34413e+05    8.57492e+04
   Total Energy  Conserved En.    Temperature Pres. DC (bar) Pressure (bar)
   -3.48664e+05   -6.30669e+05    3.08245e+02   -2.27289e+02    5.90815e+01
   Constr. rmsd
    9.72610e-04

           Step           Time         Lambda
         332500      665.00000        0.00000

   Energies (kJ/mol)
       G96Angle    Proper Dih.          LJ-14     Coulomb-14        LJ (SR)
    5.47244e+02    4.21315e+02    2.17397e+04   -1.08447e+03    7.48627e+04
  Disper. corr.   Coulomb (SR)   Coul. recip.      Potential    Kinetic En.
   -4.68916e+03   -5.27589e+05    2.86158e+03   -4.32930e+05    8.59589e+04
   Total Energy  Conserved En.    Temperature Pres. DC (bar) Pressure (bar)
   -3.46972e+05   -6.31015e+05    3.08999e+02   -2.27289e+02    4.10037e+02
   Constr. rmsd
    9.66384e-04

           Step           Time         Lambda
         333000      666.00000        0.00000

   Energies (kJ/mol)
       G96Angle    Proper Dih.          LJ-14     Coulomb-14        LJ (SR)
    5.49269e+02    4.38833e+02    2.17591e+04   -1.06457e+03    7.50167e+04
  Disper. corr.   Coulomb (SR)   Coul. recip.      Potential    Kinetic En.
   -4.68916e+03   -5.27302e+05    2.86319e+03   -4.32428e+05    8.57840e+04
   Total Energy  Conserved En.    Temperature Pres. DC (bar) Pressure (bar)
   -3.46644e+05   -6.31364e+05    3.08370e+02   -2.27289e+02    3.73600e+02
   Constr. rmsd
    9.73077e-04

           Step           Time         Lambda
         333500      667.00000        0.00000

   Energies (kJ/mol)
       G96Angle    Proper Dih.          LJ-14     Coulomb-14        LJ (SR)
    5.41073e+02    3.75740e+02    2.16352e+04   -1.09215e+03    7.47243e+04
  Disper. corr.   Coulomb (SR)   Coul. recip.      Potential    Kinetic En.
   -4.68916e+03   -5.28467e+05    2.90120e+03   -4.34070e+05    8.65257e+04
   Total Energy  Conserved En.    Temperature Pres. DC (bar) Pressure (bar)
   -3.47545e+05   -6.31808e+05    3.11036e+02   -2.27289e+02   -2.44454e+02
   Constr. rmsd
    1.06003e-03

           Step           Time         Lambda
         334000      668.00000        0.00000

   Energies (kJ/mol)
       G96Angle    Proper Dih.          LJ-14     Coulomb-14        LJ (SR)
    5.38228e+02    3.69105e+02    2.17396e+04   -1.09177e+03    7.47277e+04
  Disper. corr.   Coulomb (SR)   Coul. recip.      Potential    Kinetic En.
   -4.68916e+03   -5.28665e+05    2.90976e+03   -4.34162e+05    8.55475e+04
   Total Energy  Conserved En.    Temperature Pres. DC (bar) Pressure (bar)
   -3.48614e+05   -6.32038e+05    3.07520e+02   -2.27289e+02    6.79844e+02
   Constr. rmsd
    8.88015e-04

           Step           Time         Lambda
         334500      669.00000        0.00000

   Energies (kJ/mol)
       G96Angle    Proper Dih.          LJ-14     Coulomb-14        LJ (SR)
    5.78225e+02    3.81889e+02    2.17083e+04   -1.09682e+03    7.55097e+04
  Disper. corr.   Coulomb (SR)   Coul. recip.      Potential    Kinetic En.
   -4.68916e+03   -5.28127e+05    2.84896e+03   -4.32886e+05    8.59341e+04
   Total Energy  Conserved En.    Temperature Pres. DC (bar) Pressure (bar)
   -3.46952e+05   -6.32408e+05    3.08910e+02   -2.27289e+02    2.20916e+02
   Constr. rmsd
    1.01370e-03

           Step           Time         Lambda
         335000      670.00000        0.00000

   Energies (kJ/mol)
       G96Angle    Proper Dih.          LJ-14     Coulomb-14        LJ (SR)
    5.89418e+02    4.08827e+02    2.17420e+04   -1.09292e+03    7.51736e+04
  Disper. corr.   Coulomb (SR)   Coul. recip.      Potential    Kinetic En.
   -4.68916e+03   -5.28170e+05    2.81647e+03   -4.33222e+05    8.66481e+04
   Total Energy  Conserved En.    Temperature Pres. DC (bar) Pressure (bar)
   -3.46573e+05   -6.32746e+05    3.11476e+02   -2.27289e+02    3.43132e+02
   Constr. rmsd
    9.73980e-04

           Step           Time         Lambda
         335500      671.00000        0.00000

   Energies (kJ/mol)
       G96Angle    Proper Dih.          LJ-14     Coulomb-14        LJ (SR)
    5.67847e+02    4.23745e+02    2.17141e+04   -1.07072e+03    7.36620e+04
  Disper. corr.   Coulomb (SR)   Coul. recip.      Potential    Kinetic En.
   -4.68916e+03   -5.26087e+05    2.91732e+03   -4.32562e+05    8.59116e+04
   Total Energy  Conserved En.    Temperature Pres. DC (bar) Pressure (bar)
   -3.46650e+05   -6.33107e+05    3.08829e+02   -2.27289e+02   -1.52246e+02
   Constr. rmsd
    1.02481e-03

           Step           Time         Lambda
         336000      672.00000        0.00000

   Energies (kJ/mol)
       G96Angle    Proper Dih.          LJ-14     Coulomb-14        LJ (SR)
    6.05478e+02    4.06349e+02    2.16850e+04   -1.08442e+03    7.45863e+04
  Disper. corr.   Coulomb (SR)   Coul. recip.      Potential    Kinetic En.
   -4.68916e+03   -5.27489e+05    2.89120e+03   -4.33088e+05    8.70803e+04
   Total Energy  Conserved En.    Temperature Pres. DC (bar) Pressure (bar)
   -3.46008e+05   -6.33528e+05    3.13030e+02   -2.27289e+02   -3.27448e+02
   Constr. rmsd
    1.07870e-03

           Step           Time         Lambda
         336500      673.00000        0.00000

   Energies (kJ/mol)
       G96Angle    Proper Dih.          LJ-14     Coulomb-14        LJ (SR)
    5.73890e+02    4.40974e+02    2.17640e+04   -1.09242e+03    7.38181e+04
  Disper. corr.   Coulomb (SR)   Coul. recip.      Potential    Kinetic En.
   -4.68916e+03   -5.26466e+05    2.92189e+03   -4.32728e+05    8.58195e+04
   Total Energy  Conserved En.    Temperature Pres. DC (bar) Pressure (bar)
   -3.46909e+05   -6.33830e+05    3.08498e+02   -2.27289e+02    5.35458e+02
   Constr. rmsd
    9.05759e-04

           Step           Time         Lambda
         337000      674.00000        0.00000

   Energies (kJ/mol)
       G96Angle    Proper Dih.          LJ-14     Coulomb-14        LJ (SR)
    5.79241e+02    3.99383e+02    2.16379e+04   -1.10090e+03    7.30591e+04
  Disper. corr.   Coulomb (SR)   Coul. recip.      Potential    Kinetic En.
   -4.68916e+03   -5.26722e+05    2.79362e+03   -4.34043e+05    8.52474e+04
   Total Energy  Conserved En.    Temperature Pres. DC (bar) Pressure (bar)
   -3.48795e+05   -6.34212e+05    3.06441e+02   -2.27289e+02   -1.19884e+02
   Constr. rmsd
    9.80008e-04

           Step           Time         Lambda
         337500      675.00000        0.00000

   Energies (kJ/mol)
       G96Angle    Proper Dih.          LJ-14     Coulomb-14        LJ (SR)
    5.57735e+02    4.02548e+02    2.17095e+04   -1.09027e+03    7.31883e+04
  Disper. corr.   Coulomb (SR)   Coul. recip.      Potential    Kinetic En.
   -4.68916e+03   -5.25884e+05    2.90350e+03   -4.32902e+05    8.56327e+04
   Total Energy  Conserved En.    Temperature Pres. DC (bar) Pressure (bar)
   -3.47270e+05   -6.34568e+05    3.07826e+02   -2.27289e+02   -1.34775e+02
   Constr. rmsd
    1.01731e-03

           Step           Time         Lambda
         338000      676.00000        0.00000

   Energies (kJ/mol)
       G96Angle    Proper Dih.          LJ-14     Coulomb-14        LJ (SR)
    6.46790e+02    3.88733e+02    2.16905e+04   -1.10920e+03    7.51276e+04
  Disper. corr.   Coulomb (SR)   Coul. recip.      Potential    Kinetic En.
   -4.68916e+03   -5.29463e+05    2.86089e+03   -4.34547e+05    8.63908e+04
   Total Energy  Conserved En.    Temperature Pres. DC (bar) Pressure (bar)
   -3.48156e+05   -6.34915e+05    3.10551e+02   -2.27289e+02    3.85134e+01
   Constr. rmsd
    1.01346e-03

           Step           Time         Lambda
         338500      677.00000        0.00000

   Energies (kJ/mol)
       G96Angle    Proper Dih.          LJ-14     Coulomb-14        LJ (SR)
    5.95205e+02    4.01384e+02    2.17201e+04   -1.10442e+03    7.36154e+04
  Disper. corr.   Coulomb (SR)   Coul. recip.      Potential    Kinetic En.
   -4.68916e+03   -5.27738e+05    2.84483e+03   -4.34354e+05    8.67219e+04
   Total Energy  Conserved En.    Temperature Pres. DC (bar) Pressure (bar)
   -3.47632e+05   -6.35236e+05    3.11742e+02   -2.27289e+02   -4.49475e+01
   Constr. rmsd
    1.00186e-03

           Step           Time         Lambda
         339000      678.00000        0.00000

   Energies (kJ/mol)
       G96Angle    Proper Dih.          LJ-14     Coulomb-14        LJ (SR)
    5.84873e+02    4.00801e+02    2.16983e+04   -1.08951e+03    7.53078e+04
  Disper. corr.   Coulomb (SR)   Coul. recip.      Potential    Kinetic En.
   -4.68916e+03   -5.28423e+05    2.84746e+03   -4.33362e+05    8.59429e+04
   Total Energy  Conserved En.    Temperature Pres. DC (bar) Pressure (bar)
   -3.47419e+05   -6.35616e+05    3.08941e+02   -2.27289e+02    2.41977e+02
   Constr. rmsd
    1.00133e-03

           Step           Time         Lambda
         339500      679.00000        0.00000

Writing checkpoint, step 339500 at Wed Apr  4 16:48:54 2018


   Energies (kJ/mol)
       G96Angle    Proper Dih.          LJ-14     Coulomb-14        LJ (SR)
    5.79387e+02    3.78434e+02    2.17097e+04   -1.08694e+03    7.44862e+04
  Disper. corr.   Coulomb (SR)   Coul. recip.      Potential    Kinetic En.
   -4.68916e+03   -5.26689e+05    2.82846e+03   -4.32483e+05    8.57689e+04
   Total Energy  Conserved En.    Temperature Pres. DC (bar) Pressure (bar)
   -3.46714e+05   -6.35923e+05    3.08316e+02   -2.27289e+02    3.12769e+02
   Constr. rmsd
    9.75621e-04

           Step           Time         Lambda
         340000      680.00000        0.00000

   Energies (kJ/mol)
       G96Angle    Proper Dih.          LJ-14     Coulomb-14        LJ (SR)
    6.01139e+02    3.80879e+02    2.16880e+04   -1.08830e+03    7.40523e+04
  Disper. corr.   Coulomb (SR)   Coul. recip.      Potential    Kinetic En.
   -4.68916e+03   -5.27371e+05    2.90790e+03   -4.33518e+05    8.59476e+04
   Total Energy  Conserved En.    Temperature Pres. DC (bar) Pressure (bar)
   -3.47571e+05   -6.36305e+05    3.08958e+02   -2.27289e+02   -1.76043e+02
   Constr. rmsd
    1.03742e-03

           Step           Time         Lambda
         340500      681.00000        0.00000

   Energies (kJ/mol)
       G96Angle    Proper Dih.          LJ-14     Coulomb-14        LJ (SR)
    5.71567e+02    4.01077e+02    2.16945e+04   -1.10345e+03    7.65938e+04
  Disper. corr.   Coulomb (SR)   Coul. recip.      Potential    Kinetic En.
   -4.68916e+03   -5.30377e+05    2.86603e+03   -4.34042e+05    8.63543e+04
   Total Energy  Conserved En.    Temperature Pres. DC (bar) Pressure (bar)
   -3.47688e+05   -6.36649e+05    3.10420e+02   -2.27289e+02    3.98711e+02
   Constr. rmsd
    9.94716e-04

           Step           Time         Lambda
         341000      682.00000        0.00000

   Energies (kJ/mol)
       G96Angle    Proper Dih.          LJ-14     Coulomb-14        LJ (SR)
    5.91583e+02    4.07648e+02    2.17307e+04   -1.08734e+03    7.50041e+04
  Disper. corr.   Coulomb (SR)   Coul. recip.      Potential    Kinetic En.
   -4.68916e+03   -5.28120e+05    2.82187e+03   -4.33341e+05    8.60242e+04
   Total Energy  Conserved En.    Temperature Pres. DC (bar) Pressure (bar)
   -3.47317e+05   -6.37000e+05    3.09233e+02   -2.27289e+02    4.47743e+02
   Constr. rmsd
    9.52476e-04

           Step           Time         Lambda
         341500      683.00000        0.00000

   Energies (kJ/mol)
       G96Angle    Proper Dih.          LJ-14     Coulomb-14        LJ (SR)
    5.79001e+02    3.96076e+02    2.17610e+04   -1.07731e+03    7.32716e+04
  Disper. corr.   Coulomb (SR)   Coul. recip.      Potential    Kinetic En.
   -4.68916e+03   -5.25931e+05    2.90688e+03   -4.32783e+05    8.60581e+04
   Total Energy  Conserved En.    Temperature Pres. DC (bar) Pressure (bar)
   -3.46725e+05   -6.37312e+05    3.09355e+02   -2.27289e+02    2.63582e+02
   Constr. rmsd
    9.45598e-04

           Step           Time         Lambda
         342000      684.00000        0.00000

   Energies (kJ/mol)
       G96Angle    Proper Dih.          LJ-14     Coulomb-14        LJ (SR)
    6.34042e+02    4.28176e+02    2.18115e+04   -1.07277e+03    7.35651e+04
  Disper. corr.   Coulomb (SR)   Coul. recip.      Potential    Kinetic En.
   -4.68916e+03   -5.25994e+05    2.85232e+03   -4.32465e+05    8.67937e+04
   Total Energy  Conserved En.    Temperature Pres. DC (bar) Pressure (bar)
   -3.45671e+05   -6.37664e+05    3.12000e+02   -2.27289e+02    2.84016e+02
   Constr. rmsd
    9.42361e-04

           Step           Time         Lambda
         342500      685.00000        0.00000

   Energies (kJ/mol)
       G96Angle    Proper Dih.          LJ-14     Coulomb-14        LJ (SR)
    6.02974e+02    4.00532e+02    2.17929e+04   -1.09769e+03    7.40563e+04
  Disper. corr.   Coulomb (SR)   Coul. recip.      Potential    Kinetic En.
   -4.68916e+03   -5.26563e+05    2.83042e+03   -4.32667e+05    8.59145e+04
   Total Energy  Conserved En.    Temperature Pres. DC (bar) Pressure (bar)
   -3.46752e+05   -6.37993e+05    3.08839e+02   -2.27289e+02    3.22759e+02
   Constr. rmsd
    9.47924e-04

           Step           Time         Lambda
         343000      686.00000        0.00000

   Energies (kJ/mol)
       G96Angle    Proper Dih.          LJ-14     Coulomb-14        LJ (SR)
    6.29069e+02    3.78679e+02    2.18128e+04   -1.10879e+03    7.43083e+04
  Disper. corr.   Coulomb (SR)   Coul. recip.      Potential    Kinetic En.
   -4.68916e+03   -5.27119e+05    2.87396e+03   -4.32914e+05    8.63486e+04
   Total Energy  Conserved En.    Temperature Pres. DC (bar) Pressure (bar)
   -3.46565e+05   -6.38291e+05    3.10400e+02   -2.27289e+02    7.53935e+02
   Constr. rmsd
    8.83276e-04

           Step           Time         Lambda
         343500      687.00000        0.00000

   Energies (kJ/mol)
       G96Angle    Proper Dih.          LJ-14     Coulomb-14        LJ (SR)
    5.91986e+02    3.87756e+02    2.17313e+04   -1.09590e+03    7.21907e+04
  Disper. corr.   Coulomb (SR)   Coul. recip.      Potential    Kinetic En.
   -4.68916e+03   -5.24667e+05    2.83171e+03   -4.32719e+05    8.57982e+04
   Total Energy  Conserved En.    Temperature Pres. DC (bar) Pressure (bar)
   -3.46921e+05   -6.38683e+05    3.08421e+02   -2.27289e+02   -1.88937e+02
   Constr. rmsd
    1.00154e-03

           Step           Time         Lambda
         344000      688.00000        0.00000

   Energies (kJ/mol)
       G96Angle    Proper Dih.          LJ-14     Coulomb-14        LJ (SR)
    6.43640e+02    4.18225e+02    2.17067e+04   -1.09794e+03    7.43254e+04
  Disper. corr.   Coulomb (SR)   Coul. recip.      Potential    Kinetic En.
   -4.68916e+03   -5.27655e+05    2.94741e+03   -4.33401e+05    8.62916e+04
   Total Energy  Conserved En.    Temperature Pres. DC (bar) Pressure (bar)
   -3.47110e+05   -6.39048e+05    3.10195e+02   -2.27289e+02    9.88817e+00
   Constr. rmsd
    1.00412e-03

           Step           Time         Lambda
         344500      689.00000        0.00000

   Energies (kJ/mol)
       G96Angle    Proper Dih.          LJ-14     Coulomb-14        LJ (SR)
    6.09133e+02    4.24067e+02    2.17203e+04   -1.09472e+03    7.47232e+04
  Disper. corr.   Coulomb (SR)   Coul. recip.      Potential    Kinetic En.
   -4.68916e+03   -5.27637e+05    2.88097e+03   -4.33063e+05    8.56862e+04
   Total Energy  Conserved En.    Temperature Pres. DC (bar) Pressure (bar)
   -3.47377e+05   -6.39344e+05    3.08018e+02   -2.27289e+02    1.92094e+02
   Constr. rmsd
    9.86611e-04

           Step           Time         Lambda
         345000      690.00000        0.00000

   Energies (kJ/mol)
       G96Angle    Proper Dih.          LJ-14     Coulomb-14        LJ (SR)
    5.91432e+02    4.29674e+02    2.17337e+04   -1.07899e+03    7.61948e+04
  Disper. corr.   Coulomb (SR)   Coul. recip.      Potential    Kinetic En.
   -4.68916e+03   -5.28971e+05    2.95580e+03   -4.32834e+05    8.60703e+04
   Total Energy  Conserved En.    Temperature Pres. DC (bar) Pressure (bar)
   -3.46764e+05   -6.39648e+05    3.09399e+02   -2.27289e+02    4.69022e+02
   Constr. rmsd
    9.84363e-04

           Step           Time         Lambda
         345500      691.00000        0.00000

   Energies (kJ/mol)
       G96Angle    Proper Dih.          LJ-14     Coulomb-14        LJ (SR)
    5.65442e+02    4.01374e+02    2.17619e+04   -1.06024e+03    7.45712e+04
  Disper. corr.   Coulomb (SR)   Coul. recip.      Potential    Kinetic En.
   -4.68916e+03   -5.28533e+05    2.86173e+03   -4.34121e+05    8.70584e+04
   Total Energy  Conserved En.    Temperature Pres. DC (bar) Pressure (bar)
   -3.47063e+05   -6.40032e+05    3.12951e+02   -2.27289e+02    2.38497e+02
   Constr. rmsd
    9.67616e-04

           Step           Time         Lambda
         346000      692.00000        0.00000

   Energies (kJ/mol)
       G96Angle    Proper Dih.          LJ-14     Coulomb-14        LJ (SR)
    5.87240e+02    3.88210e+02    2.17064e+04   -1.07657e+03    7.46272e+04
  Disper. corr.   Coulomb (SR)   Coul. recip.      Potential    Kinetic En.
   -4.68916e+03   -5.27322e+05    2.85582e+03   -4.32923e+05    8.61383e+04
   Total Energy  Conserved En.    Temperature Pres. DC (bar) Pressure (bar)
   -3.46785e+05   -6.40424e+05    3.09644e+02   -2.27289e+02    1.83095e+02
   Constr. rmsd
    9.92920e-04

           Step           Time         Lambda
         346500      693.00000        0.00000

   Energies (kJ/mol)
       G96Angle    Proper Dih.          LJ-14     Coulomb-14        LJ (SR)
    5.86236e+02    4.06451e+02    2.17637e+04   -1.09090e+03    7.42860e+04
  Disper. corr.   Coulomb (SR)   Coul. recip.      Potential    Kinetic En.
   -4.68916e+03   -5.26878e+05    2.89761e+03   -4.32718e+05    8.65023e+04
   Total Energy  Conserved En.    Temperature Pres. DC (bar) Pressure (bar)
   -3.46216e+05   -6.40782e+05    3.10952e+02   -2.27289e+02    3.03711e+02
   Constr. rmsd
    9.67346e-04

           Step           Time         Lambda
         347000      694.00000        0.00000

   Energies (kJ/mol)
       G96Angle    Proper Dih.          LJ-14     Coulomb-14        LJ (SR)
    5.96772e+02    3.93945e+02    2.17184e+04   -1.09479e+03    7.40616e+04
  Disper. corr.   Coulomb (SR)   Coul. recip.      Potential    Kinetic En.
   -4.68916e+03   -5.28085e+05    2.85552e+03   -4.34243e+05    8.63637e+04
   Total Energy  Conserved En.    Temperature Pres. DC (bar) Pressure (bar)
   -3.47879e+05   -6.41089e+05    3.10454e+02   -2.27289e+02    5.75187e+02
   Constr. rmsd
    8.95884e-04

           Step           Time         Lambda
         347500      695.00000        0.00000

   Energies (kJ/mol)
       G96Angle    Proper Dih.          LJ-14     Coulomb-14        LJ (SR)
    6.31448e+02    4.02263e+02    2.17096e+04   -1.06454e+03    7.42224e+04
  Disper. corr.   Coulomb (SR)   Coul. recip.      Potential    Kinetic En.
   -4.68916e+03   -5.27334e+05    2.84037e+03   -4.33282e+05    8.62844e+04
   Total Energy  Conserved En.    Temperature Pres. DC (bar) Pressure (bar)
   -3.46997e+05   -6.41466e+05    3.10169e+02   -2.27289e+02   -1.69715e+01
   Constr. rmsd
    1.00919e-03

           Step           Time         Lambda
         348000      696.00000        0.00000

   Energies (kJ/mol)
       G96Angle    Proper Dih.          LJ-14     Coulomb-14        LJ (SR)
    5.96621e+02    4.00216e+02    2.16723e+04   -1.08400e+03    7.44354e+04
  Disper. corr.   Coulomb (SR)   Coul. recip.      Potential    Kinetic En.
   -4.68916e+03   -5.28013e+05    2.80675e+03   -4.33875e+05    8.67426e+04
   Total Energy  Conserved En.    Temperature Pres. DC (bar) Pressure (bar)
   -3.47132e+05   -6.41815e+05    3.11816e+02   -2.27289e+02   -1.69977e+02
   Constr. rmsd
    1.04628e-03

           Step           Time         Lambda
         348500      697.00000        0.00000

   Energies (kJ/mol)
       G96Angle    Proper Dih.          LJ-14     Coulomb-14        LJ (SR)
    6.02882e+02    4.07289e+02    2.17839e+04   -1.07457e+03    7.51752e+04
  Disper. corr.   Coulomb (SR)   Coul. recip.      Potential    Kinetic En.
   -4.68916e+03   -5.28142e+05    2.93875e+03   -4.32998e+05    8.71307e+04
   Total Energy  Conserved En.    Temperature Pres. DC (bar) Pressure (bar)
   -3.45867e+05   -6.42126e+05    3.13211e+02   -2.27289e+02    7.34996e+02
   Constr. rmsd
    9.16814e-04

           Step           Time         Lambda
         349000      698.00000        0.00000

   Energies (kJ/mol)
       G96Angle    Proper Dih.          LJ-14     Coulomb-14        LJ (SR)
    5.42288e+02    4.24844e+02    2.16800e+04   -1.09268e+03    7.34074e+04
  Disper. corr.   Coulomb (SR)   Coul. recip.      Potential    Kinetic En.
   -4.68916e+03   -5.26946e+05    2.89656e+03   -4.33777e+05    8.60360e+04
   Total Energy  Conserved En.    Temperature Pres. DC (bar) Pressure (bar)
   -3.47741e+05   -6.42488e+05    3.09276e+02   -2.27289e+02    3.57850e+02
   Constr. rmsd
    9.10733e-04

           Step           Time         Lambda
         349500      699.00000        0.00000

   Energies (kJ/mol)
       G96Angle    Proper Dih.          LJ-14     Coulomb-14        LJ (SR)
    6.02656e+02    4.08033e+02    2.17236e+04   -1.11526e+03    7.37981e+04
  Disper. corr.   Coulomb (SR)   Coul. recip.      Potential    Kinetic En.
   -4.68916e+03   -5.27089e+05    2.83359e+03   -4.33527e+05    8.61534e+04
   Total Energy  Conserved En.    Temperature Pres. DC (bar) Pressure (bar)
   -3.47374e+05   -6.42831e+05    3.09698e+02   -2.27289e+02   -2.41407e+01
   Constr. rmsd
    1.00230e-03

           Step           Time         Lambda
         350000      700.00000        0.00000

   Energies (kJ/mol)
       G96Angle    Proper Dih.          LJ-14     Coulomb-14        LJ (SR)
    6.21593e+02    4.17621e+02    2.17075e+04   -1.10285e+03    7.48624e+04
  Disper. corr.   Coulomb (SR)   Coul. recip.      Potential    Kinetic En.
   -4.68916e+03   -5.27170e+05    2.91887e+03   -4.32434e+05    8.62947e+04
   Total Energy  Conserved En.    Temperature Pres. DC (bar) Pressure (bar)
   -3.46139e+05   -6.43190e+05    3.10206e+02   -2.27289e+02    2.86643e+01
   Constr. rmsd
    1.03686e-03

           Step           Time         Lambda
         350500      701.00000        0.00000

   Energies (kJ/mol)
       G96Angle    Proper Dih.          LJ-14     Coulomb-14        LJ (SR)
    5.78742e+02    3.76187e+02    2.17068e+04   -1.09132e+03    7.42510e+04
  Disper. corr.   Coulomb (SR)   Coul. recip.      Potential    Kinetic En.
   -4.68916e+03   -5.27675e+05    2.76768e+03   -4.33775e+05    8.65400e+04
   Total Energy  Conserved En.    Temperature Pres. DC (bar) Pressure (bar)
   -3.47235e+05   -6.43528e+05    3.11088e+02   -2.27289e+02    3.24351e+02
   Constr. rmsd
    9.44539e-04

           Step           Time         Lambda
         351000      702.00000        0.00000

   Energies (kJ/mol)
       G96Angle    Proper Dih.          LJ-14     Coulomb-14        LJ (SR)
    6.03498e+02    3.76664e+02    2.17233e+04   -1.11036e+03    7.39275e+04
  Disper. corr.   Coulomb (SR)   Coul. recip.      Potential    Kinetic En.
   -4.68916e+03   -5.26690e+05    2.94744e+03   -4.32911e+05    8.57431e+04
   Total Energy  Conserved En.    Temperature Pres. DC (bar) Pressure (bar)
   -3.47168e+05   -6.43896e+05    3.08223e+02   -2.27289e+02   -5.32180e+01
   Constr. rmsd
    1.00765e-03

           Step           Time         Lambda
         351500      703.00000        0.00000

   Energies (kJ/mol)
       G96Angle    Proper Dih.          LJ-14     Coulomb-14        LJ (SR)
    5.63740e+02    4.16633e+02    2.16684e+04   -1.08115e+03    7.46724e+04
  Disper. corr.   Coulomb (SR)   Coul. recip.      Potential    Kinetic En.
   -4.68916e+03   -5.27580e+05    2.83438e+03   -4.33194e+05    8.60391e+04
   Total Energy  Conserved En.    Temperature Pres. DC (bar) Pressure (bar)
   -3.47155e+05   -6.44244e+05    3.09287e+02   -2.27289e+02    2.76634e+01
   Constr. rmsd
    1.02030e-03

           Step           Time         Lambda
         352000      704.00000        0.00000

   Energies (kJ/mol)
       G96Angle    Proper Dih.          LJ-14     Coulomb-14        LJ (SR)
    6.38399e+02    3.99230e+02    2.17450e+04   -1.08028e+03    7.49508e+04
  Disper. corr.   Coulomb (SR)   Coul. recip.      Potential    Kinetic En.
   -4.68916e+03   -5.27693e+05    2.92344e+03   -4.32806e+05    8.61478e+04
   Total Energy  Conserved En.    Temperature Pres. DC (bar) Pressure (bar)
   -3.46658e+05   -6.44591e+05    3.09678e+02   -2.27289e+02    5.12578e+02
   Constr. rmsd
    9.47102e-04

           Step           Time         Lambda
         352500      705.00000        0.00000

   Energies (kJ/mol)
       G96Angle    Proper Dih.          LJ-14     Coulomb-14        LJ (SR)
    6.08875e+02    4.21974e+02    2.17535e+04   -1.07489e+03    7.58279e+04
  Disper. corr.   Coulomb (SR)   Coul. recip.      Potential    Kinetic En.
   -4.68916e+03   -5.28202e+05    2.92889e+03   -4.32425e+05    8.68495e+04
   Total Energy  Conserved En.    Temperature Pres. DC (bar) Pressure (bar)
   -3.45575e+05   -6.45009e+05    3.12200e+02   -2.27289e+02    6.26387e+02
   Constr. rmsd
    9.65300e-04

           Step           Time         Lambda
         353000      706.00000        0.00000

   Energies (kJ/mol)
       G96Angle    Proper Dih.          LJ-14     Coulomb-14        LJ (SR)
    6.06345e+02    3.83250e+02    2.17163e+04   -1.09167e+03    7.42358e+04
  Disper. corr.   Coulomb (SR)   Coul. recip.      Potential    Kinetic En.
   -4.68916e+03   -5.26901e+05    2.93483e+03   -4.32805e+05    8.67110e+04
   Total Energy  Conserved En.    Temperature Pres. DC (bar) Pressure (bar)
   -3.46094e+05   -6.45347e+05    3.11702e+02   -2.27289e+02    1.03379e+02
   Constr. rmsd
    1.00111e-03

           Step           Time         Lambda
         353500      707.00000        0.00000

   Energies (kJ/mol)
       G96Angle    Proper Dih.          LJ-14     Coulomb-14        LJ (SR)
    5.54550e+02    4.30000e+02    2.17375e+04   -1.09979e+03    7.37046e+04
  Disper. corr.   Coulomb (SR)   Coul. recip.      Potential    Kinetic En.
   -4.68916e+03   -5.25960e+05    2.83502e+03   -4.32488e+05    8.65821e+04
   Total Energy  Conserved En.    Temperature Pres. DC (bar) Pressure (bar)
   -3.45906e+05   -6.45688e+05    3.11239e+02   -2.27289e+02   -6.14168e+01
   Constr. rmsd
    1.01495e-03

           Step           Time         Lambda
         354000      708.00000        0.00000

   Energies (kJ/mol)
       G96Angle    Proper Dih.          LJ-14     Coulomb-14        LJ (SR)
    6.02580e+02    3.87806e+02    2.17058e+04   -1.10042e+03    7.44840e+04
  Disper. corr.   Coulomb (SR)   Coul. recip.      Potential    Kinetic En.
   -4.68916e+03   -5.28268e+05    2.91594e+03   -4.33962e+05    8.60341e+04
   Total Energy  Conserved En.    Temperature Pres. DC (bar) Pressure (bar)
   -3.47928e+05   -6.46038e+05    3.09269e+02   -2.27289e+02    3.99603e+02
   Constr. rmsd
    9.37541e-04

           Step           Time         Lambda
         354500      709.00000        0.00000

   Energies (kJ/mol)
       G96Angle    Proper Dih.          LJ-14     Coulomb-14        LJ (SR)
    5.97147e+02    3.64554e+02    2.16851e+04   -1.09794e+03    7.46715e+04
  Disper. corr.   Coulomb (SR)   Coul. recip.      Potential    Kinetic En.
   -4.68916e+03   -5.27891e+05    2.96371e+03   -4.33396e+05    8.60242e+04
   Total Energy  Conserved En.    Temperature Pres. DC (bar) Pressure (bar)
   -3.47372e+05   -6.46391e+05    3.09234e+02   -2.27289e+02   -5.48755e+01
   Constr. rmsd
    1.03004e-03

           Step           Time         Lambda
         355000      710.00000        0.00000

   Energies (kJ/mol)
       G96Angle    Proper Dih.          LJ-14     Coulomb-14        LJ (SR)
    5.97988e+02    4.33491e+02    2.16984e+04   -1.07798e+03    7.41891e+04
  Disper. corr.   Coulomb (SR)   Coul. recip.      Potential    Kinetic En.
   -4.68916e+03   -5.27701e+05    2.87201e+03   -4.33677e+05    8.62292e+04
   Total Energy  Conserved En.    Temperature Pres. DC (bar) Pressure (bar)
   -3.47448e+05   -6.46732e+05    3.09970e+02   -2.27289e+02   -6.69800e+01
   Constr. rmsd
    1.01439e-03

           Step           Time         Lambda
         355500      711.00000        0.00000

   Energies (kJ/mol)
       G96Angle    Proper Dih.          LJ-14     Coulomb-14        LJ (SR)
    6.53878e+02    4.17002e+02    2.18055e+04   -1.09840e+03    7.40105e+04
  Disper. corr.   Coulomb (SR)   Coul. recip.      Potential    Kinetic En.
   -4.68916e+03   -5.26995e+05    2.94245e+03   -4.32953e+05    8.67708e+04
   Total Energy  Conserved En.    Temperature Pres. DC (bar) Pressure (bar)
   -3.46182e+05   -6.47085e+05    3.11917e+02   -2.27289e+02    6.96533e+02
   Constr. rmsd
    8.92644e-04

           Step           Time         Lambda
         356000      712.00000        0.00000

   Energies (kJ/mol)
       G96Angle    Proper Dih.          LJ-14     Coulomb-14        LJ (SR)
    5.92969e+02    3.95025e+02    2.17027e+04   -1.10878e+03    7.46977e+04
  Disper. corr.   Coulomb (SR)   Coul. recip.      Potential    Kinetic En.
   -4.68916e+03   -5.27563e+05    2.80852e+03   -4.33164e+05    8.61232e+04
   Total Energy  Conserved En.    Temperature Pres. DC (bar) Pressure (bar)
   -3.47041e+05   -6.47464e+05    3.09589e+02   -2.27289e+02    3.99915e+02
   Constr. rmsd
    9.55080e-04

           Step           Time         Lambda
         356500      713.00000        0.00000

   Energies (kJ/mol)
       G96Angle    Proper Dih.          LJ-14     Coulomb-14        LJ (SR)
    5.60952e+02    3.85516e+02    2.17181e+04   -1.12691e+03    7.41101e+04
  Disper. corr.   Coulomb (SR)   Coul. recip.      Potential    Kinetic En.
   -4.68916e+03   -5.26625e+05    2.83295e+03   -4.32833e+05    8.66936e+04
   Total Energy  Conserved En.    Temperature Pres. DC (bar) Pressure (bar)
   -3.46140e+05   -6.47783e+05    3.11640e+02   -2.27289e+02    3.77110e+02
   Constr. rmsd
    9.56240e-04

           Step           Time         Lambda
         357000      714.00000        0.00000

   Energies (kJ/mol)
       G96Angle    Proper Dih.          LJ-14     Coulomb-14        LJ (SR)
    5.90111e+02    3.81138e+02    2.17580e+04   -1.10082e+03    7.49598e+04
  Disper. corr.   Coulomb (SR)   Coul. recip.      Potential    Kinetic En.
   -4.68916e+03   -5.28058e+05    2.92587e+03   -4.33233e+05    8.54222e+04
   Total Energy  Conserved En.    Temperature Pres. DC (bar) Pressure (bar)
   -3.47810e+05   -6.48105e+05    3.07070e+02   -2.27289e+02    6.70996e+02
   Constr. rmsd
    9.17697e-04

           Step           Time         Lambda
         357500      715.00000        0.00000

   Energies (kJ/mol)
       G96Angle    Proper Dih.          LJ-14     Coulomb-14        LJ (SR)
    6.21137e+02    4.18089e+02    2.17927e+04   -1.10640e+03    7.48879e+04
  Disper. corr.   Coulomb (SR)   Coul. recip.      Potential    Kinetic En.
   -4.68916e+03   -5.28447e+05    2.85774e+03   -4.33665e+05    8.59351e+04
   Total Energy  Conserved En.    Temperature Pres. DC (bar) Pressure (bar)
   -3.47730e+05   -6.48435e+05    3.08913e+02   -2.27289e+02    7.50953e+02
   Constr. rmsd
    8.95607e-04

           Step           Time         Lambda
         358000      716.00000        0.00000

   Energies (kJ/mol)
       G96Angle    Proper Dih.          LJ-14     Coulomb-14        LJ (SR)
    5.78658e+02    4.49476e+02    2.18337e+04   -1.09829e+03    7.44553e+04
  Disper. corr.   Coulomb (SR)   Coul. recip.      Potential    Kinetic En.
   -4.68916e+03   -5.27777e+05    2.82031e+03   -4.33427e+05    8.56513e+04
   Total Energy  Conserved En.    Temperature Pres. DC (bar) Pressure (bar)
   -3.47776e+05   -6.48723e+05    3.07893e+02   -2.27289e+02    9.43057e+02
   Constr. rmsd
    8.36068e-04

           Step           Time         Lambda
         358500      717.00000        0.00000

   Energies (kJ/mol)
       G96Angle    Proper Dih.          LJ-14     Coulomb-14        LJ (SR)
    5.84759e+02    3.90321e+02    2.17364e+04   -1.10621e+03    7.53654e+04
  Disper. corr.   Coulomb (SR)   Coul. recip.      Potential    Kinetic En.
   -4.68916e+03   -5.29347e+05    2.78632e+03   -4.34279e+05    8.61575e+04
   Total Energy  Conserved En.    Temperature Pres. DC (bar) Pressure (bar)
   -3.48121e+05   -6.49102e+05    3.09713e+02   -2.27289e+02    5.46029e+02
   Constr. rmsd
    9.36053e-04

           Step           Time         Lambda
         359000      718.00000        0.00000

   Energies (kJ/mol)
       G96Angle    Proper Dih.          LJ-14     Coulomb-14        LJ (SR)
    5.57170e+02    4.27595e+02    2.17222e+04   -1.09631e+03    7.45843e+04
  Disper. corr.   Coulomb (SR)   Coul. recip.      Potential    Kinetic En.
   -4.68916e+03   -5.28350e+05    2.93803e+03   -4.33906e+05    8.62812e+04
   Total Energy  Conserved En.    Temperature Pres. DC (bar) Pressure (bar)
   -3.47625e+05   -6.49446e+05    3.10157e+02   -2.27289e+02    6.55345e+02
   Constr. rmsd
    8.94244e-04

           Step           Time         Lambda
         359500      719.00000        0.00000

   Energies (kJ/mol)
       G96Angle    Proper Dih.          LJ-14     Coulomb-14        LJ (SR)
    5.87952e+02    4.21119e+02    2.17910e+04   -1.07651e+03    7.51929e+04
  Disper. corr.   Coulomb (SR)   Coul. recip.      Potential    Kinetic En.
   -4.68916e+03   -5.28747e+05    2.94276e+03   -4.33577e+05    8.60122e+04
   Total Energy  Conserved En.    Temperature Pres. DC (bar) Pressure (bar)
   -3.47565e+05   -6.49797e+05    3.09190e+02   -2.27289e+02    6.18384e+02
   Constr. rmsd
    9.15432e-04

           Step           Time         Lambda
         360000      720.00000        0.00000

   Energies (kJ/mol)
       G96Angle    Proper Dih.          LJ-14     Coulomb-14        LJ (SR)
    5.87275e+02    3.98488e+02    2.17065e+04   -1.08734e+03    7.55332e+04
  Disper. corr.   Coulomb (SR)   Coul. recip.      Potential    Kinetic En.
   -4.68916e+03   -5.28615e+05    2.84642e+03   -4.33319e+05    8.58604e+04
   Total Energy  Conserved En.    Temperature Pres. DC (bar) Pressure (bar)
   -3.47459e+05   -6.50189e+05    3.08645e+02   -2.27289e+02    5.45016e+02
   Constr. rmsd
    9.49531e-04

           Step           Time         Lambda
         360500      721.00000        0.00000

   Energies (kJ/mol)
       G96Angle    Proper Dih.          LJ-14     Coulomb-14        LJ (SR)
    6.06036e+02    3.87673e+02    2.17361e+04   -1.09353e+03    7.41780e+04
  Disper. corr.   Coulomb (SR)   Coul. recip.      Potential    Kinetic En.
   -4.68916e+03   -5.28463e+05    2.81438e+03   -4.34523e+05    8.66916e+04
   Total Energy  Conserved En.    Temperature Pres. DC (bar) Pressure (bar)
   -3.47832e+05   -6.50544e+05    3.11633e+02   -2.27289e+02    6.65974e+01
   Constr. rmsd
    9.80352e-04

           Step           Time         Lambda
         361000      722.00000        0.00000

   Energies (kJ/mol)
       G96Angle    Proper Dih.          LJ-14     Coulomb-14        LJ (SR)
    5.85678e+02    3.92568e+02    2.17445e+04   -1.09605e+03    7.43005e+04
  Disper. corr.   Coulomb (SR)   Coul. recip.      Potential    Kinetic En.
   -4.68916e+03   -5.26844e+05    2.85216e+03   -4.32753e+05    8.70758e+04
   Total Energy  Conserved En.    Temperature Pres. DC (bar) Pressure (bar)
   -3.45677e+05   -6.50900e+05    3.13014e+02   -2.27289e+02    1.77676e+02
   Constr. rmsd
    9.96817e-04

           Step           Time         Lambda
         361500      723.00000        0.00000

   Energies (kJ/mol)
       G96Angle    Proper Dih.          LJ-14     Coulomb-14        LJ (SR)
    5.55047e+02    4.12009e+02    2.17230e+04   -1.09219e+03    7.40726e+04
  Disper. corr.   Coulomb (SR)   Coul. recip.      Potential    Kinetic En.
   -4.68916e+03   -5.26778e+05    2.88637e+03   -4.32911e+05    8.65013e+04
   Total Energy  Conserved En.    Temperature Pres. DC (bar) Pressure (bar)
   -3.46409e+05   -6.51226e+05    3.10949e+02   -2.27289e+02   -3.38008e+01
   Constr. rmsd
    1.01333e-03

           Step           Time         Lambda
         362000      724.00000        0.00000

   Energies (kJ/mol)
       G96Angle    Proper Dih.          LJ-14     Coulomb-14        LJ (SR)
    5.28197e+02    3.80410e+02    2.16583e+04   -1.08448e+03    7.37688e+04
  Disper. corr.   Coulomb (SR)   Coul. recip.      Potential    Kinetic En.
   -4.68916e+03   -5.28423e+05    2.88871e+03   -4.34972e+05    8.65651e+04
   Total Energy  Conserved En.    Temperature Pres. DC (bar) Pressure (bar)
   -3.48407e+05   -6.51582e+05    3.11178e+02   -2.27289e+02   -2.52842e+02
   Constr. rmsd
    1.02473e-03

           Step           Time         Lambda
         362500      725.00000        0.00000

   Energies (kJ/mol)
       G96Angle    Proper Dih.          LJ-14     Coulomb-14        LJ (SR)
    5.94662e+02    3.90163e+02    2.17084e+04   -1.06633e+03    7.41277e+04
  Disper. corr.   Coulomb (SR)   Coul. recip.      Potential    Kinetic En.
   -4.68916e+03   -5.26666e+05    2.82114e+03   -4.32780e+05    8.65365e+04
   Total Energy  Conserved En.    Temperature Pres. DC (bar) Pressure (bar)
   -3.46243e+05   -6.51891e+05    3.11075e+02   -2.27289e+02    2.72542e+02
   Constr. rmsd
    9.58087e-04

           Step           Time         Lambda
         363000      726.00000        0.00000

   Energies (kJ/mol)
       G96Angle    Proper Dih.          LJ-14     Coulomb-14        LJ (SR)
    6.27819e+02    4.34215e+02    2.17895e+04   -1.11189e+03    7.41443e+04
  Disper. corr.   Coulomb (SR)   Coul. recip.      Potential    Kinetic En.
   -4.68916e+03   -5.27347e+05    2.91250e+03   -4.33239e+05    8.64006e+04
   Total Energy  Conserved En.    Temperature Pres. DC (bar) Pressure (bar)
   -3.46839e+05   -6.52204e+05    3.10587e+02   -2.27289e+02    5.14087e+02
   Constr. rmsd
    9.22926e-04

           Step           Time         Lambda
         363500      727.00000        0.00000

   Energies (kJ/mol)
       G96Angle    Proper Dih.          LJ-14     Coulomb-14        LJ (SR)
    5.86294e+02    4.11797e+02    2.17309e+04   -1.09950e+03    7.48221e+04
  Disper. corr.   Coulomb (SR)   Coul. recip.      Potential    Kinetic En.
   -4.68916e+03   -5.26492e+05    2.96567e+03   -4.31764e+05    8.60252e+04
   Total Energy  Conserved En.    Temperature Pres. DC (bar) Pressure (bar)
   -3.45739e+05   -6.52524e+05    3.09237e+02   -2.27289e+02    5.94504e+02
   Constr. rmsd
    9.45376e-04

Writing checkpoint, step 363560 at Wed Apr  4 17:03:55 2018


           Step           Time         Lambda
         364000      728.00000        0.00000

   Energies (kJ/mol)
       G96Angle    Proper Dih.          LJ-14     Coulomb-14        LJ (SR)
    5.84762e+02    3.86429e+02    2.17336e+04   -1.09935e+03    7.47614e+04
  Disper. corr.   Coulomb (SR)   Coul. recip.      Potential    Kinetic En.
   -4.68916e+03   -5.28580e+05    2.86160e+03   -4.34040e+05    8.60163e+04
   Total Energy  Conserved En.    Temperature Pres. DC (bar) Pressure (bar)
   -3.48024e+05   -6.52886e+05    3.09205e+02   -2.27289e+02    1.90792e+02
   Constr. rmsd
    9.78250e-04

           Step           Time         Lambda
         364500      729.00000        0.00000

   Energies (kJ/mol)
       G96Angle    Proper Dih.          LJ-14     Coulomb-14        LJ (SR)
    5.50767e+02    4.08343e+02    2.16806e+04   -1.07511e+03    7.38840e+04
  Disper. corr.   Coulomb (SR)   Coul. recip.      Potential    Kinetic En.
   -4.68916e+03   -5.27831e+05    2.80711e+03   -4.34265e+05    8.59386e+04
   Total Energy  Conserved En.    Temperature Pres. DC (bar) Pressure (bar)
   -3.48326e+05   -6.53246e+05    3.08926e+02   -2.27289e+02   -1.59086e+02
   Constr. rmsd
    1.02325e-03

           Step           Time         Lambda
         365000      730.00000        0.00000

   Energies (kJ/mol)
       G96Angle    Proper Dih.          LJ-14     Coulomb-14        LJ (SR)
    6.06602e+02    4.35992e+02    2.17504e+04   -1.10336e+03    7.33793e+04
  Disper. corr.   Coulomb (SR)   Coul. recip.      Potential    Kinetic En.
   -4.68916e+03   -5.26010e+05    2.88986e+03   -4.32741e+05    8.66028e+04
   Total Energy  Conserved En.    Temperature Pres. DC (bar) Pressure (bar)
   -3.46138e+05   -6.53567e+05    3.11314e+02   -2.27289e+02    4.20800e+02
   Constr. rmsd
    9.30306e-04

           Step           Time         Lambda
         365500      731.00000        0.00000

   Energies (kJ/mol)
       G96Angle    Proper Dih.          LJ-14     Coulomb-14        LJ (SR)
    5.72364e+02    4.13859e+02    2.17638e+04   -1.08355e+03    7.43691e+04
  Disper. corr.   Coulomb (SR)   Coul. recip.      Potential    Kinetic En.
   -4.68916e+03   -5.26918e+05    2.90451e+03   -4.32667e+05    8.62706e+04
   Total Energy  Conserved En.    Temperature Pres. DC (bar) Pressure (bar)
   -3.46396e+05   -6.53881e+05    3.10119e+02   -2.27289e+02    4.80993e+02
   Constr. rmsd
    9.37637e-04

           Step           Time         Lambda
         366000      732.00000        0.00000

   Energies (kJ/mol)
       G96Angle    Proper Dih.          LJ-14     Coulomb-14        LJ (SR)
    5.68435e+02    4.31914e+02    2.17462e+04   -1.09690e+03    7.28831e+04
  Disper. corr.   Coulomb (SR)   Coul. recip.      Potential    Kinetic En.
   -4.68916e+03   -5.25258e+05    2.95091e+03   -4.32463e+05    8.67954e+04
   Total Energy  Conserved En.    Temperature Pres. DC (bar) Pressure (bar)
   -3.45668e+05   -6.54234e+05    3.12006e+02   -2.27289e+02    4.32725e+02
   Constr. rmsd
    9.10837e-04

           Step           Time         Lambda
         366500      733.00000        0.00000

   Energies (kJ/mol)
       G96Angle    Proper Dih.          LJ-14     Coulomb-14        LJ (SR)
    5.68875e+02    4.42507e+02    2.17536e+04   -1.06813e+03    7.50043e+04
  Disper. corr.   Coulomb (SR)   Coul. recip.      Potential    Kinetic En.
   -4.68916e+03   -5.27474e+05    2.88399e+03   -4.32579e+05    8.64461e+04
   Total Energy  Conserved En.    Temperature Pres. DC (bar) Pressure (bar)
   -3.46132e+05   -6.54577e+05    3.10750e+02   -2.27289e+02    6.27779e+02
   Constr. rmsd
    9.37527e-04

           Step           Time         Lambda
         367000      734.00000        0.00000

   Energies (kJ/mol)
       G96Angle    Proper Dih.          LJ-14     Coulomb-14        LJ (SR)
    5.49742e+02    4.28354e+02    2.17236e+04   -1.07703e+03    7.55574e+04
  Disper. corr.   Coulomb (SR)   Coul. recip.      Potential    Kinetic En.
   -4.68916e+03   -5.28629e+05    2.85870e+03   -4.33278e+05    8.58748e+04
   Total Energy  Conserved En.    Temperature Pres. DC (bar) Pressure (bar)
   -3.47403e+05   -6.54917e+05    3.08697e+02   -2.27289e+02    3.12178e+02
   Constr. rmsd
    9.97062e-04

           Step           Time         Lambda
         367500      735.00000        0.00000

   Energies (kJ/mol)
       G96Angle    Proper Dih.          LJ-14     Coulomb-14        LJ (SR)
    6.07398e+02    3.87148e+02    2.16907e+04   -1.08970e+03    7.43732e+04
  Disper. corr.   Coulomb (SR)   Coul. recip.      Potential    Kinetic En.
   -4.68916e+03   -5.27656e+05    2.89526e+03   -4.33481e+05    8.66131e+04
   Total Energy  Conserved En.    Temperature Pres. DC (bar) Pressure (bar)
   -3.46868e+05   -6.55286e+05    3.11350e+02   -2.27289e+02    4.80419e+01
   Constr. rmsd
    1.00948e-03

           Step           Time         Lambda
         368000      736.00000        0.00000

   Energies (kJ/mol)
       G96Angle    Proper Dih.          LJ-14     Coulomb-14        LJ (SR)
    6.04259e+02    4.22371e+02    2.17140e+04   -1.10370e+03    7.47195e+04
  Disper. corr.   Coulomb (SR)   Coul. recip.      Potential    Kinetic En.
   -4.68916e+03   -5.28014e+05    2.86796e+03   -4.33479e+05    8.56163e+04
   Total Energy  Conserved En.    Temperature Pres. DC (bar) Pressure (bar)
   -3.47862e+05   -6.55627e+05    3.07767e+02   -2.27289e+02    1.43699e+02
   Constr. rmsd
    9.98913e-04

           Step           Time         Lambda
         368500      737.00000        0.00000

   Energies (kJ/mol)
       G96Angle    Proper Dih.          LJ-14     Coulomb-14        LJ (SR)
    5.79400e+02    4.33812e+02    2.17426e+04   -1.07406e+03    7.30743e+04
  Disper. corr.   Coulomb (SR)   Coul. recip.      Potential    Kinetic En.
   -4.68916e+03   -5.25893e+05    2.85286e+03   -4.32973e+05    8.62105e+04
   Total Energy  Conserved En.    Temperature Pres. DC (bar) Pressure (bar)
   -3.46762e+05   -6.55982e+05    3.09903e+02   -2.27289e+02    1.00009e+02
   Constr. rmsd
    9.67181e-04

           Step           Time         Lambda
         369000      738.00000        0.00000

   Energies (kJ/mol)
       G96Angle    Proper Dih.          LJ-14     Coulomb-14        LJ (SR)
    6.27409e+02    4.21350e+02    2.18273e+04   -1.10422e+03    7.31044e+04
  Disper. corr.   Coulomb (SR)   Coul. recip.      Potential    Kinetic En.
   -4.68916e+03   -5.24715e+05    2.93613e+03   -4.31592e+05    8.62147e+04
   Total Energy  Conserved En.    Temperature Pres. DC (bar) Pressure (bar)
   -3.45377e+05   -6.56308e+05    3.09918e+02   -2.27289e+02    4.12374e+02
   Constr. rmsd
    9.36751e-04

           Step           Time         Lambda
         369500      739.00000        0.00000

   Energies (kJ/mol)
       G96Angle    Proper Dih.          LJ-14     Coulomb-14        LJ (SR)
    5.63686e+02    3.93128e+02    2.17746e+04   -1.10981e+03    7.45177e+04
  Disper. corr.   Coulomb (SR)   Coul. recip.      Potential    Kinetic En.
   -4.68916e+03   -5.27679e+05    2.89645e+03   -4.33333e+05    8.64330e+04
   Total Energy  Conserved En.    Temperature Pres. DC (bar) Pressure (bar)
   -3.46900e+05   -6.56658e+05    3.10703e+02   -2.27289e+02    4.52409e+02
   Constr. rmsd
    9.39561e-04

           Step           Time         Lambda
         370000      740.00000        0.00000

   Energies (kJ/mol)
       G96Angle    Proper Dih.          LJ-14     Coulomb-14        LJ (SR)
    6.37232e+02    3.92465e+02    2.17581e+04   -1.10893e+03    7.38546e+04
  Disper. corr.   Coulomb (SR)   Coul. recip.      Potential    Kinetic En.
   -4.68916e+03   -5.26182e+05    2.93501e+03   -4.32403e+05    8.61874e+04
   Total Energy  Conserved En.    Temperature Pres. DC (bar) Pressure (bar)
   -3.46215e+05   -6.57070e+05    3.09820e+02   -2.27289e+02    2.10907e+02
   Constr. rmsd
    9.90539e-04

           Step           Time         Lambda
         370500      741.00000        0.00000

   Energies (kJ/mol)
       G96Angle    Proper Dih.          LJ-14     Coulomb-14        LJ (SR)
    5.89468e+02    3.90863e+02    2.17266e+04   -1.07044e+03    7.41385e+04
  Disper. corr.   Coulomb (SR)   Coul. recip.      Potential    Kinetic En.
   -4.68916e+03   -5.27068e+05    2.89821e+03   -4.33084e+05    8.57505e+04
   Total Energy  Conserved En.    Temperature Pres. DC (bar) Pressure (bar)
   -3.47334e+05   -6.57425e+05    3.08250e+02   -2.27289e+02    5.79937e+02
   Constr. rmsd
    9.15038e-04

           Step           Time         Lambda
         371000      742.00000        0.00000

   Energies (kJ/mol)
       G96Angle    Proper Dih.          LJ-14     Coulomb-14        LJ (SR)
    6.43948e+02    4.29203e+02    2.16910e+04   -1.05987e+03    7.26348e+04
  Disper. corr.   Coulomb (SR)   Coul. recip.      Potential    Kinetic En.
   -4.68916e+03   -5.24275e+05    2.83619e+03   -4.31789e+05    8.70675e+04
   Total Energy  Conserved En.    Temperature Pres. DC (bar) Pressure (bar)
   -3.44722e+05   -6.57852e+05    3.12984e+02   -2.27289e+02   -6.31932e+02
   Constr. rmsd
    1.10552e-03

           Step           Time         Lambda
         371500      743.00000        0.00000

   Energies (kJ/mol)
       G96Angle    Proper Dih.          LJ-14     Coulomb-14        LJ (SR)
    5.90066e+02    3.94531e+02    2.17457e+04   -1.08129e+03    7.45854e+04
  Disper. corr.   Coulomb (SR)   Coul. recip.      Potential    Kinetic En.
   -4.68916e+03   -5.27642e+05    2.93371e+03   -4.33163e+05    8.67996e+04
   Total Energy  Conserved En.    Temperature Pres. DC (bar) Pressure (bar)
   -3.46364e+05   -6.58145e+05    3.12021e+02   -2.27289e+02    6.24104e+02
   Constr. rmsd
    9.17483e-04

           Step           Time         Lambda
         372000      744.00000        0.00000

   Energies (kJ/mol)
       G96Angle    Proper Dih.          LJ-14     Coulomb-14        LJ (SR)
    6.06634e+02    3.81622e+02    2.17465e+04   -1.10096e+03    7.41418e+04
  Disper. corr.   Coulomb (SR)   Coul. recip.      Potential    Kinetic En.
   -4.68916e+03   -5.25987e+05    2.89030e+03   -4.32011e+05    8.63314e+04
   Total Energy  Conserved En.    Temperature Pres. DC (bar) Pressure (bar)
   -3.45679e+05   -6.58556e+05    3.10338e+02   -2.27289e+02    9.19394e+01
   Constr. rmsd
    1.01265e-03

           Step           Time         Lambda
         372500      745.00000        0.00000

   Energies (kJ/mol)
       G96Angle    Proper Dih.          LJ-14     Coulomb-14        LJ (SR)
    6.24994e+02    4.15654e+02    2.16960e+04   -1.10416e+03    7.54482e+04
  Disper. corr.   Coulomb (SR)   Coul. recip.      Potential    Kinetic En.
   -4.68916e+03   -5.28518e+05    2.90916e+03   -4.33217e+05    8.60373e+04
   Total Energy  Conserved En.    Temperature Pres. DC (bar) Pressure (bar)
   -3.47180e+05   -6.58908e+05    3.09280e+02   -2.27289e+02    3.10921e+02
   Constr. rmsd
    9.86828e-04

           Step           Time         Lambda
         373000      746.00000        0.00000

   Energies (kJ/mol)
       G96Angle    Proper Dih.          LJ-14     Coulomb-14        LJ (SR)
    5.75301e+02    3.87417e+02    2.16685e+04   -1.08694e+03    7.46384e+04
  Disper. corr.   Coulomb (SR)   Coul. recip.      Potential    Kinetic En.
   -4.68916e+03   -5.28911e+05    2.90305e+03   -4.34515e+05    8.58826e+04
   Total Energy  Conserved En.    Temperature Pres. DC (bar) Pressure (bar)
   -3.48632e+05   -6.59286e+05    3.08725e+02   -2.27289e+02   -2.17975e+02
   Constr. rmsd
    1.04886e-03

           Step           Time         Lambda
         373500      747.00000        0.00000

   Energies (kJ/mol)
       G96Angle    Proper Dih.          LJ-14     Coulomb-14        LJ (SR)
    5.87899e+02    4.01513e+02    2.16987e+04   -1.09249e+03    7.37109e+04
  Disper. corr.   Coulomb (SR)   Coul. recip.      Potential    Kinetic En.
   -4.68916e+03   -5.27196e+05    2.92713e+03   -4.33651e+05    8.54248e+04
   Total Energy  Conserved En.    Temperature Pres. DC (bar) Pressure (bar)
   -3.48226e+05   -6.59594e+05    3.07079e+02   -2.27289e+02    4.29257e+02
   Constr. rmsd
    9.10258e-04

           Step           Time         Lambda
         374000      748.00000        0.00000

   Energies (kJ/mol)
       G96Angle    Proper Dih.          LJ-14     Coulomb-14        LJ (SR)
    5.81391e+02    4.08368e+02    2.17070e+04   -1.08022e+03    7.55441e+04
  Disper. corr.   Coulomb (SR)   Coul. recip.      Potential    Kinetic En.
   -4.68916e+03   -5.28982e+05    2.88637e+03   -4.33624e+05    8.55766e+04
   Total Energy  Conserved En.    Temperature Pres. DC (bar) Pressure (bar)
   -3.48047e+05   -6.59923e+05    3.07625e+02   -2.27289e+02    4.73556e+02
   Constr. rmsd
    9.59169e-04

           Step           Time         Lambda
         374500      749.00000        0.00000

   Energies (kJ/mol)
       G96Angle    Proper Dih.          LJ-14     Coulomb-14        LJ (SR)
    5.56013e+02    3.80435e+02    2.17097e+04   -1.08198e+03    7.44038e+04
  Disper. corr.   Coulomb (SR)   Coul. recip.      Potential    Kinetic En.
   -4.68916e+03   -5.27814e+05    2.93167e+03   -4.33603e+05    8.59044e+04
   Total Energy  Conserved En.    Temperature Pres. DC (bar) Pressure (bar)
   -3.47699e+05   -6.60256e+05    3.08803e+02   -2.27289e+02    2.54836e+02
   Constr. rmsd
    9.60175e-04

           Step           Time         Lambda
         375000      750.00000        0.00000

   Energies (kJ/mol)
       G96Angle    Proper Dih.          LJ-14     Coulomb-14        LJ (SR)
    6.31411e+02    4.52000e+02    2.17883e+04   -1.07700e+03    7.49459e+04
  Disper. corr.   Coulomb (SR)   Coul. recip.      Potential    Kinetic En.
   -4.68916e+03   -5.27309e+05    2.87893e+03   -4.32379e+05    8.63783e+04
   Total Energy  Conserved En.    Temperature Pres. DC (bar) Pressure (bar)
   -3.46000e+05   -6.60599e+05    3.10507e+02   -2.27289e+02    8.98475e+02
   Constr. rmsd
    8.87749e-04

           Step           Time         Lambda
         375500      751.00000        0.00000

   Energies (kJ/mol)
       G96Angle    Proper Dih.          LJ-14     Coulomb-14        LJ (SR)
    5.68261e+02    3.96608e+02    2.17187e+04   -1.10129e+03    7.41261e+04
  Disper. corr.   Coulomb (SR)   Coul. recip.      Potential    Kinetic En.
   -4.68916e+03   -5.27000e+05    2.82947e+03   -4.33151e+05    8.59445e+04
   Total Energy  Conserved En.    Temperature Pres. DC (bar) Pressure (bar)
   -3.47207e+05   -6.60966e+05    3.08947e+02   -2.27289e+02    2.30082e+02
   Constr. rmsd
    9.65618e-04

           Step           Time         Lambda
         376000      752.00000        0.00000

   Energies (kJ/mol)
       G96Angle    Proper Dih.          LJ-14     Coulomb-14        LJ (SR)
    5.96722e+02    4.12961e+02    2.17578e+04   -1.08039e+03    7.30434e+04
  Disper. corr.   Coulomb (SR)   Coul. recip.      Potential    Kinetic En.
   -4.68916e+03   -5.26168e+05    2.94755e+03   -4.33179e+05    8.64265e+04
   Total Energy  Conserved En.    Temperature Pres. DC (bar) Pressure (bar)
   -3.46753e+05   -6.61291e+05    3.10680e+02   -2.27289e+02    2.46895e+02
   Constr. rmsd
    9.37788e-04

           Step           Time         Lambda
         376500      753.00000        0.00000

   Energies (kJ/mol)
       G96Angle    Proper Dih.          LJ-14     Coulomb-14        LJ (SR)
    5.72969e+02    3.84045e+02    2.17043e+04   -1.10392e+03    7.46989e+04
  Disper. corr.   Coulomb (SR)   Coul. recip.      Potential    Kinetic En.
   -4.68916e+03   -5.27725e+05    3.01611e+03   -4.33142e+05    8.59336e+04
   Total Energy  Conserved En.    Temperature Pres. DC (bar) Pressure (bar)
   -3.47208e+05   -6.61651e+05    3.08908e+02   -2.27289e+02    9.78729e+01
   Constr. rmsd
    1.01635e-03

           Step           Time         Lambda
         377000      754.00000        0.00000

   Energies (kJ/mol)
       G96Angle    Proper Dih.          LJ-14     Coulomb-14        LJ (SR)
    5.57610e+02    4.12093e+02    2.17015e+04   -1.11060e+03    7.40134e+04
  Disper. corr.   Coulomb (SR)   Coul. recip.      Potential    Kinetic En.
   -4.68916e+03   -5.27636e+05    2.80665e+03   -4.33944e+05    8.72720e+04
   Total Energy  Conserved En.    Temperature Pres. DC (bar) Pressure (bar)
   -3.46672e+05   -6.62020e+05    3.13719e+02   -2.27289e+02   -4.04043e+01
   Constr. rmsd
    1.00107e-03

           Step           Time         Lambda
         377500      755.00000        0.00000

   Energies (kJ/mol)
       G96Angle    Proper Dih.          LJ-14     Coulomb-14        LJ (SR)
    6.27632e+02    3.74259e+02    2.16954e+04   -1.07845e+03    7.28650e+04
  Disper. corr.   Coulomb (SR)   Coul. recip.      Potential    Kinetic En.
   -4.68916e+03   -5.24920e+05    3.04056e+03   -4.32084e+05    8.66165e+04
   Total Energy  Conserved En.    Temperature Pres. DC (bar) Pressure (bar)
   -3.45468e+05   -6.62384e+05    3.11363e+02   -2.27289e+02   -1.88844e+02
   Constr. rmsd
    1.01961e-03

           Step           Time         Lambda
         378000      756.00000        0.00000

   Energies (kJ/mol)
       G96Angle    Proper Dih.          LJ-14     Coulomb-14        LJ (SR)
    6.03732e+02    4.25077e+02    2.17186e+04   -1.08350e+03    7.32265e+04
  Disper. corr.   Coulomb (SR)   Coul. recip.      Potential    Kinetic En.
   -4.68916e+03   -5.25011e+05    2.90424e+03   -4.31905e+05    8.54372e+04
   Total Energy  Conserved En.    Temperature Pres. DC (bar) Pressure (bar)
   -3.46468e+05   -6.62674e+05    3.07123e+02   -2.27289e+02    3.21661e+02
   Constr. rmsd
    9.45374e-04

           Step           Time         Lambda
         378500      757.00000        0.00000

   Energies (kJ/mol)
       G96Angle    Proper Dih.          LJ-14     Coulomb-14        LJ (SR)
    6.03490e+02    4.04006e+02    2.16709e+04   -1.10207e+03    7.53975e+04
  Disper. corr.   Coulomb (SR)   Coul. recip.      Potential    Kinetic En.
   -4.68916e+03   -5.28944e+05    2.91424e+03   -4.33745e+05    8.63316e+04
   Total Energy  Conserved En.    Temperature Pres. DC (bar) Pressure (bar)
   -3.47414e+05   -6.63004e+05    3.10338e+02   -2.27289e+02    5.27412e+02
   Constr. rmsd
    9.47782e-04

           Step           Time         Lambda
         379000      758.00000        0.00000

   Energies (kJ/mol)
       G96Angle    Proper Dih.          LJ-14     Coulomb-14        LJ (SR)
    6.25609e+02    4.28840e+02    2.17278e+04   -1.11117e+03    7.39108e+04
  Disper. corr.   Coulomb (SR)   Coul. recip.      Potential    Kinetic En.
   -4.68916e+03   -5.26639e+05    2.85526e+03   -4.32891e+05    8.59260e+04
   Total Energy  Conserved En.    Temperature Pres. DC (bar) Pressure (bar)
   -3.46965e+05   -6.63352e+05    3.08881e+02   -2.27289e+02    1.15431e+02
   Constr. rmsd
    9.82470e-04

           Step           Time         Lambda
         379500      759.00000        0.00000

   Energies (kJ/mol)
       G96Angle    Proper Dih.          LJ-14     Coulomb-14        LJ (SR)
    5.73336e+02    4.13026e+02    2.16049e+04   -1.07853e+03    7.43881e+04
  Disper. corr.   Coulomb (SR)   Coul. recip.      Potential    Kinetic En.
   -4.68916e+03   -5.27865e+05    2.89520e+03   -4.33758e+05    8.63916e+04
   Total Energy  Conserved En.    Temperature Pres. DC (bar) Pressure (bar)
   -3.47366e+05   -6.63720e+05    3.10554e+02   -2.27289e+02   -2.05092e+02
   Constr. rmsd
    1.04853e-03

           Step           Time         Lambda
         380000      760.00000        0.00000

   Energies (kJ/mol)
       G96Angle    Proper Dih.          LJ-14     Coulomb-14        LJ (SR)
    5.99955e+02    3.97802e+02    2.17524e+04   -1.08400e+03    7.45116e+04
  Disper. corr.   Coulomb (SR)   Coul. recip.      Potential    Kinetic En.
   -4.68916e+03   -5.27075e+05    2.84270e+03   -4.32744e+05    8.60530e+04
   Total Energy  Conserved En.    Temperature Pres. DC (bar) Pressure (bar)
   -3.46691e+05   -6.64026e+05    3.09337e+02   -2.27289e+02    3.50384e+02
   Constr. rmsd
    9.62396e-04

           Step           Time         Lambda
         380500      761.00000        0.00000

   Energies (kJ/mol)
       G96Angle    Proper Dih.          LJ-14     Coulomb-14        LJ (SR)
    6.01062e+02    4.03336e+02    2.17085e+04   -1.09033e+03    7.45829e+04
  Disper. corr.   Coulomb (SR)   Coul. recip.      Potential    Kinetic En.
   -4.68916e+03   -5.27572e+05    2.93935e+03   -4.33116e+05    8.52946e+04
   Total Energy  Conserved En.    Temperature Pres. DC (bar) Pressure (bar)
   -3.47822e+05   -6.64353e+05    3.06611e+02   -2.27289e+02    4.83669e+02
   Constr. rmsd
    9.32041e-04

           Step           Time         Lambda
         381000      762.00000        0.00000

   Energies (kJ/mol)
       G96Angle    Proper Dih.          LJ-14     Coulomb-14        LJ (SR)
    6.51976e+02    4.19109e+02    2.17383e+04   -1.10755e+03    7.41066e+04
  Disper. corr.   Coulomb (SR)   Coul. recip.      Potential    Kinetic En.
   -4.68916e+03   -5.25829e+05    2.83333e+03   -4.31876e+05    8.61312e+04
   Total Energy  Conserved En.    Temperature Pres. DC (bar) Pressure (bar)
   -3.45745e+05   -6.64694e+05    3.09618e+02   -2.27289e+02    4.38692e+02
   Constr. rmsd
    9.44104e-04

           Step           Time         Lambda
         381500      763.00000        0.00000

   Energies (kJ/mol)
       G96Angle    Proper Dih.          LJ-14     Coulomb-14        LJ (SR)
    5.85256e+02    3.86510e+02    2.17791e+04   -1.08938e+03    7.39764e+04
  Disper. corr.   Coulomb (SR)   Coul. recip.      Potential    Kinetic En.
   -4.68916e+03   -5.25819e+05    2.86873e+03   -4.32001e+05    8.63319e+04
   Total Energy  Conserved En.    Temperature Pres. DC (bar) Pressure (bar)
   -3.45669e+05   -6.65067e+05    3.10339e+02   -2.27289e+02    5.91186e+02
   Constr. rmsd
    9.14469e-04

           Step           Time         Lambda
         382000      764.00000        0.00000

   Energies (kJ/mol)
       G96Angle    Proper Dih.          LJ-14     Coulomb-14        LJ (SR)
    5.91481e+02    3.84238e+02    2.16909e+04   -1.10779e+03    7.55342e+04
  Disper. corr.   Coulomb (SR)   Coul. recip.      Potential    Kinetic En.
   -4.68916e+03   -5.28957e+05    2.86300e+03   -4.33690e+05    8.61458e+04
   Total Energy  Conserved En.    Temperature Pres. DC (bar) Pressure (bar)
   -3.47545e+05   -6.65460e+05    3.09671e+02   -2.27289e+02    5.98410e+02
   Constr. rmsd
    9.32972e-04

           Step           Time         Lambda
         382500      765.00000        0.00000

   Energies (kJ/mol)
       G96Angle    Proper Dih.          LJ-14     Coulomb-14        LJ (SR)
    6.19857e+02    4.11989e+02    2.17699e+04   -1.09511e+03    7.31540e+04
  Disper. corr.   Coulomb (SR)   Coul. recip.      Potential    Kinetic En.
   -4.68916e+03   -5.25801e+05    2.90622e+03   -4.32723e+05    8.61875e+04
   Total Energy  Conserved En.    Temperature Pres. DC (bar) Pressure (bar)
   -3.46536e+05   -6.65783e+05    3.09821e+02   -2.27289e+02    2.90109e+02
   Constr. rmsd
    9.29441e-04

           Step           Time         Lambda
         383000      766.00000        0.00000

   Energies (kJ/mol)
       G96Angle    Proper Dih.          LJ-14     Coulomb-14        LJ (SR)
    6.01223e+02    4.02403e+02    2.16682e+04   -1.09605e+03    7.41541e+04
  Disper. corr.   Coulomb (SR)   Coul. recip.      Potential    Kinetic En.
   -4.68916e+03   -5.27309e+05    2.85365e+03   -4.33415e+05    8.54439e+04
   Total Energy  Conserved En.    Temperature Pres. DC (bar) Pressure (bar)
   -3.47971e+05   -6.66096e+05    3.07147e+02   -2.27289e+02   -4.16100e+01
   Constr. rmsd
    1.01693e-03

           Step           Time         Lambda
         383500      767.00000        0.00000

   Energies (kJ/mol)
       G96Angle    Proper Dih.          LJ-14     Coulomb-14        LJ (SR)
    5.71552e+02    4.06222e+02    2.16704e+04   -1.08520e+03    7.38277e+04
  Disper. corr.   Coulomb (SR)   Coul. recip.      Potential    Kinetic En.
   -4.68916e+03   -5.27210e+05    2.75310e+03   -4.33756e+05    8.63158e+04
   Total Energy  Conserved En.    Temperature Pres. DC (bar) Pressure (bar)
   -3.47440e+05   -6.66433e+05    3.10282e+02   -2.27289e+02    5.49605e+01
   Constr. rmsd
    9.85322e-04

           Step           Time         Lambda
         384000      768.00000        0.00000

   Energies (kJ/mol)
       G96Angle    Proper Dih.          LJ-14     Coulomb-14        LJ (SR)
    6.38536e+02    3.77334e+02    2.17198e+04   -1.08153e+03    7.38543e+04
  Disper. corr.   Coulomb (SR)   Coul. recip.      Potential    Kinetic En.
   -4.68916e+03   -5.27119e+05    2.88666e+03   -4.33413e+05    8.62436e+04
   Total Energy  Conserved En.    Temperature Pres. DC (bar) Pressure (bar)
   -3.47169e+05   -6.66775e+05    3.10022e+02   -2.27289e+02    1.54368e+02
   Constr. rmsd
    9.66478e-04

           Step           Time         Lambda
         384500      769.00000        0.00000

   Energies (kJ/mol)
       G96Angle    Proper Dih.          LJ-14     Coulomb-14        LJ (SR)
    5.48898e+02    3.88885e+02    2.16796e+04   -1.09892e+03    7.50115e+04
  Disper. corr.   Coulomb (SR)   Coul. recip.      Potential    Kinetic En.
   -4.68916e+03   -5.27275e+05    3.01421e+03   -4.32420e+05    8.64126e+04
   Total Energy  Conserved En.    Temperature Pres. DC (bar) Pressure (bar)
   -3.46007e+05   -6.67139e+05    3.10630e+02   -2.27289e+02    1.66363e+02
   Constr. rmsd
    1.01344e-03

           Step           Time         Lambda
         385000      770.00000        0.00000

   Energies (kJ/mol)
       G96Angle    Proper Dih.          LJ-14     Coulomb-14        LJ (SR)
    5.59838e+02    4.11061e+02    2.17193e+04   -1.07427e+03    7.60078e+04
  Disper. corr.   Coulomb (SR)   Coul. recip.      Potential    Kinetic En.
   -4.68916e+03   -5.29748e+05    2.84235e+03   -4.33971e+05    8.60899e+04
   Total Energy  Conserved En.    Temperature Pres. DC (bar) Pressure (bar)
   -3.47881e+05   -6.67472e+05    3.09469e+02   -2.27289e+02    5.86676e+02
   Constr. rmsd
    9.43300e-04

           Step           Time         Lambda
         385500      771.00000        0.00000

   Energies (kJ/mol)
       G96Angle    Proper Dih.          LJ-14     Coulomb-14        LJ (SR)
    6.27392e+02    4.59173e+02    2.17476e+04   -1.05637e+03    7.47789e+04
  Disper. corr.   Coulomb (SR)   Coul. recip.      Potential    Kinetic En.
   -4.68916e+03   -5.27656e+05    2.99457e+03   -4.32794e+05    8.60925e+04
   Total Energy  Conserved En.    Temperature Pres. DC (bar) Pressure (bar)
   -3.46702e+05   -6.67830e+05    3.09479e+02   -2.27289e+02    4.50808e+02
   Constr. rmsd
    9.45557e-04

           Step           Time         Lambda
         386000      772.00000        0.00000

   Energies (kJ/mol)
       G96Angle    Proper Dih.          LJ-14     Coulomb-14        LJ (SR)
    6.29224e+02    3.88841e+02    2.16960e+04   -1.09922e+03    7.47236e+04
  Disper. corr.   Coulomb (SR)   Coul. recip.      Potential    Kinetic En.
   -4.68916e+03   -5.28613e+05    2.84579e+03   -4.34118e+05    8.66147e+04
   Total Energy  Conserved En.    Temperature Pres. DC (bar) Pressure (bar)
   -3.47503e+05   -6.68196e+05    3.11356e+02   -2.27289e+02    1.01334e+02
   Constr. rmsd
    9.93243e-04

           Step           Time         Lambda
         386500      773.00000        0.00000

   Energies (kJ/mol)
       G96Angle    Proper Dih.          LJ-14     Coulomb-14        LJ (SR)
    6.52298e+02    3.81260e+02    2.16832e+04   -1.11120e+03    7.36129e+04
  Disper. corr.   Coulomb (SR)   Coul. recip.      Potential    Kinetic En.
   -4.68916e+03   -5.26918e+05    2.86654e+03   -4.33522e+05    8.65800e+04
   Total Energy  Conserved En.    Temperature Pres. DC (bar) Pressure (bar)
   -3.46942e+05   -6.68553e+05    3.11231e+02   -2.27289e+02   -1.24564e+02
   Constr. rmsd
    1.01784e-03

           Step           Time         Lambda
         387000      774.00000        0.00000

   Energies (kJ/mol)
       G96Angle    Proper Dih.          LJ-14     Coulomb-14        LJ (SR)
    6.23564e+02    4.20626e+02    2.17836e+04   -1.09892e+03    7.34383e+04
  Disper. corr.   Coulomb (SR)   Coul. recip.      Potential    Kinetic En.
   -4.68916e+03   -5.26173e+05    2.87581e+03   -4.32819e+05    8.69501e+04
   Total Energy  Conserved En.    Temperature Pres. DC (bar) Pressure (bar)
   -3.45869e+05   -6.68857e+05    3.12562e+02   -2.27289e+02    3.24138e+02
   Constr. rmsd
    9.41521e-04

Writing checkpoint, step 387080 at Wed Apr  4 17:18:55 2018


           Step           Time         Lambda
         387500      775.00000        0.00000

   Energies (kJ/mol)
       G96Angle    Proper Dih.          LJ-14     Coulomb-14        LJ (SR)
    6.18428e+02    4.09861e+02    2.17907e+04   -1.08441e+03    7.47844e+04
  Disper. corr.   Coulomb (SR)   Coul. recip.      Potential    Kinetic En.
   -4.68916e+03   -5.26792e+05    2.91644e+03   -4.32046e+05    8.61233e+04
   Total Energy  Conserved En.    Temperature Pres. DC (bar) Pressure (bar)
   -3.45922e+05   -6.69200e+05    3.09590e+02   -2.27289e+02    7.28634e+02
   Constr. rmsd
    9.12975e-04

           Step           Time         Lambda
         388000      776.00000        0.00000

   Energies (kJ/mol)
       G96Angle    Proper Dih.          LJ-14     Coulomb-14        LJ (SR)
    6.06780e+02    4.36005e+02    2.17643e+04   -1.08787e+03    7.39936e+04
  Disper. corr.   Coulomb (SR)   Coul. recip.      Potential    Kinetic En.
   -4.68916e+03   -5.26486e+05    2.97454e+03   -4.32488e+05    8.64031e+04
   Total Energy  Conserved En.    Temperature Pres. DC (bar) Pressure (bar)
   -3.46085e+05   -6.69544e+05    3.10596e+02   -2.27289e+02    1.13840e+02
   Constr. rmsd
    9.82545e-04

           Step           Time         Lambda
         388500      777.00000        0.00000

   Energies (kJ/mol)
       G96Angle    Proper Dih.          LJ-14     Coulomb-14        LJ (SR)
    6.29627e+02    3.90471e+02    2.17122e+04   -1.08028e+03    7.38205e+04
  Disper. corr.   Coulomb (SR)   Coul. recip.      Potential    Kinetic En.
   -4.68916e+03   -5.27208e+05    2.95506e+03   -4.33470e+05    8.57572e+04
   Total Energy  Conserved En.    Temperature Pres. DC (bar) Pressure (bar)
   -3.47713e+05   -6.69863e+05    3.08274e+02   -2.27289e+02    6.37792e+01
   Constr. rmsd
    9.81400e-04

           Step           Time         Lambda
         389000      778.00000        0.00000

   Energies (kJ/mol)
       G96Angle    Proper Dih.          LJ-14     Coulomb-14        LJ (SR)
    5.68057e+02    4.24790e+02    2.16876e+04   -1.08695e+03    7.49839e+04
  Disper. corr.   Coulomb (SR)   Coul. recip.      Potential    Kinetic En.
   -4.68916e+03   -5.28590e+05    2.84836e+03   -4.33853e+05    8.60524e+04
   Total Energy  Conserved En.    Temperature Pres. DC (bar) Pressure (bar)
   -3.47801e+05   -6.70171e+05    3.09335e+02   -2.27289e+02    5.18415e+02
   Constr. rmsd
    9.27770e-04

           Step           Time         Lambda
         389500      779.00000        0.00000

   Energies (kJ/mol)
       G96Angle    Proper Dih.          LJ-14     Coulomb-14        LJ (SR)
    5.98935e+02    4.35077e+02    2.17144e+04   -1.09517e+03    7.51245e+04
  Disper. corr.   Coulomb (SR)   Coul. recip.      Potential    Kinetic En.
   -4.68916e+03   -5.29098e+05    2.81184e+03   -4.34198e+05    8.63132e+04
   Total Energy  Conserved En.    Temperature Pres. DC (bar) Pressure (bar)
   -3.47884e+05   -6.70504e+05    3.10272e+02   -2.27289e+02    1.56239e+02
   Constr. rmsd
    9.95658e-04

           Step           Time         Lambda
         390000      780.00000        0.00000

   Energies (kJ/mol)
       G96Angle    Proper Dih.          LJ-14     Coulomb-14        LJ (SR)
    6.11076e+02    4.17776e+02    2.17664e+04   -1.07279e+03    7.38355e+04
  Disper. corr.   Coulomb (SR)   Coul. recip.      Potential    Kinetic En.
   -4.68916e+03   -5.27158e+05    2.92784e+03   -4.33362e+05    8.62720e+04
   Total Energy  Conserved En.    Temperature Pres. DC (bar) Pressure (bar)
   -3.47090e+05   -6.70832e+05    3.10124e+02   -2.27289e+02    1.97220e+02
   Constr. rmsd
    9.60175e-04

           Step           Time         Lambda
         390500      781.00000        0.00000

   Energies (kJ/mol)
       G96Angle    Proper Dih.          LJ-14     Coulomb-14        LJ (SR)
    6.37620e+02    3.57762e+02    2.17488e+04   -1.08090e+03    7.32141e+04
  Disper. corr.   Coulomb (SR)   Coul. recip.      Potential    Kinetic En.
   -4.68916e+03   -5.26088e+05    2.83988e+03   -4.33060e+05    8.58812e+04
   Total Energy  Conserved En.    Temperature Pres. DC (bar) Pressure (bar)
   -3.47179e+05   -6.71182e+05    3.08719e+02   -2.27289e+02    4.51442e+01
   Constr. rmsd
    9.69590e-04

           Step           Time         Lambda
         391000      782.00000        0.00000

   Energies (kJ/mol)
       G96Angle    Proper Dih.          LJ-14     Coulomb-14        LJ (SR)
    5.79945e+02    3.90069e+02    2.16887e+04   -1.09345e+03    7.48379e+04
  Disper. corr.   Coulomb (SR)   Coul. recip.      Potential    Kinetic En.
   -4.68916e+03   -5.28127e+05    2.87092e+03   -4.33543e+05    8.59467e+04
   Total Energy  Conserved En.    Temperature Pres. DC (bar) Pressure (bar)
   -3.47596e+05   -6.71606e+05    3.08955e+02   -2.27289e+02    2.34221e+02
   Constr. rmsd
    9.75890e-04

           Step           Time         Lambda
         391500      783.00000        0.00000

   Energies (kJ/mol)
       G96Angle    Proper Dih.          LJ-14     Coulomb-14        LJ (SR)
    5.57290e+02    4.21881e+02    2.17297e+04   -1.08629e+03    7.50272e+04
  Disper. corr.   Coulomb (SR)   Coul. recip.      Potential    Kinetic En.
   -4.68916e+03   -5.28665e+05    2.91704e+03   -4.33788e+05    8.68050e+04
   Total Energy  Conserved En.    Temperature Pres. DC (bar) Pressure (bar)
   -3.46983e+05   -6.71941e+05    3.12040e+02   -2.27289e+02    6.74139e+02
   Constr. rmsd
    9.06797e-04

           Step           Time         Lambda
         392000      784.00000        0.00000

   Energies (kJ/mol)
       G96Angle    Proper Dih.          LJ-14     Coulomb-14        LJ (SR)
    4.90454e+02    4.03829e+02    2.16223e+04   -1.08046e+03    7.51009e+04
  Disper. corr.   Coulomb (SR)   Coul. recip.      Potential    Kinetic En.
   -4.68916e+03   -5.29522e+05    2.89314e+03   -4.34781e+05    8.57346e+04
   Total Energy  Conserved En.    Temperature Pres. DC (bar) Pressure (bar)
   -3.49047e+05   -6.72333e+05    3.08192e+02   -2.27289e+02   -4.36055e+02
   Constr. rmsd
    1.09522e-03

           Step           Time         Lambda
         392500      785.00000        0.00000

   Energies (kJ/mol)
       G96Angle    Proper Dih.          LJ-14     Coulomb-14        LJ (SR)
    5.44026e+02    4.03774e+02    2.16665e+04   -1.08868e+03    7.49505e+04
  Disper. corr.   Coulomb (SR)   Coul. recip.      Potential    Kinetic En.
   -4.68916e+03   -5.28384e+05    2.88788e+03   -4.33709e+05    8.55161e+04
   Total Energy  Conserved En.    Temperature Pres. DC (bar) Pressure (bar)
   -3.48193e+05   -6.72673e+05    3.07407e+02   -2.27289e+02   -5.64548e+01
   Constr. rmsd
    1.02474e-03

           Step           Time         Lambda
         393000      786.00000        0.00000

   Energies (kJ/mol)
       G96Angle    Proper Dih.          LJ-14     Coulomb-14        LJ (SR)
    5.91541e+02    4.36061e+02    2.17531e+04   -1.08330e+03    7.34114e+04
  Disper. corr.   Coulomb (SR)   Coul. recip.      Potential    Kinetic En.
   -4.68916e+03   -5.25812e+05    2.92376e+03   -4.32469e+05    8.56562e+04
   Total Energy  Conserved En.    Temperature Pres. DC (bar) Pressure (bar)
   -3.46813e+05   -6.72998e+05    3.07911e+02   -2.27289e+02    1.66621e+02
   Constr. rmsd
    9.59017e-04

           Step           Time         Lambda
         393500      787.00000        0.00000

   Energies (kJ/mol)
       G96Angle    Proper Dih.          LJ-14     Coulomb-14        LJ (SR)
    5.75993e+02    4.00716e+02    2.16912e+04   -1.08474e+03    7.44761e+04
  Disper. corr.   Coulomb (SR)   Coul. recip.      Potential    Kinetic En.
   -4.68916e+03   -5.27490e+05    2.84616e+03   -4.33274e+05    8.69518e+04
   Total Energy  Conserved En.    Temperature Pres. DC (bar) Pressure (bar)
   -3.46322e+05   -6.73368e+05    3.12568e+02   -2.27289e+02   -9.96794e+01
   Constr. rmsd
    1.03087e-03

           Step           Time         Lambda
         394000      788.00000        0.00000

   Energies (kJ/mol)
       G96Angle    Proper Dih.          LJ-14     Coulomb-14        LJ (SR)
    6.11573e+02    4.14418e+02    2.17135e+04   -1.07306e+03    7.35315e+04
  Disper. corr.   Coulomb (SR)   Coul. recip.      Potential    Kinetic En.
   -4.68916e+03   -5.24894e+05    2.83401e+03   -4.31551e+05    8.61216e+04
   Total Energy  Conserved En.    Temperature Pres. DC (bar) Pressure (bar)
   -3.45430e+05   -6.73703e+05    3.09584e+02   -2.27289e+02    1.43809e+02
   Constr. rmsd
    9.88600e-04

           Step           Time         Lambda
         394500      789.00000        0.00000

   Energies (kJ/mol)
       G96Angle    Proper Dih.          LJ-14     Coulomb-14        LJ (SR)
    6.63977e+02    4.30976e+02    2.17999e+04   -1.09185e+03    7.43313e+04
  Disper. corr.   Coulomb (SR)   Coul. recip.      Potential    Kinetic En.
   -4.68916e+03   -5.27025e+05    2.90816e+03   -4.32671e+05    8.54478e+04
   Total Energy  Conserved En.    Temperature Pres. DC (bar) Pressure (bar)
   -3.47224e+05   -6.74039e+05    3.07162e+02   -2.27289e+02    5.99539e+02
   Constr. rmsd
    9.10165e-04

           Step           Time         Lambda
         395000      790.00000        0.00000

   Energies (kJ/mol)
       G96Angle    Proper Dih.          LJ-14     Coulomb-14        LJ (SR)
    5.71858e+02    3.84003e+02    2.16782e+04   -1.08585e+03    7.28834e+04
  Disper. corr.   Coulomb (SR)   Coul. recip.      Potential    Kinetic En.
   -4.68916e+03   -5.25795e+05    2.93939e+03   -4.33114e+05    8.60481e+04
   Total Energy  Conserved En.    Temperature Pres. DC (bar) Pressure (bar)
   -3.47066e+05   -6.74433e+05    3.09319e+02   -2.27289e+02   -2.48609e+02
   Constr. rmsd
    1.00968e-03

           Step           Time         Lambda
         395500      791.00000        0.00000

   Energies (kJ/mol)
       G96Angle    Proper Dih.          LJ-14     Coulomb-14        LJ (SR)
    5.77443e+02    4.55432e+02    2.17692e+04   -1.07623e+03    7.38970e+04
  Disper. corr.   Coulomb (SR)   Coul. recip.      Potential    Kinetic En.
   -4.68916e+03   -5.26898e+05    2.86127e+03   -4.33103e+05    8.66802e+04
   Total Energy  Conserved En.    Temperature Pres. DC (bar) Pressure (bar)
   -3.46423e+05   -6.74775e+05    3.11592e+02   -2.27289e+02    4.82747e+02
   Constr. rmsd
    9.23215e-04

           Step           Time         Lambda
         396000      792.00000        0.00000

   Energies (kJ/mol)
       G96Angle    Proper Dih.          LJ-14     Coulomb-14        LJ (SR)
    5.87308e+02    3.90050e+02    2.17065e+04   -1.08142e+03    7.46185e+04
  Disper. corr.   Coulomb (SR)   Coul. recip.      Potential    Kinetic En.
   -4.68916e+03   -5.26797e+05    2.98818e+03   -4.32277e+05    8.63855e+04
   Total Energy  Conserved En.    Temperature Pres. DC (bar) Pressure (bar)
   -3.45891e+05   -6.75149e+05    3.10532e+02   -2.27289e+02   -3.65443e+01
   Constr. rmsd
    1.04032e-03

           Step           Time         Lambda
         396500      793.00000        0.00000

   Energies (kJ/mol)
       G96Angle    Proper Dih.          LJ-14     Coulomb-14        LJ (SR)
    6.66018e+02    4.42358e+02    2.17743e+04   -1.08434e+03    7.52876e+04
  Disper. corr.   Coulomb (SR)   Coul. recip.      Potential    Kinetic En.
   -4.68916e+03   -5.27122e+05    2.91327e+03   -4.31812e+05    8.69434e+04
   Total Energy  Conserved En.    Temperature Pres. DC (bar) Pressure (bar)
   -3.44869e+05   -6.75471e+05    3.12538e+02   -2.27289e+02    6.98784e+02
   Constr. rmsd
    9.46320e-04

           Step           Time         Lambda
         397000      794.00000        0.00000

   Energies (kJ/mol)
       G96Angle    Proper Dih.          LJ-14     Coulomb-14        LJ (SR)
    6.05673e+02    4.13252e+02    2.17535e+04   -1.08018e+03    7.33202e+04
  Disper. corr.   Coulomb (SR)   Coul. recip.      Potential    Kinetic En.
   -4.68916e+03   -5.25646e+05    2.90860e+03   -4.32414e+05    8.62725e+04
   Total Energy  Conserved En.    Temperature Pres. DC (bar) Pressure (bar)
   -3.46142e+05   -6.75826e+05    3.10126e+02   -2.27289e+02    4.65984e+01
   Constr. rmsd
    9.91189e-04

           Step           Time         Lambda
         397500      795.00000        0.00000

   Energies (kJ/mol)
       G96Angle    Proper Dih.          LJ-14     Coulomb-14        LJ (SR)
    5.63427e+02    4.10064e+02    2.17270e+04   -1.10485e+03    7.43767e+04
  Disper. corr.   Coulomb (SR)   Coul. recip.      Potential    Kinetic En.
   -4.68916e+03   -5.26880e+05    2.98498e+03   -4.32612e+05    8.58871e+04
   Total Energy  Conserved En.    Temperature Pres. DC (bar) Pressure (bar)
   -3.46725e+05   -6.76137e+05    3.08741e+02   -2.27289e+02    3.89604e+02
   Constr. rmsd
    9.58855e-04

           Step           Time         Lambda
         398000      796.00000        0.00000

   Energies (kJ/mol)
       G96Angle    Proper Dih.          LJ-14     Coulomb-14        LJ (SR)
    6.16615e+02    3.93555e+02    2.17353e+04   -1.07663e+03    7.38164e+04
  Disper. corr.   Coulomb (SR)   Coul. recip.      Potential    Kinetic En.
   -4.68916e+03   -5.26737e+05    2.90600e+03   -4.33035e+05    8.57127e+04
   Total Energy  Conserved En.    Temperature Pres. DC (bar) Pressure (bar)
   -3.47322e+05   -6.76483e+05    3.08114e+02   -2.27289e+02    7.39772e+01
   Constr. rmsd
    9.86928e-04

           Step           Time         Lambda
         398500      797.00000        0.00000

   Energies (kJ/mol)
       G96Angle    Proper Dih.          LJ-14     Coulomb-14        LJ (SR)
    6.52832e+02    3.84975e+02    2.17002e+04   -1.08202e+03    7.42532e+04
  Disper. corr.   Coulomb (SR)   Coul. recip.      Potential    Kinetic En.
   -4.68916e+03   -5.26640e+05    2.97066e+03   -4.32449e+05    8.61192e+04
   Total Energy  Conserved En.    Temperature Pres. DC (bar) Pressure (bar)
   -3.46330e+05   -6.76840e+05    3.09575e+02   -2.27289e+02    5.10501e+01
   Constr. rmsd
    1.02181e-03

           Step           Time         Lambda
         399000      798.00000        0.00000

   Energies (kJ/mol)
       G96Angle    Proper Dih.          LJ-14     Coulomb-14        LJ (SR)
    6.50736e+02    4.37111e+02    2.17066e+04   -1.08265e+03    7.32927e+04
  Disper. corr.   Coulomb (SR)   Coul. recip.      Potential    Kinetic En.
   -4.68916e+03   -5.26515e+05    2.87987e+03   -4.33320e+05    8.64768e+04
   Total Energy  Conserved En.    Temperature Pres. DC (bar) Pressure (bar)
   -3.46843e+05   -6.77164e+05    3.10860e+02   -2.27289e+02    9.37389e+01
   Constr. rmsd
    9.68428e-04

           Step           Time         Lambda
         399500      799.00000        0.00000

   Energies (kJ/mol)
       G96Angle    Proper Dih.          LJ-14     Coulomb-14        LJ (SR)
    5.95663e+02    4.19203e+02    2.16875e+04   -1.08425e+03    7.47588e+04
  Disper. corr.   Coulomb (SR)   Coul. recip.      Potential    Kinetic En.
   -4.68916e+03   -5.27980e+05    2.96952e+03   -4.33323e+05    8.58730e+04
   Total Energy  Conserved En.    Temperature Pres. DC (bar) Pressure (bar)
   -3.47450e+05   -6.77474e+05    3.08690e+02   -2.27289e+02    4.48596e+01
   Constr. rmsd
    1.01216e-03

           Step           Time         Lambda
         400000      800.00000        0.00000

   Energies (kJ/mol)
       G96Angle    Proper Dih.          LJ-14     Coulomb-14        LJ (SR)
    5.37195e+02    4.24631e+02    2.17534e+04   -1.08874e+03    7.41903e+04
  Disper. corr.   Coulomb (SR)   Coul. recip.      Potential    Kinetic En.
   -4.68916e+03   -5.27928e+05    2.80657e+03   -4.33994e+05    8.59483e+04
   Total Energy  Conserved En.    Temperature Pres. DC (bar) Pressure (bar)
   -3.48045e+05   -6.77777e+05    3.08961e+02   -2.27289e+02    5.79927e+02
   Constr. rmsd
    9.02708e-04

           Step           Time         Lambda
         400500      801.00000        0.00000

   Energies (kJ/mol)
       G96Angle    Proper Dih.          LJ-14     Coulomb-14        LJ (SR)
    5.49112e+02    4.44742e+02    2.17103e+04   -1.08826e+03    7.50019e+04
  Disper. corr.   Coulomb (SR)   Coul. recip.      Potential    Kinetic En.
   -4.68916e+03   -5.28737e+05    2.85644e+03   -4.33952e+05    8.60282e+04
   Total Energy  Conserved En.    Temperature Pres. DC (bar) Pressure (bar)
   -3.47924e+05   -6.78117e+05    3.09248e+02   -2.27289e+02    4.24627e+02
   Constr. rmsd
    9.47850e-04

           Step           Time         Lambda
         401000      802.00000        0.00000

   Energies (kJ/mol)
       G96Angle    Proper Dih.          LJ-14     Coulomb-14        LJ (SR)
    5.71866e+02    4.16706e+02    2.16999e+04   -1.09782e+03    7.43589e+04
  Disper. corr.   Coulomb (SR)   Coul. recip.      Potential    Kinetic En.
   -4.68916e+03   -5.28384e+05    2.95267e+03   -4.34171e+05    8.55496e+04
   Total Energy  Conserved En.    Temperature Pres. DC (bar) Pressure (bar)
   -3.48621e+05   -6.78435e+05    3.07527e+02   -2.27289e+02   -1.64166e+01
   Constr. rmsd
    9.99223e-04

           Step           Time         Lambda
         401500      803.00000        0.00000

   Energies (kJ/mol)
       G96Angle    Proper Dih.          LJ-14     Coulomb-14        LJ (SR)
    5.61883e+02    3.76507e+02    2.18043e+04   -1.10173e+03    7.64104e+04
  Disper. corr.   Coulomb (SR)   Coul. recip.      Potential    Kinetic En.
   -4.68916e+03   -5.29708e+05    2.88775e+03   -4.33458e+05    8.55260e+04
   Total Energy  Conserved En.    Temperature Pres. DC (bar) Pressure (bar)
   -3.47932e+05   -6.78702e+05    3.07443e+02   -2.27289e+02    1.45181e+03
   Constr. rmsd
    8.12726e-04

           Step           Time         Lambda
         402000      804.00000        0.00000

   Energies (kJ/mol)
       G96Angle    Proper Dih.          LJ-14     Coulomb-14        LJ (SR)
    5.69760e+02    4.00101e+02    2.17050e+04   -1.10835e+03    7.41109e+04
  Disper. corr.   Coulomb (SR)   Coul. recip.      Potential    Kinetic En.
   -4.68916e+03   -5.26887e+05    2.90904e+03   -4.32990e+05    8.52232e+04
   Total Energy  Conserved En.    Temperature Pres. DC (bar) Pressure (bar)
   -3.47767e+05   -6.79071e+05    3.06354e+02   -2.27289e+02    3.85712e+02
   Constr. rmsd
    9.37824e-04

           Step           Time         Lambda
         402500      805.00000        0.00000

   Energies (kJ/mol)
       G96Angle    Proper Dih.          LJ-14     Coulomb-14        LJ (SR)
    5.81571e+02    4.08173e+02    2.17302e+04   -1.10782e+03    7.37750e+04
  Disper. corr.   Coulomb (SR)   Coul. recip.      Potential    Kinetic En.
   -4.68916e+03   -5.26616e+05    2.89168e+03   -4.33026e+05    8.64745e+04
   Total Energy  Conserved En.    Temperature Pres. DC (bar) Pressure (bar)
   -3.46551e+05   -6.79416e+05    3.10852e+02   -2.27289e+02   -9.10746e+01
   Constr. rmsd
    1.01027e-03

           Step           Time         Lambda
         403000      806.00000        0.00000

   Energies (kJ/mol)
       G96Angle    Proper Dih.          LJ-14     Coulomb-14        LJ (SR)
    5.48576e+02    3.93430e+02    2.16935e+04   -1.11631e+03    7.39511e+04
  Disper. corr.   Coulomb (SR)   Coul. recip.      Potential    Kinetic En.
   -4.68916e+03   -5.27585e+05    2.99397e+03   -4.33809e+05    8.48649e+04
   Total Energy  Conserved En.    Temperature Pres. DC (bar) Pressure (bar)
   -3.48945e+05   -6.79720e+05    3.05066e+02   -2.27289e+02   -1.15269e+02
   Constr. rmsd
    1.01416e-03

           Step           Time         Lambda
         403500      807.00000        0.00000

   Energies (kJ/mol)
       G96Angle    Proper Dih.          LJ-14     Coulomb-14        LJ (SR)
    6.00239e+02    4.00557e+02    2.17765e+04   -1.09272e+03    7.49441e+04
  Disper. corr.   Coulomb (SR)   Coul. recip.      Potential    Kinetic En.
   -4.68916e+03   -5.27874e+05    2.95584e+03   -4.32979e+05    8.56982e+04
   Total Energy  Conserved En.    Temperature Pres. DC (bar) Pressure (bar)
   -3.47280e+05   -6.80024e+05    3.08062e+02   -2.27289e+02    7.02940e+02
   Constr. rmsd
    9.02004e-04

           Step           Time         Lambda
         404000      808.00000        0.00000

   Energies (kJ/mol)
       G96Angle    Proper Dih.          LJ-14     Coulomb-14        LJ (SR)
    5.54461e+02    3.89336e+02    2.17852e+04   -1.08433e+03    7.47854e+04
  Disper. corr.   Coulomb (SR)   Coul. recip.      Potential    Kinetic En.
   -4.68916e+03   -5.27988e+05    2.81488e+03   -4.33432e+05    8.54276e+04
   Total Energy  Conserved En.    Temperature Pres. DC (bar) Pressure (bar)
   -3.48004e+05   -6.80360e+05    3.07089e+02   -2.27289e+02    7.47610e+02
   Constr. rmsd
    9.01868e-04

           Step           Time         Lambda
         404500      809.00000        0.00000

   Energies (kJ/mol)
       G96Angle    Proper Dih.          LJ-14     Coulomb-14        LJ (SR)
    5.98048e+02    4.09769e+02    2.16844e+04   -1.09689e+03    7.40898e+04
  Disper. corr.   Coulomb (SR)   Coul. recip.      Potential    Kinetic En.
   -4.68916e+03   -5.26884e+05    2.88402e+03   -4.33004e+05    8.58269e+04
   Total Energy  Conserved En.    Temperature Pres. DC (bar) Pressure (bar)
   -3.47178e+05   -6.80735e+05    3.08524e+02   -2.27289e+02    6.18304e+01
   Constr. rmsd
    9.98905e-04

           Step           Time         Lambda
         405000      810.00000        0.00000

   Energies (kJ/mol)
       G96Angle    Proper Dih.          LJ-14     Coulomb-14        LJ (SR)
    5.59829e+02    4.13416e+02    2.17314e+04   -1.07059e+03    7.28077e+04
  Disper. corr.   Coulomb (SR)   Coul. recip.      Potential    Kinetic En.
   -4.68916e+03   -5.25891e+05    2.86708e+03   -4.33271e+05    8.54215e+04
   Total Energy  Conserved En.    Temperature Pres. DC (bar) Pressure (bar)
   -3.47850e+05   -6.81060e+05    3.07067e+02   -2.27289e+02    2.26253e+02
   Constr. rmsd
    9.36739e-04

           Step           Time         Lambda
         405500      811.00000        0.00000

   Energies (kJ/mol)
       G96Angle    Proper Dih.          LJ-14     Coulomb-14        LJ (SR)
    6.25338e+02    4.11993e+02    2.17977e+04   -1.09759e+03    7.36114e+04
  Disper. corr.   Coulomb (SR)   Coul. recip.      Potential    Kinetic En.
   -4.68916e+03   -5.27392e+05    2.98165e+03   -4.33751e+05    8.62162e+04
   Total Energy  Conserved En.    Temperature Pres. DC (bar) Pressure (bar)
   -3.47535e+05   -6.81408e+05    3.09924e+02   -2.27289e+02    5.23585e+02
   Constr. rmsd
    8.99964e-04

           Step           Time         Lambda
         406000      812.00000        0.00000

   Energies (kJ/mol)
       G96Angle    Proper Dih.          LJ-14     Coulomb-14        LJ (SR)
    5.96662e+02    3.80085e+02    2.16703e+04   -1.10315e+03    7.37717e+04
  Disper. corr.   Coulomb (SR)   Coul. recip.      Potential    Kinetic En.
   -4.68916e+03   -5.26960e+05    2.89527e+03   -4.33439e+05    8.54073e+04
   Total Energy  Conserved En.    Temperature Pres. DC (bar) Pressure (bar)
   -3.48031e+05   -6.81797e+05    3.07016e+02   -2.27289e+02    1.19447e+02
   Constr. rmsd
    9.70921e-04

           Step           Time         Lambda
         406500      813.00000        0.00000

   Energies (kJ/mol)
       G96Angle    Proper Dih.          LJ-14     Coulomb-14        LJ (SR)
    6.29899e+02    4.06178e+02    2.17571e+04   -1.09385e+03    7.50641e+04
  Disper. corr.   Coulomb (SR)   Coul. recip.      Potential    Kinetic En.
   -4.68916e+03   -5.27315e+05    2.92464e+03   -4.32316e+05    8.63156e+04
   Total Energy  Conserved En.    Temperature Pres. DC (bar) Pressure (bar)
   -3.46001e+05   -6.82105e+05    3.10281e+02   -2.27289e+02    6.07075e+02
   Constr. rmsd
    9.46793e-04

           Step           Time         Lambda
         407000      814.00000        0.00000

   Energies (kJ/mol)
       G96Angle    Proper Dih.          LJ-14     Coulomb-14        LJ (SR)
    5.85403e+02    3.93050e+02    2.17258e+04   -1.10903e+03    7.44602e+04
  Disper. corr.   Coulomb (SR)   Coul. recip.      Potential    Kinetic En.
   -4.68916e+03   -5.27749e+05    2.92339e+03   -4.33460e+05    8.64272e+04
   Total Energy  Conserved En.    Temperature Pres. DC (bar) Pressure (bar)
   -3.47032e+05   -6.82459e+05    3.10682e+02   -2.27289e+02    5.90633e+02
   Constr. rmsd
    9.18614e-04

           Step           Time         Lambda
         407500      815.00000        0.00000

   Energies (kJ/mol)
       G96Angle    Proper Dih.          LJ-14     Coulomb-14        LJ (SR)
    5.84068e+02    3.99811e+02    2.17168e+04   -1.10295e+03    7.47064e+04
  Disper. corr.   Coulomb (SR)   Coul. recip.      Potential    Kinetic En.
   -4.68916e+03   -5.27898e+05    2.94009e+03   -4.33343e+05    8.58542e+04
   Total Energy  Conserved En.    Temperature Pres. DC (bar) Pressure (bar)
   -3.47489e+05   -6.82799e+05    3.08623e+02   -2.27289e+02    1.14319e+02
   Constr. rmsd
    9.97019e-04

           Step           Time         Lambda
         408000      816.00000        0.00000

   Energies (kJ/mol)
       G96Angle    Proper Dih.          LJ-14     Coulomb-14        LJ (SR)
    6.06178e+02    3.94676e+02    2.16928e+04   -1.10675e+03    7.38630e+04
  Disper. corr.   Coulomb (SR)   Coul. recip.      Potential    Kinetic En.
   -4.68916e+03   -5.26455e+05    2.86654e+03   -4.32828e+05    8.54912e+04
   Total Energy  Conserved En.    Temperature Pres. DC (bar) Pressure (bar)
   -3.47337e+05   -6.83137e+05    3.07318e+02   -2.27289e+02    4.95102e+02
   Constr. rmsd
    9.18442e-04

           Step           Time         Lambda
         408500      817.00000        0.00000

   Energies (kJ/mol)
       G96Angle    Proper Dih.          LJ-14     Coulomb-14        LJ (SR)
    5.82921e+02    3.88645e+02    2.16808e+04   -1.07623e+03    7.36990e+04
  Disper. corr.   Coulomb (SR)   Coul. recip.      Potential    Kinetic En.
   -4.68916e+03   -5.26584e+05    2.86332e+03   -4.33134e+05    8.59568e+04
   Total Energy  Conserved En.    Temperature Pres. DC (bar) Pressure (bar)
   -3.47178e+05   -6.83488e+05    3.08991e+02   -2.27289e+02   -3.04444e+01
   Constr. rmsd
    9.94028e-04

           Step           Time         Lambda
         409000      818.00000        0.00000

   Energies (kJ/mol)
       G96Angle    Proper Dih.          LJ-14     Coulomb-14        LJ (SR)
    5.86347e+02    3.64014e+02    2.16886e+04   -1.09738e+03    7.42282e+04
  Disper. corr.   Coulomb (SR)   Coul. recip.      Potential    Kinetic En.
   -4.68916e+03   -5.27037e+05    2.94458e+03   -4.33012e+05    8.54341e+04
   Total Energy  Conserved En.    Temperature Pres. DC (bar) Pressure (bar)
   -3.47578e+05   -6.83828e+05    3.07112e+02   -2.27289e+02    3.35648e+01
   Constr. rmsd
    1.01089e-03

Writing checkpoint, step 409180 at Wed Apr  4 17:33:55 2018


           Step           Time         Lambda
         409500      819.00000        0.00000

   Energies (kJ/mol)
       G96Angle    Proper Dih.          LJ-14     Coulomb-14        LJ (SR)
    6.00934e+02    4.06250e+02    2.17156e+04   -1.08680e+03    7.46711e+04
  Disper. corr.   Coulomb (SR)   Coul. recip.      Potential    Kinetic En.
   -4.68916e+03   -5.27250e+05    2.93313e+03   -4.32699e+05    8.62105e+04
   Total Energy  Conserved En.    Temperature Pres. DC (bar) Pressure (bar)
   -3.46488e+05   -6.84177e+05    3.09903e+02   -2.27289e+02    1.14900e+02
   Constr. rmsd
    1.00388e-03

           Step           Time         Lambda
         410000      820.00000        0.00000

   Energies (kJ/mol)
       G96Angle    Proper Dih.          LJ-14     Coulomb-14        LJ (SR)
    5.58649e+02    4.06335e+02    2.16594e+04   -1.07285e+03    7.38067e+04
  Disper. corr.   Coulomb (SR)   Coul. recip.      Potential    Kinetic En.
   -4.68916e+03   -5.27328e+05    2.94538e+03   -4.33714e+05    8.62403e+04
   Total Energy  Conserved En.    Temperature Pres. DC (bar) Pressure (bar)
   -3.47474e+05   -6.84497e+05    3.10010e+02   -2.27289e+02   -6.32566e+01
   Constr. rmsd
    1.01847e-03

           Step           Time         Lambda
         410500      821.00000        0.00000

   Energies (kJ/mol)
       G96Angle    Proper Dih.          LJ-14     Coulomb-14        LJ (SR)
    5.88671e+02    3.91288e+02    2.17128e+04   -1.10065e+03    7.56811e+04
  Disper. corr.   Coulomb (SR)   Coul. recip.      Potential    Kinetic En.
   -4.68916e+03   -5.30005e+05    2.94050e+03   -4.34481e+05    8.58866e+04
   Total Energy  Conserved En.    Temperature Pres. DC (bar) Pressure (bar)
   -3.48594e+05   -6.84790e+05    3.08739e+02   -2.27289e+02    5.29097e+02
   Constr. rmsd
    9.45221e-04

           Step           Time         Lambda
         411000      822.00000        0.00000

   Energies (kJ/mol)
       G96Angle    Proper Dih.          LJ-14     Coulomb-14        LJ (SR)
    6.06849e+02    3.84859e+02    2.16971e+04   -1.08660e+03    7.46861e+04
  Disper. corr.   Coulomb (SR)   Coul. recip.      Potential    Kinetic En.
   -4.68916e+03   -5.28356e+05    2.86401e+03   -4.33893e+05    8.61345e+04
   Total Energy  Conserved En.    Temperature Pres. DC (bar) Pressure (bar)
   -3.47759e+05   -6.85161e+05    3.09630e+02   -2.27289e+02   -1.34861e+02
   Constr. rmsd
    1.03840e-03

           Step           Time         Lambda
         411500      823.00000        0.00000

   Energies (kJ/mol)
       G96Angle    Proper Dih.          LJ-14     Coulomb-14        LJ (SR)
    6.07032e+02    4.15725e+02    2.17994e+04   -1.08865e+03    7.38228e+04
  Disper. corr.   Coulomb (SR)   Coul. recip.      Potential    Kinetic En.
   -4.68916e+03   -5.26650e+05    2.87449e+03   -4.32908e+05    8.62990e+04
   Total Energy  Conserved En.    Temperature Pres. DC (bar) Pressure (bar)
   -3.46609e+05   -6.85470e+05    3.10221e+02   -2.27289e+02    6.05315e+02
   Constr. rmsd
    9.01810e-04

           Step           Time         Lambda
         412000      824.00000        0.00000

   Energies (kJ/mol)
       G96Angle    Proper Dih.          LJ-14     Coulomb-14        LJ (SR)
    5.68065e+02    4.05208e+02    2.17045e+04   -1.06340e+03    7.55443e+04
  Disper. corr.   Coulomb (SR)   Coul. recip.      Potential    Kinetic En.
   -4.68916e+03   -5.28148e+05    2.92277e+03   -4.32755e+05    8.64708e+04
   Total Energy  Conserved En.    Temperature Pres. DC (bar) Pressure (bar)
   -3.46284e+05   -6.85820e+05    3.10839e+02   -2.27289e+02    5.32136e+02
   Constr. rmsd
    9.64788e-04

           Step           Time         Lambda
         412500      825.00000        0.00000

   Energies (kJ/mol)
       G96Angle    Proper Dih.          LJ-14     Coulomb-14        LJ (SR)
    5.91243e+02    4.09136e+02    2.17419e+04   -1.08335e+03    7.31176e+04
  Disper. corr.   Coulomb (SR)   Coul. recip.      Potential    Kinetic En.
   -4.68916e+03   -5.25803e+05    2.90533e+03   -4.32810e+05    8.68969e+04
   Total Energy  Conserved En.    Temperature Pres. DC (bar) Pressure (bar)
   -3.45913e+05   -6.86187e+05    3.12370e+02   -2.27289e+02    4.45265e+02
   Constr. rmsd
    9.09374e-04

           Step           Time         Lambda
         413000      826.00000        0.00000

   Energies (kJ/mol)
       G96Angle    Proper Dih.          LJ-14     Coulomb-14        LJ (SR)
    6.37168e+02    4.09220e+02    2.17681e+04   -1.06789e+03    7.40789e+04
  Disper. corr.   Coulomb (SR)   Coul. recip.      Potential    Kinetic En.
   -4.68916e+03   -5.26988e+05    2.91030e+03   -4.32942e+05    8.66631e+04
   Total Energy  Conserved En.    Temperature Pres. DC (bar) Pressure (bar)
   -3.46278e+05   -6.86601e+05    3.11530e+02   -2.27289e+02    2.07952e+02
   Constr. rmsd
    9.75566e-04

           Step           Time         Lambda
         413500      827.00000        0.00000

   Energies (kJ/mol)
       G96Angle    Proper Dih.          LJ-14     Coulomb-14        LJ (SR)
    5.93462e+02    3.99407e+02    2.17132e+04   -1.08707e+03    7.34839e+04
  Disper. corr.   Coulomb (SR)   Coul. recip.      Potential    Kinetic En.
   -4.68916e+03   -5.25664e+05    2.91358e+03   -4.32336e+05    8.58505e+04
   Total Energy  Conserved En.    Temperature Pres. DC (bar) Pressure (bar)
   -3.46486e+05   -6.86951e+05    3.08609e+02   -2.27289e+02   -1.54370e+02
   Constr. rmsd
    1.02913e-03

           Step           Time         Lambda
         414000      828.00000        0.00000

   Energies (kJ/mol)
       G96Angle    Proper Dih.          LJ-14     Coulomb-14        LJ (SR)
    5.75882e+02    3.90499e+02    2.17235e+04   -1.10259e+03    7.37445e+04
  Disper. corr.   Coulomb (SR)   Coul. recip.      Potential    Kinetic En.
   -4.68916e+03   -5.25967e+05    2.91320e+03   -4.32411e+05    8.55105e+04
   Total Energy  Conserved En.    Temperature Pres. DC (bar) Pressure (bar)
   -3.46900e+05   -6.87263e+05    3.07387e+02   -2.27289e+02    4.58331e+01
   Constr. rmsd
    9.92192e-04

           Step           Time         Lambda
         414500      829.00000        0.00000

   Energies (kJ/mol)
       G96Angle    Proper Dih.          LJ-14     Coulomb-14        LJ (SR)
    6.37041e+02    4.01141e+02    2.17387e+04   -1.12945e+03    7.41288e+04
  Disper. corr.   Coulomb (SR)   Coul. recip.      Potential    Kinetic En.
   -4.68916e+03   -5.27074e+05    2.98103e+03   -4.33006e+05    8.66317e+04
   Total Energy  Conserved En.    Temperature Pres. DC (bar) Pressure (bar)
   -3.46374e+05   -6.87608e+05    3.11417e+02   -2.27289e+02    4.84003e+02
   Constr. rmsd
    9.22276e-04

           Step           Time         Lambda
         415000      830.00000        0.00000

   Energies (kJ/mol)
       G96Angle    Proper Dih.          LJ-14     Coulomb-14        LJ (SR)
    6.12378e+02    4.21568e+02    2.18355e+04   -1.09291e+03    7.42392e+04
  Disper. corr.   Coulomb (SR)   Coul. recip.      Potential    Kinetic En.
   -4.68916e+03   -5.26197e+05    2.97529e+03   -4.31895e+05    8.62400e+04
   Total Energy  Conserved En.    Temperature Pres. DC (bar) Pressure (bar)
   -3.45655e+05   -6.87942e+05    3.10009e+02   -2.27289e+02    4.51666e+02
   Constr. rmsd
    9.43965e-04

           Step           Time         Lambda
         415500      831.00000        0.00000

   Energies (kJ/mol)
       G96Angle    Proper Dih.          LJ-14     Coulomb-14        LJ (SR)
    6.19611e+02    3.96907e+02    2.17324e+04   -1.11124e+03    7.47538e+04
  Disper. corr.   Coulomb (SR)   Coul. recip.      Potential    Kinetic En.
   -4.68916e+03   -5.27892e+05    2.87611e+03   -4.33313e+05    8.55672e+04
   Total Energy  Conserved En.    Temperature Pres. DC (bar) Pressure (bar)
   -3.47746e+05   -6.88249e+05    3.07591e+02   -2.27289e+02    2.95649e+02
   Constr. rmsd
    9.61606e-04

           Step           Time         Lambda
         416000      832.00000        0.00000

   Energies (kJ/mol)
       G96Angle    Proper Dih.          LJ-14     Coulomb-14        LJ (SR)
    5.45929e+02    4.04143e+02    2.17495e+04   -1.10639e+03    7.30914e+04
  Disper. corr.   Coulomb (SR)   Coul. recip.      Potential    Kinetic En.
   -4.68916e+03   -5.26131e+05    2.95659e+03   -4.33179e+05    8.58106e+04
   Total Energy  Conserved En.    Temperature Pres. DC (bar) Pressure (bar)
   -3.47368e+05   -6.88604e+05    3.08466e+02   -2.27289e+02    3.76614e+02
   Constr. rmsd
    9.10464e-04

           Step           Time         Lambda
         416500      833.00000        0.00000

   Energies (kJ/mol)
       G96Angle    Proper Dih.          LJ-14     Coulomb-14        LJ (SR)
    6.10156e+02    4.16827e+02    2.17055e+04   -1.11846e+03    7.38398e+04
  Disper. corr.   Coulomb (SR)   Coul. recip.      Potential    Kinetic En.
   -4.68916e+03   -5.26478e+05    2.91454e+03   -4.32798e+05    8.62162e+04
   Total Energy  Conserved En.    Temperature Pres. DC (bar) Pressure (bar)
   -3.46582e+05   -6.88961e+05    3.09924e+02   -2.27289e+02    2.03010e+02
   Constr. rmsd
    9.64063e-04

           Step           Time         Lambda
         417000      834.00000        0.00000

   Energies (kJ/mol)
       G96Angle    Proper Dih.          LJ-14     Coulomb-14        LJ (SR)
    5.99545e+02    4.23991e+02    2.17843e+04   -1.10513e+03    7.36408e+04
  Disper. corr.   Coulomb (SR)   Coul. recip.      Potential    Kinetic En.
   -4.68916e+03   -5.25954e+05    2.96549e+03   -4.32334e+05    8.66589e+04
   Total Energy  Conserved En.    Temperature Pres. DC (bar) Pressure (bar)
   -3.45675e+05   -6.89281e+05    3.11515e+02   -2.27289e+02    3.78603e+02
   Constr. rmsd
    9.44614e-04

           Step           Time         Lambda
         417500      835.00000        0.00000

   Energies (kJ/mol)
       G96Angle    Proper Dih.          LJ-14     Coulomb-14        LJ (SR)
    5.93126e+02    3.90237e+02    2.16665e+04   -1.08257e+03    7.42968e+04
  Disper. corr.   Coulomb (SR)   Coul. recip.      Potential    Kinetic En.
   -4.68916e+03   -5.27299e+05    2.89606e+03   -4.33228e+05    8.52835e+04
   Total Energy  Conserved En.    Temperature Pres. DC (bar) Pressure (bar)
   -3.47945e+05   -6.89622e+05    3.06571e+02   -2.27289e+02    1.62670e+02
   Constr. rmsd
    9.81084e-04

           Step           Time         Lambda
         418000      836.00000        0.00000

   Energies (kJ/mol)
       G96Angle    Proper Dih.          LJ-14     Coulomb-14        LJ (SR)
    5.51787e+02    4.10895e+02    2.16899e+04   -1.10172e+03    7.57935e+04
  Disper. corr.   Coulomb (SR)   Coul. recip.      Potential    Kinetic En.
   -4.68916e+03   -5.28913e+05    2.88110e+03   -4.33377e+05    8.57463e+04
   Total Energy  Conserved En.    Temperature Pres. DC (bar) Pressure (bar)
   -3.47631e+05   -6.89959e+05    3.08234e+02   -2.27289e+02    6.78168e+02
   Constr. rmsd
    9.33005e-04

           Step           Time         Lambda
         418500      837.00000        0.00000

   Energies (kJ/mol)
       G96Angle    Proper Dih.          LJ-14     Coulomb-14        LJ (SR)
    6.14589e+02    4.07642e+02    2.17175e+04   -1.08971e+03    7.43689e+04
  Disper. corr.   Coulomb (SR)   Coul. recip.      Potential    Kinetic En.
   -4.68916e+03   -5.25932e+05    2.96281e+03   -4.31640e+05    8.61013e+04
   Total Energy  Conserved En.    Temperature Pres. DC (bar) Pressure (bar)
   -3.45538e+05   -6.90322e+05    3.09511e+02   -2.27289e+02    7.65490e+01
   Constr. rmsd
    1.02234e-03

           Step           Time         Lambda
         419000      838.00000        0.00000

   Energies (kJ/mol)
       G96Angle    Proper Dih.          LJ-14     Coulomb-14        LJ (SR)
    5.70663e+02    3.88233e+02    2.17660e+04   -1.05420e+03    7.44874e+04
  Disper. corr.   Coulomb (SR)   Coul. recip.      Potential    Kinetic En.
   -4.68916e+03   -5.28154e+05    2.97937e+03   -4.33706e+05    8.59360e+04
   Total Energy  Conserved En.    Temperature Pres. DC (bar) Pressure (bar)
   -3.47770e+05   -6.90640e+05    3.08917e+02   -2.27289e+02    6.71383e+02
   Constr. rmsd
    8.95413e-04

           Step           Time         Lambda
         419500      839.00000        0.00000

   Energies (kJ/mol)
       G96Angle    Proper Dih.          LJ-14     Coulomb-14        LJ (SR)
    5.86483e+02    4.23832e+02    2.17429e+04   -1.10595e+03    7.32070e+04
  Disper. corr.   Coulomb (SR)   Coul. recip.      Potential    Kinetic En.
   -4.68916e+03   -5.24886e+05    2.99461e+03   -4.31726e+05    8.63580e+04
   Total Energy  Conserved En.    Temperature Pres. DC (bar) Pressure (bar)
   -3.45368e+05   -6.91017e+05    3.10433e+02   -2.27289e+02    1.13273e+02
   Constr. rmsd
    9.89059e-04

           Step           Time         Lambda
         420000      840.00000        0.00000

   Energies (kJ/mol)
       G96Angle    Proper Dih.          LJ-14     Coulomb-14        LJ (SR)
    5.59318e+02    4.21779e+02    2.16989e+04   -1.09380e+03    7.45484e+04
  Disper. corr.   Coulomb (SR)   Coul. recip.      Potential    Kinetic En.
   -4.68916e+03   -5.27188e+05    2.94420e+03   -4.32798e+05    8.65155e+04
   Total Energy  Conserved En.    Temperature Pres. DC (bar) Pressure (bar)
   -3.46283e+05   -6.91390e+05    3.11000e+02   -2.27289e+02   -4.16870e+01
   Constr. rmsd
    1.03057e-03

           Step           Time         Lambda
         420500      841.00000        0.00000

   Energies (kJ/mol)
       G96Angle    Proper Dih.          LJ-14     Coulomb-14        LJ (SR)
    6.14002e+02    3.75418e+02    2.17681e+04   -1.09166e+03    7.37574e+04
  Disper. corr.   Coulomb (SR)   Coul. recip.      Potential    Kinetic En.
   -4.68916e+03   -5.26197e+05    2.91952e+03   -4.32544e+05    8.60883e+04
   Total Energy  Conserved En.    Temperature Pres. DC (bar) Pressure (bar)
   -3.46455e+05   -6.91733e+05    3.09464e+02   -2.27289e+02    4.26980e+02
   Constr. rmsd
    9.30525e-04

           Step           Time         Lambda
         421000      842.00000        0.00000

   Energies (kJ/mol)
       G96Angle    Proper Dih.          LJ-14     Coulomb-14        LJ (SR)
    5.70769e+02    3.93548e+02    2.16932e+04   -1.09790e+03    7.47799e+04
  Disper. corr.   Coulomb (SR)   Coul. recip.      Potential    Kinetic En.
   -4.68916e+03   -5.27376e+05    2.95211e+03   -4.32774e+05    8.65240e+04
   Total Energy  Conserved En.    Temperature Pres. DC (bar) Pressure (bar)
   -3.46250e+05   -6.92058e+05    3.11030e+02   -2.27289e+02    4.93898e+02
   Constr. rmsd
    9.49498e-04

           Step           Time         Lambda
         421500      843.00000        0.00000

   Energies (kJ/mol)
       G96Angle    Proper Dih.          LJ-14     Coulomb-14        LJ (SR)
    5.85070e+02    4.08221e+02    2.17675e+04   -1.09711e+03    7.46431e+04
  Disper. corr.   Coulomb (SR)   Coul. recip.      Potential    Kinetic En.
   -4.68916e+03   -5.26991e+05    2.84465e+03   -4.32528e+05    8.64720e+04
   Total Energy  Conserved En.    Temperature Pres. DC (bar) Pressure (bar)
   -3.46056e+05   -6.92362e+05    3.10843e+02   -2.27289e+02    8.99392e+02
   Constr. rmsd
    8.75202e-04

           Step           Time         Lambda
         422000      844.00000        0.00000

   Energies (kJ/mol)
       G96Angle    Proper Dih.          LJ-14     Coulomb-14        LJ (SR)
    5.86365e+02    3.96917e+02    2.17640e+04   -1.07415e+03    7.39917e+04
  Disper. corr.   Coulomb (SR)   Coul. recip.      Potential    Kinetic En.
   -4.68916e+03   -5.26001e+05    2.84715e+03   -4.32178e+05    8.68840e+04
   Total Energy  Conserved En.    Temperature Pres. DC (bar) Pressure (bar)
   -3.45294e+05   -6.92739e+05    3.12324e+02   -2.27289e+02    2.55760e+02
   Constr. rmsd
    9.69147e-04

           Step           Time         Lambda
         422500      845.00000        0.00000

   Energies (kJ/mol)
       G96Angle    Proper Dih.          LJ-14     Coulomb-14        LJ (SR)
    5.97636e+02    4.04030e+02    2.17407e+04   -1.09401e+03    7.45035e+04
  Disper. corr.   Coulomb (SR)   Coul. recip.      Potential    Kinetic En.
   -4.68916e+03   -5.28049e+05    2.90097e+03   -4.33685e+05    8.65209e+04
   Total Energy  Conserved En.    Temperature Pres. DC (bar) Pressure (bar)
   -3.47164e+05   -6.93072e+05    3.11019e+02   -2.27289e+02    3.22590e+02
   Constr. rmsd
    9.52969e-04

           Step           Time         Lambda
         423000      846.00000        0.00000

   Energies (kJ/mol)
       G96Angle    Proper Dih.          LJ-14     Coulomb-14        LJ (SR)
    6.23625e+02    4.66192e+02    2.17408e+04   -1.08757e+03    7.43465e+04
  Disper. corr.   Coulomb (SR)   Coul. recip.      Potential    Kinetic En.
   -4.68916e+03   -5.27119e+05    2.85776e+03   -4.32860e+05    8.62682e+04
   Total Energy  Conserved En.    Temperature Pres. DC (bar) Pressure (bar)
   -3.46592e+05   -6.93405e+05    3.10111e+02   -2.27289e+02    3.20402e+02
   Constr. rmsd
    9.60432e-04

           Step           Time         Lambda
         423500      847.00000        0.00000

   Energies (kJ/mol)
       G96Angle    Proper Dih.          LJ-14     Coulomb-14        LJ (SR)
    6.13733e+02    4.20832e+02    2.17323e+04   -1.08346e+03    7.42190e+04
  Disper. corr.   Coulomb (SR)   Coul. recip.      Potential    Kinetic En.
   -4.68916e+03   -5.27709e+05    2.95738e+03   -4.33538e+05    8.55351e+04
   Total Energy  Conserved En.    Temperature Pres. DC (bar) Pressure (bar)
   -3.48003e+05   -6.93737e+05    3.07475e+02   -2.27289e+02    3.75064e+01
   Constr. rmsd
    1.00196e-03

           Step           Time         Lambda
         424000      848.00000        0.00000

   Energies (kJ/mol)
       G96Angle    Proper Dih.          LJ-14     Coulomb-14        LJ (SR)
    6.14694e+02    4.14251e+02    2.17549e+04   -1.09147e+03    7.46773e+04
  Disper. corr.   Coulomb (SR)   Coul. recip.      Potential    Kinetic En.
   -4.68916e+03   -5.27554e+05    2.86012e+03   -4.33014e+05    8.61962e+04
   Total Energy  Conserved En.    Temperature Pres. DC (bar) Pressure (bar)
   -3.46817e+05   -6.94054e+05    3.09852e+02   -2.27289e+02    8.28089e+02
   Constr. rmsd
    8.79584e-04

           Step           Time         Lambda
         424500      849.00000        0.00000

   Energies (kJ/mol)
       G96Angle    Proper Dih.          LJ-14     Coulomb-14        LJ (SR)
    5.90499e+02    4.16260e+02    2.17475e+04   -1.05752e+03    7.59801e+04
  Disper. corr.   Coulomb (SR)   Coul. recip.      Potential    Kinetic En.
   -4.68916e+03   -5.29511e+05    2.83739e+03   -4.33686e+05    8.66573e+04
   Total Energy  Conserved En.    Temperature Pres. DC (bar) Pressure (bar)
   -3.47029e+05   -6.94417e+05    3.11509e+02   -2.27289e+02    5.41791e+02
   Constr. rmsd
    9.62332e-04

           Step           Time         Lambda
         425000      850.00000        0.00000

   Energies (kJ/mol)
       G96Angle    Proper Dih.          LJ-14     Coulomb-14        LJ (SR)
    6.07345e+02    3.94912e+02    2.17029e+04   -1.11623e+03    7.47844e+04
  Disper. corr.   Coulomb (SR)   Coul. recip.      Potential    Kinetic En.
   -4.68916e+03   -5.27190e+05    2.87628e+03   -4.32630e+05    8.56627e+04
   Total Energy  Conserved En.    Temperature Pres. DC (bar) Pressure (bar)
   -3.46967e+05   -6.94758e+05    3.07934e+02   -2.27289e+02    1.71896e+02
   Constr. rmsd
    1.00296e-03

           Step           Time         Lambda
         425500      851.00000        0.00000

   Energies (kJ/mol)
       G96Angle    Proper Dih.          LJ-14     Coulomb-14        LJ (SR)
    5.98237e+02    4.20889e+02    2.17158e+04   -1.07064e+03    7.44637e+04
  Disper. corr.   Coulomb (SR)   Coul. recip.      Potential    Kinetic En.
   -4.68916e+03   -5.28730e+05    2.95990e+03   -4.34332e+05    8.58906e+04
   Total Energy  Conserved En.    Temperature Pres. DC (bar) Pressure (bar)
   -3.48441e+05   -6.95047e+05    3.08753e+02   -2.27289e+02    3.43844e+02
   Constr. rmsd
    9.41993e-04

           Step           Time         Lambda
         426000      852.00000        0.00000

   Energies (kJ/mol)
       G96Angle    Proper Dih.          LJ-14     Coulomb-14        LJ (SR)
    5.18101e+02    4.08516e+02    2.16415e+04   -1.09748e+03    7.38239e+04
  Disper. corr.   Coulomb (SR)   Coul. recip.      Potential    Kinetic En.
   -4.68916e+03   -5.26790e+05    2.78893e+03   -4.33396e+05    8.62171e+04
   Total Energy  Conserved En.    Temperature Pres. DC (bar) Pressure (bar)
   -3.47179e+05   -6.95434e+05    3.09927e+02   -2.27289e+02   -4.00081e+02
   Constr. rmsd
    1.07259e-03

           Step           Time         Lambda
         426500      853.00000        0.00000

   Energies (kJ/mol)
       G96Angle    Proper Dih.          LJ-14     Coulomb-14        LJ (SR)
    5.48202e+02    4.16749e+02    2.16972e+04   -1.09094e+03    7.39128e+04
  Disper. corr.   Coulomb (SR)   Coul. recip.      Potential    Kinetic En.
   -4.68916e+03   -5.26353e+05    2.91595e+03   -4.32642e+05    8.55710e+04
   Total Energy  Conserved En.    Temperature Pres. DC (bar) Pressure (bar)
   -3.47071e+05   -6.95741e+05    3.07604e+02   -2.27289e+02    3.20896e+02
   Constr. rmsd
    9.38798e-04

           Step           Time         Lambda
         427000      854.00000        0.00000

   Energies (kJ/mol)
       G96Angle    Proper Dih.          LJ-14     Coulomb-14        LJ (SR)
    5.96834e+02    4.16905e+02    2.17454e+04   -1.09212e+03    7.37024e+04
  Disper. corr.   Coulomb (SR)   Coul. recip.      Potential    Kinetic En.
   -4.68916e+03   -5.26637e+05    2.82389e+03   -4.33133e+05    8.62925e+04
   Total Energy  Conserved En.    Temperature Pres. DC (bar) Pressure (bar)
   -3.46841e+05   -6.96024e+05    3.10198e+02   -2.27289e+02    4.17789e+02
   Constr. rmsd
    9.27334e-04

           Step           Time         Lambda
         427500      855.00000        0.00000

   Energies (kJ/mol)
       G96Angle    Proper Dih.          LJ-14     Coulomb-14        LJ (SR)
    5.74454e+02    3.89440e+02    2.16835e+04   -1.12056e+03    7.43561e+04
  Disper. corr.   Coulomb (SR)   Coul. recip.      Potential    Kinetic En.
   -4.68916e+03   -5.27702e+05    2.93921e+03   -4.33569e+05    8.59375e+04
   Total Energy  Conserved En.    Temperature Pres. DC (bar) Pressure (bar)
   -3.47632e+05   -6.96387e+05    3.08922e+02   -2.27289e+02   -1.68778e+02
   Constr. rmsd
    1.03220e-03

           Step           Time         Lambda
         428000      856.00000        0.00000

   Energies (kJ/mol)
       G96Angle    Proper Dih.          LJ-14     Coulomb-14        LJ (SR)
    5.75544e+02    4.22816e+02    2.17289e+04   -1.09431e+03    7.48555e+04
  Disper. corr.   Coulomb (SR)   Coul. recip.      Potential    Kinetic En.
   -4.68916e+03   -5.27606e+05    2.94085e+03   -4.32866e+05    8.61613e+04
   Total Energy  Conserved En.    Temperature Pres. DC (bar) Pressure (bar)
   -3.46705e+05   -6.96754e+05    3.09726e+02   -2.27289e+02    2.99976e+02
   Constr. rmsd
    9.79464e-04

           Step           Time         Lambda
         428500      857.00000        0.00000

   Energies (kJ/mol)
       G96Angle    Proper Dih.          LJ-14     Coulomb-14        LJ (SR)
    5.77050e+02    4.13096e+02    2.17399e+04   -1.09183e+03    7.36780e+04
  Disper. corr.   Coulomb (SR)   Coul. recip.      Potential    Kinetic En.
   -4.68916e+03   -5.26554e+05    2.90884e+03   -4.33019e+05    8.63542e+04
   Total Energy  Conserved En.    Temperature Pres. DC (bar) Pressure (bar)
   -3.46664e+05   -6.97123e+05    3.10420e+02   -2.27289e+02   -2.07699e+02
   Constr. rmsd
    1.04193e-03

           Step           Time         Lambda
         429000      858.00000        0.00000

   Energies (kJ/mol)
       G96Angle    Proper Dih.          LJ-14     Coulomb-14        LJ (SR)
    5.47788e+02    3.60296e+02    2.16604e+04   -1.09507e+03    7.47021e+04
  Disper. corr.   Coulomb (SR)   Coul. recip.      Potential    Kinetic En.
   -4.68916e+03   -5.28750e+05    2.92359e+03   -4.34340e+05    8.58113e+04
   Total Energy  Conserved En.    Temperature Pres. DC (bar) Pressure (bar)
   -3.48529e+05   -6.97470e+05    3.08468e+02   -2.27289e+02    1.21418e+02
   Constr. rmsd
    9.92625e-04

           Step           Time         Lambda
         429500      859.00000        0.00000

   Energies (kJ/mol)
       G96Angle    Proper Dih.          LJ-14     Coulomb-14        LJ (SR)
    6.02001e+02    3.97790e+02    2.17633e+04   -1.11880e+03    7.41009e+04
  Disper. corr.   Coulomb (SR)   Coul. recip.      Potential    Kinetic En.
   -4.68916e+03   -5.27713e+05    2.82472e+03   -4.33832e+05    8.61561e+04
   Total Energy  Conserved En.    Temperature Pres. DC (bar) Pressure (bar)
   -3.47676e+05   -6.97790e+05    3.09708e+02   -2.27289e+02    5.76852e+02
   Constr. rmsd
    9.04045e-04

           Step           Time         Lambda
         430000      860.00000        0.00000

   Energies (kJ/mol)
       G96Angle    Proper Dih.          LJ-14     Coulomb-14        LJ (SR)
    6.29697e+02    3.96331e+02    2.17649e+04   -1.08223e+03    7.30792e+04
  Disper. corr.   Coulomb (SR)   Coul. recip.      Potential    Kinetic En.
   -4.68916e+03   -5.26329e+05    2.87405e+03   -4.33356e+05    8.63455e+04
   Total Energy  Conserved En.    Temperature Pres. DC (bar) Pressure (bar)
   -3.47011e+05   -6.98127e+05    3.10389e+02   -2.27289e+02    3.08320e+02
   Constr. rmsd
    9.29788e-04

Writing checkpoint, step 430420 at Wed Apr  4 17:48:54 2018


           Step           Time         Lambda
         430500      861.00000        0.00000

   Energies (kJ/mol)
       G96Angle    Proper Dih.          LJ-14     Coulomb-14        LJ (SR)
    5.72449e+02    4.24884e+02    2.16774e+04   -1.09297e+03    7.29035e+04
  Disper. corr.   Coulomb (SR)   Coul. recip.      Potential    Kinetic En.
   -4.68916e+03   -5.26046e+05    2.95079e+03   -4.33299e+05    8.63443e+04
   Total Energy  Conserved En.    Temperature Pres. DC (bar) Pressure (bar)
   -3.46955e+05   -6.98518e+05    3.10384e+02   -2.27289e+02   -2.70675e+02
   Constr. rmsd
    1.01433e-03

           Step           Time         Lambda
         431000      862.00000        0.00000

   Energies (kJ/mol)
       G96Angle    Proper Dih.          LJ-14     Coulomb-14        LJ (SR)
    5.27391e+02    4.31202e+02    2.17417e+04   -1.08182e+03    7.43786e+04
  Disper. corr.   Coulomb (SR)   Coul. recip.      Potential    Kinetic En.
   -4.68916e+03   -5.27536e+05    2.88708e+03   -4.33341e+05    8.56827e+04
   Total Energy  Conserved En.    Temperature Pres. DC (bar) Pressure (bar)
   -3.47658e+05   -6.98851e+05    3.08006e+02   -2.27289e+02    2.03401e+02
   Constr. rmsd
    9.70473e-04

           Step           Time         Lambda
         431500      863.00000        0.00000

   Energies (kJ/mol)
       G96Angle    Proper Dih.          LJ-14     Coulomb-14        LJ (SR)
    5.84790e+02    3.75895e+02    2.16642e+04   -1.11277e+03    7.29672e+04
  Disper. corr.   Coulomb (SR)   Coul. recip.      Potential    Kinetic En.
   -4.68916e+03   -5.25927e+05    2.85457e+03   -4.33282e+05    8.54103e+04
   Total Energy  Conserved En.    Temperature Pres. DC (bar) Pressure (bar)
   -3.47872e+05   -6.99221e+05    3.07027e+02   -2.27289e+02   -1.63745e+02
   Constr. rmsd
    1.00080e-03

           Step           Time         Lambda
         432000      864.00000        0.00000

   Energies (kJ/mol)
       G96Angle    Proper Dih.          LJ-14     Coulomb-14        LJ (SR)
    5.36396e+02    4.21680e+02    2.17418e+04   -1.09156e+03    7.43167e+04
  Disper. corr.   Coulomb (SR)   Coul. recip.      Potential    Kinetic En.
   -4.68916e+03   -5.26979e+05    2.84124e+03   -4.32902e+05    8.58240e+04
   Total Energy  Conserved En.    Temperature Pres. DC (bar) Pressure (bar)
   -3.47078e+05   -6.99568e+05    3.08514e+02   -2.27289e+02    5.16734e+02
   Constr. rmsd
    9.32989e-04

           Step           Time         Lambda
         432500      865.00000        0.00000

   Energies (kJ/mol)
       G96Angle    Proper Dih.          LJ-14     Coulomb-14        LJ (SR)
    5.30114e+02    3.63716e+02    2.17086e+04   -1.08515e+03    7.51514e+04
  Disper. corr.   Coulomb (SR)   Coul. recip.      Potential    Kinetic En.
   -4.68916e+03   -5.29666e+05    2.90601e+03   -4.34781e+05    8.55917e+04
   Total Energy  Conserved En.    Temperature Pres. DC (bar) Pressure (bar)
   -3.49189e+05   -6.99941e+05    3.07679e+02   -2.27289e+02    3.59850e+02
   Constr. rmsd
    9.55888e-04

           Step           Time         Lambda
         433000      866.00000        0.00000

   Energies (kJ/mol)
       G96Angle    Proper Dih.          LJ-14     Coulomb-14        LJ (SR)
    5.88875e+02    3.90498e+02    2.17209e+04   -1.08171e+03    7.43596e+04
  Disper. corr.   Coulomb (SR)   Coul. recip.      Potential    Kinetic En.
   -4.68916e+03   -5.27301e+05    2.96449e+03   -4.33048e+05    8.64315e+04
   Total Energy  Conserved En.    Temperature Pres. DC (bar) Pressure (bar)
   -3.46616e+05   -7.00362e+05    3.10698e+02   -2.27289e+02   -3.56674e+01
   Constr. rmsd
    1.04549e-03

           Step           Time         Lambda
         433500      867.00000        0.00000

   Energies (kJ/mol)
       G96Angle    Proper Dih.          LJ-14     Coulomb-14        LJ (SR)
    6.47777e+02    4.18905e+02    2.17907e+04   -1.10038e+03    7.49863e+04
  Disper. corr.   Coulomb (SR)   Coul. recip.      Potential    Kinetic En.
   -4.68916e+03   -5.27285e+05    2.79371e+03   -4.32437e+05    8.68275e+04
   Total Energy  Conserved En.    Temperature Pres. DC (bar) Pressure (bar)
   -3.45610e+05   -7.00722e+05    3.12121e+02   -2.27289e+02    1.82807e+02
   Constr. rmsd
    1.01159e-03

           Step           Time         Lambda
         434000      868.00000        0.00000

   Energies (kJ/mol)
       G96Angle    Proper Dih.          LJ-14     Coulomb-14        LJ (SR)
    6.41342e+02    3.81878e+02    2.17570e+04   -1.09152e+03    7.33130e+04
  Disper. corr.   Coulomb (SR)   Coul. recip.      Potential    Kinetic En.
   -4.68916e+03   -5.25746e+05    2.88733e+03   -4.32547e+05    8.60102e+04
   Total Energy  Conserved En.    Temperature Pres. DC (bar) Pressure (bar)
   -3.46536e+05   -7.01029e+05    3.09183e+02   -2.27289e+02    8.03336e+02
   Constr. rmsd
    8.46824e-04

           Step           Time         Lambda
         434500      869.00000        0.00000

   Energies (kJ/mol)
       G96Angle    Proper Dih.          LJ-14     Coulomb-14        LJ (SR)
    5.93081e+02    4.12987e+02    2.18219e+04   -1.08318e+03    7.43609e+04
  Disper. corr.   Coulomb (SR)   Coul. recip.      Potential    Kinetic En.
   -4.68916e+03   -5.28006e+05    2.96636e+03   -4.33623e+05    8.59315e+04
   Total Energy  Conserved En.    Temperature Pres. DC (bar) Pressure (bar)
   -3.47691e+05   -7.01378e+05    3.08900e+02   -2.27289e+02    6.48758e+02
   Constr. rmsd
    9.04576e-04

           Step           Time         Lambda
         435000      870.00000        0.00000

   Energies (kJ/mol)
       G96Angle    Proper Dih.          LJ-14     Coulomb-14        LJ (SR)
    5.94988e+02    3.86831e+02    2.17241e+04   -1.09303e+03    7.46778e+04
  Disper. corr.   Coulomb (SR)   Coul. recip.      Potential    Kinetic En.
   -4.68916e+03   -5.28377e+05    2.91864e+03   -4.33857e+05    8.59137e+04
   Total Energy  Conserved En.    Temperature Pres. DC (bar) Pressure (bar)
   -3.47943e+05   -7.01740e+05    3.08836e+02   -2.27289e+02    4.52400e+02
   Constr. rmsd
    9.28277e-04

           Step           Time         Lambda
         435500      871.00000        0.00000

   Energies (kJ/mol)
       G96Angle    Proper Dih.          LJ-14     Coulomb-14        LJ (SR)
    5.63947e+02    4.19596e+02    2.16992e+04   -1.09601e+03    7.44639e+04
  Disper. corr.   Coulomb (SR)   Coul. recip.      Potential    Kinetic En.
   -4.68916e+03   -5.27056e+05    2.95101e+03   -4.32744e+05    8.59351e+04
   Total Energy  Conserved En.    Temperature Pres. DC (bar) Pressure (bar)
   -3.46809e+05   -7.02092e+05    3.08913e+02   -2.27289e+02    8.72781e+01
   Constr. rmsd
    1.00251e-03

           Step           Time         Lambda
         436000      872.00000        0.00000

   Energies (kJ/mol)
       G96Angle    Proper Dih.          LJ-14     Coulomb-14        LJ (SR)
    5.55155e+02    4.45227e+02    2.17085e+04   -1.07172e+03    7.48814e+04
  Disper. corr.   Coulomb (SR)   Coul. recip.      Potential    Kinetic En.
   -4.68916e+03   -5.28187e+05    2.81643e+03   -4.33541e+05    8.62437e+04
   Total Energy  Conserved En.    Temperature Pres. DC (bar) Pressure (bar)
   -3.47297e+05   -7.02436e+05    3.10023e+02   -2.27289e+02    2.86388e+02
   Constr. rmsd
    9.81035e-04

           Step           Time         Lambda
         436500      873.00000        0.00000

   Energies (kJ/mol)
       G96Angle    Proper Dih.          LJ-14     Coulomb-14        LJ (SR)
    6.00992e+02    3.94734e+02    2.17107e+04   -1.11518e+03    7.35233e+04
  Disper. corr.   Coulomb (SR)   Coul. recip.      Potential    Kinetic En.
   -4.68916e+03   -5.25759e+05    2.94643e+03   -4.32387e+05    8.64880e+04
   Total Energy  Conserved En.    Temperature Pres. DC (bar) Pressure (bar)
   -3.45900e+05   -7.02789e+05    3.10901e+02   -2.27289e+02   -7.96794e+00
   Constr. rmsd
    1.00274e-03

           Step           Time         Lambda
         437000      874.00000        0.00000

   Energies (kJ/mol)
       G96Angle    Proper Dih.          LJ-14     Coulomb-14        LJ (SR)
    6.19169e+02    4.41540e+02    2.17901e+04   -1.09862e+03    7.38634e+04
  Disper. corr.   Coulomb (SR)   Coul. recip.      Potential    Kinetic En.
   -4.68916e+03   -5.26221e+05    2.85831e+03   -4.32436e+05    8.67387e+04
   Total Energy  Conserved En.    Temperature Pres. DC (bar) Pressure (bar)
   -3.45697e+05   -7.03117e+05    3.11802e+02   -2.27289e+02    5.86502e+02
   Constr. rmsd
    9.09310e-04

           Step           Time         Lambda
         437500      875.00000        0.00000

   Energies (kJ/mol)
       G96Angle    Proper Dih.          LJ-14     Coulomb-14        LJ (SR)
    6.52095e+02    4.38189e+02    2.18141e+04   -1.07900e+03    7.29282e+04
  Disper. corr.   Coulomb (SR)   Coul. recip.      Potential    Kinetic En.
   -4.68916e+03   -5.25360e+05    2.92988e+03   -4.32366e+05    8.63298e+04
   Total Energy  Conserved En.    Temperature Pres. DC (bar) Pressure (bar)
   -3.46036e+05   -7.03457e+05    3.10332e+02   -2.27289e+02    5.09402e+02
   Constr. rmsd
    8.98292e-04

           Step           Time         Lambda
         438000      876.00000        0.00000

   Energies (kJ/mol)
       G96Angle    Proper Dih.          LJ-14     Coulomb-14        LJ (SR)
    6.21125e+02    3.96112e+02    2.17422e+04   -1.08247e+03    7.40835e+04
  Disper. corr.   Coulomb (SR)   Coul. recip.      Potential    Kinetic En.
   -4.68916e+03   -5.26824e+05    2.94977e+03   -4.32803e+05    8.61907e+04
   Total Energy  Conserved En.    Temperature Pres. DC (bar) Pressure (bar)
   -3.46613e+05   -7.03807e+05    3.09832e+02   -2.27289e+02    5.97490e+02
   Constr. rmsd
    9.09526e-04

           Step           Time         Lambda
         438500      877.00000        0.00000

   Energies (kJ/mol)
       G96Angle    Proper Dih.          LJ-14     Coulomb-14        LJ (SR)
    6.05213e+02    3.99370e+02    2.16926e+04   -1.11249e+03    7.39831e+04
  Disper. corr.   Coulomb (SR)   Coul. recip.      Potential    Kinetic En.
   -4.68916e+03   -5.26733e+05    2.90424e+03   -4.32950e+05    8.67716e+04
   Total Energy  Conserved En.    Temperature Pres. DC (bar) Pressure (bar)
   -3.46178e+05   -7.04217e+05    3.11920e+02   -2.27289e+02    1.12291e+02
   Constr. rmsd
    9.92953e-04

           Step           Time         Lambda
         439000      878.00000        0.00000

   Energies (kJ/mol)
       G96Angle    Proper Dih.          LJ-14     Coulomb-14        LJ (SR)
    5.95964e+02    4.44307e+02    2.17337e+04   -1.08668e+03    7.46665e+04
  Disper. corr.   Coulomb (SR)   Coul. recip.      Potential    Kinetic En.
   -4.68916e+03   -5.28135e+05    2.78451e+03   -4.33685e+05    8.58222e+04
   Total Energy  Conserved En.    Temperature Pres. DC (bar) Pressure (bar)
   -3.47863e+05   -7.04542e+05    3.08507e+02   -2.27289e+02    1.53798e+02
   Constr. rmsd
    9.80673e-04

           Step           Time         Lambda
         439500      879.00000        0.00000

   Energies (kJ/mol)
       G96Angle    Proper Dih.          LJ-14     Coulomb-14        LJ (SR)
    6.08280e+02    4.14984e+02    2.17295e+04   -1.09805e+03    7.38011e+04
  Disper. corr.   Coulomb (SR)   Coul. recip.      Potential    Kinetic En.
   -4.68916e+03   -5.26759e+05    2.82659e+03   -4.33166e+05    8.60339e+04
   Total Energy  Conserved En.    Temperature Pres. DC (bar) Pressure (bar)
   -3.47132e+05   -7.04861e+05    3.09268e+02   -2.27289e+02    1.65626e+02
   Constr. rmsd
    9.74622e-04

           Step           Time         Lambda
         440000      880.00000        0.00000

   Energies (kJ/mol)
       G96Angle    Proper Dih.          LJ-14     Coulomb-14        LJ (SR)
    6.06266e+02    4.04531e+02    2.17773e+04   -1.10844e+03    7.49715e+04
  Disper. corr.   Coulomb (SR)   Coul. recip.      Potential    Kinetic En.
   -4.68916e+03   -5.27687e+05    2.93701e+03   -4.32788e+05    8.58607e+04
   Total Energy  Conserved En.    Temperature Pres. DC (bar) Pressure (bar)
   -3.46928e+05   -7.05197e+05    3.08646e+02   -2.27289e+02    6.01586e+02
   Constr. rmsd
    9.27868e-04

           Step           Time         Lambda
         440500      881.00000        0.00000

   Energies (kJ/mol)
       G96Angle    Proper Dih.          LJ-14     Coulomb-14        LJ (SR)
    6.04083e+02    4.08542e+02    2.17010e+04   -1.10402e+03    7.51204e+04
  Disper. corr.   Coulomb (SR)   Coul. recip.      Potential    Kinetic En.
   -4.68916e+03   -5.27667e+05    2.92031e+03   -4.32706e+05    8.71003e+04
   Total Energy  Conserved En.    Temperature Pres. DC (bar) Pressure (bar)
   -3.45605e+05   -7.05591e+05    3.13102e+02   -2.27289e+02    5.20686e+00
   Constr. rmsd
    1.04529e-03

           Step           Time         Lambda
         441000      882.00000        0.00000

   Energies (kJ/mol)
       G96Angle    Proper Dih.          LJ-14     Coulomb-14        LJ (SR)
    5.74198e+02    4.22257e+02    2.17582e+04   -1.08678e+03    7.46591e+04
  Disper. corr.   Coulomb (SR)   Coul. recip.      Potential    Kinetic En.
   -4.68916e+03   -5.27447e+05    2.87304e+03   -4.32936e+05    8.59330e+04
   Total Energy  Conserved En.    Temperature Pres. DC (bar) Pressure (bar)
   -3.47003e+05   -7.05910e+05    3.08906e+02   -2.27289e+02    6.09397e+02
   Constr. rmsd
    9.23614e-04

           Step           Time         Lambda
         441500      883.00000        0.00000

   Energies (kJ/mol)
       G96Angle    Proper Dih.          LJ-14     Coulomb-14        LJ (SR)
    6.32255e+02    4.15344e+02    2.17880e+04   -1.08897e+03    7.25780e+04
  Disper. corr.   Coulomb (SR)   Coul. recip.      Potential    Kinetic En.
   -4.68916e+03   -5.24576e+05    2.91896e+03   -4.32022e+05    8.62142e+04
   Total Energy  Conserved En.    Temperature Pres. DC (bar) Pressure (bar)
   -3.45808e+05   -7.06286e+05    3.09916e+02   -2.27289e+02    1.23599e+02
   Constr. rmsd
    9.51093e-04

           Step           Time         Lambda
         442000      884.00000        0.00000

   Energies (kJ/mol)
       G96Angle    Proper Dih.          LJ-14     Coulomb-14        LJ (SR)
    6.20661e+02    4.15432e+02    2.17689e+04   -1.08242e+03    7.49926e+04
  Disper. corr.   Coulomb (SR)   Coul. recip.      Potential    Kinetic En.
   -4.68916e+03   -5.26892e+05    2.99310e+03   -4.31873e+05    8.71174e+04
   Total Energy  Conserved En.    Temperature Pres. DC (bar) Pressure (bar)
   -3.44756e+05   -7.06607e+05    3.13163e+02   -2.27289e+02    6.72125e+02
   Constr. rmsd
    9.26502e-04

           Step           Time         Lambda
         442500      885.00000        0.00000

   Energies (kJ/mol)
       G96Angle    Proper Dih.          LJ-14     Coulomb-14        LJ (SR)
    6.21439e+02    3.89922e+02    2.17625e+04   -1.10150e+03    7.46628e+04
  Disper. corr.   Coulomb (SR)   Coul. recip.      Potential    Kinetic En.
   -4.68916e+03   -5.26778e+05    2.84543e+03   -4.32286e+05    8.61042e+04
   Total Energy  Conserved En.    Temperature Pres. DC (bar) Pressure (bar)
   -3.46182e+05   -7.06951e+05    3.09521e+02   -2.27289e+02    6.15978e+02
   Constr. rmsd
    9.34666e-04

           Step           Time         Lambda
         443000      886.00000        0.00000

   Energies (kJ/mol)
       G96Angle    Proper Dih.          LJ-14     Coulomb-14        LJ (SR)
    5.73579e+02    4.38589e+02    2.17408e+04   -1.10007e+03    7.37600e+04
  Disper. corr.   Coulomb (SR)   Coul. recip.      Potential    Kinetic En.
   -4.68916e+03   -5.26449e+05    2.94989e+03   -4.32776e+05    8.62185e+04
   Total Energy  Conserved En.    Temperature Pres. DC (bar) Pressure (bar)
   -3.46557e+05   -7.07323e+05    3.09932e+02   -2.27289e+02    7.16583e+01
   Constr. rmsd
    9.83824e-04

           Step           Time         Lambda
         443500      887.00000        0.00000

   Energies (kJ/mol)
       G96Angle    Proper Dih.          LJ-14     Coulomb-14        LJ (SR)
    5.50832e+02    4.12855e+02    2.17001e+04   -1.07965e+03    7.37788e+04
  Disper. corr.   Coulomb (SR)   Coul. recip.      Potential    Kinetic En.
   -4.68916e+03   -5.25368e+05    2.76596e+03   -4.31928e+05    8.60286e+04
   Total Energy  Conserved En.    Temperature Pres. DC (bar) Pressure (bar)
   -3.45899e+05   -7.07652e+05    3.09249e+02   -2.27289e+02   -1.64064e+02
   Constr. rmsd
    1.04720e-03

           Step           Time         Lambda
         444000      888.00000        0.00000

   Energies (kJ/mol)
       G96Angle    Proper Dih.          LJ-14     Coulomb-14        LJ (SR)
    5.48377e+02    4.24391e+02    2.17505e+04   -1.09397e+03    7.37431e+04
  Disper. corr.   Coulomb (SR)   Coul. recip.      Potential    Kinetic En.
   -4.68916e+03   -5.26787e+05    2.99730e+03   -4.33107e+05    8.60653e+04
   Total Energy  Conserved En.    Temperature Pres. DC (bar) Pressure (bar)
   -3.47041e+05   -7.07970e+05    3.09381e+02   -2.27289e+02    4.14680e+02
   Constr. rmsd
    9.24744e-04

           Step           Time         Lambda
         444500      889.00000        0.00000

   Energies (kJ/mol)
       G96Angle    Proper Dih.          LJ-14     Coulomb-14        LJ (SR)
    5.79018e+02    4.13048e+02    2.17735e+04   -1.11899e+03    7.44734e+04
  Disper. corr.   Coulomb (SR)   Coul. recip.      Potential    Kinetic En.
   -4.68916e+03   -5.26568e+05    2.89105e+03   -4.32246e+05    8.60896e+04
   Total Energy  Conserved En.    Temperature Pres. DC (bar) Pressure (bar)
   -3.46156e+05   -7.08333e+05    3.09469e+02   -2.27289e+02    8.82699e+02
   Constr. rmsd
    8.74771e-04

           Step           Time         Lambda
         445000      890.00000        0.00000

   Energies (kJ/mol)
       G96Angle    Proper Dih.          LJ-14     Coulomb-14        LJ (SR)
    5.91804e+02    4.08876e+02    2.17225e+04   -1.08861e+03    7.45168e+04
  Disper. corr.   Coulomb (SR)   Coul. recip.      Potential    Kinetic En.
   -4.68916e+03   -5.27188e+05    2.98578e+03   -4.32740e+05    8.70462e+04
   Total Energy  Conserved En.    Temperature Pres. DC (bar) Pressure (bar)
   -3.45694e+05   -7.08733e+05    3.12907e+02   -2.27289e+02   -1.34910e+02
   Constr. rmsd
    1.05366e-03

           Step           Time         Lambda
         445500      891.00000        0.00000

   Energies (kJ/mol)
       G96Angle    Proper Dih.          LJ-14     Coulomb-14        LJ (SR)
    5.28974e+02    4.14103e+02    2.17548e+04   -1.08964e+03    7.45790e+04
  Disper. corr.   Coulomb (SR)   Coul. recip.      Potential    Kinetic En.
   -4.68916e+03   -5.27571e+05    2.87639e+03   -4.33196e+05    8.64699e+04
   Total Energy  Conserved En.    Temperature Pres. DC (bar) Pressure (bar)
   -3.46726e+05   -7.09020e+05    3.10836e+02   -2.27289e+02    7.22483e+02
   Constr. rmsd
    8.94243e-04

           Step           Time         Lambda
         446000      892.00000        0.00000

   Energies (kJ/mol)
       G96Angle    Proper Dih.          LJ-14     Coulomb-14        LJ (SR)
    5.48214e+02    3.88673e+02    2.17090e+04   -1.07657e+03    7.47638e+04
  Disper. corr.   Coulomb (SR)   Coul. recip.      Potential    Kinetic En.
   -4.68916e+03   -5.28306e+05    2.81385e+03   -4.33848e+05    8.61453e+04
   Total Energy  Conserved En.    Temperature Pres. DC (bar) Pressure (bar)
   -3.47703e+05   -7.09404e+05    3.09669e+02   -2.27289e+02    5.52902e+01
   Constr. rmsd
    1.01557e-03

           Step           Time         Lambda
         446500      893.00000        0.00000

   Energies (kJ/mol)
       G96Angle    Proper Dih.          LJ-14     Coulomb-14        LJ (SR)
    5.48140e+02    4.21095e+02    2.16632e+04   -1.08215e+03    7.50595e+04
  Disper. corr.   Coulomb (SR)   Coul. recip.      Potential    Kinetic En.
   -4.68916e+03   -5.27734e+05    2.81467e+03   -4.32999e+05    8.57907e+04
   Total Energy  Conserved En.    Temperature Pres. DC (bar) Pressure (bar)
   -3.47208e+05   -7.09740e+05    3.08394e+02   -2.27289e+02    5.33548e+01
   Constr. rmsd
    1.02142e-03

           Step           Time         Lambda
         447000      894.00000        0.00000

   Energies (kJ/mol)
       G96Angle    Proper Dih.          LJ-14     Coulomb-14        LJ (SR)
    5.71146e+02    4.11311e+02    2.17133e+04   -1.09378e+03    7.44128e+04
  Disper. corr.   Coulomb (SR)   Coul. recip.      Potential    Kinetic En.
   -4.68916e+03   -5.27811e+05    2.85339e+03   -4.33632e+05    8.62620e+04
   Total Energy  Conserved En.    Temperature Pres. DC (bar) Pressure (bar)
   -3.47370e+05   -7.10049e+05    3.10088e+02   -2.27289e+02    2.22940e+02
   Constr. rmsd
    9.66849e-04

           Step           Time         Lambda
         447500      895.00000        0.00000

   Energies (kJ/mol)
       G96Angle    Proper Dih.          LJ-14     Coulomb-14        LJ (SR)
    5.63047e+02    3.95321e+02    2.17284e+04   -1.09719e+03    7.48303e+04
  Disper. corr.   Coulomb (SR)   Coul. recip.      Potential    Kinetic En.
   -4.68916e+03   -5.27829e+05    2.88609e+03   -4.33212e+05    8.57945e+04
   Total Energy  Conserved En.    Temperature Pres. DC (bar) Pressure (bar)
   -3.47418e+05   -7.10385e+05    3.08408e+02   -2.27289e+02    5.21747e+02
   Constr. rmsd
    9.33766e-04

           Step           Time         Lambda
         448000      896.00000        0.00000

   Energies (kJ/mol)
       G96Angle    Proper Dih.          LJ-14     Coulomb-14        LJ (SR)
    6.28757e+02    4.14977e+02    2.17394e+04   -1.08206e+03    7.37385e+04
  Disper. corr.   Coulomb (SR)   Coul. recip.      Potential    Kinetic En.
   -4.68916e+03   -5.26928e+05    2.85660e+03   -4.33321e+05    8.58506e+04
   Total Energy  Conserved En.    Temperature Pres. DC (bar) Pressure (bar)
   -3.47470e+05   -7.10759e+05    3.08609e+02   -2.27289e+02    2.31868e+02
   Constr. rmsd
    9.60930e-04

           Step           Time         Lambda
         448500      897.00000        0.00000

   Energies (kJ/mol)
       G96Angle    Proper Dih.          LJ-14     Coulomb-14        LJ (SR)
    5.84698e+02    4.06445e+02    2.17343e+04   -1.10732e+03    7.48427e+04
  Disper. corr.   Coulomb (SR)   Coul. recip.      Potential    Kinetic En.
   -4.68916e+03   -5.27931e+05    2.90004e+03   -4.33260e+05    8.48386e+04
   Total Energy  Conserved En.    Temperature Pres. DC (bar) Pressure (bar)
   -3.48421e+05   -7.11098e+05    3.04972e+02   -2.27289e+02    7.93482e+02
   Constr. rmsd
    8.85256e-04

           Step           Time         Lambda
         449000      898.00000        0.00000

   Energies (kJ/mol)
       G96Angle    Proper Dih.          LJ-14     Coulomb-14        LJ (SR)
    5.66450e+02    4.38894e+02    2.17010e+04   -1.05327e+03    7.49205e+04
  Disper. corr.   Coulomb (SR)   Coul. recip.      Potential    Kinetic En.
   -4.68916e+03   -5.28615e+05    3.02436e+03   -4.33706e+05    8.60309e+04
   Total Energy  Conserved En.    Temperature Pres. DC (bar) Pressure (bar)
   -3.47675e+05   -7.11516e+05    3.09258e+02   -2.27289e+02    2.97141e+02
   Constr. rmsd
    9.79688e-04

           Step           Time         Lambda
         449500      899.00000        0.00000

   Energies (kJ/mol)
       G96Angle    Proper Dih.          LJ-14     Coulomb-14        LJ (SR)
    5.95488e+02    4.07914e+02    2.17281e+04   -1.10264e+03    7.47054e+04
  Disper. corr.   Coulomb (SR)   Coul. recip.      Potential    Kinetic En.
   -4.68916e+03   -5.27618e+05    2.95138e+03   -4.33021e+05    8.64049e+04
   Total Energy  Conserved En.    Temperature Pres. DC (bar) Pressure (bar)
   -3.46616e+05   -7.11864e+05    3.10602e+02   -2.27289e+02    1.64204e+02
   Constr. rmsd
    9.91697e-04

           Step           Time         Lambda
         450000      900.00000        0.00000

   Energies (kJ/mol)
       G96Angle    Proper Dih.          LJ-14     Coulomb-14        LJ (SR)
    5.80221e+02    3.96479e+02    2.17250e+04   -1.10718e+03    7.44954e+04
  Disper. corr.   Coulomb (SR)   Coul. recip.      Potential    Kinetic En.
   -4.68916e+03   -5.27986e+05    2.83958e+03   -4.33745e+05    8.60254e+04
   Total Energy  Conserved En.    Temperature Pres. DC (bar) Pressure (bar)
   -3.47720e+05   -7.12213e+05    3.09238e+02   -2.27289e+02    3.52796e+02
   Constr. rmsd
    9.50269e-04

           Step           Time         Lambda
         450500      901.00000        0.00000

   Energies (kJ/mol)
       G96Angle    Proper Dih.          LJ-14     Coulomb-14        LJ (SR)
    6.11744e+02    4.22611e+02    2.17661e+04   -1.08900e+03    7.44408e+04
  Disper. corr.   Coulomb (SR)   Coul. recip.      Potential    Kinetic En.
   -4.68916e+03   -5.27206e+05    2.91309e+03   -4.32830e+05    8.70906e+04
   Total Energy  Conserved En.    Temperature Pres. DC (bar) Pressure (bar)
   -3.45739e+05   -7.12560e+05    3.13067e+02   -2.27289e+02    3.76180e+02
   Constr. rmsd
    9.48659e-04

           Step           Time         Lambda
         451000      902.00000        0.00000

   Energies (kJ/mol)
       G96Angle    Proper Dih.          LJ-14     Coulomb-14        LJ (SR)
    6.04882e+02    4.24244e+02    2.17445e+04   -1.10080e+03    7.53115e+04
  Disper. corr.   Coulomb (SR)   Coul. recip.      Potential    Kinetic En.
   -4.68916e+03   -5.30158e+05    2.95864e+03   -4.34904e+05    8.67180e+04
   Total Energy  Conserved En.    Temperature Pres. DC (bar) Pressure (bar)
   -3.48186e+05   -7.12916e+05    3.11728e+02   -2.27289e+02    1.33999e+02
   Constr. rmsd
    1.00878e-03

           Step           Time         Lambda
         451500      903.00000        0.00000

   Energies (kJ/mol)
       G96Angle    Proper Dih.          LJ-14     Coulomb-14        LJ (SR)
    5.86663e+02    3.92196e+02    2.16836e+04   -1.08209e+03    7.54350e+04
  Disper. corr.   Coulomb (SR)   Coul. recip.      Potential    Kinetic En.
   -4.68916e+03   -5.29449e+05    2.84294e+03   -4.34280e+05    8.63180e+04
   Total Energy  Conserved En.    Temperature Pres. DC (bar) Pressure (bar)
   -3.47962e+05   -7.13280e+05    3.10290e+02   -2.27289e+02    2.11820e+02
   Constr. rmsd
    9.92029e-04

           Step           Time         Lambda
         452000      904.00000        0.00000

   Energies (kJ/mol)
       G96Angle    Proper Dih.          LJ-14     Coulomb-14        LJ (SR)
    5.90720e+02    4.00099e+02    2.17794e+04   -1.09278e+03    7.37452e+04
  Disper. corr.   Coulomb (SR)   Coul. recip.      Potential    Kinetic En.
   -4.68916e+03   -5.27245e+05    2.94155e+03   -4.33570e+05    8.60915e+04
   Total Energy  Conserved En.    Temperature Pres. DC (bar) Pressure (bar)
   -3.47479e+05   -7.13577e+05    3.09475e+02   -2.27289e+02    6.51082e+02
   Constr. rmsd
    8.73583e-04

           Step           Time         Lambda
         452500      905.00000        0.00000

   Energies (kJ/mol)
       G96Angle    Proper Dih.          LJ-14     Coulomb-14        LJ (SR)
    5.98058e+02    4.27482e+02    2.17918e+04   -1.09773e+03    7.32133e+04
  Disper. corr.   Coulomb (SR)   Coul. recip.      Potential    Kinetic En.
   -4.68916e+03   -5.25085e+05    2.91441e+03   -4.31927e+05    8.64761e+04
   Total Energy  Conserved En.    Temperature Pres. DC (bar) Pressure (bar)
   -3.45450e+05   -7.13944e+05    3.10858e+02   -2.27289e+02    1.58860e+01
   Constr. rmsd
    9.91012e-04

           Step           Time         Lambda
         453000      906.00000        0.00000

   Energies (kJ/mol)
       G96Angle    Proper Dih.          LJ-14     Coulomb-14        LJ (SR)
    6.24290e+02    4.03889e+02    2.17794e+04   -1.10719e+03    7.40596e+04
  Disper. corr.   Coulomb (SR)   Coul. recip.      Potential    Kinetic En.
   -4.68916e+03   -5.27637e+05    2.89318e+03   -4.33673e+05    8.62868e+04
   Total Energy  Conserved En.    Temperature Pres. DC (bar) Pressure (bar)
   -3.47386e+05   -7.14237e+05    3.10177e+02   -2.27289e+02    8.51165e+02
   Constr. rmsd
    8.56432e-04

           Step           Time         Lambda
         453500      907.00000        0.00000

   Energies (kJ/mol)
       G96Angle    Proper Dih.          LJ-14     Coulomb-14        LJ (SR)
    5.96030e+02    3.95309e+02    2.17098e+04   -1.08976e+03    7.42892e+04
  Disper. corr.   Coulomb (SR)   Coul. recip.      Potential    Kinetic En.
   -4.68916e+03   -5.27192e+05    2.89615e+03   -4.33084e+05    8.65803e+04
   Total Energy  Conserved En.    Temperature Pres. DC (bar) Pressure (bar)
   -3.46504e+05   -7.14604e+05    3.11232e+02   -2.27289e+02    1.21270e+02
   Constr. rmsd
    9.94370e-04

           Step           Time         Lambda
         454000      908.00000        0.00000

   Energies (kJ/mol)
       G96Angle    Proper Dih.          LJ-14     Coulomb-14        LJ (SR)
    5.93802e+02    4.31689e+02    2.16984e+04   -1.12334e+03    7.48863e+04
  Disper. corr.   Coulomb (SR)   Coul. recip.      Potential    Kinetic En.
   -4.68916e+03   -5.27164e+05    2.81555e+03   -4.32551e+05    8.56024e+04
   Total Energy  Conserved En.    Temperature Pres. DC (bar) Pressure (bar)
   -3.46948e+05   -7.14944e+05    3.07717e+02   -2.27289e+02    3.71138e+02
   Constr. rmsd
    9.67446e-04

           Step           Time         Lambda
         454500      909.00000        0.00000

   Energies (kJ/mol)
       G96Angle    Proper Dih.          LJ-14     Coulomb-14        LJ (SR)
    6.08157e+02    4.19740e+02    2.17181e+04   -1.12003e+03    7.36671e+04
  Disper. corr.   Coulomb (SR)   Coul. recip.      Potential    Kinetic En.
   -4.68916e+03   -5.26350e+05    2.84324e+03   -4.32903e+05    8.60457e+04
   Total Energy  Conserved En.    Temperature Pres. DC (bar) Pressure (bar)
   -3.46858e+05   -7.15287e+05    3.09311e+02   -2.27289e+02    4.29794e+01
   Constr. rmsd
    9.90514e-04

           Step           Time         Lambda
         455000      910.00000        0.00000

   Energies (kJ/mol)
       G96Angle    Proper Dih.          LJ-14     Coulomb-14        LJ (SR)
    6.71635e+02    4.03556e+02    2.17213e+04   -1.10654e+03    7.38842e+04
  Disper. corr.   Coulomb (SR)   Coul. recip.      Potential    Kinetic En.
   -4.68916e+03   -5.26904e+05    2.83989e+03   -4.33180e+05    8.68594e+04
   Total Energy  Conserved En.    Temperature Pres. DC (bar) Pressure (bar)
   -3.46320e+05   -7.15612e+05    3.12236e+02   -2.27289e+02    1.49485e+02
   Constr. rmsd
    9.81598e-04

           Step           Time         Lambda
         455500      911.00000        0.00000

   Energies (kJ/mol)
       G96Angle    Proper Dih.          LJ-14     Coulomb-14        LJ (SR)
    5.68929e+02    3.91755e+02    2.17318e+04   -1.10387e+03    7.41585e+04
  Disper. corr.   Coulomb (SR)   Coul. recip.      Potential    Kinetic En.
   -4.68916e+03   -5.28060e+05    2.89098e+03   -4.34112e+05    8.66938e+04
   Total Energy  Conserved En.    Temperature Pres. DC (bar) Pressure (bar)
   -3.47418e+05   -7.15907e+05    3.11640e+02   -2.27289e+02    5.21003e+02
   Constr. rmsd
    9.17180e-04

Writing checkpoint, step 455760 at Wed Apr  4 18:03:55 2018


           Step           Time         Lambda
         456000      912.00000        0.00000

   Energies (kJ/mol)
       G96Angle    Proper Dih.          LJ-14     Coulomb-14        LJ (SR)
    5.86498e+02    4.05530e+02    2.17710e+04   -1.08993e+03    7.46214e+04
  Disper. corr.   Coulomb (SR)   Coul. recip.      Potential    Kinetic En.
   -4.68916e+03   -5.27237e+05    2.79674e+03   -4.32835e+05    8.64828e+04
   Total Energy  Conserved En.    Temperature Pres. DC (bar) Pressure (bar)
   -3.46352e+05   -7.16256e+05    3.10882e+02   -2.27289e+02    7.78301e+02
   Constr. rmsd
    9.01858e-04

           Step           Time         Lambda
         456500      913.00000        0.00000

   Energies (kJ/mol)
       G96Angle    Proper Dih.          LJ-14     Coulomb-14        LJ (SR)
    6.35735e+02    4.47442e+02    2.18115e+04   -1.12114e+03    7.40645e+04
  Disper. corr.   Coulomb (SR)   Coul. recip.      Potential    Kinetic En.
   -4.68916e+03   -5.25528e+05    2.94423e+03   -4.31435e+05    8.69365e+04
   Total Energy  Conserved En.    Temperature Pres. DC (bar) Pressure (bar)
   -3.44498e+05   -7.16599e+05    3.12513e+02   -2.27289e+02    5.78460e+02
   Constr. rmsd
    9.24327e-04

           Step           Time         Lambda
         457000      914.00000        0.00000

   Energies (kJ/mol)
       G96Angle    Proper Dih.          LJ-14     Coulomb-14        LJ (SR)
    6.35074e+02    4.01688e+02    2.17229e+04   -1.08465e+03    7.39387e+04
  Disper. corr.   Coulomb (SR)   Coul. recip.      Potential    Kinetic En.
   -4.68916e+03   -5.25500e+05    2.92977e+03   -4.31646e+05    8.57487e+04
   Total Energy  Conserved En.    Temperature Pres. DC (bar) Pressure (bar)
   -3.45897e+05   -7.16963e+05    3.08243e+02   -2.27289e+02    2.39886e+02
   Constr. rmsd
    9.75793e-04

           Step           Time         Lambda
         457500      915.00000        0.00000

   Energies (kJ/mol)
       G96Angle    Proper Dih.          LJ-14     Coulomb-14        LJ (SR)
    6.72922e+02    4.12964e+02    2.17565e+04   -1.12799e+03    7.51557e+04
  Disper. corr.   Coulomb (SR)   Coul. recip.      Potential    Kinetic En.
   -4.68916e+03   -5.27749e+05    2.79592e+03   -4.32773e+05    8.68210e+04
   Total Energy  Conserved En.    Temperature Pres. DC (bar) Pressure (bar)
   -3.45952e+05   -7.17325e+05    3.12098e+02   -2.27289e+02    3.35881e+02
   Constr. rmsd
    9.93771e-04

           Step           Time         Lambda
         458000      916.00000        0.00000

   Energies (kJ/mol)
       G96Angle    Proper Dih.          LJ-14     Coulomb-14        LJ (SR)
    5.70647e+02    3.97543e+02    2.17044e+04   -1.10534e+03    7.52407e+04
  Disper. corr.   Coulomb (SR)   Coul. recip.      Potential    Kinetic En.
   -4.68916e+03   -5.28442e+05    2.82887e+03   -4.33495e+05    8.58766e+04
   Total Energy  Conserved En.    Temperature Pres. DC (bar) Pressure (bar)
   -3.47618e+05   -7.17663e+05    3.08703e+02   -2.27289e+02    4.36211e+02
   Constr. rmsd
    9.56687e-04

           Step           Time         Lambda
         458500      917.00000        0.00000

   Energies (kJ/mol)
       G96Angle    Proper Dih.          LJ-14     Coulomb-14        LJ (SR)
    5.89181e+02    4.16695e+02    2.17437e+04   -1.08888e+03    7.48329e+04
  Disper. corr.   Coulomb (SR)   Coul. recip.      Potential    Kinetic En.
   -4.68916e+03   -5.27698e+05    2.94163e+03   -4.32953e+05    8.62289e+04
   Total Energy  Conserved En.    Temperature Pres. DC (bar) Pressure (bar)
   -3.46724e+05   -7.18014e+05    3.09969e+02   -2.27289e+02    3.82483e+02
   Constr. rmsd
    9.70826e-04

           Step           Time         Lambda
         459000      918.00000        0.00000

   Energies (kJ/mol)
       G96Angle    Proper Dih.          LJ-14     Coulomb-14        LJ (SR)
    6.44546e+02    4.30993e+02    2.17804e+04   -1.08952e+03    7.40845e+04
  Disper. corr.   Coulomb (SR)   Coul. recip.      Potential    Kinetic En.
   -4.68916e+03   -5.26525e+05    2.93111e+03   -4.32432e+05    8.65067e+04
   Total Energy  Conserved En.    Temperature Pres. DC (bar) Pressure (bar)
   -3.45925e+05   -7.18384e+05    3.10968e+02   -2.27289e+02    4.96241e+02
   Constr. rmsd
    9.34914e-04

           Step           Time         Lambda
         459500      919.00000        0.00000

   Energies (kJ/mol)
       G96Angle    Proper Dih.          LJ-14     Coulomb-14        LJ (SR)
    5.66056e+02    4.53101e+02    2.17610e+04   -1.06932e+03    7.30608e+04
  Disper. corr.   Coulomb (SR)   Coul. recip.      Potential    Kinetic En.
   -4.68916e+03   -5.26588e+05    2.85743e+03   -4.33648e+05    8.71914e+04
   Total Energy  Conserved En.    Temperature Pres. DC (bar) Pressure (bar)
   -3.46457e+05   -7.18713e+05    3.13429e+02   -2.27289e+02    2.77026e+02
   Constr. rmsd
    9.32655e-04

           Step           Time         Lambda
         460000      920.00000        0.00000

   Energies (kJ/mol)
       G96Angle    Proper Dih.          LJ-14     Coulomb-14        LJ (SR)
    6.10518e+02    4.20362e+02    2.17800e+04   -1.05989e+03    7.49723e+04
  Disper. corr.   Coulomb (SR)   Coul. recip.      Potential    Kinetic En.
   -4.68916e+03   -5.27947e+05    2.89978e+03   -4.33013e+05    8.61286e+04
   Total Energy  Conserved En.    Temperature Pres. DC (bar) Pressure (bar)
   -3.46885e+05   -7.19075e+05    3.09609e+02   -2.27289e+02    8.64392e+02
   Constr. rmsd
    8.74120e-04

           Step           Time         Lambda
         460500      921.00000        0.00000

   Energies (kJ/mol)
       G96Angle    Proper Dih.          LJ-14     Coulomb-14        LJ (SR)
    6.01620e+02    3.77165e+02    2.17263e+04   -1.07121e+03    7.42739e+04
  Disper. corr.   Coulomb (SR)   Coul. recip.      Potential    Kinetic En.
   -4.68916e+03   -5.26805e+05    2.87853e+03   -4.32708e+05    8.65287e+04
   Total Energy  Conserved En.    Temperature Pres. DC (bar) Pressure (bar)
   -3.46180e+05   -7.19406e+05    3.11047e+02   -2.27289e+02    6.24164e+02
   Constr. rmsd
    9.11360e-04

           Step           Time         Lambda
         461000      922.00000        0.00000

   Energies (kJ/mol)
       G96Angle    Proper Dih.          LJ-14     Coulomb-14        LJ (SR)
    5.88669e+02    3.99901e+02    2.17526e+04   -1.07682e+03    7.38015e+04
  Disper. corr.   Coulomb (SR)   Coul. recip.      Potential    Kinetic En.
   -4.68916e+03   -5.26403e+05    2.87964e+03   -4.32747e+05    8.68998e+04
   Total Energy  Conserved En.    Temperature Pres. DC (bar) Pressure (bar)
   -3.45847e+05   -7.19753e+05    3.12381e+02   -2.27289e+02    3.75822e+02
   Constr. rmsd
    9.41586e-04

           Step           Time         Lambda
         461500      923.00000        0.00000

   Energies (kJ/mol)
       G96Angle    Proper Dih.          LJ-14     Coulomb-14        LJ (SR)
    5.73860e+02    4.15600e+02    2.17229e+04   -1.09921e+03    7.47230e+04
  Disper. corr.   Coulomb (SR)   Coul. recip.      Potential    Kinetic En.
   -4.68916e+03   -5.27740e+05    2.83889e+03   -4.33254e+05    8.61286e+04
   Total Energy  Conserved En.    Temperature Pres. DC (bar) Pressure (bar)
   -3.47125e+05   -7.20092e+05    3.09609e+02   -2.27289e+02    2.78611e+02
   Constr. rmsd
    9.79023e-04

           Step           Time         Lambda
         462000      924.00000        0.00000

   Energies (kJ/mol)
       G96Angle    Proper Dih.          LJ-14     Coulomb-14        LJ (SR)
    6.15119e+02    4.22297e+02    2.18007e+04   -1.09520e+03    7.31469e+04
  Disper. corr.   Coulomb (SR)   Coul. recip.      Potential    Kinetic En.
   -4.68916e+03   -5.26065e+05    2.86727e+03   -4.32997e+05    8.59828e+04
   Total Energy  Conserved En.    Temperature Pres. DC (bar) Pressure (bar)
   -3.47015e+05   -7.20442e+05    3.09085e+02   -2.27289e+02    5.24761e+02
   Constr. rmsd
    8.93186e-04

           Step           Time         Lambda
         462500      925.00000        0.00000

   Energies (kJ/mol)
       G96Angle    Proper Dih.          LJ-14     Coulomb-14        LJ (SR)
    5.48050e+02    3.98686e+02    2.16713e+04   -1.09614e+03    7.37095e+04
  Disper. corr.   Coulomb (SR)   Coul. recip.      Potential    Kinetic En.
   -4.68916e+03   -5.27321e+05    2.79374e+03   -4.33985e+05    8.55525e+04
   Total Energy  Conserved En.    Temperature Pres. DC (bar) Pressure (bar)
   -3.48432e+05   -7.20852e+05    3.07538e+02   -2.27289e+02   -1.12924e+02
   Constr. rmsd
    1.00318e-03

           Step           Time         Lambda
         463000      926.00000        0.00000

   Energies (kJ/mol)
       G96Angle    Proper Dih.          LJ-14     Coulomb-14        LJ (SR)
    6.15140e+02    4.06928e+02    2.17237e+04   -1.10108e+03    7.51442e+04
  Disper. corr.   Coulomb (SR)   Coul. recip.      Potential    Kinetic En.
   -4.68916e+03   -5.29036e+05    2.92810e+03   -4.34008e+05    8.54472e+04
   Total Energy  Conserved En.    Temperature Pres. DC (bar) Pressure (bar)
   -3.48561e+05   -7.21129e+05    3.07159e+02   -2.27289e+02    4.86791e+02
   Constr. rmsd
    9.41614e-04

           Step           Time         Lambda
         463500      927.00000        0.00000

   Energies (kJ/mol)
       G96Angle    Proper Dih.          LJ-14     Coulomb-14        LJ (SR)
    5.27582e+02    4.07129e+02    2.17036e+04   -1.09315e+03    7.41386e+04
  Disper. corr.   Coulomb (SR)   Coul. recip.      Potential    Kinetic En.
   -4.68916e+03   -5.27210e+05    2.93482e+03   -4.33281e+05    8.62033e+04
   Total Energy  Conserved En.    Temperature Pres. DC (bar) Pressure (bar)
   -3.47078e+05   -7.21494e+05    3.09877e+02   -2.27289e+02    1.46926e+02
   Constr. rmsd
    9.88258e-04

           Step           Time         Lambda
         464000      928.00000        0.00000

   Energies (kJ/mol)
       G96Angle    Proper Dih.          LJ-14     Coulomb-14        LJ (SR)
    6.14407e+02    3.82305e+02    2.17269e+04   -1.10517e+03    7.44332e+04
  Disper. corr.   Coulomb (SR)   Coul. recip.      Potential    Kinetic En.
   -4.68916e+03   -5.26481e+05    2.93735e+03   -4.32182e+05    8.64188e+04
   Total Energy  Conserved En.    Temperature Pres. DC (bar) Pressure (bar)
   -3.45763e+05   -7.21821e+05    3.10652e+02   -2.27289e+02    5.51641e+01
   Constr. rmsd
    1.01717e-03

           Step           Time         Lambda
         464500      929.00000        0.00000

   Energies (kJ/mol)
       G96Angle    Proper Dih.          LJ-14     Coulomb-14        LJ (SR)
    6.22903e+02    3.68845e+02    2.17070e+04   -1.09399e+03    7.40771e+04
  Disper. corr.   Coulomb (SR)   Coul. recip.      Potential    Kinetic En.
   -4.68916e+03   -5.25786e+05    2.95376e+03   -4.31840e+05    8.57822e+04
   Total Energy  Conserved En.    Temperature Pres. DC (bar) Pressure (bar)
   -3.46057e+05   -7.22151e+05    3.08364e+02   -2.27289e+02    2.40780e+02
   Constr. rmsd
    9.79473e-04

           Step           Time         Lambda
         465000      930.00000        0.00000

   Energies (kJ/mol)
       G96Angle    Proper Dih.          LJ-14     Coulomb-14        LJ (SR)
    5.44472e+02    4.00563e+02    2.17229e+04   -1.08025e+03    7.33886e+04
  Disper. corr.   Coulomb (SR)   Coul. recip.      Potential    Kinetic En.
   -4.68916e+03   -5.25803e+05    2.82388e+03   -4.32692e+05    8.57035e+04
   Total Energy  Conserved En.    Temperature Pres. DC (bar) Pressure (bar)
   -3.46988e+05   -7.22469e+05    3.08081e+02   -2.27289e+02    4.76275e+02
   Constr. rmsd
    9.08431e-04

           Step           Time         Lambda
         465500      931.00000        0.00000

   Energies (kJ/mol)
       G96Angle    Proper Dih.          LJ-14     Coulomb-14        LJ (SR)
    5.95486e+02    3.90623e+02    2.17401e+04   -1.08954e+03    7.43133e+04
  Disper. corr.   Coulomb (SR)   Coul. recip.      Potential    Kinetic En.
   -4.68916e+03   -5.26716e+05    2.83571e+03   -4.32619e+05    8.61762e+04
   Total Energy  Conserved En.    Temperature Pres. DC (bar) Pressure (bar)
   -3.46443e+05   -7.22799e+05    3.09780e+02   -2.27289e+02    6.35762e+02
   Constr. rmsd
    9.09398e-04

           Step           Time         Lambda
         466000      932.00000        0.00000

   Energies (kJ/mol)
       G96Angle    Proper Dih.          LJ-14     Coulomb-14        LJ (SR)
    5.65305e+02    4.26142e+02    2.17404e+04   -1.09674e+03    7.53767e+04
  Disper. corr.   Coulomb (SR)   Coul. recip.      Potential    Kinetic En.
   -4.68916e+03   -5.28538e+05    2.90189e+03   -4.33314e+05    8.52876e+04
   Total Energy  Conserved En.    Temperature Pres. DC (bar) Pressure (bar)
   -3.48026e+05   -7.23146e+05    3.06586e+02   -2.27289e+02    7.03541e+02
   Constr. rmsd
    9.16838e-04

           Step           Time         Lambda
         466500      933.00000        0.00000

   Energies (kJ/mol)
       G96Angle    Proper Dih.          LJ-14     Coulomb-14        LJ (SR)
    6.67055e+02    4.09741e+02    2.17723e+04   -1.09022e+03    7.44740e+04
  Disper. corr.   Coulomb (SR)   Coul. recip.      Potential    Kinetic En.
   -4.68916e+03   -5.26663e+05    2.92748e+03   -4.32191e+05    8.67612e+04
   Total Energy  Conserved En.    Temperature Pres. DC (bar) Pressure (bar)
   -3.45430e+05   -7.23514e+05    3.11883e+02   -2.27289e+02    2.54340e+02
   Constr. rmsd
    9.82828e-04

           Step           Time         Lambda
         467000      934.00000        0.00000

   Energies (kJ/mol)
       G96Angle    Proper Dih.          LJ-14     Coulomb-14        LJ (SR)
    6.31156e+02    4.36842e+02    2.18117e+04   -1.08046e+03    7.47121e+04
  Disper. corr.   Coulomb (SR)   Coul. recip.      Potential    Kinetic En.
   -4.68916e+03   -5.27593e+05    2.86596e+03   -4.32905e+05    8.65688e+04
   Total Energy  Conserved En.    Temperature Pres. DC (bar) Pressure (bar)
   -3.46336e+05   -7.23825e+05    3.11191e+02   -2.27289e+02    1.07918e+03
   Constr. rmsd
    8.39698e-04

           Step           Time         Lambda
         467500      935.00000        0.00000

   Energies (kJ/mol)
       G96Angle    Proper Dih.          LJ-14     Coulomb-14        LJ (SR)
    5.64105e+02    4.24786e+02    2.17611e+04   -1.09892e+03    7.48623e+04
  Disper. corr.   Coulomb (SR)   Coul. recip.      Potential    Kinetic En.
   -4.68916e+03   -5.26900e+05    2.91606e+03   -4.32160e+05    8.62963e+04
   Total Energy  Conserved En.    Temperature Pres. DC (bar) Pressure (bar)
   -3.45863e+05   -7.24195e+05    3.10212e+02   -2.27289e+02    7.27291e+02
   Constr. rmsd
    9.11156e-04

           Step           Time         Lambda
         468000      936.00000        0.00000

   Energies (kJ/mol)
       G96Angle    Proper Dih.          LJ-14     Coulomb-14        LJ (SR)
    5.77557e+02    4.06416e+02    2.16624e+04   -1.08374e+03    7.40591e+04
  Disper. corr.   Coulomb (SR)   Coul. recip.      Potential    Kinetic En.
   -4.68916e+03   -5.27713e+05    2.81946e+03   -4.33961e+05    8.56760e+04
   Total Energy  Conserved En.    Temperature Pres. DC (bar) Pressure (bar)
   -3.48285e+05   -7.24612e+05    3.07982e+02   -2.27289e+02    2.40976e+01
   Constr. rmsd
    9.92393e-04

           Step           Time         Lambda
         468500      937.00000        0.00000

   Energies (kJ/mol)
       G96Angle    Proper Dih.          LJ-14     Coulomb-14        LJ (SR)
    5.45386e+02    3.79832e+02    2.16431e+04   -1.11011e+03    7.50944e+04
  Disper. corr.   Coulomb (SR)   Coul. recip.      Potential    Kinetic En.
   -4.68916e+03   -5.28308e+05    2.91725e+03   -4.33528e+05    8.62428e+04
   Total Energy  Conserved En.    Temperature Pres. DC (bar) Pressure (bar)
   -3.47285e+05   -7.24982e+05    3.10019e+02   -2.27289e+02    6.09682e+01
   Constr. rmsd
    1.01646e-03

           Step           Time         Lambda
         469000      938.00000        0.00000

   Energies (kJ/mol)
       G96Angle    Proper Dih.          LJ-14     Coulomb-14        LJ (SR)
    5.44047e+02    4.07861e+02    2.17704e+04   -1.09240e+03    7.52735e+04
  Disper. corr.   Coulomb (SR)   Coul. recip.      Potential    Kinetic En.
   -4.68916e+03   -5.28801e+05    2.83417e+03   -4.33753e+05    8.56007e+04
   Total Energy  Conserved En.    Temperature Pres. DC (bar) Pressure (bar)
   -3.48152e+05   -7.25347e+05    3.07711e+02   -2.27289e+02    7.98055e+02
   Constr. rmsd
    8.96341e-04

           Step           Time         Lambda
         469500      939.00000        0.00000

   Energies (kJ/mol)
       G96Angle    Proper Dih.          LJ-14     Coulomb-14        LJ (SR)
    5.93581e+02    4.16750e+02    2.16778e+04   -1.07783e+03    7.35262e+04
  Disper. corr.   Coulomb (SR)   Coul. recip.      Potential    Kinetic En.
   -4.68916e+03   -5.26678e+05    2.91337e+03   -4.33317e+05    8.58581e+04
   Total Energy  Conserved En.    Temperature Pres. DC (bar) Pressure (bar)
   -3.47459e+05   -7.25764e+05    3.08636e+02   -2.27289e+02   -3.62036e+02
   Constr. rmsd
    1.05589e-03

           Step           Time         Lambda
         470000      940.00000        0.00000

   Energies (kJ/mol)
       G96Angle    Proper Dih.          LJ-14     Coulomb-14        LJ (SR)
    6.06753e+02    4.09462e+02    2.16992e+04   -1.05839e+03    7.37450e+04
  Disper. corr.   Coulomb (SR)   Coul. recip.      Potential    Kinetic En.
   -4.68916e+03   -5.27019e+05    2.85039e+03   -4.33455e+05    8.55636e+04
   Total Energy  Conserved En.    Temperature Pres. DC (bar) Pressure (bar)
   -3.47892e+05   -7.26060e+05    3.07578e+02   -2.27289e+02    1.69777e+02
   Constr. rmsd
    9.62143e-04

           Step           Time         Lambda
         470500      941.00000        0.00000

   Energies (kJ/mol)
       G96Angle    Proper Dih.          LJ-14     Coulomb-14        LJ (SR)
    5.65134e+02    3.97376e+02    2.17442e+04   -1.11856e+03    7.38819e+04
  Disper. corr.   Coulomb (SR)   Coul. recip.      Potential    Kinetic En.
   -4.68916e+03   -5.26719e+05    2.96765e+03   -4.32970e+05    8.57050e+04
   Total Energy  Conserved En.    Temperature Pres. DC (bar) Pressure (bar)
   -3.47265e+05   -7.26376e+05    3.08086e+02   -2.27289e+02    6.66580e+02
   Constr. rmsd
    9.01913e-04

           Step           Time         Lambda
         471000      942.00000        0.00000

   Energies (kJ/mol)
       G96Angle    Proper Dih.          LJ-14     Coulomb-14        LJ (SR)
    5.77129e+02    3.88239e+02    2.17048e+04   -1.08489e+03    7.50515e+04
  Disper. corr.   Coulomb (SR)   Coul. recip.      Potential    Kinetic En.
   -4.68916e+03   -5.28084e+05    2.88375e+03   -4.33252e+05    8.60205e+04
   Total Energy  Conserved En.    Temperature Pres. DC (bar) Pressure (bar)
   -3.47232e+05   -7.26770e+05    3.09220e+02   -2.27289e+02   -9.58574e+01
   Constr. rmsd
    1.04410e-03

           Step           Time         Lambda
         471500      943.00000        0.00000

   Energies (kJ/mol)
       G96Angle    Proper Dih.          LJ-14     Coulomb-14        LJ (SR)
    5.56283e+02    4.43641e+02    2.17530e+04   -1.09031e+03    7.47404e+04
  Disper. corr.   Coulomb (SR)   Coul. recip.      Potential    Kinetic En.
   -4.68916e+03   -5.27160e+05    3.02307e+03   -4.32423e+05    8.64195e+04
   Total Energy  Conserved En.    Temperature Pres. DC (bar) Pressure (bar)
   -3.46004e+05   -7.27090e+05    3.10654e+02   -2.27289e+02    5.40805e+02
   Constr. rmsd
    9.46713e-04

           Step           Time         Lambda
         472000      944.00000        0.00000

   Energies (kJ/mol)
       G96Angle    Proper Dih.          LJ-14     Coulomb-14        LJ (SR)
    6.08146e+02    3.99123e+02    2.17278e+04   -1.08770e+03    7.33248e+04
  Disper. corr.   Coulomb (SR)   Coul. recip.      Potential    Kinetic En.
   -4.68916e+03   -5.25278e+05    2.98099e+03   -4.32014e+05    8.61625e+04
   Total Energy  Conserved En.    Temperature Pres. DC (bar) Pressure (bar)
   -3.45851e+05   -7.27474e+05    3.09731e+02   -2.27289e+02    1.17825e+02
   Constr. rmsd
    9.79810e-04

           Step           Time         Lambda
         472500      945.00000        0.00000

   Energies (kJ/mol)
       G96Angle    Proper Dih.          LJ-14     Coulomb-14        LJ (SR)
    6.31504e+02    4.12606e+02    2.17588e+04   -1.09213e+03    7.43307e+04
  Disper. corr.   Coulomb (SR)   Coul. recip.      Potential    Kinetic En.
   -4.68916e+03   -5.26381e+05    2.85690e+03   -4.32171e+05    8.61507e+04
   Total Energy  Conserved En.    Temperature Pres. DC (bar) Pressure (bar)
   -3.46021e+05   -7.27801e+05    3.09688e+02   -2.27289e+02    4.74803e+02
   Constr. rmsd
    9.45792e-04

           Step           Time         Lambda
         473000      946.00000        0.00000

   Energies (kJ/mol)
       G96Angle    Proper Dih.          LJ-14     Coulomb-14        LJ (SR)
    6.18754e+02    4.43298e+02    2.17053e+04   -1.09032e+03    7.48799e+04
  Disper. corr.   Coulomb (SR)   Coul. recip.      Potential    Kinetic En.
   -4.68916e+03   -5.26511e+05    2.87769e+03   -4.31765e+05    8.52163e+04
   Total Energy  Conserved En.    Temperature Pres. DC (bar) Pressure (bar)
   -3.46549e+05   -7.28211e+05    3.06329e+02   -2.27289e+02    3.01169e+02
   Constr. rmsd
    1.00403e-03

           Step           Time         Lambda
         473500      947.00000        0.00000

   Energies (kJ/mol)
       G96Angle    Proper Dih.          LJ-14     Coulomb-14        LJ (SR)
    5.41750e+02    4.44292e+02    2.16925e+04   -1.07280e+03    7.30582e+04
  Disper. corr.   Coulomb (SR)   Coul. recip.      Potential    Kinetic En.
   -4.68916e+03   -5.25254e+05    2.82211e+03   -4.32457e+05    8.70685e+04
   Total Energy  Conserved En.    Temperature Pres. DC (bar) Pressure (bar)
   -3.45389e+05   -7.28554e+05    3.12987e+02   -2.27289e+02    1.13251e+01
   Constr. rmsd
    9.84481e-04

           Step           Time         Lambda
         474000      948.00000        0.00000

   Energies (kJ/mol)
       G96Angle    Proper Dih.          LJ-14     Coulomb-14        LJ (SR)
    6.02502e+02    4.48500e+02    2.17857e+04   -1.07590e+03    7.26140e+04
  Disper. corr.   Coulomb (SR)   Coul. recip.      Potential    Kinetic En.
   -4.68916e+03   -5.24161e+05    2.87059e+03   -4.31605e+05    8.61742e+04
   Total Energy  Conserved En.    Temperature Pres. DC (bar) Pressure (bar)
   -3.45430e+05   -7.28883e+05    3.09773e+02   -2.27289e+02    1.40622e+02
   Constr. rmsd
    9.58085e-04

           Step           Time         Lambda
         474500      949.00000        0.00000

   Energies (kJ/mol)
       G96Angle    Proper Dih.          LJ-14     Coulomb-14        LJ (SR)
    5.87958e+02    4.22971e+02    2.17380e+04   -1.10582e+03    7.36777e+04
  Disper. corr.   Coulomb (SR)   Coul. recip.      Potential    Kinetic En.
   -4.68916e+03   -5.26176e+05    2.84040e+03   -4.32704e+05    8.63108e+04
   Total Energy  Conserved En.    Temperature Pres. DC (bar) Pressure (bar)
   -3.46393e+05   -7.29280e+05    3.10264e+02   -2.27289e+02    1.01757e+02
   Constr. rmsd
    9.80851e-04

           Step           Time         Lambda
         475000      950.00000        0.00000

   Energies (kJ/mol)
       G96Angle    Proper Dih.          LJ-14     Coulomb-14        LJ (SR)
    5.93358e+02    4.25186e+02    2.17193e+04   -1.08509e+03    7.39571e+04
  Disper. corr.   Coulomb (SR)   Coul. recip.      Potential    Kinetic En.
   -4.68916e+03   -5.26475e+05    2.85258e+03   -4.32702e+05    8.58709e+04
   Total Energy  Conserved En.    Temperature Pres. DC (bar) Pressure (bar)
   -3.46831e+05   -7.29636e+05    3.08683e+02   -2.27289e+02   -7.06538e+01
   Constr. rmsd
    1.01339e-03

           Step           Time         Lambda
         475500      951.00000        0.00000

   Energies (kJ/mol)
       G96Angle    Proper Dih.          LJ-14     Coulomb-14        LJ (SR)
    5.43953e+02    4.15006e+02    2.17607e+04   -1.09605e+03    7.52454e+04
  Disper. corr.   Coulomb (SR)   Coul. recip.      Potential    Kinetic En.
   -4.68916e+03   -5.28244e+05    3.01895e+03   -4.33045e+05    8.64883e+04
   Total Energy  Conserved En.    Temperature Pres. DC (bar) Pressure (bar)
   -3.46557e+05   -7.29923e+05    3.10902e+02   -2.27289e+02    9.18452e+02
   Constr. rmsd
    8.80632e-04

           Step           Time         Lambda
         476000      952.00000        0.00000

   Energies (kJ/mol)
       G96Angle    Proper Dih.          LJ-14     Coulomb-14        LJ (SR)
    5.87762e+02    3.97863e+02    2.17469e+04   -1.10978e+03    7.40738e+04
  Disper. corr.   Coulomb (SR)   Coul. recip.      Potential    Kinetic En.
   -4.68916e+03   -5.26840e+05    2.85534e+03   -4.32978e+05    8.66932e+04
   Total Energy  Conserved En.    Temperature Pres. DC (bar) Pressure (bar)
   -3.46284e+05   -7.30328e+05    3.11638e+02   -2.27289e+02    4.41743e+01
   Constr. rmsd
    1.00347e-03

           Step           Time         Lambda
         476500      953.00000        0.00000

   Energies (kJ/mol)
       G96Angle    Proper Dih.          LJ-14     Coulomb-14        LJ (SR)
    5.98108e+02    3.94494e+02    2.16966e+04   -1.07806e+03    7.46662e+04
  Disper. corr.   Coulomb (SR)   Coul. recip.      Potential    Kinetic En.
   -4.68916e+03   -5.28645e+05    2.84147e+03   -4.34215e+05    8.68904e+04
   Total Energy  Conserved En.    Temperature Pres. DC (bar) Pressure (bar)
   -3.47325e+05   -7.30656e+05    3.12347e+02   -2.27289e+02    2.15225e+02
   Constr. rmsd
    9.80050e-04

           Step           Time         Lambda
         477000      954.00000        0.00000

   Energies (kJ/mol)
       G96Angle    Proper Dih.          LJ-14     Coulomb-14        LJ (SR)
    5.84346e+02    3.94202e+02    2.17082e+04   -1.09857e+03    7.37352e+04
  Disper. corr.   Coulomb (SR)   Coul. recip.      Potential    Kinetic En.
   -4.68916e+03   -5.27188e+05    2.84315e+03   -4.33711e+05    8.55747e+04
   Total Energy  Conserved En.    Temperature Pres. DC (bar) Pressure (bar)
   -3.48136e+05   -7.30995e+05    3.07618e+02   -2.27289e+02   -6.99254e+01
   Constr. rmsd
    9.97438e-04

           Step           Time         Lambda
         477500      955.00000        0.00000

   Energies (kJ/mol)
       G96Angle    Proper Dih.          LJ-14     Coulomb-14        LJ (SR)
    5.74979e+02    4.02703e+02    2.17625e+04   -1.08055e+03    7.49674e+04
  Disper. corr.   Coulomb (SR)   Coul. recip.      Potential    Kinetic En.
   -4.68916e+03   -5.28118e+05    2.92283e+03   -4.33257e+05    8.54232e+04
   Total Energy  Conserved En.    Temperature Pres. DC (bar) Pressure (bar)
   -3.47834e+05   -7.31333e+05    3.07073e+02   -2.27289e+02    4.34872e+02
   Constr. rmsd
    9.55532e-04

           Step           Time         Lambda
         478000      956.00000        0.00000

   Energies (kJ/mol)
       G96Angle    Proper Dih.          LJ-14     Coulomb-14        LJ (SR)
    6.19992e+02    3.97927e+02    2.17698e+04   -1.10092e+03    7.40648e+04
  Disper. corr.   Coulomb (SR)   Coul. recip.      Potential    Kinetic En.
   -4.68916e+03   -5.26860e+05    2.88078e+03   -4.32917e+05    8.53935e+04
   Total Energy  Conserved En.    Temperature Pres. DC (bar) Pressure (bar)
   -3.47524e+05   -7.31694e+05    3.06966e+02   -2.27289e+02    3.36978e+02
   Constr. rmsd
    9.49088e-04

           Step           Time         Lambda
         478500      957.00000        0.00000

   Energies (kJ/mol)
       G96Angle    Proper Dih.          LJ-14     Coulomb-14        LJ (SR)
    5.99333e+02    4.23745e+02    2.17617e+04   -1.08951e+03    7.46234e+04
  Disper. corr.   Coulomb (SR)   Coul. recip.      Potential    Kinetic En.
   -4.68916e+03   -5.28920e+05    2.90768e+03   -4.34383e+05    8.63404e+04
   Total Energy  Conserved En.    Temperature Pres. DC (bar) Pressure (bar)
   -3.48043e+05   -7.32049e+05    3.10370e+02   -2.27289e+02    5.14724e+02
   Constr. rmsd
    9.17514e-04

           Step           Time         Lambda
         479000      958.00000        0.00000

   Energies (kJ/mol)
       G96Angle    Proper Dih.          LJ-14     Coulomb-14        LJ (SR)
    5.82583e+02    3.94308e+02    2.17294e+04   -1.08353e+03    7.43233e+04
  Disper. corr.   Coulomb (SR)   Coul. recip.      Potential    Kinetic En.
   -4.68916e+03   -5.26759e+05    2.86995e+03   -4.32632e+05    8.59431e+04
   Total Energy  Conserved En.    Temperature Pres. DC (bar) Pressure (bar)
   -3.46689e+05   -7.32413e+05    3.08942e+02   -2.27289e+02    6.54258e+02
   Constr. rmsd
    9.02803e-04

           Step           Time         Lambda
         479500      959.00000        0.00000

   Energies (kJ/mol)
       G96Angle    Proper Dih.          LJ-14     Coulomb-14        LJ (SR)
    5.38767e+02    4.33545e+02    2.16977e+04   -1.08917e+03    7.56770e+04
  Disper. corr.   Coulomb (SR)   Coul. recip.      Potential    Kinetic En.
   -4.68916e+03   -5.28340e+05    2.86086e+03   -4.32911e+05    8.71361e+04
   Total Energy  Conserved En.    Temperature Pres. DC (bar) Pressure (bar)
   -3.45775e+05   -7.32845e+05    3.13230e+02   -2.27289e+02    2.02833e+02
   Constr. rmsd
    1.02213e-03

           Step           Time         Lambda
         480000      960.00000        0.00000

   Energies (kJ/mol)
       G96Angle    Proper Dih.          LJ-14     Coulomb-14        LJ (SR)
    5.94344e+02    4.12453e+02    2.17847e+04   -1.09169e+03    7.41392e+04
  Disper. corr.   Coulomb (SR)   Coul. recip.      Potential    Kinetic En.
   -4.68916e+03   -5.27568e+05    2.88250e+03   -4.33536e+05    8.74599e+04
   Total Energy  Conserved En.    Temperature Pres. DC (bar) Pressure (bar)
   -3.46076e+05   -7.33181e+05    3.14394e+02   -2.27289e+02    5.53862e+02
   Constr. rmsd
    9.12130e-04

           Step           Time         Lambda
         480500      961.00000        0.00000

   Energies (kJ/mol)
       G96Angle    Proper Dih.          LJ-14     Coulomb-14        LJ (SR)
    5.94007e+02    4.30438e+02    2.16872e+04   -1.08160e+03    7.42623e+04
  Disper. corr.   Coulomb (SR)   Coul. recip.      Potential    Kinetic En.
   -4.68916e+03   -5.28160e+05    2.89414e+03   -4.34062e+05    8.71342e+04
   Total Energy  Conserved En.    Temperature Pres. DC (bar) Pressure (bar)
   -3.46928e+05   -7.33574e+05    3.13224e+02   -2.27289e+02   -1.96182e+02
   Constr. rmsd
    1.04032e-03

           Step           Time         Lambda
         481000      962.00000        0.00000

   Energies (kJ/mol)
       G96Angle    Proper Dih.          LJ-14     Coulomb-14        LJ (SR)
    5.52607e+02    3.95315e+02    2.17270e+04   -1.07706e+03    7.51903e+04
  Disper. corr.   Coulomb (SR)   Coul. recip.      Potential    Kinetic En.
   -4.68916e+03   -5.27430e+05    2.95502e+03   -4.32376e+05    8.52543e+04
   Total Energy  Conserved En.    Temperature Pres. DC (bar) Pressure (bar)
   -3.47122e+05   -7.33830e+05    3.06466e+02   -2.27289e+02    6.42443e+02
   Constr. rmsd
    9.28562e-04

Writing checkpoint, step 481120 at Wed Apr  4 18:18:54 2018


           Step           Time         Lambda
         481500      963.00000        0.00000

   Energies (kJ/mol)
       G96Angle    Proper Dih.          LJ-14     Coulomb-14        LJ (SR)
    5.66754e+02    4.10672e+02    2.16902e+04   -1.10309e+03    7.43728e+04
  Disper. corr.   Coulomb (SR)   Coul. recip.      Potential    Kinetic En.
   -4.68916e+03   -5.26482e+05    2.92095e+03   -4.32313e+05    8.62470e+04
   Total Energy  Conserved En.    Temperature Pres. DC (bar) Pressure (bar)
   -3.46066e+05   -7.34187e+05    3.10034e+02   -2.27289e+02    5.34743e+02
   Constr. rmsd
    9.31657e-04

           Step           Time         Lambda
         482000      964.00000        0.00000

   Energies (kJ/mol)
       G96Angle    Proper Dih.          LJ-14     Coulomb-14        LJ (SR)
    6.10507e+02    3.54473e+02    2.16582e+04   -1.10771e+03    7.39314e+04
  Disper. corr.   Coulomb (SR)   Coul. recip.      Potential    Kinetic En.
   -4.68916e+03   -5.26748e+05    2.88443e+03   -4.33105e+05    8.62978e+04
   Total Energy  Conserved En.    Temperature Pres. DC (bar) Pressure (bar)
   -3.46808e+05   -7.34584e+05    3.10217e+02   -2.27289e+02   -1.50782e+01
   Constr. rmsd
    1.00752e-03

           Step           Time         Lambda
         482500      965.00000        0.00000

   Energies (kJ/mol)
       G96Angle    Proper Dih.          LJ-14     Coulomb-14        LJ (SR)
    6.32646e+02    4.16515e+02    2.17337e+04   -1.10770e+03    7.38384e+04
  Disper. corr.   Coulomb (SR)   Coul. recip.      Potential    Kinetic En.
   -4.68916e+03   -5.26416e+05    2.85443e+03   -4.32737e+05    8.63743e+04
   Total Energy  Conserved En.    Temperature Pres. DC (bar) Pressure (bar)
   -3.46362e+05   -7.34920e+05    3.10492e+02   -2.27289e+02    2.97041e+02
   Constr. rmsd
    9.51004e-04

           Step           Time         Lambda
         483000      966.00000        0.00000

   Energies (kJ/mol)
       G96Angle    Proper Dih.          LJ-14     Coulomb-14        LJ (SR)
    5.60654e+02    4.33096e+02    2.17487e+04   -1.08144e+03    7.43930e+04
  Disper. corr.   Coulomb (SR)   Coul. recip.      Potential    Kinetic En.
   -4.68916e+03   -5.26432e+05    2.95257e+03   -4.32115e+05    8.67371e+04
   Total Energy  Conserved En.    Temperature Pres. DC (bar) Pressure (bar)
   -3.45378e+05   -7.35272e+05    3.11796e+02   -2.27289e+02    1.90610e+01
   Constr. rmsd
    1.02738e-03

           Step           Time         Lambda
         483500      967.00000        0.00000

   Energies (kJ/mol)
       G96Angle    Proper Dih.          LJ-14     Coulomb-14        LJ (SR)
    5.80385e+02    4.18952e+02    2.17503e+04   -1.08858e+03    7.31825e+04
  Disper. corr.   Coulomb (SR)   Coul. recip.      Potential    Kinetic En.
   -4.68916e+03   -5.25314e+05    2.88106e+03   -4.32279e+05    8.62914e+04
   Total Energy  Conserved En.    Temperature Pres. DC (bar) Pressure (bar)
   -3.45987e+05   -7.35584e+05    3.10194e+02   -2.27289e+02    1.67264e+02
   Constr. rmsd
    9.58323e-04

           Step           Time         Lambda
         484000      968.00000        0.00000

   Energies (kJ/mol)
       G96Angle    Proper Dih.          LJ-14     Coulomb-14        LJ (SR)
    5.70332e+02    4.05209e+02    2.17925e+04   -1.11020e+03    7.33352e+04
  Disper. corr.   Coulomb (SR)   Coul. recip.      Potential    Kinetic En.
   -4.68916e+03   -5.25099e+05    2.89781e+03   -4.31898e+05    8.62427e+04
   Total Energy  Conserved En.    Temperature Pres. DC (bar) Pressure (bar)
   -3.45655e+05   -7.35939e+05    3.10019e+02   -2.27289e+02    3.77400e+02
   Constr. rmsd
    9.45462e-04

           Step           Time         Lambda
         484500      969.00000        0.00000

   Energies (kJ/mol)
       G96Angle    Proper Dih.          LJ-14     Coulomb-14        LJ (SR)
    5.92785e+02    4.21633e+02    2.17182e+04   -1.06168e+03    7.38747e+04
  Disper. corr.   Coulomb (SR)   Coul. recip.      Potential    Kinetic En.
   -4.68916e+03   -5.26362e+05    2.95062e+03   -4.32554e+05    8.59881e+04
   Total Energy  Conserved En.    Temperature Pres. DC (bar) Pressure (bar)
   -3.46566e+05   -7.36284e+05    3.09104e+02   -2.27289e+02    1.02022e+02
   Constr. rmsd
    9.86814e-04

           Step           Time         Lambda
         485000      970.00000        0.00000

   Energies (kJ/mol)
       G96Angle    Proper Dih.          LJ-14     Coulomb-14        LJ (SR)
    5.94844e+02    3.92241e+02    2.17344e+04   -1.09885e+03    7.41054e+04
  Disper. corr.   Coulomb (SR)   Coul. recip.      Potential    Kinetic En.
   -4.68916e+03   -5.27697e+05    2.82941e+03   -4.33829e+05    8.66359e+04
   Total Energy  Conserved En.    Temperature Pres. DC (bar) Pressure (bar)
   -3.47193e+05   -7.36641e+05    3.11432e+02   -2.27289e+02    3.46131e+02
   Constr. rmsd
    9.43695e-04

           Step           Time         Lambda
         485500      971.00000        0.00000

   Energies (kJ/mol)
       G96Angle    Proper Dih.          LJ-14     Coulomb-14        LJ (SR)
    6.24646e+02    3.71164e+02    2.16965e+04   -1.09154e+03    7.37791e+04
  Disper. corr.   Coulomb (SR)   Coul. recip.      Potential    Kinetic En.
   -4.68916e+03   -5.27024e+05    2.80962e+03   -4.33524e+05    8.62087e+04
   Total Energy  Conserved En.    Temperature Pres. DC (bar) Pressure (bar)
   -3.47315e+05   -7.36992e+05    3.09897e+02   -2.27289e+02    6.24344e+01
   Constr. rmsd
    9.92684e-04

           Step           Time         Lambda
         486000      972.00000        0.00000

   Energies (kJ/mol)
       G96Angle    Proper Dih.          LJ-14     Coulomb-14        LJ (SR)
    5.93117e+02    3.89167e+02    2.17204e+04   -1.07931e+03    7.45463e+04
  Disper. corr.   Coulomb (SR)   Coul. recip.      Potential    Kinetic En.
   -4.68916e+03   -5.28235e+05    2.93519e+03   -4.33819e+05    8.57526e+04
   Total Energy  Conserved En.    Temperature Pres. DC (bar) Pressure (bar)
   -3.48067e+05   -7.37304e+05    3.08257e+02   -2.27289e+02   -4.01774e+01
   Constr. rmsd
    1.00788e-03

           Step           Time         Lambda
         486500      973.00000        0.00000

   Energies (kJ/mol)
       G96Angle    Proper Dih.          LJ-14     Coulomb-14        LJ (SR)
    6.05350e+02    4.29265e+02    2.17499e+04   -1.09550e+03    7.26896e+04
  Disper. corr.   Coulomb (SR)   Coul. recip.      Potential    Kinetic En.
   -4.68916e+03   -5.25602e+05    2.92576e+03   -4.32987e+05    8.57070e+04
   Total Energy  Conserved En.    Temperature Pres. DC (bar) Pressure (bar)
   -3.47280e+05   -7.37666e+05    3.08093e+02   -2.27289e+02    1.04440e+02
   Constr. rmsd
    9.49847e-04

           Step           Time         Lambda
         487000      974.00000        0.00000

   Energies (kJ/mol)
       G96Angle    Proper Dih.          LJ-14     Coulomb-14        LJ (SR)
    6.48270e+02    4.11303e+02    2.17448e+04   -1.09322e+03    7.30161e+04
  Disper. corr.   Coulomb (SR)   Coul. recip.      Potential    Kinetic En.
   -4.68916e+03   -5.24778e+05    2.91788e+03   -4.31822e+05    8.60030e+04
   Total Energy  Conserved En.    Temperature Pres. DC (bar) Pressure (bar)
   -3.45819e+05   -7.38027e+05    3.09157e+02   -2.27289e+02    1.18961e+02
   Constr. rmsd
    9.72335e-04

           Step           Time         Lambda
         487500      975.00000        0.00000

   Energies (kJ/mol)
       G96Angle    Proper Dih.          LJ-14     Coulomb-14        LJ (SR)
    5.53473e+02    3.93058e+02    2.16734e+04   -1.08910e+03    7.49307e+04
  Disper. corr.   Coulomb (SR)   Coul. recip.      Potential    Kinetic En.
   -4.68916e+03   -5.28651e+05    2.94639e+03   -4.33932e+05    8.58602e+04
   Total Energy  Conserved En.    Temperature Pres. DC (bar) Pressure (bar)
   -3.48072e+05   -7.38404e+05    3.08644e+02   -2.27289e+02    3.36883e+02
   Constr. rmsd
    9.59339e-04

           Step           Time         Lambda
         488000      976.00000        0.00000

   Energies (kJ/mol)
       G96Angle    Proper Dih.          LJ-14     Coulomb-14        LJ (SR)
    5.87698e+02    3.67879e+02    2.17010e+04   -1.09235e+03    7.30048e+04
  Disper. corr.   Coulomb (SR)   Coul. recip.      Potential    Kinetic En.
   -4.68916e+03   -5.25096e+05    3.02039e+03   -4.32196e+05    8.52895e+04
   Total Energy  Conserved En.    Temperature Pres. DC (bar) Pressure (bar)
   -3.46906e+05   -7.38756e+05    3.06593e+02   -2.27289e+02    3.04498e+01
   Constr. rmsd
    9.88720e-04

           Step           Time         Lambda
         488500      977.00000        0.00000

   Energies (kJ/mol)
       G96Angle    Proper Dih.          LJ-14     Coulomb-14        LJ (SR)
    6.19204e+02    3.93485e+02    2.17396e+04   -1.06023e+03    7.31378e+04
  Disper. corr.   Coulomb (SR)   Coul. recip.      Potential    Kinetic En.
   -4.68916e+03   -5.26351e+05    2.95384e+03   -4.33257e+05    8.64395e+04
   Total Energy  Conserved En.    Temperature Pres. DC (bar) Pressure (bar)
   -3.46817e+05   -7.39061e+05    3.10727e+02   -2.27289e+02    2.81893e+02
   Constr. rmsd
    9.25609e-04

           Step           Time         Lambda
         489000      978.00000        0.00000

   Energies (kJ/mol)
       G96Angle    Proper Dih.          LJ-14     Coulomb-14        LJ (SR)
    5.49118e+02    4.21543e+02    2.17090e+04   -1.06460e+03    7.28746e+04
  Disper. corr.   Coulomb (SR)   Coul. recip.      Potential    Kinetic En.
   -4.68916e+03   -5.26315e+05    2.85570e+03   -4.33659e+05    8.52915e+04
   Total Energy  Conserved En.    Temperature Pres. DC (bar) Pressure (bar)
   -3.48367e+05   -7.39403e+05    3.06600e+02   -2.27289e+02    2.16031e+02
   Constr. rmsd
    9.14517e-04

           Step           Time         Lambda
         489500      979.00000        0.00000

   Energies (kJ/mol)
       G96Angle    Proper Dih.          LJ-14     Coulomb-14        LJ (SR)
    5.84093e+02    3.75554e+02    2.17413e+04   -1.09054e+03    7.39469e+04
  Disper. corr.   Coulomb (SR)   Coul. recip.      Potential    Kinetic En.
   -4.68916e+03   -5.27864e+05    2.83435e+03   -4.34162e+05    8.57736e+04
   Total Energy  Conserved En.    Temperature Pres. DC (bar) Pressure (bar)
   -3.48388e+05   -7.39713e+05    3.08333e+02   -2.27289e+02    4.59595e+02
   Constr. rmsd
    9.15534e-04

           Step           Time         Lambda
         490000      980.00000        0.00000

   Energies (kJ/mol)
       G96Angle    Proper Dih.          LJ-14     Coulomb-14        LJ (SR)
    5.88027e+02    3.78681e+02    2.17254e+04   -1.09994e+03    7.38862e+04
  Disper. corr.   Coulomb (SR)   Coul. recip.      Potential    Kinetic En.
   -4.68916e+03   -5.26851e+05    2.88620e+03   -4.33176e+05    8.58527e+04
   Total Energy  Conserved En.    Temperature Pres. DC (bar) Pressure (bar)
   -3.47323e+05   -7.40105e+05    3.08617e+02   -2.27289e+02   -6.58691e+01
   Constr. rmsd
    1.02902e-03

           Step           Time         Lambda
         490500      981.00000        0.00000

   Energies (kJ/mol)
       G96Angle    Proper Dih.          LJ-14     Coulomb-14        LJ (SR)
    6.70409e+02    4.14769e+02    2.17409e+04   -1.11462e+03    7.41180e+04
  Disper. corr.   Coulomb (SR)   Coul. recip.      Potential    Kinetic En.
   -4.68916e+03   -5.27356e+05    2.92604e+03   -4.33290e+05    8.62142e+04
   Total Energy  Conserved En.    Temperature Pres. DC (bar) Pressure (bar)
   -3.47075e+05   -7.40429e+05    3.09917e+02   -2.27289e+02    3.02693e+02
   Constr. rmsd
    9.49918e-04

           Step           Time         Lambda
         491000      982.00000        0.00000

   Energies (kJ/mol)
       G96Angle    Proper Dih.          LJ-14     Coulomb-14        LJ (SR)
    5.94549e+02    4.14631e+02    2.17312e+04   -1.10480e+03    7.27574e+04
  Disper. corr.   Coulomb (SR)   Coul. recip.      Potential    Kinetic En.
   -4.68916e+03   -5.25415e+05    2.95410e+03   -4.32758e+05    8.62942e+04
   Total Energy  Conserved En.    Temperature Pres. DC (bar) Pressure (bar)
   -3.46463e+05   -7.40792e+05    3.10204e+02   -2.27289e+02    1.57544e+02
   Constr. rmsd
    9.43152e-04

           Step           Time         Lambda
         491500      983.00000        0.00000

   Energies (kJ/mol)
       G96Angle    Proper Dih.          LJ-14     Coulomb-14        LJ (SR)
    6.11128e+02    3.73039e+02    2.17569e+04   -1.08619e+03    7.33208e+04
  Disper. corr.   Coulomb (SR)   Coul. recip.      Potential    Kinetic En.
   -4.68916e+03   -5.25288e+05    2.84968e+03   -4.32152e+05    8.60450e+04
   Total Energy  Conserved En.    Temperature Pres. DC (bar) Pressure (bar)
   -3.46107e+05   -7.41116e+05    3.09308e+02   -2.27289e+02    1.62902e+02
   Constr. rmsd
    9.63345e-04

           Step           Time         Lambda
         492000      984.00000        0.00000

   Energies (kJ/mol)
       G96Angle    Proper Dih.          LJ-14     Coulomb-14        LJ (SR)
    6.07170e+02    4.23735e+02    2.17109e+04   -1.07626e+03    7.47399e+04
  Disper. corr.   Coulomb (SR)   Coul. recip.      Potential    Kinetic En.
   -4.68916e+03   -5.27165e+05    2.86938e+03   -4.32579e+05    8.55801e+04
   Total Energy  Conserved En.    Temperature Pres. DC (bar) Pressure (bar)
   -3.46999e+05   -7.41471e+05    3.07637e+02   -2.27289e+02    3.14199e+02
   Constr. rmsd
    9.67994e-04

           Step           Time         Lambda
         492500      985.00000        0.00000

   Energies (kJ/mol)
       G96Angle    Proper Dih.          LJ-14     Coulomb-14        LJ (SR)
    5.75467e+02    4.08994e+02    2.17152e+04   -1.07337e+03    7.32792e+04
  Disper. corr.   Coulomb (SR)   Coul. recip.      Potential    Kinetic En.
   -4.68916e+03   -5.25576e+05    2.89715e+03   -4.32462e+05    8.54752e+04
   Total Energy  Conserved En.    Temperature Pres. DC (bar) Pressure (bar)
   -3.46987e+05   -7.41779e+05    3.07260e+02   -2.27289e+02   -1.15100e+01
   Constr. rmsd
    9.96813e-04

           Step           Time         Lambda
         493000      986.00000        0.00000

   Energies (kJ/mol)
       G96Angle    Proper Dih.          LJ-14     Coulomb-14        LJ (SR)
    5.51648e+02    4.36258e+02    2.17376e+04   -1.08560e+03    7.44376e+04
  Disper. corr.   Coulomb (SR)   Coul. recip.      Potential    Kinetic En.
   -4.68916e+03   -5.27722e+05    2.90069e+03   -4.33433e+05    8.64350e+04
   Total Energy  Conserved En.    Temperature Pres. DC (bar) Pressure (bar)
   -3.46998e+05   -7.42131e+05    3.10710e+02   -2.27289e+02    3.95901e+02
   Constr. rmsd
    9.47128e-04

           Step           Time         Lambda
         493500      987.00000        0.00000

   Energies (kJ/mol)
       G96Angle    Proper Dih.          LJ-14     Coulomb-14        LJ (SR)
    5.66830e+02    3.94555e+02    2.16849e+04   -1.09493e+03    7.59002e+04
  Disper. corr.   Coulomb (SR)   Coul. recip.      Potential    Kinetic En.
   -4.68916e+03   -5.29859e+05    2.84139e+03   -4.34256e+05    8.51677e+04
   Total Energy  Conserved En.    Temperature Pres. DC (bar) Pressure (bar)
   -3.49088e+05   -7.42465e+05    3.06155e+02   -2.27289e+02    5.65759e+02
   Constr. rmsd
    9.47644e-04

           Step           Time         Lambda
         494000      988.00000        0.00000

   Energies (kJ/mol)
       G96Angle    Proper Dih.          LJ-14     Coulomb-14        LJ (SR)
    6.14232e+02    3.99912e+02    2.17437e+04   -1.10860e+03    7.44666e+04
  Disper. corr.   Coulomb (SR)   Coul. recip.      Potential    Kinetic En.
   -4.68916e+03   -5.27125e+05    2.88031e+03   -4.32818e+05    8.60422e+04
   Total Energy  Conserved En.    Temperature Pres. DC (bar) Pressure (bar)
   -3.46776e+05   -7.42824e+05    3.09298e+02   -2.27289e+02    2.77015e+02
   Constr. rmsd
    9.76249e-04

           Step           Time         Lambda
         494500      989.00000        0.00000

   Energies (kJ/mol)
       G96Angle    Proper Dih.          LJ-14     Coulomb-14        LJ (SR)
    6.10248e+02    4.08243e+02    2.17312e+04   -1.10149e+03    7.30087e+04
  Disper. corr.   Coulomb (SR)   Coul. recip.      Potential    Kinetic En.
   -4.68916e+03   -5.24980e+05    2.86879e+03   -4.32144e+05    8.72812e+04
   Total Energy  Conserved En.    Temperature Pres. DC (bar) Pressure (bar)
   -3.44862e+05   -7.43159e+05    3.13752e+02   -2.27289e+02    2.58605e+02
   Constr. rmsd
    9.44545e-04

           Step           Time         Lambda
         495000      990.00000        0.00000

   Energies (kJ/mol)
       G96Angle    Proper Dih.          LJ-14     Coulomb-14        LJ (SR)
    5.91974e+02    4.65164e+02    2.17554e+04   -1.09875e+03    7.25010e+04
  Disper. corr.   Coulomb (SR)   Coul. recip.      Potential    Kinetic En.
   -4.68916e+03   -5.24915e+05    2.86432e+03   -4.32525e+05    8.59788e+04
   Total Energy  Conserved En.    Temperature Pres. DC (bar) Pressure (bar)
   -3.46546e+05   -7.43499e+05    3.09070e+02   -2.27289e+02    3.81778e+02
   Constr. rmsd
    9.03619e-04

           Step           Time         Lambda
         495500      991.00000        0.00000

   Energies (kJ/mol)
       G96Angle    Proper Dih.          LJ-14     Coulomb-14        LJ (SR)
    6.30572e+02    4.07152e+02    2.17793e+04   -1.12218e+03    7.38740e+04
  Disper. corr.   Coulomb (SR)   Coul. recip.      Potential    Kinetic En.
   -4.68916e+03   -5.26746e+05    2.84567e+03   -4.33021e+05    8.71266e+04
   Total Energy  Conserved En.    Temperature Pres. DC (bar) Pressure (bar)
   -3.45894e+05   -7.43875e+05    3.13196e+02   -2.27289e+02    2.18543e+02
   Constr. rmsd
    9.69845e-04

           Step           Time         Lambda
         496000      992.00000        0.00000

   Energies (kJ/mol)
       G96Angle    Proper Dih.          LJ-14     Coulomb-14        LJ (SR)
    6.05619e+02    4.15445e+02    2.17528e+04   -1.09361e+03    7.43561e+04
  Disper. corr.   Coulomb (SR)   Coul. recip.      Potential    Kinetic En.
   -4.68916e+03   -5.27149e+05    2.88190e+03   -4.32919e+05    8.57213e+04
   Total Energy  Conserved En.    Temperature Pres. DC (bar) Pressure (bar)
   -3.47198e+05   -7.44208e+05    3.08145e+02   -2.27289e+02    6.52393e+02
   Constr. rmsd
    8.97828e-04

           Step           Time         Lambda
         496500      993.00000        0.00000

   Energies (kJ/mol)
       G96Angle    Proper Dih.          LJ-14     Coulomb-14        LJ (SR)
    6.08536e+02    3.96445e+02    2.18047e+04   -1.11309e+03    7.57079e+04
  Disper. corr.   Coulomb (SR)   Coul. recip.      Potential    Kinetic En.
   -4.68916e+03   -5.28187e+05    2.96455e+03   -4.32507e+05    8.54598e+04
   Total Energy  Conserved En.    Temperature Pres. DC (bar) Pressure (bar)
   -3.47048e+05   -7.44549e+05    3.07204e+02   -2.27289e+02    8.55023e+02
   Constr. rmsd
    9.02579e-04

           Step           Time         Lambda
         497000      994.00000        0.00000

   Energies (kJ/mol)
       G96Angle    Proper Dih.          LJ-14     Coulomb-14        LJ (SR)
    5.75879e+02    4.19052e+02    2.16909e+04   -1.08500e+03    7.47052e+04
  Disper. corr.   Coulomb (SR)   Coul. recip.      Potential    Kinetic En.
   -4.68916e+03   -5.26703e+05    2.92662e+03   -4.32160e+05    8.57822e+04
   Total Energy  Conserved En.    Temperature Pres. DC (bar) Pressure (bar)
   -3.46378e+05   -7.44920e+05    3.08363e+02   -2.27289e+02    4.47102e+02
   Constr. rmsd
    9.51716e-04

           Step           Time         Lambda
         497500      995.00000        0.00000

   Energies (kJ/mol)
       G96Angle    Proper Dih.          LJ-14     Coulomb-14        LJ (SR)
    5.75282e+02    4.00333e+02    2.17068e+04   -1.08286e+03    7.32342e+04
  Disper. corr.   Coulomb (SR)   Coul. recip.      Potential    Kinetic En.
   -4.68916e+03   -5.26243e+05    2.94227e+03   -4.33156e+05    8.62134e+04
   Total Energy  Conserved En.    Temperature Pres. DC (bar) Pressure (bar)
   -3.46943e+05   -7.45257e+05    3.09914e+02   -2.27289e+02   -3.65481e+01
   Constr. rmsd
    9.80425e-04

           Step           Time         Lambda
         498000      996.00000        0.00000

   Energies (kJ/mol)
       G96Angle    Proper Dih.          LJ-14     Coulomb-14        LJ (SR)
    6.22717e+02    4.10335e+02    2.17437e+04   -1.08503e+03    7.46103e+04
  Disper. corr.   Coulomb (SR)   Coul. recip.      Potential    Kinetic En.
   -4.68916e+03   -5.27818e+05    2.83017e+03   -4.33375e+05    8.70405e+04
   Total Energy  Conserved En.    Temperature Pres. DC (bar) Pressure (bar)
   -3.46334e+05   -7.45624e+05    3.12887e+02   -2.27289e+02    3.32298e+01
   Constr. rmsd
    1.01699e-03

           Step           Time         Lambda
         498500      997.00000        0.00000

   Energies (kJ/mol)
       G96Angle    Proper Dih.          LJ-14     Coulomb-14        LJ (SR)
    6.02949e+02    4.04721e+02    2.17782e+04   -1.11555e+03    7.28396e+04
  Disper. corr.   Coulomb (SR)   Coul. recip.      Potential    Kinetic En.
   -4.68916e+03   -5.26102e+05    2.86836e+03   -4.33413e+05    8.61402e+04
   Total Energy  Conserved En.    Temperature Pres. DC (bar) Pressure (bar)
   -3.47273e+05   -7.45916e+05    3.09650e+02   -2.27289e+02    8.48513e+02
   Constr. rmsd
    8.16333e-04

           Step           Time         Lambda
         499000      998.00000        0.00000

   Energies (kJ/mol)
       G96Angle    Proper Dih.          LJ-14     Coulomb-14        LJ (SR)
    5.91407e+02    3.98745e+02    2.17222e+04   -1.08979e+03    7.40181e+04
  Disper. corr.   Coulomb (SR)   Coul. recip.      Potential    Kinetic En.
   -4.68916e+03   -5.26836e+05    2.87503e+03   -4.33009e+05    8.60661e+04
   Total Energy  Conserved En.    Temperature Pres. DC (bar) Pressure (bar)
   -3.46943e+05   -7.46332e+05    3.09384e+02   -2.27289e+02    2.32175e+02
   Constr. rmsd
    9.71150e-04

           Step           Time         Lambda
         499500      999.00000        0.00000

   Energies (kJ/mol)
       G96Angle    Proper Dih.          LJ-14     Coulomb-14        LJ (SR)
    5.55227e+02    3.91762e+02    2.16776e+04   -1.08086e+03    7.52035e+04
  Disper. corr.   Coulomb (SR)   Coul. recip.      Potential    Kinetic En.
   -4.68916e+03   -5.27753e+05    2.96891e+03   -4.32726e+05    8.54132e+04
   Total Energy  Conserved En.    Temperature Pres. DC (bar) Pressure (bar)
   -3.47313e+05   -7.46698e+05    3.07037e+02   -2.27289e+02    1.24552e+02
   Constr. rmsd
    1.01344e-03

           Step           Time         Lambda
         500000     1000.00000        0.00000

Writing checkpoint, step 500000 at Wed Apr  4 18:30:03 2018


   Energies (kJ/mol)
       G96Angle    Proper Dih.          LJ-14     Coulomb-14        LJ (SR)
    6.17687e+02    4.06085e+02    2.17499e+04   -1.08655e+03    7.45379e+04
  Disper. corr.   Coulomb (SR)   Coul. recip.      Potential    Kinetic En.
   -4.68916e+03   -5.27756e+05    2.99318e+03   -4.33227e+05    8.62142e+04
   Total Energy  Conserved En.    Temperature Pres. DC (bar) Pressure (bar)
   -3.47012e+05   -7.47066e+05    3.09917e+02   -2.27289e+02    5.08032e+02
   Constr. rmsd
    9.27658e-04

	<======  ###############  ==>
	<====  A V E R A G E S  ====>
	<==  ###############  ======>

	Statistics over 500001 steps using 5001 frames

   Energies (kJ/mol)
       G96Angle    Proper Dih.          LJ-14     Coulomb-14        LJ (SR)
    5.91878e+02    4.08776e+02    2.17325e+04   -1.09339e+03    7.43371e+04
  Disper. corr.   Coulomb (SR)   Coul. recip.      Potential    Kinetic En.
   -4.68916e+03   -5.27307e+05    2.89023e+03   -4.33129e+05    8.61986e+04
   Total Energy  Conserved En.    Temperature Pres. DC (bar) Pressure (bar)
   -3.46930e+05   -5.73582e+05    3.09860e+02   -2.27289e+02    2.60848e+02
   Constr. rmsd
    0.00000e+00

   Total Virial (kJ/mol)
    2.59981e+04   -5.17149e+01   -7.68754e+01
   -5.18368e+01    2.60488e+04   -6.15909e+01
   -7.68686e+01   -6.14523e+01    2.60696e+04

   Pressure (bar)
    2.48553e+02    4.67226e-02    6.52866e-01
    5.85270e-02    2.68657e+02    2.14475e+00
    6.52208e-01    2.13133e+00    2.65334e+02

          T-RNA          T-SOL
    3.02592e+02    3.10005e+02


	M E G A - F L O P S   A C C O U N T I N G

 NB=Group-cutoff nonbonded kernels    NxN=N-by-N cluster Verlet kernels
 RF=Reaction-Field  VdW=Van der Waals  QSTab=quadratic-spline table
 W3=SPC/TIP3p  W4=TIP4p (single or pairs)
 V&F=Potential and force  V=Potential only  F=Force only

 Computing:                               M-Number         M-Flops  % Flops
-----------------------------------------------------------------------------
 Pair Search distance check          311980.883214     2807827.949     0.5
 NxN Ewald Elec. + LJ [F]           4004657.381472   264307387.177    49.4
 NxN Ewald Elec. + LJ [V&F]           40461.063968     4329333.845     0.8
 NxN LJ [F]                           90427.605632     2984110.986     0.6
 NxN LJ [V&F]                           913.110272       39263.742     0.0
 NxN Ewald Elec. [F]                3819794.312096   233007453.038    43.6
 NxN Ewald Elec. [V&F]                38592.444480     3241765.336     0.6
 1,4 nonbonded interactions            1686.503373      151785.304     0.0
 Calc Weights                         50448.100896     1816131.632     0.3
 Spread Q Bspline                   1076226.152448     2152452.305     0.4
 Gather F Bspline                   1076226.152448     6457356.915     1.2
 3D-FFT                             1395170.790336    11161366.323     2.1
 Solve PME                              968.001936       61952.124     0.0
 Shift-X                                840.833632        5045.002     0.0
 Angles                                1132.002264      190176.380     0.0
 Propers                                559.001118      128011.256     0.0
 Virial                                 168.418677        3031.536     0.0
 Stop-CM                                168.227264        1682.273     0.0
 Calc-Ekin                             3363.267264       90808.216     0.0
 Lincs                                  584.503507       35070.210     0.0
 Lincs-Mat                            13584.081504       54336.326     0.0
 Constraint-V                         17573.070292      140584.562     0.0
 Constraint-Vir                         169.918977        4078.055     0.0
 Settle                                5468.032808     1766174.597     0.3
-----------------------------------------------------------------------------
 Total                                               534937185.089   100.0
-----------------------------------------------------------------------------


     R E A L   C Y C L E   A N D   T I M E   A C C O U N T I N G

On 1 MPI rank

 Computing:          Num   Num      Call    Wall time         Giga-Cycles
                     Ranks Threads  Count      (s)         total sum    %
-----------------------------------------------------------------------------
 Neighbor search        1    1      25001    1205.570       3269.518   6.2
 Force                  1    1     500001   13823.387      37489.166  70.6
 PME mesh               1    1     500001    2921.946       7924.348  14.9
 NB X/F buffer ops.     1    1     975001     164.207        445.331   0.8
 Write traj.            1    1       1021      10.886         29.523   0.1
 Update                 1    1     500001     230.880        626.148   1.2
 Constraints            1    1     500001    1162.053       3151.500   5.9
 Rest                                          50.039        135.707   0.3
-----------------------------------------------------------------------------
 Total                                      19568.968      53071.241 100.0
-----------------------------------------------------------------------------
 Breakdown of PME mesh computation
-----------------------------------------------------------------------------
 PME spread/gather      1    1    1000002    2198.969       5963.625  11.2
 PME 3D-FFT             1    1    1000002     631.812       1713.479   3.2
 PME solve Elec         1    1     500001      82.367        223.380   0.4
-----------------------------------------------------------------------------

               Core t (s)   Wall t (s)        (%)
       Time:    17845.007    19568.968       91.2
                         5h26:08
                 (ns/day)    (hour/ns)
Performance:        4.415        5.436
Finished mdrun on rank 0 Wed Apr  4 18:30:03 2018
