Log file opened on Thu Oct 25 13:23:18 2018
Host: a-X58A-UD7  pid: 28315  rank ID: 0  number of ranks:  1
                      :-) GROMACS - gmx mdrun, 2018.1 (-:

                            GROMACS is written by:
     Emile Apol      Rossen Apostolov      Paul Bauer     Herman J.C. Berendsen
    Par Bjelkmar    Aldert van Buuren   Rudi van Drunen     Anton Feenstra  
  Gerrit Groenhof    Aleksei Iupinov   Christoph Junghans   Anca Hamuraru   
 Vincent Hindriksen Dimitrios Karkoulis    Peter Kasson        Jiri Kraus    
  Carsten Kutzner      Per Larsson      Justin A. Lemkul    Viveca Lindahl  
  Magnus Lundborg   Pieter Meulenhoff    Erik Marklund      Teemu Murtola   
    Szilard Pall       Sander Pronk      Roland Schulz     Alexey Shvetsov  
   Michael Shirts     Alfons Sijbers     Peter Tieleman    Teemu Virolainen 
 Christian Wennberg    Maarten Wolf   
                           and the project leaders:
        Mark Abraham, Berk Hess, Erik Lindahl, and David van der Spoel

Copyright (c) 1991-2000, University of Groningen, The Netherlands.
Copyright (c) 2001-2017, The GROMACS development team at
Uppsala University, Stockholm University and
the Royal Institute of Technology, Sweden.
check out http://www.gromacs.org for more information.

GROMACS is free software; you can redistribute it and/or modify it
under the terms of the GNU Lesser General Public License
as published by the Free Software Foundation; either version 2.1
of the License, or (at your option) any later version.

GROMACS:      gmx mdrun, version 2018.1
Executable:   /usr/bin/gmx
Data prefix:  /usr
Working dir:  /home/a/Downloads/dppc
Command line:
  gmx mdrun -v -nt 8 -deffnm md

GROMACS version:    2018.1
Precision:          single
Memory model:       64 bit
MPI library:        thread_mpi
OpenMP support:     enabled (GMX_OPENMP_MAX_THREADS = 64)
GPU support:        disabled
SIMD instructions:  SSE2
FFT library:        fftw-3.3.7-sse2-avx
RDTSCP usage:       disabled
TNG support:        enabled
Hwloc support:      hwloc-1.11.6
Tracing support:    disabled
Built on:           2018-03-31 17:12:46
Built by:           buildd@debian [CMAKE]
Build OS/arch:      Linux x86_64
Build CPU vendor:   Intel
Build CPU brand:    Westmere E56xx/L56xx/X56xx (Nehalem-C)
Build CPU family:   6   Model: 44   Stepping: 1
Build CPU features: aes apic clfsh cmov cx8 cx16 intel lahf mmx msr pcid pclmuldq pdpe1gb popcnt pse rdtscp sse2 sse3 sse4.1 sse4.2 ssse3 x2apic
C compiler:         /usr/bin/cc GNU 7.3.0
C compiler flags:    -msse2   -g -O2 -fdebug-prefix-map=/build/gromacs-Fqu8ou/gromacs-2018.1=. -fstack-protector-strong -Wformat -Werror=format-security -Wdate-time -D_FORTIFY_SOURCE=2  -O3 -DNDEBUG -funroll-all-loops -fexcess-precision=fast  
C++ compiler:       /usr/bin/c++ GNU 7.3.0
C++ compiler flags:  -msse2   -g -O2 -fdebug-prefix-map=/build/gromacs-Fqu8ou/gromacs-2018.1=. -fstack-protector-strong -Wformat -Werror=format-security -Wdate-time -D_FORTIFY_SOURCE=2 -std=c++11   -O3 -DNDEBUG -funroll-all-loops -fexcess-precision=fast  


Running on 1 node with total 4 cores, 8 logical cores
Hardware detected:
  CPU info:
    Vendor: Intel
    Brand:  Intel(R) Core(TM) i7 CPU         950  @ 3.07GHz
    Family: 6   Model: 26   Stepping: 5
    Features: apic clfsh cmov cx8 cx16 htt intel lahf mmx msr nonstop_tsc pdcm popcnt pse rdtscp sse2 sse3 sse4.1 sse4.2 ssse3
  Hardware topology: Full, with devices
    Sockets, cores, and logical processors:
      Socket  0: [   0   4] [   1   5] [   2   6] [   3   7]
    Numa nodes:
      Node  0 (4133273600 bytes mem):   0   1   2   3   4   5   6   7
      Latency:
               0
         0  1.00
    Caches:
      L1: 32768 bytes, linesize 64 bytes, assoc. 8, shared 2 ways
      L2: 262144 bytes, linesize 64 bytes, assoc. 8, shared 2 ways
      L3: 8388608 bytes, linesize 64 bytes, assoc. 16, shared 8 ways
    PCI devices:
      0000:01:00.0  Id: 1b4b:91a3  Class: 0x0101  Numa: 0
      0000:03:00.0  Id: 10de:0ca3  Class: 0x0300  Numa: 0
      0000:08:00.0  Id: 197b:2363  Class: 0x0106  Numa: 0
      0000:08:00.1  Id: 197b:2363  Class: 0x0101  Numa: 0
      0000:09:00.0  Id: 197b:2363  Class: 0x0106  Numa: 0
      0000:09:00.1  Id: 197b:2363  Class: 0x0101  Numa: 0
      0000:0a:00.0  Id: 10ec:8168  Class: 0x0200  Numa: 0
      0000:0b:00.0  Id: 10ec:8168  Class: 0x0200  Numa: 0
      0000:00:1f.2  Id: 8086:3a20  Class: 0x0101  Numa: 0
      0000:00:1f.5  Id: 8086:3a26  Class: 0x0101  Numa: 0

Highest SIMD level requested by all nodes in run: SSE4.1
SIMD instructions selected at compile time:       SSE2
This program was compiled for different hardware than you are running on,
which could influence performance.
The current CPU can measure timings more accurately than the code in
gmx mdrun was configured to use. This might affect your simulation
speed as accurate timings are needed for load-balancing.
Please consider rebuilding gmx mdrun with the GMX_USE_RDTSCP=ON CMake option.

++++ PLEASE READ AND CITE THE FOLLOWING REFERENCE ++++
M. J. Abraham, T. Murtola, R. Schulz, S. Páll, J. C. Smith, B. Hess, E.
Lindahl
GROMACS: High performance molecular simulations through multi-level
parallelism from laptops to supercomputers
SoftwareX 1 (2015) pp. 19-25
-------- -------- --- Thank You --- -------- --------


++++ PLEASE READ AND CITE THE FOLLOWING REFERENCE ++++
S. Páll, M. J. Abraham, C. Kutzner, B. Hess, E. Lindahl
Tackling Exascale Software Challenges in Molecular Dynamics Simulations with
GROMACS
In S. Markidis & E. Laure (Eds.), Solving Software Challenges for Exascale 8759 (2015) pp. 3-27
-------- -------- --- Thank You --- -------- --------


++++ PLEASE READ AND CITE THE FOLLOWING REFERENCE ++++
S. Pronk, S. Páll, R. Schulz, P. Larsson, P. Bjelkmar, R. Apostolov, M. R.
Shirts, J. C. Smith, P. M. Kasson, D. van der Spoel, B. Hess, and E. Lindahl
GROMACS 4.5: a high-throughput and highly parallel open source molecular
simulation toolkit
Bioinformatics 29 (2013) pp. 845-54
-------- -------- --- Thank You --- -------- --------


++++ PLEASE READ AND CITE THE FOLLOWING REFERENCE ++++
B. Hess and C. Kutzner and D. van der Spoel and E. Lindahl
GROMACS 4: Algorithms for highly efficient, load-balanced, and scalable
molecular simulation
J. Chem. Theory Comput. 4 (2008) pp. 435-447
-------- -------- --- Thank You --- -------- --------


++++ PLEASE READ AND CITE THE FOLLOWING REFERENCE ++++
D. van der Spoel, E. Lindahl, B. Hess, G. Groenhof, A. E. Mark and H. J. C.
Berendsen
GROMACS: Fast, Flexible and Free
J. Comp. Chem. 26 (2005) pp. 1701-1719
-------- -------- --- Thank You --- -------- --------


++++ PLEASE READ AND CITE THE FOLLOWING REFERENCE ++++
E. Lindahl and B. Hess and D. van der Spoel
GROMACS 3.0: A package for molecular simulation and trajectory analysis
J. Mol. Mod. 7 (2001) pp. 306-317
-------- -------- --- Thank You --- -------- --------


++++ PLEASE READ AND CITE THE FOLLOWING REFERENCE ++++
H. J. C. Berendsen, D. van der Spoel and R. van Drunen
GROMACS: A message-passing parallel molecular dynamics implementation
Comp. Phys. Comm. 91 (1995) pp. 43-56
-------- -------- --- Thank You --- -------- --------

Input Parameters:
   integrator                     = md
   tinit                          = 0
   dt                             = 0.002
   nsteps                         = 500000
   init-step                      = 0
   simulation-part                = 1
   comm-mode                      = Linear
   nstcomm                        = 100
   bd-fric                        = 0
   ld-seed                        = -1793173184
   emtol                          = 10
   emstep                         = 0.01
   niter                          = 20
   fcstep                         = 0
   nstcgsteep                     = 1000
   nbfgscorr                      = 10
   rtpi                           = 0.05
   nstxout                        = 1000
   nstvout                        = 1000
   nstfout                        = 0
   nstlog                         = 1000
   nstcalcenergy                  = 100
   nstenergy                      = 1000
   nstxout-compressed             = 1000
   compressed-x-precision         = 1000
   cutoff-scheme                  = Verlet
   nstlist                        = 5
   ns-type                        = Grid
   pbc                            = xyz
   periodic-molecules             = false
   verlet-buffer-tolerance        = 0.005
   rlist                          = 1.2
   coulombtype                    = PME
   coulomb-modifier               = Potential-shift
   rcoulomb-switch                = 0
   rcoulomb                       = 1.2
   epsilon-r                      = 1
   epsilon-rf                     = inf
   vdw-type                       = Cut-off
   vdw-modifier                   = Potential-shift
   rvdw-switch                    = 0
   rvdw                           = 1.2
   DispCorr                       = EnerPres
   table-extension                = 1
   fourierspacing                 = 0.16
   fourier-nx                     = 40
   fourier-ny                     = 40
   fourier-nz                     = 42
   pme-order                      = 4
   ewald-rtol                     = 1e-05
   ewald-rtol-lj                  = 0.001
   lj-pme-comb-rule               = Geometric
   ewald-geometry                 = 0
   epsilon-surface                = 0
   implicit-solvent               = No
   gb-algorithm                   = Still
   nstgbradii                     = 1
   rgbradii                       = 1
   gb-epsilon-solvent             = 80
   gb-saltconc                    = 0
   gb-obc-alpha                   = 1
   gb-obc-beta                    = 0.8
   gb-obc-gamma                   = 4.85
   gb-dielectric-offset           = 0.009
   sa-algorithm                   = Ace-approximation
   sa-surface-tension             = 2.05016
   tcoupl                         = Nose-Hoover
   nsttcouple                     = 5
   nh-chain-length                = 1
   print-nose-hoover-chain-variables = false
   pcoupl                         = Parrinello-Rahman
   pcoupltype                     = Semiisotropic
   nstpcouple                     = 5
   tau-p                          = 2
   compressibility (3x3):
      compressibility[    0]={ 4.50000e-05,  0.00000e+00,  0.00000e+00}
      compressibility[    1]={ 0.00000e+00,  4.50000e-05,  0.00000e+00}
      compressibility[    2]={ 0.00000e+00,  0.00000e+00,  4.50000e-05}
   ref-p (3x3):
      ref-p[    0]={ 1.00000e+00,  0.00000e+00,  0.00000e+00}
      ref-p[    1]={ 0.00000e+00,  1.00000e+00,  0.00000e+00}
      ref-p[    2]={ 0.00000e+00,  0.00000e+00,  1.00000e+00}
   refcoord-scaling               = No
   posres-com (3):
      posres-com[0]= 0.00000e+00
      posres-com[1]= 0.00000e+00
      posres-com[2]= 0.00000e+00
   posres-comB (3):
      posres-comB[0]= 0.00000e+00
      posres-comB[1]= 0.00000e+00
      posres-comB[2]= 0.00000e+00
   QMMM                           = false
   QMconstraints                  = 0
   QMMMscheme                     = 0
   MMChargeScaleFactor            = 1
qm-opts:
   ngQM                           = 0
   constraint-algorithm           = Lincs
   continuation                   = true
   Shake-SOR                      = false
   shake-tol                      = 0.0001
   lincs-order                    = 4
   lincs-iter                     = 1
   lincs-warnangle                = 30
   nwall                          = 0
   wall-type                      = 9-3
   wall-r-linpot                  = -1
   wall-atomtype[0]               = -1
   wall-atomtype[1]               = -1
   wall-density[0]                = 0
   wall-density[1]                = 0
   wall-ewald-zfac                = 3
   pull                           = false
   awh                            = false
   rotation                       = false
   interactiveMD                  = false
   disre                          = No
   disre-weighting                = Conservative
   disre-mixed                    = false
   dr-fc                          = 1000
   dr-tau                         = 0
   nstdisreout                    = 100
   orire-fc                       = 0
   orire-tau                      = 0
   nstorireout                    = 100
   free-energy                    = no
   cos-acceleration               = 0
   deform (3x3):
      deform[    0]={ 0.00000e+00,  0.00000e+00,  0.00000e+00}
      deform[    1]={ 0.00000e+00,  0.00000e+00,  0.00000e+00}
      deform[    2]={ 0.00000e+00,  0.00000e+00,  0.00000e+00}
   simulated-tempering            = false
   swapcoords                     = no
   userint1                       = 0
   userint2                       = 0
   userint3                       = 0
   userint4                       = 0
   userreal1                      = 0
   userreal2                      = 0
   userreal3                      = 0
   userreal4                      = 0
   applied-forces:
     electric-field:
       x:
         E0                       = 0
         omega                    = 0
         t0                       = 0
         sigma                    = 0
       y:
         E0                       = 0
         omega                    = 0
         t0                       = 0
         sigma                    = 0
       z:
         E0                       = 0
         omega                    = 0
         t0                       = 0
         sigma                    = 0
grpopts:
   nrdf:       12925       21927
   ref-t:         323         323
   tau-t:         0.5         0.5
annealing:          No          No
annealing-npoints:           0           0
   acc:	           0           0           0
   nfreeze:           N           N           N
   energygrp-flags[  0]: 0

Changing nstlist from 5 to 100, rlist from 1.2 to 1.293


Using 1 MPI thread
Using 8 OpenMP threads 

Pinning threads with an auto-selected logical core stride of 1
System total charge: 0.000
Will do PME sum in reciprocal space for electrostatic interactions.

++++ PLEASE READ AND CITE THE FOLLOWING REFERENCE ++++
U. Essmann, L. Perera, M. L. Berkowitz, T. Darden, H. Lee and L. G. Pedersen 
A smooth particle mesh Ewald method
J. Chem. Phys. 103 (1995) pp. 8577-8592
-------- -------- --- Thank You --- -------- --------

Using a Gaussian width (1/beta) of 0.384195 nm for Ewald
Potential shift: LJ r^-12: -1.122e-01 r^-6: -3.349e-01, Ewald -8.333e-06
Initialized non-bonded Ewald correction tables, spacing: 1.02e-03 size: 1176

Long Range LJ corr.: <C6> 1.4459e-03
Generated table with 1146 data points for Ewald.
Tabscale = 500 points/nm
Generated table with 1146 data points for LJ6.
Tabscale = 500 points/nm
Generated table with 1146 data points for LJ12.
Tabscale = 500 points/nm
Generated table with 1146 data points for 1-4 COUL.
Tabscale = 500 points/nm
Generated table with 1146 data points for 1-4 LJ6.
Tabscale = 500 points/nm
Generated table with 1146 data points for 1-4 LJ12.
Tabscale = 500 points/nm

Using SIMD 4x4 nonbonded short-range kernels

Using a dual 4x4 pair-list setup updated with dynamic pruning:
  outer list: updated every 100 steps, buffer 0.093 nm, rlist 1.293 nm
  inner list: updated every  22 steps, buffer 0.002 nm, rlist 1.202 nm
At tolerance 0.005 kJ/mol/ps per atom, equivalent classical 1x1 list would be:
  outer list: updated every 100 steps, buffer 0.248 nm, rlist 1.448 nm
  inner list: updated every  22 steps, buffer 0.081 nm, rlist 1.281 nm

Using full Lennard-Jones parameter combination matrix


Initializing LINear Constraint Solver

++++ PLEASE READ AND CITE THE FOLLOWING REFERENCE ++++
B. Hess and H. Bekker and H. J. C. Berendsen and J. G. E. M. Fraaije
LINCS: A Linear Constraint Solver for molecular simulations
J. Comp. Chem. 18 (1997) pp. 1463-1472
-------- -------- --- Thank You --- -------- --------

The number of constraints is 6272

++++ PLEASE READ AND CITE THE FOLLOWING REFERENCE ++++
S. Miyamoto and P. A. Kollman
SETTLE: An Analytical Version of the SHAKE and RATTLE Algorithms for Rigid
Water Models
J. Comp. Chem. 13 (1992) pp. 952-962
-------- -------- --- Thank You --- -------- --------


Intra-simulation communication will occur every 5 steps.
Center of mass motion removal mode is Linear
We have the following groups for center of mass motion removal:
  0:  DPPC
  1:  SOL
There are: 17365 Atoms

Started mdrun on rank 0 Thu Oct 25 13:23:18 2018
           Step           Time
              0        0.00000

   Energies (kJ/mol)
          Angle    Proper Dih. Ryckaert-Bell.  Improper Dih.          LJ-14
    1.46926e+04    4.05182e+03    7.44819e+03    4.36353e+02    4.37474e+03
     Coulomb-14        LJ (SR)  Disper. corr.   Coulomb (SR)   Coul. recip.
    1.01288e+04   -3.48466e+03   -3.98906e+03   -3.31176e+05    2.32792e+03
      Potential    Kinetic En.   Total Energy  Conserved En.    Temperature
   -2.95189e+05    4.78430e+04   -2.47346e+05   -2.47330e+05    3.30207e+02
 Pres. DC (bar) Pressure (bar)   Constr. rmsd
   -2.50536e+02   -4.15560e+02    5.69912e-06

           Step           Time
           1000        2.00000

   Energies (kJ/mol)
          Angle    Proper Dih. Ryckaert-Bell.  Improper Dih.          LJ-14
    1.42027e+04    4.10555e+03    7.44768e+03    5.35754e+02    4.19126e+03
     Coulomb-14        LJ (SR)  Disper. corr.   Coulomb (SR)   Coul. recip.
    1.06885e+04   -4.15631e+03   -4.00884e+03   -3.31299e+05    2.21505e+03
      Potential    Kinetic En.   Total Energy  Conserved En.    Temperature
   -2.96078e+05    4.65293e+04   -2.49548e+05   -2.47926e+05    3.21140e+02
 Pres. DC (bar) Pressure (bar)   Constr. rmsd
   -2.53024e+02   -5.83995e+01    4.46290e-06

           Step           Time
           2000        4.00000

   Energies (kJ/mol)
          Angle    Proper Dih. Ryckaert-Bell.  Improper Dih.          LJ-14
    1.39760e+04    3.97796e+03    7.20066e+03    5.02928e+02    4.17707e+03
     Coulomb-14        LJ (SR)  Disper. corr.   Coulomb (SR)   Coul. recip.
    1.02494e+04   -2.72197e+03   -3.98244e+03   -3.32202e+05    2.18455e+03
      Potential    Kinetic En.   Total Energy  Conserved En.    Temperature
   -2.96638e+05    4.68157e+04   -2.49822e+05   -2.47995e+05    3.23117e+02
 Pres. DC (bar) Pressure (bar)   Constr. rmsd
   -2.49705e+02   -6.67487e+01    4.26668e-06

           Step           Time
           3000        6.00000

   Energies (kJ/mol)
          Angle    Proper Dih. Ryckaert-Bell.  Improper Dih.          LJ-14
    1.43548e+04    4.05851e+03    7.51250e+03    5.00713e+02    4.29261e+03
     Coulomb-14        LJ (SR)  Disper. corr.   Coulomb (SR)   Coul. recip.
    1.05217e+04   -2.92984e+03   -4.00347e+03   -3.31852e+05    2.20309e+03
      Potential    Kinetic En.   Total Energy  Conserved En.    Temperature
   -2.95341e+05    4.67985e+04   -2.48543e+05   -2.47960e+05    3.22998e+02
 Pres. DC (bar) Pressure (bar)   Constr. rmsd
   -2.52346e+02    2.48284e+02    4.40091e-06

           Step           Time
           4000        8.00000

   Energies (kJ/mol)
          Angle    Proper Dih. Ryckaert-Bell.  Improper Dih.          LJ-14
    1.43043e+04    3.99846e+03    7.48496e+03    4.79337e+02    4.23399e+03
     Coulomb-14        LJ (SR)  Disper. corr.   Coulomb (SR)   Coul. recip.
    1.00061e+04   -3.86345e+03   -3.99025e+03   -3.30612e+05    2.23604e+03
      Potential    Kinetic En.   Total Energy  Conserved En.    Temperature
   -2.95722e+05    4.65994e+04   -2.49123e+05   -2.48055e+05    3.21624e+02
 Pres. DC (bar) Pressure (bar)   Constr. rmsd
   -2.50685e+02   -1.38858e+02    4.53727e-06

           Step           Time
           5000       10.00000

   Energies (kJ/mol)
          Angle    Proper Dih. Ryckaert-Bell.  Improper Dih.          LJ-14
    1.42356e+04    3.92621e+03    7.17957e+03    5.22159e+02    4.27029e+03
     Coulomb-14        LJ (SR)  Disper. corr.   Coulomb (SR)   Coul. recip.
    1.02534e+04   -3.66382e+03   -3.99008e+03   -3.31097e+05    2.21975e+03
      Potential    Kinetic En.   Total Energy  Conserved En.    Temperature
   -2.96144e+05    4.67899e+04   -2.49354e+05   -2.48040e+05    3.22939e+02
 Pres. DC (bar) Pressure (bar)   Constr. rmsd
   -2.50663e+02    4.48537e+01    4.23709e-06

           Step           Time
           6000       12.00000

   Energies (kJ/mol)
          Angle    Proper Dih. Ryckaert-Bell.  Improper Dih.          LJ-14
    1.47392e+04    4.13784e+03    7.25775e+03    4.49510e+02    4.18840e+03
     Coulomb-14        LJ (SR)  Disper. corr.   Coulomb (SR)   Coul. recip.
    1.00936e+04   -2.74607e+03   -3.99277e+03   -3.31425e+05    2.36850e+03
      Potential    Kinetic En.   Total Energy  Conserved En.    Temperature
   -2.94929e+05    4.64743e+04   -2.48455e+05   -2.48141e+05    3.20761e+02
 Pres. DC (bar) Pressure (bar)   Constr. rmsd
   -2.51001e+02    2.00177e+02    4.36769e-06

           Step           Time
           7000       14.00000

   Energies (kJ/mol)
          Angle    Proper Dih. Ryckaert-Bell.  Improper Dih.          LJ-14
    1.41298e+04    4.10262e+03    7.27103e+03    5.38267e+02    4.21316e+03
     Coulomb-14        LJ (SR)  Disper. corr.   Coulomb (SR)   Coul. recip.
    1.04450e+04   -3.21982e+03   -4.01601e+03   -3.32309e+05    2.21581e+03
      Potential    Kinetic En.   Total Energy  Conserved En.    Temperature
   -2.96629e+05    4.71674e+04   -2.49461e+05   -2.48052e+05    3.25544e+02
 Pres. DC (bar) Pressure (bar)   Constr. rmsd
   -2.53928e+02   -5.49908e+01    4.63197e-06

           Step           Time
           8000       16.00000

   Energies (kJ/mol)
          Angle    Proper Dih. Ryckaert-Bell.  Improper Dih.          LJ-14
    1.43589e+04    4.07663e+03    6.97258e+03    4.82371e+02    4.30000e+03
     Coulomb-14        LJ (SR)  Disper. corr.   Coulomb (SR)   Coul. recip.
    9.90690e+03   -2.82956e+03   -3.98874e+03   -3.31716e+05    2.24660e+03
      Potential    Kinetic En.   Total Energy  Conserved En.    Temperature
   -2.96191e+05    4.67269e+04   -2.49464e+05   -2.48161e+05    3.22504e+02
 Pres. DC (bar) Pressure (bar)   Constr. rmsd
   -2.50495e+02   -4.00651e+01    4.55988e-06

           Step           Time
           9000       18.00000

   Energies (kJ/mol)
          Angle    Proper Dih. Ryckaert-Bell.  Improper Dih.          LJ-14
    1.45884e+04    4.00927e+03    7.38335e+03    4.99409e+02    4.21589e+03
     Coulomb-14        LJ (SR)  Disper. corr.   Coulomb (SR)   Coul. recip.
    1.03418e+04   -3.77277e+03   -3.98005e+03   -3.30514e+05    2.16958e+03
      Potential    Kinetic En.   Total Energy  Conserved En.    Temperature
   -2.95059e+05    4.68971e+04   -2.48162e+05   -2.48190e+05    3.23679e+02
 Pres. DC (bar) Pressure (bar)   Constr. rmsd
   -2.49406e+02   -3.88905e+02    4.51728e-06

           Step           Time
          10000       20.00000

   Energies (kJ/mol)
          Angle    Proper Dih. Ryckaert-Bell.  Improper Dih.          LJ-14
    1.46276e+04    4.05364e+03    7.26055e+03    4.75112e+02    4.38625e+03
     Coulomb-14        LJ (SR)  Disper. corr.   Coulomb (SR)   Coul. recip.
    1.03343e+04   -3.62678e+03   -4.00357e+03   -3.31225e+05    2.27690e+03
      Potential    Kinetic En.   Total Energy  Conserved En.    Temperature
   -2.95441e+05    4.72730e+04   -2.48168e+05   -2.48145e+05    3.26273e+02
 Pres. DC (bar) Pressure (bar)   Constr. rmsd
   -2.52359e+02   -2.50901e+02    4.81390e-06

           Step           Time
          11000       22.00000

   Energies (kJ/mol)
          Angle    Proper Dih. Ryckaert-Bell.  Improper Dih.          LJ-14
    1.43284e+04    4.21874e+03    7.27507e+03    4.45386e+02    4.24504e+03
     Coulomb-14        LJ (SR)  Disper. corr.   Coulomb (SR)   Coul. recip.
    9.94930e+03   -3.19801e+03   -3.98951e+03   -3.31349e+05    2.23113e+03
      Potential    Kinetic En.   Total Energy  Conserved En.    Temperature
   -2.95843e+05    4.69930e+04   -2.48850e+05   -2.48194e+05    3.24340e+02
 Pres. DC (bar) Pressure (bar)   Constr. rmsd
   -2.50591e+02   -4.34525e-01    4.49504e-06

           Step           Time
          12000       24.00000

   Energies (kJ/mol)
          Angle    Proper Dih. Ryckaert-Bell.  Improper Dih.          LJ-14
    1.40260e+04    4.08245e+03    7.47324e+03    5.07091e+02    4.23749e+03
     Coulomb-14        LJ (SR)  Disper. corr.   Coulomb (SR)   Coul. recip.
    1.05659e+04   -3.62558e+03   -3.98903e+03   -3.30706e+05    2.23562e+03
      Potential    Kinetic En.   Total Energy  Conserved En.    Temperature
   -2.95192e+05    4.69451e+04   -2.48247e+05   -2.48214e+05    3.24010e+02
 Pres. DC (bar) Pressure (bar)   Constr. rmsd
   -2.50531e+02    7.25504e+01    4.42661e-06

           Step           Time
          13000       26.00000

   Energies (kJ/mol)
          Angle    Proper Dih. Ryckaert-Bell.  Improper Dih.          LJ-14
    1.41130e+04    4.12293e+03    7.15390e+03    5.37934e+02    4.26665e+03
     Coulomb-14        LJ (SR)  Disper. corr.   Coulomb (SR)   Coul. recip.
    1.03035e+04   -3.46494e+03   -4.00034e+03   -3.31116e+05    2.22969e+03
      Potential    Kinetic En.   Total Energy  Conserved En.    Temperature
   -2.95854e+05    4.62443e+04   -2.49610e+05   -2.48274e+05    3.19173e+02
 Pres. DC (bar) Pressure (bar)   Constr. rmsd
   -2.51952e+02   -9.27014e+01    4.45312e-06

           Step           Time
          14000       28.00000

   Energies (kJ/mol)
          Angle    Proper Dih. Ryckaert-Bell.  Improper Dih.          LJ-14
    1.42714e+04    3.96783e+03    7.33296e+03    4.74009e+02    4.33837e+03
     Coulomb-14        LJ (SR)  Disper. corr.   Coulomb (SR)   Coul. recip.
    1.00677e+04   -3.35073e+03   -3.98371e+03   -3.31289e+05    2.38469e+03
      Potential    Kinetic En.   Total Energy  Conserved En.    Temperature
   -2.95786e+05    4.65863e+04   -2.49200e+05   -2.48307e+05    3.21534e+02
 Pres. DC (bar) Pressure (bar)   Constr. rmsd
   -2.49864e+02   -1.21835e+02    4.41168e-06

           Step           Time
          15000       30.00000

   Energies (kJ/mol)
          Angle    Proper Dih. Ryckaert-Bell.  Improper Dih.          LJ-14
    1.42940e+04    4.17150e+03    7.30718e+03    4.97931e+02    4.28754e+03
     Coulomb-14        LJ (SR)  Disper. corr.   Coulomb (SR)   Coul. recip.
    9.99100e+03   -2.69682e+03   -4.00064e+03   -3.30770e+05    2.34339e+03
      Potential    Kinetic En.   Total Energy  Conserved En.    Temperature
   -2.94575e+05    4.63733e+04   -2.48202e+05   -2.48314e+05    3.20063e+02
 Pres. DC (bar) Pressure (bar)   Constr. rmsd
   -2.51990e+02    2.51070e+02    4.06758e-06

           Step           Time
          16000       32.00000

   Energies (kJ/mol)
          Angle    Proper Dih. Ryckaert-Bell.  Improper Dih.          LJ-14
    1.42127e+04    4.14899e+03    7.47469e+03    4.61796e+02    4.33129e+03
     Coulomb-14        LJ (SR)  Disper. corr.   Coulomb (SR)   Coul. recip.
    1.00452e+04   -3.18457e+03   -3.99024e+03   -3.31168e+05    2.33774e+03
      Potential    Kinetic En.   Total Energy  Conserved En.    Temperature
   -2.95330e+05    4.66153e+04   -2.48715e+05   -2.48390e+05    3.21734e+02
 Pres. DC (bar) Pressure (bar)   Constr. rmsd
   -2.50683e+02    8.39548e+01    4.42009e-06

           Step           Time
          17000       34.00000

   Energies (kJ/mol)
          Angle    Proper Dih. Ryckaert-Bell.  Improper Dih.          LJ-14
    1.41642e+04    4.16605e+03    7.09055e+03    5.33045e+02    4.26559e+03
     Coulomb-14        LJ (SR)  Disper. corr.   Coulomb (SR)   Coul. recip.
    1.02360e+04   -3.07270e+03   -3.98275e+03   -3.31310e+05    2.29890e+03
      Potential    Kinetic En.   Total Energy  Conserved En.    Temperature
   -2.95611e+05    4.64239e+04   -2.49187e+05   -2.48449e+05    3.20413e+02
 Pres. DC (bar) Pressure (bar)   Constr. rmsd
   -2.49744e+02   -8.59698e+01    4.19196e-06

           Step           Time
          18000       36.00000

   Energies (kJ/mol)
          Angle    Proper Dih. Ryckaert-Bell.  Improper Dih.          LJ-14
    1.37665e+04    3.99107e+03    7.36632e+03    4.97148e+02    4.31833e+03
     Coulomb-14        LJ (SR)  Disper. corr.   Coulomb (SR)   Coul. recip.
    1.05084e+04   -3.59485e+03   -4.01015e+03   -3.31263e+05    2.19367e+03
      Potential    Kinetic En.   Total Energy  Conserved En.    Temperature
   -2.96227e+05    4.63591e+04   -2.49868e+05   -2.48403e+05    3.19966e+02
 Pres. DC (bar) Pressure (bar)   Constr. rmsd
   -2.53188e+02    2.18120e+02    4.40744e-06

           Step           Time
          19000       38.00000

   Energies (kJ/mol)
          Angle    Proper Dih. Ryckaert-Bell.  Improper Dih.          LJ-14
    1.43572e+04    4.19850e+03    7.61645e+03    5.00110e+02    4.34117e+03
     Coulomb-14        LJ (SR)  Disper. corr.   Coulomb (SR)   Coul. recip.
    9.85251e+03   -2.75352e+03   -4.01016e+03   -3.31850e+05    2.22128e+03
      Potential    Kinetic En.   Total Energy  Conserved En.    Temperature
   -2.95526e+05    4.73720e+04   -2.48154e+05   -2.48440e+05    3.26957e+02
 Pres. DC (bar) Pressure (bar)   Constr. rmsd
   -2.53190e+02    1.12417e+02    4.66609e-06

           Step           Time
          20000       40.00000

   Energies (kJ/mol)
          Angle    Proper Dih. Ryckaert-Bell.  Improper Dih.          LJ-14
    1.46688e+04    4.16105e+03    7.39585e+03    4.72143e+02    4.41565e+03
     Coulomb-14        LJ (SR)  Disper. corr.   Coulomb (SR)   Coul. recip.
    9.82740e+03   -3.59601e+03   -3.98221e+03   -3.30906e+05    2.32259e+03
      Potential    Kinetic En.   Total Energy  Conserved En.    Temperature
   -2.95221e+05    4.62747e+04   -2.48947e+05   -2.48438e+05    3.19383e+02
 Pres. DC (bar) Pressure (bar)   Constr. rmsd
   -2.49677e+02    1.02459e+02    4.27624e-06

           Step           Time
          21000       42.00000

   Energies (kJ/mol)
          Angle    Proper Dih. Ryckaert-Bell.  Improper Dih.          LJ-14
    1.44757e+04    4.17039e+03    7.35126e+03    4.60530e+02    4.29749e+03
     Coulomb-14        LJ (SR)  Disper. corr.   Coulomb (SR)   Coul. recip.
    9.92609e+03   -3.29242e+03   -3.98401e+03   -3.30426e+05    2.26683e+03
      Potential    Kinetic En.   Total Energy  Conserved En.    Temperature
   -2.94754e+05    4.73065e+04   -2.47448e+05   -2.48556e+05    3.26504e+02
 Pres. DC (bar) Pressure (bar)   Constr. rmsd
   -2.49902e+02   -1.92906e+02    4.47324e-06

           Step           Time
          22000       44.00000

   Energies (kJ/mol)
          Angle    Proper Dih. Ryckaert-Bell.  Improper Dih.          LJ-14
    1.39691e+04    4.13933e+03    7.05869e+03    4.38973e+02    4.35926e+03
     Coulomb-14        LJ (SR)  Disper. corr.   Coulomb (SR)   Coul. recip.
    9.96891e+03   -3.04055e+03   -3.99067e+03   -3.31071e+05    2.30777e+03
      Potential    Kinetic En.   Total Energy  Conserved En.    Temperature
   -2.95860e+05    4.65352e+04   -2.49325e+05   -2.48605e+05    3.21181e+02
 Pres. DC (bar) Pressure (bar)   Constr. rmsd
   -2.50737e+02    2.63650e+02    4.23346e-06

           Step           Time
          23000       46.00000

   Energies (kJ/mol)
          Angle    Proper Dih. Ryckaert-Bell.  Improper Dih.          LJ-14
    1.42772e+04    3.99901e+03    7.24665e+03    5.25529e+02    4.36444e+03
     Coulomb-14        LJ (SR)  Disper. corr.   Coulomb (SR)   Coul. recip.
    1.03069e+04   -3.59068e+03   -3.99670e+03   -3.31024e+05    2.31186e+03
      Potential    Kinetic En.   Total Energy  Conserved En.    Temperature
   -2.95580e+05    4.62732e+04   -2.49307e+05   -2.48606e+05    3.19373e+02
 Pres. DC (bar) Pressure (bar)   Constr. rmsd
   -2.51494e+02   -3.38526e+01    4.23214e-06

           Step           Time
          24000       48.00000

   Energies (kJ/mol)
          Angle    Proper Dih. Ryckaert-Bell.  Improper Dih.          LJ-14
    1.40916e+04    4.03540e+03    7.44228e+03    5.16521e+02    4.15453e+03
     Coulomb-14        LJ (SR)  Disper. corr.   Coulomb (SR)   Coul. recip.
    1.07208e+04   -3.41120e+03   -4.00354e+03   -3.31114e+05    2.21611e+03
      Potential    Kinetic En.   Total Energy  Conserved En.    Temperature
   -2.95351e+05    4.70276e+04   -2.48324e+05   -2.48647e+05    3.24580e+02
 Pres. DC (bar) Pressure (bar)   Constr. rmsd
   -2.52355e+02   -4.93194e+01    4.27714e-06

           Step           Time
          25000       50.00000

   Energies (kJ/mol)
          Angle    Proper Dih. Ryckaert-Bell.  Improper Dih.          LJ-14
    1.39836e+04    4.13026e+03    7.58563e+03    4.30073e+02    4.41974e+03
     Coulomb-14        LJ (SR)  Disper. corr.   Coulomb (SR)   Coul. recip.
    9.86919e+03   -3.93515e+03   -3.99541e+03   -3.30108e+05    2.25930e+03
      Potential    Kinetic En.   Total Energy  Conserved En.    Temperature
   -2.95360e+05    4.71256e+04   -2.48235e+05   -2.48635e+05    3.25256e+02
 Pres. DC (bar) Pressure (bar)   Constr. rmsd
   -2.51333e+02   -7.49059e+01    4.45137e-06

           Step           Time
          26000       52.00000

   Energies (kJ/mol)
          Angle    Proper Dih. Ryckaert-Bell.  Improper Dih.          LJ-14
    1.45498e+04    3.83951e+03    7.36422e+03    4.90948e+02    4.32213e+03
     Coulomb-14        LJ (SR)  Disper. corr.   Coulomb (SR)   Coul. recip.
    9.81975e+03   -2.70243e+03   -4.02191e+03   -3.31010e+05    2.37795e+03
      Potential    Kinetic En.   Total Energy  Conserved En.    Temperature
   -2.94970e+05    4.71467e+04   -2.47823e+05   -2.48666e+05    3.25402e+02
 Pres. DC (bar) Pressure (bar)   Constr. rmsd
   -2.54674e+02    5.17969e+02    4.44438e-06

           Step           Time
          27000       54.00000

   Energies (kJ/mol)
          Angle    Proper Dih. Ryckaert-Bell.  Improper Dih.          LJ-14
    1.43382e+04    4.10050e+03    7.32662e+03    4.77124e+02    4.26447e+03
     Coulomb-14        LJ (SR)  Disper. corr.   Coulomb (SR)   Coul. recip.
    1.00108e+04   -3.04566e+03   -4.00292e+03   -3.30860e+05    2.34196e+03
      Potential    Kinetic En.   Total Energy  Conserved En.    Temperature
   -2.95048e+05    4.69316e+04   -2.48117e+05   -2.48727e+05    3.23917e+02
 Pres. DC (bar) Pressure (bar)   Constr. rmsd
   -2.52277e+02    2.97226e+01    4.59940e-06

           Step           Time
          28000       56.00000

   Energies (kJ/mol)
          Angle    Proper Dih. Ryckaert-Bell.  Improper Dih.          LJ-14
    1.40792e+04    3.97845e+03    7.33103e+03    4.62267e+02    4.24851e+03
     Coulomb-14        LJ (SR)  Disper. corr.   Coulomb (SR)   Coul. recip.
    1.03530e+04   -3.94576e+03   -3.99434e+03   -3.29953e+05    2.30617e+03
      Potential    Kinetic En.   Total Energy  Conserved En.    Temperature
   -2.95135e+05    4.73956e+04   -2.47739e+05   -2.48758e+05    3.27119e+02
 Pres. DC (bar) Pressure (bar)   Constr. rmsd
   -2.51198e+02    5.91526e+01    4.40902e-06

           Step           Time
          29000       58.00000

   Energies (kJ/mol)
          Angle    Proper Dih. Ryckaert-Bell.  Improper Dih.          LJ-14
    1.41323e+04    3.83034e+03    7.47274e+03    4.64444e+02    4.30010e+03
     Coulomb-14        LJ (SR)  Disper. corr.   Coulomb (SR)   Coul. recip.
    1.00311e+04   -2.69113e+03   -3.99348e+03   -3.31623e+05    2.22881e+03
      Potential    Kinetic En.   Total Energy  Conserved En.    Temperature
   -2.95848e+05    4.71555e+04   -2.48692e+05   -2.48820e+05    3.25462e+02
 Pres. DC (bar) Pressure (bar)   Constr. rmsd
   -2.51090e+02    1.20034e+02    4.31242e-06

           Step           Time
          30000       60.00000

   Energies (kJ/mol)
          Angle    Proper Dih. Ryckaert-Bell.  Improper Dih.          LJ-14
    1.39406e+04    3.96286e+03    7.52825e+03    4.47829e+02    4.27833e+03
     Coulomb-14        LJ (SR)  Disper. corr.   Coulomb (SR)   Coul. recip.
    1.05077e+04   -3.49547e+03   -3.99545e+03   -3.30909e+05    2.25084e+03
      Potential    Kinetic En.   Total Energy  Conserved En.    Temperature
   -2.95484e+05    4.66857e+04   -2.48798e+05   -2.48825e+05    3.22219e+02
 Pres. DC (bar) Pressure (bar)   Constr. rmsd
   -2.51337e+02    2.31267e+01    4.39522e-06

           Step           Time
          31000       62.00000

   Energies (kJ/mol)
          Angle    Proper Dih. Ryckaert-Bell.  Improper Dih.          LJ-14
    1.44995e+04    3.99400e+03    7.14671e+03    4.48276e+02    4.33794e+03
     Coulomb-14        LJ (SR)  Disper. corr.   Coulomb (SR)   Coul. recip.
    9.78591e+03   -3.65858e+03   -4.01740e+03   -3.30668e+05    2.24101e+03
      Potential    Kinetic En.   Total Energy  Conserved En.    Temperature
   -2.95890e+05    4.66525e+04   -2.49238e+05   -2.48810e+05    3.21990e+02
 Pres. DC (bar) Pressure (bar)   Constr. rmsd
   -2.54103e+02   -1.05086e+02    4.44395e-06

           Step           Time
          32000       64.00000

   Energies (kJ/mol)
          Angle    Proper Dih. Ryckaert-Bell.  Improper Dih.          LJ-14
    1.43021e+04    3.94361e+03    7.29287e+03    4.06966e+02    4.30312e+03
     Coulomb-14        LJ (SR)  Disper. corr.   Coulomb (SR)   Coul. recip.
    1.02013e+04   -4.35641e+03   -4.01488e+03   -3.30293e+05    2.26442e+03
      Potential    Kinetic En.   Total Energy  Conserved En.    Temperature
   -2.95950e+05    4.69099e+04   -2.49040e+05   -2.48900e+05    3.23767e+02
 Pres. DC (bar) Pressure (bar)   Constr. rmsd
   -2.53785e+02   -5.99820e+01    4.47873e-06

           Step           Time
          33000       66.00000

   Energies (kJ/mol)
          Angle    Proper Dih. Ryckaert-Bell.  Improper Dih.          LJ-14
    1.45324e+04    3.98776e+03    7.37673e+03    5.30828e+02    4.22209e+03
     Coulomb-14        LJ (SR)  Disper. corr.   Coulomb (SR)   Coul. recip.
    1.00094e+04   -3.57154e+03   -3.99334e+03   -3.30018e+05    2.32361e+03
      Potential    Kinetic En.   Total Energy  Conserved En.    Temperature
   -2.94600e+05    4.67111e+04   -2.47889e+05   -2.48846e+05    3.22395e+02
 Pres. DC (bar) Pressure (bar)   Constr. rmsd
   -2.51072e+02   -4.47929e+01    4.38021e-06

           Step           Time
          34000       68.00000

   Energies (kJ/mol)
          Angle    Proper Dih. Ryckaert-Bell.  Improper Dih.          LJ-14
    1.39565e+04    4.05265e+03    7.26471e+03    4.49058e+02    4.28770e+03
     Coulomb-14        LJ (SR)  Disper. corr.   Coulomb (SR)   Coul. recip.
    1.04391e+04   -3.42217e+03   -3.98820e+03   -3.31312e+05    2.22710e+03
      Potential    Kinetic En.   Total Energy  Conserved En.    Temperature
   -2.96046e+05    4.65205e+04   -2.49525e+05   -2.48932e+05    3.21080e+02
 Pres. DC (bar) Pressure (bar)   Constr. rmsd
   -2.50427e+02   -2.00015e+02    4.30919e-06

           Step           Time
          35000       70.00000

   Energies (kJ/mol)
          Angle    Proper Dih. Ryckaert-Bell.  Improper Dih.          LJ-14
    1.42359e+04    4.06901e+03    7.22025e+03    4.37004e+02    4.30601e+03
     Coulomb-14        LJ (SR)  Disper. corr.   Coulomb (SR)   Coul. recip.
    9.75862e+03   -3.57216e+03   -3.98314e+03   -3.30639e+05    2.14355e+03
      Potential    Kinetic En.   Total Energy  Conserved En.    Temperature
   -2.96024e+05    4.70936e+04   -2.48930e+05   -2.49028e+05    3.25035e+02
 Pres. DC (bar) Pressure (bar)   Constr. rmsd
   -2.49793e+02   -2.37519e+02    4.49833e-06

           Step           Time
          36000       72.00000

   Energies (kJ/mol)
          Angle    Proper Dih. Ryckaert-Bell.  Improper Dih.          LJ-14
    1.46475e+04    3.96927e+03    7.09907e+03    4.69066e+02    4.39171e+03
     Coulomb-14        LJ (SR)  Disper. corr.   Coulomb (SR)   Coul. recip.
    9.61476e+03   -3.23785e+03   -3.96301e+03   -3.30514e+05    2.32163e+03
      Potential    Kinetic En.   Total Energy  Conserved En.    Temperature
   -2.95202e+05    4.67435e+04   -2.48458e+05   -2.49008e+05    3.22619e+02
 Pres. DC (bar) Pressure (bar)   Constr. rmsd
   -2.47277e+02   -6.04284e+01    4.31915e-06

           Step           Time
          37000       74.00000

   Energies (kJ/mol)
          Angle    Proper Dih. Ryckaert-Bell.  Improper Dih.          LJ-14
    1.45147e+04    4.03564e+03    7.42850e+03    5.21913e+02    4.47409e+03
     Coulomb-14        LJ (SR)  Disper. corr.   Coulomb (SR)   Coul. recip.
    1.01197e+04   -2.81384e+03   -3.98266e+03   -3.31444e+05    2.38015e+03
      Potential    Kinetic En.   Total Energy  Conserved En.    Temperature
   -2.94765e+05    4.65378e+04   -2.48228e+05   -2.49056e+05    3.21199e+02
 Pres. DC (bar) Pressure (bar)   Constr. rmsd
   -2.49732e+02    4.23739e+01    4.05689e-06

           Step           Time
          38000       76.00000

   Energies (kJ/mol)
          Angle    Proper Dih. Ryckaert-Bell.  Improper Dih.          LJ-14
    1.41697e+04    4.16007e+03    7.33240e+03    4.76717e+02    4.10912e+03
     Coulomb-14        LJ (SR)  Disper. corr.   Coulomb (SR)   Coul. recip.
    1.05674e+04   -3.46236e+03   -3.99873e+03   -3.31143e+05    2.19085e+03
      Potential    Kinetic En.   Total Energy  Conserved En.    Temperature
   -2.95598e+05    4.68729e+04   -2.48725e+05   -2.49037e+05    3.23511e+02
 Pres. DC (bar) Pressure (bar)   Constr. rmsd
   -2.51750e+02   -9.59362e+01    4.36136e-06

           Step           Time
          39000       78.00000

   Energies (kJ/mol)
          Angle    Proper Dih. Ryckaert-Bell.  Improper Dih.          LJ-14
    1.39705e+04    4.01720e+03    7.24580e+03    5.16775e+02    4.19861e+03
     Coulomb-14        LJ (SR)  Disper. corr.   Coulomb (SR)   Coul. recip.
    1.05162e+04   -2.86255e+03   -3.99021e+03   -3.31777e+05    2.31087e+03
      Potential    Kinetic En.   Total Energy  Conserved En.    Temperature
   -2.95853e+05    4.67704e+04   -2.49083e+05   -2.49031e+05    3.22804e+02
 Pres. DC (bar) Pressure (bar)   Constr. rmsd
   -2.50679e+02   -3.02238e+02    4.54550e-06

           Step           Time
          40000       80.00000

   Energies (kJ/mol)
          Angle    Proper Dih. Ryckaert-Bell.  Improper Dih.          LJ-14
    1.44404e+04    4.25076e+03    7.19748e+03    5.08339e+02    4.27109e+03
     Coulomb-14        LJ (SR)  Disper. corr.   Coulomb (SR)   Coul. recip.
    1.00637e+04   -3.50788e+03   -3.98326e+03   -3.30684e+05    2.28133e+03
      Potential    Kinetic En.   Total Energy  Conserved En.    Temperature
   -2.95162e+05    4.69353e+04   -2.48227e+05   -2.49154e+05    3.23942e+02
 Pres. DC (bar) Pressure (bar)   Constr. rmsd
   -2.49808e+02   -1.30955e+02    4.35022e-06

           Step           Time
          41000       82.00000

   Energies (kJ/mol)
          Angle    Proper Dih. Ryckaert-Bell.  Improper Dih.          LJ-14
    1.42848e+04    4.11239e+03    7.24129e+03    5.01636e+02    4.34024e+03
     Coulomb-14        LJ (SR)  Disper. corr.   Coulomb (SR)   Coul. recip.
    1.03056e+04   -3.83120e+03   -3.96721e+03   -3.30101e+05    2.25784e+03
      Potential    Kinetic En.   Total Energy  Conserved En.    Temperature
   -2.94855e+05    4.69047e+04   -2.47951e+05   -2.49188e+05    3.23731e+02
 Pres. DC (bar) Pressure (bar)   Constr. rmsd
   -2.47800e+02   -3.61433e+02    4.19637e-06

           Step           Time
          42000       84.00000

   Energies (kJ/mol)
          Angle    Proper Dih. Ryckaert-Bell.  Improper Dih.          LJ-14
    1.43560e+04    3.94995e+03    7.15381e+03    5.04861e+02    4.34048e+03
     Coulomb-14        LJ (SR)  Disper. corr.   Coulomb (SR)   Coul. recip.
    1.00732e+04   -3.29562e+03   -3.98391e+03   -3.30820e+05    2.28532e+03
      Potential    Kinetic En.   Total Energy  Conserved En.    Temperature
   -2.95436e+05    4.69770e+04   -2.48459e+05   -2.49173e+05    3.24230e+02
 Pres. DC (bar) Pressure (bar)   Constr. rmsd
   -2.49889e+02   -2.55904e+01    4.25824e-06

           Step           Time
          43000       86.00000

   Energies (kJ/mol)
          Angle    Proper Dih. Ryckaert-Bell.  Improper Dih.          LJ-14
    1.41854e+04    4.12379e+03    7.32986e+03    4.77626e+02    4.19555e+03
     Coulomb-14        LJ (SR)  Disper. corr.   Coulomb (SR)   Coul. recip.
    1.06355e+04   -3.43927e+03   -3.98430e+03   -3.30656e+05    2.22038e+03
      Potential    Kinetic En.   Total Energy  Conserved En.    Temperature
   -2.94911e+05    4.63931e+04   -2.48518e+05   -2.49175e+05    3.20200e+02
 Pres. DC (bar) Pressure (bar)   Constr. rmsd
   -2.49938e+02    1.20431e+02    4.35783e-06

           Step           Time
          44000       88.00000

   Energies (kJ/mol)
          Angle    Proper Dih. Ryckaert-Bell.  Improper Dih.          LJ-14
    1.43567e+04    3.98519e+03    7.25441e+03    4.75660e+02    4.24462e+03
     Coulomb-14        LJ (SR)  Disper. corr.   Coulomb (SR)   Coul. recip.
    1.01763e+04   -3.58253e+03   -4.00566e+03   -3.31113e+05    2.38250e+03
      Potential    Kinetic En.   Total Energy  Conserved En.    Temperature
   -2.95826e+05    4.73273e+04   -2.48499e+05   -2.49318e+05    3.26648e+02
 Pres. DC (bar) Pressure (bar)   Constr. rmsd
   -2.52622e+02   -4.58877e+01    4.48240e-06

           Step           Time
          45000       90.00000

   Energies (kJ/mol)
          Angle    Proper Dih. Ryckaert-Bell.  Improper Dih.          LJ-14
    1.43052e+04    4.10634e+03    7.33347e+03    5.03699e+02    4.35650e+03
     Coulomb-14        LJ (SR)  Disper. corr.   Coulomb (SR)   Coul. recip.
    1.01409e+04   -4.65693e+03   -4.00593e+03   -3.29755e+05    2.15950e+03
      Potential    Kinetic En.   Total Energy  Conserved En.    Temperature
   -2.95513e+05    4.63210e+04   -2.49192e+05   -2.49332e+05    3.19703e+02
 Pres. DC (bar) Pressure (bar)   Constr. rmsd
   -2.52656e+02   -1.93566e+01    4.31277e-06

           Step           Time
          46000       92.00000

   Energies (kJ/mol)
          Angle    Proper Dih. Ryckaert-Bell.  Improper Dih.          LJ-14
    1.39061e+04    4.10066e+03    7.49763e+03    4.91174e+02    4.28266e+03
     Coulomb-14        LJ (SR)  Disper. corr.   Coulomb (SR)   Coul. recip.
    1.01968e+04   -4.16471e+03   -3.97294e+03   -3.29045e+05    2.29417e+03
      Potential    Kinetic En.   Total Energy  Conserved En.    Temperature
   -2.94414e+05    4.70193e+04   -2.47394e+05   -2.49340e+05    3.24522e+02
 Pres. DC (bar) Pressure (bar)   Constr. rmsd
   -2.48517e+02   -3.86182e+02    4.58730e-06

           Step           Time
          47000       94.00000

   Energies (kJ/mol)
          Angle    Proper Dih. Ryckaert-Bell.  Improper Dih.          LJ-14
    1.42881e+04    4.10988e+03    7.14587e+03    4.92524e+02    4.22166e+03
     Coulomb-14        LJ (SR)  Disper. corr.   Coulomb (SR)   Coul. recip.
    1.02169e+04   -3.39938e+03   -3.97763e+03   -3.29612e+05    2.29612e+03
      Potential    Kinetic En.   Total Energy  Conserved En.    Temperature
   -2.94218e+05    4.68625e+04   -2.47355e+05   -2.49351e+05    3.23440e+02
 Pres. DC (bar) Pressure (bar)   Constr. rmsd
   -2.49103e+02   -3.65140e+01    4.46654e-06

           Step           Time
          48000       96.00000

   Energies (kJ/mol)
          Angle    Proper Dih. Ryckaert-Bell.  Improper Dih.          LJ-14
    1.41737e+04    3.84733e+03    7.27043e+03    5.23313e+02    4.21015e+03
     Coulomb-14        LJ (SR)  Disper. corr.   Coulomb (SR)   Coul. recip.
    9.92793e+03   -3.50865e+03   -4.00474e+03   -3.29948e+05    2.22118e+03
      Potential    Kinetic En.   Total Energy  Conserved En.    Temperature
   -2.95287e+05    4.76544e+04   -2.47632e+05   -2.49424e+05    3.28905e+02
 Pres. DC (bar) Pressure (bar)   Constr. rmsd
   -2.52507e+02   -9.05570e+01    4.68086e-06

           Step           Time
          49000       98.00000

   Energies (kJ/mol)
          Angle    Proper Dih. Ryckaert-Bell.  Improper Dih.          LJ-14
    1.40505e+04    3.93758e+03    7.35324e+03    5.20844e+02    4.21027e+03
     Coulomb-14        LJ (SR)  Disper. corr.   Coulomb (SR)   Coul. recip.
    1.05622e+04   -3.16720e+03   -3.98746e+03   -3.31480e+05    2.25098e+03
      Potential    Kinetic En.   Total Energy  Conserved En.    Temperature
   -2.95749e+05    4.63963e+04   -2.49352e+05   -2.49383e+05    3.20222e+02
 Pres. DC (bar) Pressure (bar)   Constr. rmsd
   -2.50334e+02    4.09745e+01    4.62918e-06

           Step           Time
          50000      100.00000

   Energies (kJ/mol)
          Angle    Proper Dih. Ryckaert-Bell.  Improper Dih.          LJ-14
    1.38722e+04    3.94092e+03    7.35366e+03    4.85414e+02    4.41086e+03
     Coulomb-14        LJ (SR)  Disper. corr.   Coulomb (SR)   Coul. recip.
    1.03159e+04   -3.00908e+03   -4.01371e+03   -3.31029e+05    2.22532e+03
      Potential    Kinetic En.   Total Energy  Conserved En.    Temperature
   -2.95447e+05    4.65081e+04   -2.48939e+05   -2.49468e+05    3.20994e+02
 Pres. DC (bar) Pressure (bar)   Constr. rmsd
   -2.53637e+02    5.57250e+02    3.92887e-06

           Step           Time
          51000      102.00000

   Energies (kJ/mol)
          Angle    Proper Dih. Ryckaert-Bell.  Improper Dih.          LJ-14
    1.44838e+04    4.12054e+03    7.41188e+03    5.18017e+02    4.30258e+03
     Coulomb-14        LJ (SR)  Disper. corr.   Coulomb (SR)   Coul. recip.
    9.98797e+03   -2.55689e+03   -3.99102e+03   -3.30904e+05    2.22437e+03
      Potential    Kinetic En.   Total Energy  Conserved En.    Temperature
   -2.94403e+05    4.72265e+04   -2.47177e+05   -2.49462e+05    3.25952e+02
 Pres. DC (bar) Pressure (bar)   Constr. rmsd
   -2.50781e+02    2.28577e+02    4.50092e-06

           Step           Time
          52000      104.00000

   Energies (kJ/mol)
          Angle    Proper Dih. Ryckaert-Bell.  Improper Dih.          LJ-14
    1.43709e+04    4.08902e+03    7.35887e+03    4.65986e+02    4.21969e+03
     Coulomb-14        LJ (SR)  Disper. corr.   Coulomb (SR)   Coul. recip.
    1.01450e+04   -3.52201e+03   -3.99144e+03   -3.31168e+05    2.26116e+03
      Potential    Kinetic En.   Total Energy  Conserved En.    Temperature
   -2.95771e+05    4.72856e+04   -2.48485e+05   -2.49426e+05    3.26360e+02
 Pres. DC (bar) Pressure (bar)   Constr. rmsd
   -2.50834e+02    2.15061e+01    4.65896e-06

           Step           Time
          53000      106.00000

   Energies (kJ/mol)
          Angle    Proper Dih. Ryckaert-Bell.  Improper Dih.          LJ-14
    1.41630e+04    3.99362e+03    7.41480e+03    4.66311e+02    4.34067e+03
     Coulomb-14        LJ (SR)  Disper. corr.   Coulomb (SR)   Coul. recip.
    1.03329e+04   -3.69902e+03   -4.00967e+03   -3.31124e+05    2.21378e+03
      Potential    Kinetic En.   Total Energy  Conserved En.    Temperature
   -2.95908e+05    4.65134e+04   -2.49394e+05   -2.49416e+05    3.21030e+02
 Pres. DC (bar) Pressure (bar)   Constr. rmsd
   -2.53128e+02   -1.36345e+02    4.16349e-06

           Step           Time
          54000      108.00000

   Energies (kJ/mol)
          Angle    Proper Dih. Ryckaert-Bell.  Improper Dih.          LJ-14
    1.41307e+04    4.01354e+03    7.69981e+03    5.04371e+02    4.22100e+03
     Coulomb-14        LJ (SR)  Disper. corr.   Coulomb (SR)   Coul. recip.
    1.04889e+04   -3.46421e+03   -4.00275e+03   -3.30468e+05    2.24378e+03
      Potential    Kinetic En.   Total Energy  Conserved En.    Temperature
   -2.94633e+05    4.72961e+04   -2.47337e+05   -2.49572e+05    3.26433e+02
 Pres. DC (bar) Pressure (bar)   Constr. rmsd
   -2.52255e+02    2.17796e+02    4.29047e-06

           Step           Time
          55000      110.00000

   Energies (kJ/mol)
          Angle    Proper Dih. Ryckaert-Bell.  Improper Dih.          LJ-14
    1.47278e+04    4.09619e+03    7.43780e+03    4.64666e+02    4.23217e+03
     Coulomb-14        LJ (SR)  Disper. corr.   Coulomb (SR)   Coul. recip.
    1.04781e+04   -2.61906e+03   -4.00243e+03   -3.31919e+05    2.23688e+03
      Potential    Kinetic En.   Total Energy  Conserved En.    Temperature
   -2.94866e+05    4.71713e+04   -2.47695e+05   -2.49568e+05    3.25571e+02
 Pres. DC (bar) Pressure (bar)   Constr. rmsd
   -2.52216e+02    1.00811e+02    4.72144e-06

           Step           Time
          56000      112.00000

   Energies (kJ/mol)
          Angle    Proper Dih. Ryckaert-Bell.  Improper Dih.          LJ-14
    1.43480e+04    4.09165e+03    7.52790e+03    4.76007e+02    4.29763e+03
     Coulomb-14        LJ (SR)  Disper. corr.   Coulomb (SR)   Coul. recip.
    1.01115e+04   -3.60179e+03   -3.99329e+03   -3.30304e+05    2.27027e+03
      Potential    Kinetic En.   Total Energy  Conserved En.    Temperature
   -2.94776e+05    4.69396e+04   -2.47836e+05   -2.49658e+05    3.23972e+02
 Pres. DC (bar) Pressure (bar)   Constr. rmsd
   -2.51066e+02    1.80510e+02    4.50388e-06

           Step           Time
          57000      114.00000

   Energies (kJ/mol)
          Angle    Proper Dih. Ryckaert-Bell.  Improper Dih.          LJ-14
    1.42325e+04    4.00618e+03    7.44255e+03    4.54972e+02    4.24032e+03
     Coulomb-14        LJ (SR)  Disper. corr.   Coulomb (SR)   Coul. recip.
    1.03440e+04   -3.17775e+03   -4.00032e+03   -3.30663e+05    2.28371e+03
      Potential    Kinetic En.   Total Energy  Conserved En.    Temperature
   -2.94836e+05    4.73837e+04   -2.47453e+05   -2.49639e+05    3.27037e+02
 Pres. DC (bar) Pressure (bar)   Constr. rmsd
   -2.51950e+02    2.34287e+02    4.38971e-06

           Step           Time
          58000      116.00000

   Energies (kJ/mol)
          Angle    Proper Dih. Ryckaert-Bell.  Improper Dih.          LJ-14
    1.45003e+04    3.96024e+03    7.27127e+03    4.80814e+02    4.27178e+03
     Coulomb-14        LJ (SR)  Disper. corr.   Coulomb (SR)   Coul. recip.
    1.01959e+04   -3.32349e+03   -3.99798e+03   -3.31449e+05    2.35051e+03
      Potential    Kinetic En.   Total Energy  Conserved En.    Temperature
   -2.95740e+05    4.67897e+04   -2.48950e+05   -2.49671e+05    3.22938e+02
 Pres. DC (bar) Pressure (bar)   Constr. rmsd
   -2.51656e+02    1.85605e+02    4.42779e-06

           Step           Time
          59000      118.00000

   Energies (kJ/mol)
          Angle    Proper Dih. Ryckaert-Bell.  Improper Dih.          LJ-14
    1.37146e+04    4.06855e+03    7.64649e+03    4.76037e+02    4.26883e+03
     Coulomb-14        LJ (SR)  Disper. corr.   Coulomb (SR)   Coul. recip.
    1.00657e+04   -4.06609e+03   -3.98755e+03   -3.28869e+05    2.26367e+03
      Potential    Kinetic En.   Total Energy  Conserved En.    Temperature
   -2.94419e+05    4.60205e+04   -2.48398e+05   -2.49719e+05    3.17629e+02
 Pres. DC (bar) Pressure (bar)   Constr. rmsd
   -2.50346e+02   -3.44546e+01    4.15337e-06

           Step           Time
          60000      120.00000

   Energies (kJ/mol)
          Angle    Proper Dih. Ryckaert-Bell.  Improper Dih.          LJ-14
    1.43953e+04    3.98262e+03    7.55868e+03    5.13568e+02    4.30860e+03
     Coulomb-14        LJ (SR)  Disper. corr.   Coulomb (SR)   Coul. recip.
    1.02055e+04   -3.21262e+03   -4.01109e+03   -3.31151e+05    2.27081e+03
      Potential    Kinetic En.   Total Energy  Conserved En.    Temperature
   -2.95140e+05    4.69611e+04   -2.48179e+05   -2.49708e+05    3.24120e+02
 Pres. DC (bar) Pressure (bar)   Constr. rmsd
   -2.53307e+02    3.64360e+02    4.17900e-06

Writing checkpoint, step 60300 at Thu Oct 25 13:38:20 2018


           Step           Time
          61000      122.00000

   Energies (kJ/mol)
          Angle    Proper Dih. Ryckaert-Bell.  Improper Dih.          LJ-14
    1.42120e+04    4.08385e+03    7.16959e+03    4.91690e+02    4.20125e+03
     Coulomb-14        LJ (SR)  Disper. corr.   Coulomb (SR)   Coul. recip.
    1.00605e+04   -3.90338e+03   -4.00235e+03   -3.29585e+05    2.36292e+03
      Potential    Kinetic En.   Total Energy  Conserved En.    Temperature
   -2.94909e+05    4.63103e+04   -2.48598e+05   -2.49718e+05    3.19629e+02
 Pres. DC (bar) Pressure (bar)   Constr. rmsd
   -2.52205e+02    1.56948e+02    4.55461e-06

           Step           Time
          62000      124.00000

   Energies (kJ/mol)
          Angle    Proper Dih. Ryckaert-Bell.  Improper Dih.          LJ-14
    1.41790e+04    4.01504e+03    7.28213e+03    5.17343e+02    4.25281e+03
     Coulomb-14        LJ (SR)  Disper. corr.   Coulomb (SR)   Coul. recip.
    1.01869e+04   -3.24228e+03   -3.99904e+03   -3.31137e+05    2.21847e+03
      Potential    Kinetic En.   Total Energy  Conserved En.    Temperature
   -2.95727e+05    4.65401e+04   -2.49187e+05   -2.49793e+05    3.21215e+02
 Pres. DC (bar) Pressure (bar)   Constr. rmsd
   -2.51789e+02    2.68306e+01    4.33014e-06

           Step           Time
          63000      126.00000

   Energies (kJ/mol)
          Angle    Proper Dih. Ryckaert-Bell.  Improper Dih.          LJ-14
    1.42257e+04    3.90424e+03    7.40418e+03    4.81345e+02    4.24306e+03
     Coulomb-14        LJ (SR)  Disper. corr.   Coulomb (SR)   Coul. recip.
    1.04777e+04   -3.45091e+03   -3.99643e+03   -3.30948e+05    2.20889e+03
      Potential    Kinetic En.   Total Energy  Conserved En.    Temperature
   -2.95450e+05    4.65534e+04   -2.48897e+05   -2.49842e+05    3.21306e+02
 Pres. DC (bar) Pressure (bar)   Constr. rmsd
   -2.51461e+02   -6.44850e+01    4.23182e-06

           Step           Time
          64000      128.00000

   Energies (kJ/mol)
          Angle    Proper Dih. Ryckaert-Bell.  Improper Dih.          LJ-14
    1.40728e+04    4.08808e+03    7.16424e+03    5.66186e+02    4.23982e+03
     Coulomb-14        LJ (SR)  Disper. corr.   Coulomb (SR)   Coul. recip.
    1.03105e+04   -3.57573e+03   -3.99472e+03   -3.30446e+05    2.28200e+03
      Potential    Kinetic En.   Total Energy  Conserved En.    Temperature
   -2.95293e+05    4.64356e+04   -2.48857e+05   -2.49847e+05    3.20493e+02
 Pres. DC (bar) Pressure (bar)   Constr. rmsd
   -2.51246e+02   -1.86657e+01    4.06976e-06

           Step           Time
          65000      130.00000

   Energies (kJ/mol)
          Angle    Proper Dih. Ryckaert-Bell.  Improper Dih.          LJ-14
    1.50568e+04    3.98650e+03    7.42696e+03    5.14074e+02    4.43843e+03
     Coulomb-14        LJ (SR)  Disper. corr.   Coulomb (SR)   Coul. recip.
    1.01362e+04   -3.86018e+03   -3.99544e+03   -3.30750e+05    2.20180e+03
      Potential    Kinetic En.   Total Energy  Conserved En.    Temperature
   -2.94844e+05    4.70550e+04   -2.47789e+05   -2.49857e+05    3.24768e+02
 Pres. DC (bar) Pressure (bar)   Constr. rmsd
   -2.51337e+02    9.19569e+01    4.18837e-06

           Step           Time
          66000      132.00000

   Energies (kJ/mol)
          Angle    Proper Dih. Ryckaert-Bell.  Improper Dih.          LJ-14
    1.43738e+04    4.08203e+03    7.39884e+03    5.21663e+02    4.20367e+03
     Coulomb-14        LJ (SR)  Disper. corr.   Coulomb (SR)   Coul. recip.
    1.01489e+04   -3.69861e+03   -4.00552e+03   -3.30604e+05    2.21538e+03
      Potential    Kinetic En.   Total Energy  Conserved En.    Temperature
   -2.95363e+05    4.71889e+04   -2.48175e+05   -2.49933e+05    3.25693e+02
 Pres. DC (bar) Pressure (bar)   Constr. rmsd
   -2.52605e+02    8.31877e+00    4.56089e-06

           Step           Time
          67000      134.00000

   Energies (kJ/mol)
          Angle    Proper Dih. Ryckaert-Bell.  Improper Dih.          LJ-14
    1.42602e+04    4.02651e+03    7.31524e+03    4.96734e+02    4.19135e+03
     Coulomb-14        LJ (SR)  Disper. corr.   Coulomb (SR)   Coul. recip.
    1.04772e+04   -3.65297e+03   -3.98823e+03   -3.30485e+05    2.34705e+03
      Potential    Kinetic En.   Total Energy  Conserved En.    Temperature
   -2.95012e+05    4.70169e+04   -2.47995e+05   -2.49910e+05    3.24505e+02
 Pres. DC (bar) Pressure (bar)   Constr. rmsd
   -2.50431e+02   -2.78489e+02    4.30008e-06

           Step           Time
          68000      136.00000

   Energies (kJ/mol)
          Angle    Proper Dih. Ryckaert-Bell.  Improper Dih.          LJ-14
    1.44410e+04    4.11376e+03    7.17565e+03    5.09715e+02    4.33132e+03
     Coulomb-14        LJ (SR)  Disper. corr.   Coulomb (SR)   Coul. recip.
    1.04442e+04   -3.20170e+03   -4.01113e+03   -3.32118e+05    2.33306e+03
      Potential    Kinetic En.   Total Energy  Conserved En.    Temperature
   -2.95982e+05    4.69519e+04   -2.49030e+05   -2.49960e+05    3.24057e+02
 Pres. DC (bar) Pressure (bar)   Constr. rmsd
   -2.53311e+02    1.12723e+01    4.56359e-06

           Step           Time
          69000      138.00000

   Energies (kJ/mol)
          Angle    Proper Dih. Ryckaert-Bell.  Improper Dih.          LJ-14
    1.44625e+04    4.17643e+03    7.51895e+03    5.09348e+02    4.15020e+03
     Coulomb-14        LJ (SR)  Disper. corr.   Coulomb (SR)   Coul. recip.
    1.06023e+04   -4.09125e+03   -3.99867e+03   -3.29974e+05    2.18776e+03
      Potential    Kinetic En.   Total Energy  Conserved En.    Temperature
   -2.94457e+05    4.67250e+04   -2.47732e+05   -2.49976e+05    3.22491e+02
 Pres. DC (bar) Pressure (bar)   Constr. rmsd
   -2.51742e+02   -2.57232e+01    4.81726e-06

           Step           Time
          70000      140.00000

   Energies (kJ/mol)
          Angle    Proper Dih. Ryckaert-Bell.  Improper Dih.          LJ-14
    1.43864e+04    4.16320e+03    7.35835e+03    4.55714e+02    4.33515e+03
     Coulomb-14        LJ (SR)  Disper. corr.   Coulomb (SR)   Coul. recip.
    1.02901e+04   -3.39812e+03   -4.01042e+03   -3.30960e+05    2.20161e+03
      Potential    Kinetic En.   Total Energy  Conserved En.    Temperature
   -2.95178e+05    4.64202e+04   -2.48758e+05   -2.50053e+05    3.20387e+02
 Pres. DC (bar) Pressure (bar)   Constr. rmsd
   -2.53222e+02    1.47360e+02    5.13768e-06

           Step           Time
          71000      142.00000

   Energies (kJ/mol)
          Angle    Proper Dih. Ryckaert-Bell.  Improper Dih.          LJ-14
    1.42736e+04    3.87788e+03    7.44154e+03    5.30137e+02    4.23076e+03
     Coulomb-14        LJ (SR)  Disper. corr.   Coulomb (SR)   Coul. recip.
    1.05269e+04   -3.18728e+03   -3.97925e+03   -3.30177e+05    2.18160e+03
      Potential    Kinetic En.   Total Energy  Conserved En.    Temperature
   -2.94281e+05    4.64251e+04   -2.47856e+05   -2.50049e+05    3.20421e+02
 Pres. DC (bar) Pressure (bar)   Constr. rmsd
   -2.49306e+02    1.54994e+02    4.55297e-06

           Step           Time
          72000      144.00000

   Energies (kJ/mol)
          Angle    Proper Dih. Ryckaert-Bell.  Improper Dih.          LJ-14
    1.45329e+04    4.14246e+03    6.95108e+03    4.19900e+02    4.30434e+03
     Coulomb-14        LJ (SR)  Disper. corr.   Coulomb (SR)   Coul. recip.
    1.02241e+04   -3.57041e+03   -4.00412e+03   -3.31107e+05    2.28554e+03
      Potential    Kinetic En.   Total Energy  Conserved En.    Temperature
   -2.95822e+05    4.67684e+04   -2.49053e+05   -2.50076e+05    3.22790e+02
 Pres. DC (bar) Pressure (bar)   Constr. rmsd
   -2.52428e+02   -1.12628e+02    4.28854e-06

           Step           Time
          73000      146.00000

   Energies (kJ/mol)
          Angle    Proper Dih. Ryckaert-Bell.  Improper Dih.          LJ-14
    1.45148e+04    4.13347e+03    7.34096e+03    4.68682e+02    4.36762e+03
     Coulomb-14        LJ (SR)  Disper. corr.   Coulomb (SR)   Coul. recip.
    1.04698e+04   -2.44080e+03   -3.99546e+03   -3.32197e+05    2.30779e+03
      Potential    Kinetic En.   Total Energy  Conserved En.    Temperature
   -2.95030e+05    4.68149e+04   -2.48215e+05   -2.50133e+05    3.23112e+02
 Pres. DC (bar) Pressure (bar)   Constr. rmsd
   -2.51339e+02    3.08501e+02    4.27903e-06

           Step           Time
          74000      148.00000

   Energies (kJ/mol)
          Angle    Proper Dih. Ryckaert-Bell.  Improper Dih.          LJ-14
    1.43877e+04    4.20003e+03    7.40947e+03    4.16599e+02    4.18426e+03
     Coulomb-14        LJ (SR)  Disper. corr.   Coulomb (SR)   Coul. recip.
    1.04230e+04   -3.61575e+03   -3.99242e+03   -3.30710e+05    2.19577e+03
      Potential    Kinetic En.   Total Energy  Conserved En.    Temperature
   -2.95102e+05    4.65862e+04   -2.48515e+05   -2.50201e+05    3.21533e+02
 Pres. DC (bar) Pressure (bar)   Constr. rmsd
   -2.50956e+02   -1.74372e+02    4.52481e-06

           Step           Time
          75000      150.00000

   Energies (kJ/mol)
          Angle    Proper Dih. Ryckaert-Bell.  Improper Dih.          LJ-14
    1.39671e+04    4.07622e+03    7.43618e+03    5.03045e+02    4.10329e+03
     Coulomb-14        LJ (SR)  Disper. corr.   Coulomb (SR)   Coul. recip.
    1.06342e+04   -4.07031e+03   -3.99641e+03   -3.29483e+05    2.19302e+03
      Potential    Kinetic En.   Total Energy  Conserved En.    Temperature
   -2.94637e+05    4.69619e+04   -2.47675e+05   -2.50236e+05    3.24126e+02
 Pres. DC (bar) Pressure (bar)   Constr. rmsd
   -2.51458e+02   -4.03473e+02    4.64664e-06

           Step           Time
          76000      152.00000

   Energies (kJ/mol)
          Angle    Proper Dih. Ryckaert-Bell.  Improper Dih.          LJ-14
    1.43628e+04    4.03225e+03    7.19602e+03    4.92005e+02    4.32511e+03
     Coulomb-14        LJ (SR)  Disper. corr.   Coulomb (SR)   Coul. recip.
    1.03613e+04   -3.85896e+03   -4.01982e+03   -3.31188e+05    2.24470e+03
      Potential    Kinetic En.   Total Energy  Conserved En.    Temperature
   -2.96053e+05    4.71954e+04   -2.48858e+05   -2.50208e+05    3.25737e+02
 Pres. DC (bar) Pressure (bar)   Constr. rmsd
   -2.54410e+02    1.93265e+02    4.27323e-06

           Step           Time
          77000      154.00000

   Energies (kJ/mol)
          Angle    Proper Dih. Ryckaert-Bell.  Improper Dih.          LJ-14
    1.44131e+04    4.26310e+03    7.41322e+03    5.25340e+02    4.23933e+03
     Coulomb-14        LJ (SR)  Disper. corr.   Coulomb (SR)   Coul. recip.
    1.05271e+04   -2.64633e+03   -3.99070e+03   -3.31633e+05    2.25756e+03
      Potential    Kinetic En.   Total Energy  Conserved En.    Temperature
   -2.94631e+05    4.69870e+04   -2.47644e+05   -2.50329e+05    3.24299e+02
 Pres. DC (bar) Pressure (bar)   Constr. rmsd
   -2.50740e+02    1.58994e+02    4.23650e-06

           Step           Time
          78000      156.00000

   Energies (kJ/mol)
          Angle    Proper Dih. Ryckaert-Bell.  Improper Dih.          LJ-14
    1.43902e+04    4.08455e+03    7.39722e+03    5.10365e+02    4.37882e+03
     Coulomb-14        LJ (SR)  Disper. corr.   Coulomb (SR)   Coul. recip.
    1.01704e+04   -3.34349e+03   -3.98884e+03   -3.31123e+05    2.19234e+03
      Potential    Kinetic En.   Total Energy  Conserved En.    Temperature
   -2.95331e+05    4.63429e+04   -2.48988e+05   -2.50274e+05    3.19854e+02
 Pres. DC (bar) Pressure (bar)   Constr. rmsd
   -2.50507e+02    1.08216e+02    4.44488e-06

           Step           Time
          79000      158.00000

   Energies (kJ/mol)
          Angle    Proper Dih. Ryckaert-Bell.  Improper Dih.          LJ-14
    1.45783e+04    4.07594e+03    7.38229e+03    5.48852e+02    4.23637e+03
     Coulomb-14        LJ (SR)  Disper. corr.   Coulomb (SR)   Coul. recip.
    1.05306e+04   -3.31592e+03   -3.98930e+03   -3.30527e+05    2.26596e+03
      Potential    Kinetic En.   Total Energy  Conserved En.    Temperature
   -2.94214e+05    4.72058e+04   -2.47008e+05   -2.50362e+05    3.25809e+02
 Pres. DC (bar) Pressure (bar)   Constr. rmsd
   -2.50565e+02    2.09834e+02    4.47883e-06

           Step           Time
          80000      160.00000

   Energies (kJ/mol)
          Angle    Proper Dih. Ryckaert-Bell.  Improper Dih.          LJ-14
    1.43118e+04    4.14584e+03    7.32728e+03    5.48406e+02    4.37607e+03
     Coulomb-14        LJ (SR)  Disper. corr.   Coulomb (SR)   Coul. recip.
    1.03303e+04   -3.06939e+03   -4.00331e+03   -3.31797e+05    2.25476e+03
      Potential    Kinetic En.   Total Energy  Conserved En.    Temperature
   -2.95575e+05    4.70888e+04   -2.48486e+05   -2.50314e+05    3.25002e+02
 Pres. DC (bar) Pressure (bar)   Constr. rmsd
   -2.52327e+02    1.77575e+02    4.27214e-06

           Step           Time
          81000      162.00000

   Energies (kJ/mol)
          Angle    Proper Dih. Ryckaert-Bell.  Improper Dih.          LJ-14
    1.45420e+04    4.18848e+03    7.25696e+03    4.51380e+02    4.23100e+03
     Coulomb-14        LJ (SR)  Disper. corr.   Coulomb (SR)   Coul. recip.
    1.07415e+04   -4.03965e+03   -3.98294e+03   -3.30368e+05    2.29678e+03
      Potential    Kinetic En.   Total Energy  Conserved En.    Temperature
   -2.94683e+05    4.72685e+04   -2.47414e+05   -2.50370e+05    3.26242e+02
 Pres. DC (bar) Pressure (bar)   Constr. rmsd
   -2.49768e+02   -2.69227e+02    4.52839e-06

           Step           Time
          82000      164.00000

   Energies (kJ/mol)
          Angle    Proper Dih. Ryckaert-Bell.  Improper Dih.          LJ-14
    1.42498e+04    4.14254e+03    7.23403e+03    5.19881e+02    4.25599e+03
     Coulomb-14        LJ (SR)  Disper. corr.   Coulomb (SR)   Coul. recip.
    1.09301e+04   -3.32031e+03   -4.00835e+03   -3.32281e+05    2.25857e+03
      Potential    Kinetic En.   Total Energy  Conserved En.    Temperature
   -2.96019e+05    4.62147e+04   -2.49804e+05   -2.50361e+05    3.18969e+02
 Pres. DC (bar) Pressure (bar)   Constr. rmsd
   -2.52962e+02    2.12096e+02    4.14083e-06

           Step           Time
          83000      166.00000

   Energies (kJ/mol)
          Angle    Proper Dih. Ryckaert-Bell.  Improper Dih.          LJ-14
    1.45591e+04    4.11874e+03    7.21870e+03    4.90288e+02    4.34489e+03
     Coulomb-14        LJ (SR)  Disper. corr.   Coulomb (SR)   Coul. recip.
    1.05380e+04   -3.28209e+03   -3.98441e+03   -3.30839e+05    2.26674e+03
      Potential    Kinetic En.   Total Energy  Conserved En.    Temperature
   -2.94569e+05    4.69236e+04   -2.47645e+05   -2.50398e+05    3.23862e+02
 Pres. DC (bar) Pressure (bar)   Constr. rmsd
   -2.49951e+02    7.75730e+01    4.47575e-06

           Step           Time
          84000      168.00000

   Energies (kJ/mol)
          Angle    Proper Dih. Ryckaert-Bell.  Improper Dih.          LJ-14
    1.42694e+04    4.10189e+03    7.52825e+03    5.26790e+02    4.25729e+03
     Coulomb-14        LJ (SR)  Disper. corr.   Coulomb (SR)   Coul. recip.
    1.08017e+04   -3.55381e+03   -4.00067e+03   -3.31753e+05    2.24824e+03
      Potential    Kinetic En.   Total Energy  Conserved En.    Temperature
   -2.95574e+05    4.67919e+04   -2.48782e+05   -2.50422e+05    3.22952e+02
 Pres. DC (bar) Pressure (bar)   Constr. rmsd
   -2.51994e+02   -2.38105e+02    4.63588e-06

           Step           Time
          85000      170.00000

   Energies (kJ/mol)
          Angle    Proper Dih. Ryckaert-Bell.  Improper Dih.          LJ-14
    1.38456e+04    4.26874e+03    7.47880e+03    4.35859e+02    4.30219e+03
     Coulomb-14        LJ (SR)  Disper. corr.   Coulomb (SR)   Coul. recip.
    1.05874e+04   -3.20488e+03   -4.01215e+03   -3.31764e+05    2.20579e+03
      Potential    Kinetic En.   Total Energy  Conserved En.    Temperature
   -2.95856e+05    4.64795e+04   -2.49377e+05   -2.50487e+05    3.20797e+02
 Pres. DC (bar) Pressure (bar)   Constr. rmsd
   -2.53441e+02    1.57173e+02    4.66083e-06

           Step           Time
          86000      172.00000

   Energies (kJ/mol)
          Angle    Proper Dih. Ryckaert-Bell.  Improper Dih.          LJ-14
    1.44253e+04    4.27573e+03    7.35173e+03    5.38876e+02    4.45451e+03
     Coulomb-14        LJ (SR)  Disper. corr.   Coulomb (SR)   Coul. recip.
    1.05842e+04   -3.02341e+03   -3.99054e+03   -3.31443e+05    2.23216e+03
      Potential    Kinetic En.   Total Energy  Conserved En.    Temperature
   -2.94594e+05    4.61761e+04   -2.48418e+05   -2.50518e+05    3.18703e+02
 Pres. DC (bar) Pressure (bar)   Constr. rmsd
   -2.50721e+02    2.25894e+01    4.13686e-06

           Step           Time
          87000      174.00000

   Energies (kJ/mol)
          Angle    Proper Dih. Ryckaert-Bell.  Improper Dih.          LJ-14
    1.45767e+04    3.99424e+03    7.45406e+03    4.83734e+02    4.37406e+03
     Coulomb-14        LJ (SR)  Disper. corr.   Coulomb (SR)   Coul. recip.
    1.04330e+04   -3.38139e+03   -3.99046e+03   -3.31314e+05    2.12675e+03
      Potential    Kinetic En.   Total Energy  Conserved En.    Temperature
   -2.95243e+05    4.73099e+04   -2.47933e+05   -2.50534e+05    3.26527e+02
 Pres. DC (bar) Pressure (bar)   Constr. rmsd
   -2.50710e+02    2.47254e+01    4.32253e-06

           Step           Time
          88000      176.00000

   Energies (kJ/mol)
          Angle    Proper Dih. Ryckaert-Bell.  Improper Dih.          LJ-14
    1.44049e+04    4.14471e+03    7.31428e+03    4.77126e+02    4.24230e+03
     Coulomb-14        LJ (SR)  Disper. corr.   Coulomb (SR)   Coul. recip.
    1.03479e+04   -3.60209e+03   -3.99571e+03   -3.30520e+05    2.26551e+03
      Potential    Kinetic En.   Total Energy  Conserved En.    Temperature
   -2.94921e+05    4.71267e+04   -2.47794e+05   -2.50524e+05    3.25263e+02
 Pres. DC (bar) Pressure (bar)   Constr. rmsd
   -2.51370e+02   -1.88693e+02    4.82187e-06

           Step           Time
          89000      178.00000

   Energies (kJ/mol)
          Angle    Proper Dih. Ryckaert-Bell.  Improper Dih.          LJ-14
    1.46868e+04    4.10602e+03    7.54459e+03    4.67676e+02    4.28401e+03
     Coulomb-14        LJ (SR)  Disper. corr.   Coulomb (SR)   Coul. recip.
    1.04223e+04   -2.59623e+03   -3.99004e+03   -3.32064e+05    2.19114e+03
      Potential    Kinetic En.   Total Energy  Conserved En.    Temperature
   -2.94948e+05    4.71246e+04   -2.47823e+05   -2.50591e+05    3.25249e+02
 Pres. DC (bar) Pressure (bar)   Constr. rmsd
   -2.50658e+02    1.44679e+02    4.36758e-06

           Step           Time
          90000      180.00000

   Energies (kJ/mol)
          Angle    Proper Dih. Ryckaert-Bell.  Improper Dih.          LJ-14
    1.43327e+04    4.11119e+03    7.14691e+03    5.10251e+02    4.18397e+03
     Coulomb-14        LJ (SR)  Disper. corr.   Coulomb (SR)   Coul. recip.
    1.04855e+04   -3.49464e+03   -4.00697e+03   -3.31223e+05    2.27454e+03
      Potential    Kinetic En.   Total Energy  Conserved En.    Temperature
   -2.95679e+05    4.66718e+04   -2.49008e+05   -2.50596e+05    3.22124e+02
 Pres. DC (bar) Pressure (bar)   Constr. rmsd
   -2.52787e+02   -2.15187e+02    4.24094e-06

           Step           Time
          91000      182.00000

   Energies (kJ/mol)
          Angle    Proper Dih. Ryckaert-Bell.  Improper Dih.          LJ-14
    1.40884e+04    4.08808e+03    7.59770e+03    4.55112e+02    4.28917e+03
     Coulomb-14        LJ (SR)  Disper. corr.   Coulomb (SR)   Coul. recip.
    1.05161e+04   -3.16916e+03   -3.98901e+03   -3.30847e+05    2.26312e+03
      Potential    Kinetic En.   Total Energy  Conserved En.    Temperature
   -2.94707e+05    4.67458e+04   -2.47961e+05   -2.50626e+05    3.22635e+02
 Pres. DC (bar) Pressure (bar)   Constr. rmsd
   -2.50529e+02   -3.63564e+01    4.41181e-06

           Step           Time
          92000      184.00000

   Energies (kJ/mol)
          Angle    Proper Dih. Ryckaert-Bell.  Improper Dih.          LJ-14
    1.46303e+04    3.96410e+03    7.49164e+03    5.00569e+02    4.38244e+03
     Coulomb-14        LJ (SR)  Disper. corr.   Coulomb (SR)   Coul. recip.
    1.00438e+04   -3.63971e+03   -3.97704e+03   -3.29624e+05    2.26456e+03
      Potential    Kinetic En.   Total Energy  Conserved En.    Temperature
   -2.93963e+05    4.66630e+04   -2.47300e+05   -2.50640e+05    3.22063e+02
 Pres. DC (bar) Pressure (bar)   Constr. rmsd
   -2.49029e+02   -1.36189e+02    4.60997e-06

           Step           Time
          93000      186.00000

   Energies (kJ/mol)
          Angle    Proper Dih. Ryckaert-Bell.  Improper Dih.          LJ-14
    1.44129e+04    3.98029e+03    7.37684e+03    5.00898e+02    4.30859e+03
     Coulomb-14        LJ (SR)  Disper. corr.   Coulomb (SR)   Coul. recip.
    1.07731e+04   -2.84930e+03   -3.97378e+03   -3.31406e+05    2.23220e+03
      Potential    Kinetic En.   Total Energy  Conserved En.    Temperature
   -2.94644e+05    4.72797e+04   -2.47365e+05   -2.50709e+05    3.26319e+02
 Pres. DC (bar) Pressure (bar)   Constr. rmsd
   -2.48622e+02    9.57311e+01    4.22957e-06

           Step           Time
          94000      188.00000

   Energies (kJ/mol)
          Angle    Proper Dih. Ryckaert-Bell.  Improper Dih.          LJ-14
    1.46662e+04    4.05018e+03    7.37179e+03    4.95020e+02    4.22153e+03
     Coulomb-14        LJ (SR)  Disper. corr.   Coulomb (SR)   Coul. recip.
    1.04697e+04   -2.49514e+03   -3.96562e+03   -3.31557e+05    2.16560e+03
      Potential    Kinetic En.   Total Energy  Conserved En.    Temperature
   -2.94578e+05    4.69457e+04   -2.47632e+05   -2.50732e+05    3.24014e+02
 Pres. DC (bar) Pressure (bar)   Constr. rmsd
   -2.47603e+02    1.47522e+02    4.29348e-06

           Step           Time
          95000      190.00000

   Energies (kJ/mol)
          Angle    Proper Dih. Ryckaert-Bell.  Improper Dih.          LJ-14
    1.44057e+04    4.13980e+03    7.42905e+03    4.66845e+02    4.23873e+03
     Coulomb-14        LJ (SR)  Disper. corr.   Coulomb (SR)   Coul. recip.
    1.03713e+04   -2.51208e+03   -4.00088e+03   -3.31697e+05    2.22169e+03
      Potential    Kinetic En.   Total Energy  Conserved En.    Temperature
   -2.94936e+05    4.71359e+04   -2.47801e+05   -2.50754e+05    3.25327e+02
 Pres. DC (bar) Pressure (bar)   Constr. rmsd
   -2.52021e+02    7.01897e+01    4.38693e-06

           Step           Time
          96000      192.00000

   Energies (kJ/mol)
          Angle    Proper Dih. Ryckaert-Bell.  Improper Dih.          LJ-14
    1.41817e+04    4.05615e+03    7.19755e+03    4.01902e+02    4.32689e+03
     Coulomb-14        LJ (SR)  Disper. corr.   Coulomb (SR)   Coul. recip.
    1.03189e+04   -3.61477e+03   -3.99139e+03   -3.30561e+05    2.20169e+03
      Potential    Kinetic En.   Total Energy  Conserved En.    Temperature
   -2.95482e+05    4.70456e+04   -2.48436e+05   -2.50797e+05    3.24703e+02
 Pres. DC (bar) Pressure (bar)   Constr. rmsd
   -2.50827e+02    1.61991e+01    4.34636e-06

           Step           Time
          97000      194.00000

   Energies (kJ/mol)
          Angle    Proper Dih. Ryckaert-Bell.  Improper Dih.          LJ-14
    1.44033e+04    3.91146e+03    7.11471e+03    5.57288e+02    4.20659e+03
     Coulomb-14        LJ (SR)  Disper. corr.   Coulomb (SR)   Coul. recip.
    1.01739e+04   -2.80058e+03   -3.99162e+03   -3.31172e+05    2.20225e+03
      Potential    Kinetic En.   Total Energy  Conserved En.    Temperature
   -2.95395e+05    4.68529e+04   -2.48542e+05   -2.50848e+05    3.23374e+02
 Pres. DC (bar) Pressure (bar)   Constr. rmsd
   -2.50856e+02   -1.09711e+02    4.19976e-06

           Step           Time
          98000      196.00000

   Energies (kJ/mol)
          Angle    Proper Dih. Ryckaert-Bell.  Improper Dih.          LJ-14
    1.44409e+04    4.03101e+03    7.35515e+03    5.46785e+02    4.26662e+03
     Coulomb-14        LJ (SR)  Disper. corr.   Coulomb (SR)   Coul. recip.
    1.01916e+04   -3.21583e+03   -3.98204e+03   -3.30701e+05    2.25331e+03
      Potential    Kinetic En.   Total Energy  Conserved En.    Temperature
   -2.94814e+05    4.69039e+04   -2.47910e+05   -2.50879e+05    3.23726e+02
 Pres. DC (bar) Pressure (bar)   Constr. rmsd
   -2.49656e+02    2.57949e+02    4.45862e-06

           Step           Time
          99000      198.00000

   Energies (kJ/mol)
          Angle    Proper Dih. Ryckaert-Bell.  Improper Dih.          LJ-14
    1.38226e+04    3.99702e+03    7.27979e+03    4.45222e+02    4.07267e+03
     Coulomb-14        LJ (SR)  Disper. corr.   Coulomb (SR)   Coul. recip.
    1.09224e+04   -3.34730e+03   -3.99194e+03   -3.31494e+05    2.25357e+03
      Potential    Kinetic En.   Total Energy  Conserved En.    Temperature
   -2.96040e+05    4.70983e+04   -2.48942e+05   -2.50917e+05    3.25068e+02
 Pres. DC (bar) Pressure (bar)   Constr. rmsd
   -2.50896e+02   -1.64223e+02    4.31641e-06

           Step           Time
         100000      200.00000

   Energies (kJ/mol)
          Angle    Proper Dih. Ryckaert-Bell.  Improper Dih.          LJ-14
    1.41921e+04    3.96457e+03    7.34935e+03    4.68421e+02    4.20123e+03
     Coulomb-14        LJ (SR)  Disper. corr.   Coulomb (SR)   Coul. recip.
    1.02331e+04   -2.95103e+03   -4.00695e+03   -3.30831e+05    2.26586e+03
      Potential    Kinetic En.   Total Energy  Conserved En.    Temperature
   -2.95114e+05    4.68152e+04   -2.48299e+05   -2.50925e+05    3.23113e+02
 Pres. DC (bar) Pressure (bar)   Constr. rmsd
   -2.52785e+02    1.50003e+02    4.56732e-06

           Step           Time
         101000      202.00000

   Energies (kJ/mol)
          Angle    Proper Dih. Ryckaert-Bell.  Improper Dih.          LJ-14
    1.41894e+04    4.05352e+03    7.17976e+03    5.28673e+02    4.26867e+03
     Coulomb-14        LJ (SR)  Disper. corr.   Coulomb (SR)   Coul. recip.
    1.04531e+04   -2.48704e+03   -3.97675e+03   -3.31765e+05    2.15299e+03
      Potential    Kinetic En.   Total Energy  Conserved En.    Temperature
   -2.95403e+05    4.71391e+04   -2.48264e+05   -2.50861e+05    3.25349e+02
 Pres. DC (bar) Pressure (bar)   Constr. rmsd
   -2.48993e+02    1.41087e+02    4.42852e-06

           Step           Time
         102000      204.00000

   Energies (kJ/mol)
          Angle    Proper Dih. Ryckaert-Bell.  Improper Dih.          LJ-14
    1.40175e+04    4.08599e+03    7.46042e+03    4.37011e+02    4.31332e+03
     Coulomb-14        LJ (SR)  Disper. corr.   Coulomb (SR)   Coul. recip.
    1.05732e+04   -3.33496e+03   -3.98408e+03   -3.30800e+05    2.20313e+03
      Potential    Kinetic En.   Total Energy  Conserved En.    Temperature
   -2.95028e+05    4.67526e+04   -2.48276e+05   -2.50949e+05    3.22681e+02
 Pres. DC (bar) Pressure (bar)   Constr. rmsd
   -2.49910e+02    2.28644e+02    4.38763e-06

           Step           Time
         103000      206.00000

   Energies (kJ/mol)
          Angle    Proper Dih. Ryckaert-Bell.  Improper Dih.          LJ-14
    1.42402e+04    4.07649e+03    7.51063e+03    4.69362e+02    4.42436e+03
     Coulomb-14        LJ (SR)  Disper. corr.   Coulomb (SR)   Coul. recip.
    1.04080e+04   -3.16382e+03   -3.98800e+03   -3.31379e+05    2.22515e+03
      Potential    Kinetic En.   Total Energy  Conserved En.    Temperature
   -2.95176e+05    4.66702e+04   -2.48506e+05   -2.50982e+05    3.22113e+02
 Pres. DC (bar) Pressure (bar)   Constr. rmsd
   -2.50402e+02   -5.03510e+01    4.38157e-06

           Step           Time
         104000      208.00000

   Energies (kJ/mol)
          Angle    Proper Dih. Ryckaert-Bell.  Improper Dih.          LJ-14
    1.42061e+04    3.92393e+03    7.40998e+03    4.93368e+02    4.17416e+03
     Coulomb-14        LJ (SR)  Disper. corr.   Coulomb (SR)   Coul. recip.
    1.05539e+04   -2.39153e+03   -3.96483e+03   -3.31296e+05    2.20231e+03
      Potential    Kinetic En.   Total Energy  Conserved En.    Temperature
   -2.94689e+05    4.74880e+04   -2.47201e+05   -2.51077e+05    3.27757e+02
 Pres. DC (bar) Pressure (bar)   Constr. rmsd
   -2.47504e+02   -4.47696e+01    4.55782e-06

           Step           Time
         105000      210.00000

   Energies (kJ/mol)
          Angle    Proper Dih. Ryckaert-Bell.  Improper Dih.          LJ-14
    1.42119e+04    3.95789e+03    7.37435e+03    5.09863e+02    4.34534e+03
     Coulomb-14        LJ (SR)  Disper. corr.   Coulomb (SR)   Coul. recip.
    1.02459e+04   -2.50583e+03   -3.98216e+03   -3.31794e+05    2.22468e+03
      Potential    Kinetic En.   Total Energy  Conserved En.    Temperature
   -2.95412e+05    4.73474e+04   -2.48064e+05   -2.51050e+05    3.26786e+02
 Pres. DC (bar) Pressure (bar)   Constr. rmsd
   -2.49670e+02    1.04238e+02    4.58565e-06

           Step           Time
         106000      212.00000

   Energies (kJ/mol)
          Angle    Proper Dih. Ryckaert-Bell.  Improper Dih.          LJ-14
    1.41763e+04    4.03241e+03    7.44517e+03    5.36651e+02    4.25223e+03
     Coulomb-14        LJ (SR)  Disper. corr.   Coulomb (SR)   Coul. recip.
    1.05102e+04   -3.24425e+03   -3.99371e+03   -3.30372e+05    2.20485e+03
      Potential    Kinetic En.   Total Energy  Conserved En.    Temperature
   -2.94452e+05    4.63938e+04   -2.48059e+05   -2.51118e+05    3.20205e+02
 Pres. DC (bar) Pressure (bar)   Constr. rmsd
   -2.51118e+02    2.04778e+02    4.26260e-06

           Step           Time
         107000      214.00000

   Energies (kJ/mol)
          Angle    Proper Dih. Ryckaert-Bell.  Improper Dih.          LJ-14
    1.44718e+04    4.09627e+03    7.24901e+03    5.03883e+02    4.33372e+03
     Coulomb-14        LJ (SR)  Disper. corr.   Coulomb (SR)   Coul. recip.
    9.83345e+03   -4.10472e+03   -3.97141e+03   -3.29329e+05    2.31873e+03
      Potential    Kinetic En.   Total Energy  Conserved En.    Temperature
   -2.94598e+05    4.65064e+04   -2.48092e+05   -2.51105e+05    3.20982e+02
 Pres. DC (bar) Pressure (bar)   Constr. rmsd
   -2.48325e+02   -1.76043e+02    4.41001e-06

           Step           Time
         108000      216.00000

   Energies (kJ/mol)
          Angle    Proper Dih. Ryckaert-Bell.  Improper Dih.          LJ-14
    1.44173e+04    4.14304e+03    7.41930e+03    4.37286e+02    4.23655e+03
     Coulomb-14        LJ (SR)  Disper. corr.   Coulomb (SR)   Coul. recip.
    9.81171e+03   -2.78585e+03   -3.95606e+03   -3.30505e+05    2.30745e+03
      Potential    Kinetic En.   Total Energy  Conserved En.    Temperature
   -2.94474e+05    4.73387e+04   -2.47135e+05   -2.51112e+05    3.26726e+02
 Pres. DC (bar) Pressure (bar)   Constr. rmsd
   -2.46411e+02   -1.06968e+02    4.61021e-06

           Step           Time
         109000      218.00000

   Energies (kJ/mol)
          Angle    Proper Dih. Ryckaert-Bell.  Improper Dih.          LJ-14
    1.46455e+04    3.95691e+03    7.15771e+03    4.87910e+02    4.35875e+03
     Coulomb-14        LJ (SR)  Disper. corr.   Coulomb (SR)   Coul. recip.
    9.41382e+03   -4.43879e+03   -3.98068e+03   -3.28906e+05    2.15484e+03
      Potential    Kinetic En.   Total Energy  Conserved En.    Temperature
   -2.95150e+05    4.61640e+04   -2.48986e+05   -2.51194e+05    3.18619e+02
 Pres. DC (bar) Pressure (bar)   Constr. rmsd
   -2.49485e+02   -2.96051e+02    4.38130e-06

           Step           Time
         110000      220.00000

   Energies (kJ/mol)
          Angle    Proper Dih. Ryckaert-Bell.  Improper Dih.          LJ-14
    1.43045e+04    4.06320e+03    7.26812e+03    4.54745e+02    4.24416e+03
     Coulomb-14        LJ (SR)  Disper. corr.   Coulomb (SR)   Coul. recip.
    9.95488e+03   -3.37125e+03   -3.99989e+03   -3.30558e+05    2.19055e+03
      Potential    Kinetic En.   Total Energy  Conserved En.    Temperature
   -2.95449e+05    4.69450e+04   -2.48504e+05   -2.51222e+05    3.24009e+02
 Pres. DC (bar) Pressure (bar)   Constr. rmsd
   -2.51895e+02    1.20840e+02    4.47928e-06

           Step           Time
         111000      222.00000

   Energies (kJ/mol)
          Angle    Proper Dih. Ryckaert-Bell.  Improper Dih.          LJ-14
    1.48012e+04    4.15545e+03    7.29070e+03    4.80031e+02    4.31112e+03
     Coulomb-14        LJ (SR)  Disper. corr.   Coulomb (SR)   Coul. recip.
    9.34247e+03   -3.15020e+03   -3.99034e+03   -3.30300e+05    2.25839e+03
      Potential    Kinetic En.   Total Energy  Conserved En.    Temperature
   -2.94802e+05    4.65105e+04   -2.48291e+05   -2.51249e+05    3.21011e+02
 Pres. DC (bar) Pressure (bar)   Constr. rmsd
   -2.50696e+02    3.64682e+01    4.45332e-06

           Step           Time
         112000      224.00000

   Energies (kJ/mol)
          Angle    Proper Dih. Ryckaert-Bell.  Improper Dih.          LJ-14
    1.44721e+04    4.08275e+03    7.38077e+03    5.52536e+02    4.22496e+03
     Coulomb-14        LJ (SR)  Disper. corr.   Coulomb (SR)   Coul. recip.
    1.03604e+04   -3.31154e+03   -4.00277e+03   -3.30388e+05    2.16968e+03
      Potential    Kinetic En.   Total Energy  Conserved En.    Temperature
   -2.94459e+05    4.73119e+04   -2.47147e+05   -2.51236e+05    3.26541e+02
 Pres. DC (bar) Pressure (bar)   Constr. rmsd
   -2.52258e+02    1.50820e+02    4.56053e-06

           Step           Time
         113000      226.00000

   Energies (kJ/mol)
          Angle    Proper Dih. Ryckaert-Bell.  Improper Dih.          LJ-14
    1.43723e+04    4.08315e+03    7.48862e+03    4.96796e+02    4.26389e+03
     Coulomb-14        LJ (SR)  Disper. corr.   Coulomb (SR)   Coul. recip.
    9.95805e+03   -3.98361e+03   -3.99074e+03   -3.29678e+05    2.22113e+03
      Potential    Kinetic En.   Total Energy  Conserved En.    Temperature
   -2.94769e+05    4.64258e+04   -2.48343e+05   -2.51308e+05    3.20426e+02
 Pres. DC (bar) Pressure (bar)   Constr. rmsd
   -2.50746e+02   -7.55808e+01    4.45858e-06

           Step           Time
         114000      228.00000

   Energies (kJ/mol)
          Angle    Proper Dih. Ryckaert-Bell.  Improper Dih.          LJ-14
    1.40787e+04    3.93939e+03    7.10301e+03    4.69151e+02    4.27679e+03
     Coulomb-14        LJ (SR)  Disper. corr.   Coulomb (SR)   Coul. recip.
    1.02722e+04   -3.48907e+03   -3.97878e+03   -3.29830e+05    2.28409e+03
      Potential    Kinetic En.   Total Energy  Conserved En.    Temperature
   -2.94875e+05    4.71208e+04   -2.47754e+05   -2.51302e+05    3.25223e+02
 Pres. DC (bar) Pressure (bar)   Constr. rmsd
   -2.49247e+02   -2.06865e+02    4.45886e-06

           Step           Time
         115000      230.00000

   Energies (kJ/mol)
          Angle    Proper Dih. Ryckaert-Bell.  Improper Dih.          LJ-14
    1.44431e+04    4.14583e+03    7.33109e+03    4.74557e+02    4.33872e+03
     Coulomb-14        LJ (SR)  Disper. corr.   Coulomb (SR)   Coul. recip.
    9.89545e+03   -2.93525e+03   -3.98044e+03   -3.30473e+05    2.26000e+03
      Potential    Kinetic En.   Total Energy  Conserved En.    Temperature
   -2.94500e+05    4.64801e+04   -2.48020e+05   -2.51322e+05    3.20800e+02
 Pres. DC (bar) Pressure (bar)   Constr. rmsd
   -2.49455e+02    6.17321e+01    4.52114e-06

           Step           Time
         116000      232.00000

   Energies (kJ/mol)
          Angle    Proper Dih. Ryckaert-Bell.  Improper Dih.          LJ-14
    1.39579e+04    4.26202e+03    7.54787e+03    5.14846e+02    4.22092e+03
     Coulomb-14        LJ (SR)  Disper. corr.   Coulomb (SR)   Coul. recip.
    1.00438e+04   -3.56868e+03   -3.97496e+03   -3.29907e+05    2.24483e+03
      Potential    Kinetic En.   Total Energy  Conserved En.    Temperature
   -2.94659e+05    4.63146e+04   -2.48344e+05   -2.51407e+05    3.19658e+02
 Pres. DC (bar) Pressure (bar)   Constr. rmsd
   -2.48769e+02   -4.32052e+02    4.65723e-06

           Step           Time
         117000      234.00000

   Energies (kJ/mol)
          Angle    Proper Dih. Ryckaert-Bell.  Improper Dih.          LJ-14
    1.39346e+04    4.01908e+03    7.49769e+03    5.20214e+02    4.20192e+03
     Coulomb-14        LJ (SR)  Disper. corr.   Coulomb (SR)   Coul. recip.
    1.03709e+04   -3.80958e+03   -3.97111e+03   -3.29764e+05    2.19066e+03
      Potential    Kinetic En.   Total Energy  Conserved En.    Temperature
   -2.94809e+05    4.67648e+04   -2.48044e+05   -2.51407e+05    3.22765e+02
 Pres. DC (bar) Pressure (bar)   Constr. rmsd
   -2.48287e+02   -4.21662e+02    4.60753e-06

           Step           Time
         118000      236.00000

   Energies (kJ/mol)
          Angle    Proper Dih. Ryckaert-Bell.  Improper Dih.          LJ-14
    1.46348e+04    4.12092e+03    7.31987e+03    4.20552e+02    4.23619e+03
     Coulomb-14        LJ (SR)  Disper. corr.   Coulomb (SR)   Coul. recip.
    1.03308e+04   -3.57071e+03   -3.99665e+03   -3.29630e+05    2.21402e+03
      Potential    Kinetic En.   Total Energy  Conserved En.    Temperature
   -2.93920e+05    4.68208e+04   -2.47099e+05   -2.51461e+05    3.23152e+02
 Pres. DC (bar) Pressure (bar)   Constr. rmsd
   -2.51488e+02   -2.64236e-01    4.47281e-06

           Step           Time
         119000      238.00000

   Energies (kJ/mol)
          Angle    Proper Dih. Ryckaert-Bell.  Improper Dih.          LJ-14
    1.46378e+04    4.13383e+03    7.40156e+03    5.01795e+02    4.23221e+03
     Coulomb-14        LJ (SR)  Disper. corr.   Coulomb (SR)   Coul. recip.
    1.00314e+04   -3.88338e+03   -4.01365e+03   -3.30342e+05    2.25008e+03
      Potential    Kinetic En.   Total Energy  Conserved En.    Temperature
   -2.95051e+05    4.66965e+04   -2.48354e+05   -2.51552e+05    3.22294e+02
 Pres. DC (bar) Pressure (bar)   Constr. rmsd
   -2.53630e+02    1.93859e+01    4.96356e-06

           Step           Time
         120000      240.00000

   Energies (kJ/mol)
          Angle    Proper Dih. Ryckaert-Bell.  Improper Dih.          LJ-14
    1.40982e+04    4.09782e+03    6.99903e+03    4.84558e+02    4.19662e+03
     Coulomb-14        LJ (SR)  Disper. corr.   Coulomb (SR)   Coul. recip.
    9.91142e+03   -3.82845e+03   -4.00580e+03   -3.30707e+05    2.25008e+03
      Potential    Kinetic En.   Total Energy  Conserved En.    Temperature
   -2.96504e+05    4.67801e+04   -2.49724e+05   -2.51517e+05    3.22871e+02
 Pres. DC (bar) Pressure (bar)   Constr. rmsd
   -2.52640e+02   -2.82093e+02    4.56815e-06

Writing checkpoint, step 120700 at Thu Oct 25 13:53:20 2018


           Step           Time
         121000      242.00000

   Energies (kJ/mol)
          Angle    Proper Dih. Ryckaert-Bell.  Improper Dih.          LJ-14
    1.39890e+04    4.20483e+03    7.25340e+03    5.07706e+02    4.28583e+03
     Coulomb-14        LJ (SR)  Disper. corr.   Coulomb (SR)   Coul. recip.
    9.84590e+03   -4.75496e+03   -4.00421e+03   -3.28824e+05    2.26268e+03
      Potential    Kinetic En.   Total Energy  Conserved En.    Temperature
   -2.95234e+05    4.70191e+04   -2.48215e+05   -2.51574e+05    3.24521e+02
 Pres. DC (bar) Pressure (bar)   Constr. rmsd
   -2.52439e+02   -5.44136e+01    4.40949e-06

           Step           Time
         122000      244.00000

   Energies (kJ/mol)
          Angle    Proper Dih. Ryckaert-Bell.  Improper Dih.          LJ-14
    1.47481e+04    3.98687e+03    7.19682e+03    4.97585e+02    4.28467e+03
     Coulomb-14        LJ (SR)  Disper. corr.   Coulomb (SR)   Coul. recip.
    9.41391e+03   -3.62141e+03   -4.01254e+03   -3.29585e+05    2.23658e+03
      Potential    Kinetic En.   Total Energy  Conserved En.    Temperature
   -2.94855e+05    4.70117e+04   -2.47843e+05   -2.51559e+05    3.24470e+02
 Pres. DC (bar) Pressure (bar)   Constr. rmsd
   -2.53490e+02    3.04481e+02    4.74571e-06

           Step           Time
         123000      246.00000

   Energies (kJ/mol)
          Angle    Proper Dih. Ryckaert-Bell.  Improper Dih.          LJ-14
    1.43505e+04    4.02713e+03    7.24921e+03    5.22411e+02    4.29468e+03
     Coulomb-14        LJ (SR)  Disper. corr.   Coulomb (SR)   Coul. recip.
    9.73055e+03   -3.50336e+03   -3.98360e+03   -3.29221e+05    2.32482e+03
      Potential    Kinetic En.   Total Energy  Conserved En.    Temperature
   -2.94208e+05    4.68439e+04   -2.47364e+05   -2.51565e+05    3.23312e+02
 Pres. DC (bar) Pressure (bar)   Constr. rmsd
   -2.49850e+02    1.64753e+02    4.08265e-06

           Step           Time
         124000      248.00000

   Energies (kJ/mol)
          Angle    Proper Dih. Ryckaert-Bell.  Improper Dih.          LJ-14
    1.43771e+04    3.90989e+03    7.20788e+03    5.36517e+02    4.30166e+03
     Coulomb-14        LJ (SR)  Disper. corr.   Coulomb (SR)   Coul. recip.
    9.79561e+03   -3.19680e+03   -3.99815e+03   -3.31109e+05    2.25494e+03
      Potential    Kinetic En.   Total Energy  Conserved En.    Temperature
   -2.95920e+05    4.69041e+04   -2.49016e+05   -2.51646e+05    3.23727e+02
 Pres. DC (bar) Pressure (bar)   Constr. rmsd
   -2.51676e+02   -1.42298e+01    4.46313e-06

           Step           Time
         125000      250.00000

   Energies (kJ/mol)
          Angle    Proper Dih. Ryckaert-Bell.  Improper Dih.          LJ-14
    1.40497e+04    4.01899e+03    7.21235e+03    5.31161e+02    4.19699e+03
     Coulomb-14        LJ (SR)  Disper. corr.   Coulomb (SR)   Coul. recip.
    9.98308e+03   -3.03658e+03   -4.01089e+03   -3.31347e+05    2.24957e+03
      Potential    Kinetic En.   Total Energy  Conserved En.    Temperature
   -2.96152e+05    4.68431e+04   -2.49309e+05   -2.51686e+05    3.23306e+02
 Pres. DC (bar) Pressure (bar)   Constr. rmsd
   -2.53282e+02   -1.42433e+02    4.53556e-06

           Step           Time
         126000      252.00000

   Energies (kJ/mol)
          Angle    Proper Dih. Ryckaert-Bell.  Improper Dih.          LJ-14
    1.44312e+04    4.15838e+03    7.47044e+03    4.74319e+02    4.26683e+03
     Coulomb-14        LJ (SR)  Disper. corr.   Coulomb (SR)   Coul. recip.
    9.88026e+03   -3.75937e+03   -3.98748e+03   -3.30856e+05    2.17781e+03
      Potential    Kinetic En.   Total Energy  Conserved En.    Temperature
   -2.95743e+05    4.62403e+04   -2.49503e+05   -2.51683e+05    3.19146e+02
 Pres. DC (bar) Pressure (bar)   Constr. rmsd
   -2.50337e+02   -2.24424e+02    4.35936e-06

           Step           Time
         127000      254.00000

   Energies (kJ/mol)
          Angle    Proper Dih. Ryckaert-Bell.  Improper Dih.          LJ-14
    1.41893e+04    4.02383e+03    7.39793e+03    4.94896e+02    4.30633e+03
     Coulomb-14        LJ (SR)  Disper. corr.   Coulomb (SR)   Coul. recip.
    1.00705e+04   -3.40586e+03   -3.99609e+03   -3.30452e+05    2.22935e+03
      Potential    Kinetic En.   Total Energy  Conserved En.    Temperature
   -2.95142e+05    4.69022e+04   -2.48240e+05   -2.51680e+05    3.23714e+02
 Pres. DC (bar) Pressure (bar)   Constr. rmsd
   -2.51418e+02    7.94042e+01    4.32355e-06

           Step           Time
         128000      256.00000

   Energies (kJ/mol)
          Angle    Proper Dih. Ryckaert-Bell.  Improper Dih.          LJ-14
    1.42001e+04    4.09609e+03    7.36016e+03    5.00010e+02    4.19311e+03
     Coulomb-14        LJ (SR)  Disper. corr.   Coulomb (SR)   Coul. recip.
    9.90371e+03   -2.89852e+03   -3.98204e+03   -3.30113e+05    2.25765e+03
      Potential    Kinetic En.   Total Energy  Conserved En.    Temperature
   -2.94483e+05    4.65592e+04   -2.47923e+05   -2.51802e+05    3.21347e+02
 Pres. DC (bar) Pressure (bar)   Constr. rmsd
   -2.49655e+02    1.94250e+01    4.50779e-06

           Step           Time
         129000      258.00000

   Energies (kJ/mol)
          Angle    Proper Dih. Ryckaert-Bell.  Improper Dih.          LJ-14
    1.41437e+04    3.99323e+03    7.44798e+03    4.70976e+02    4.44455e+03
     Coulomb-14        LJ (SR)  Disper. corr.   Coulomb (SR)   Coul. recip.
    9.53419e+03   -3.71292e+03   -3.97954e+03   -3.29384e+05    2.16658e+03
      Potential    Kinetic En.   Total Energy  Conserved En.    Temperature
   -2.94875e+05    4.67051e+04   -2.48170e+05   -2.51807e+05    3.22354e+02
 Pres. DC (bar) Pressure (bar)   Constr. rmsd
   -2.49341e+02    1.41012e+01    4.50644e-06

           Step           Time
         130000      260.00000

   Energies (kJ/mol)
          Angle    Proper Dih. Ryckaert-Bell.  Improper Dih.          LJ-14
    1.44312e+04    4.05304e+03    7.25597e+03    4.73388e+02    4.35348e+03
     Coulomb-14        LJ (SR)  Disper. corr.   Coulomb (SR)   Coul. recip.
    9.47415e+03   -3.18716e+03   -4.00074e+03   -3.30484e+05    2.30824e+03
      Potential    Kinetic En.   Total Energy  Conserved En.    Temperature
   -2.95323e+05    4.69616e+04   -2.48361e+05   -2.51816e+05    3.24124e+02
 Pres. DC (bar) Pressure (bar)   Constr. rmsd
   -2.52003e+02    1.96681e+02    4.28304e-06

           Step           Time
         131000      262.00000

   Energies (kJ/mol)
          Angle    Proper Dih. Ryckaert-Bell.  Improper Dih.          LJ-14
    1.41302e+04    3.96692e+03    7.46866e+03    4.69934e+02    4.48561e+03
     Coulomb-14        LJ (SR)  Disper. corr.   Coulomb (SR)   Coul. recip.
    9.44578e+03   -3.06354e+03   -4.01558e+03   -3.31511e+05    2.29934e+03
      Potential    Kinetic En.   Total Energy  Conserved En.    Temperature
   -2.96324e+05    4.72127e+04   -2.49111e+05   -2.51834e+05    3.25857e+02
 Pres. DC (bar) Pressure (bar)   Constr. rmsd
   -2.53873e+02    3.02451e+02    4.05804e-06

           Step           Time
         132000      264.00000

   Energies (kJ/mol)
          Angle    Proper Dih. Ryckaert-Bell.  Improper Dih.          LJ-14
    1.40088e+04    3.99046e+03    7.44519e+03    4.59708e+02    4.24368e+03
     Coulomb-14        LJ (SR)  Disper. corr.   Coulomb (SR)   Coul. recip.
    9.76696e+03   -3.19732e+03   -3.98991e+03   -3.29727e+05    2.27343e+03
      Potential    Kinetic En.   Total Energy  Conserved En.    Temperature
   -2.94726e+05    4.65596e+04   -2.48166e+05   -2.51851e+05    3.21349e+02
 Pres. DC (bar) Pressure (bar)   Constr. rmsd
   -2.50641e+02   -3.37600e+02    4.87888e-06

           Step           Time
         133000      266.00000

   Energies (kJ/mol)
          Angle    Proper Dih. Ryckaert-Bell.  Improper Dih.          LJ-14
    1.40925e+04    4.02003e+03    7.40501e+03    4.42148e+02    4.35773e+03
     Coulomb-14        LJ (SR)  Disper. corr.   Coulomb (SR)   Coul. recip.
    9.52648e+03   -3.30843e+03   -4.02559e+03   -3.30529e+05    2.34170e+03
      Potential    Kinetic En.   Total Energy  Conserved En.    Temperature
   -2.95678e+05    4.64609e+04   -2.49217e+05   -2.51927e+05    3.20668e+02
 Pres. DC (bar) Pressure (bar)   Constr. rmsd
   -2.55140e+02   -1.99903e+01    4.56460e-06

           Step           Time
         134000      268.00000

   Energies (kJ/mol)
          Angle    Proper Dih. Ryckaert-Bell.  Improper Dih.          LJ-14
    1.41968e+04    4.07948e+03    7.49743e+03    4.81571e+02    4.35485e+03
     Coulomb-14        LJ (SR)  Disper. corr.   Coulomb (SR)   Coul. recip.
    9.63717e+03   -3.48710e+03   -4.02764e+03   -3.30796e+05    2.30793e+03
      Potential    Kinetic En.   Total Energy  Conserved En.    Temperature
   -2.95755e+05    4.59611e+04   -2.49794e+05   -2.51977e+05    3.17219e+02
 Pres. DC (bar) Pressure (bar)   Constr. rmsd
   -2.55399e+02    1.45514e+02    4.54454e-06

           Step           Time
         135000      270.00000

   Energies (kJ/mol)
          Angle    Proper Dih. Ryckaert-Bell.  Improper Dih.          LJ-14
    1.41598e+04    3.98483e+03    7.38025e+03    4.93888e+02    4.37637e+03
     Coulomb-14        LJ (SR)  Disper. corr.   Coulomb (SR)   Coul. recip.
    9.81060e+03   -2.61425e+03   -3.99774e+03   -3.31143e+05    2.25712e+03
      Potential    Kinetic En.   Total Energy  Conserved En.    Temperature
   -2.95292e+05    4.63100e+04   -2.48982e+05   -2.51990e+05    3.19627e+02
 Pres. DC (bar) Pressure (bar)   Constr. rmsd
   -2.51626e+02   -2.31022e+01    4.39359e-06

           Step           Time
         136000      272.00000

   Energies (kJ/mol)
          Angle    Proper Dih. Ryckaert-Bell.  Improper Dih.          LJ-14
    1.42111e+04    3.86654e+03    7.02112e+03    4.87751e+02    4.15328e+03
     Coulomb-14        LJ (SR)  Disper. corr.   Coulomb (SR)   Coul. recip.
    9.87174e+03   -2.77262e+03   -3.99552e+03   -3.30855e+05    2.28520e+03
      Potential    Kinetic En.   Total Energy  Conserved En.    Temperature
   -2.95726e+05    4.78079e+04   -2.47919e+05   -2.51990e+05    3.29965e+02
 Pres. DC (bar) Pressure (bar)   Constr. rmsd
   -2.51346e+02    6.87959e+01    4.57811e-06

           Step           Time
         137000      274.00000

   Energies (kJ/mol)
          Angle    Proper Dih. Ryckaert-Bell.  Improper Dih.          LJ-14
    1.41901e+04    4.15404e+03    7.00748e+03    4.51738e+02    4.34329e+03
     Coulomb-14        LJ (SR)  Disper. corr.   Coulomb (SR)   Coul. recip.
    9.44612e+03   -3.86316e+03   -3.97887e+03   -3.30004e+05    2.19572e+03
      Potential    Kinetic En.   Total Energy  Conserved En.    Temperature
   -2.96058e+05    4.69705e+04   -2.49087e+05   -2.52019e+05    3.24185e+02
 Pres. DC (bar) Pressure (bar)   Constr. rmsd
   -2.49258e+02   -3.18165e+02    4.29438e-06

           Step           Time
         138000      276.00000

   Energies (kJ/mol)
          Angle    Proper Dih. Ryckaert-Bell.  Improper Dih.          LJ-14
    1.43680e+04    4.03589e+03    7.34980e+03    4.93390e+02    4.41346e+03
     Coulomb-14        LJ (SR)  Disper. corr.   Coulomb (SR)   Coul. recip.
    9.55403e+03   -3.09222e+03   -4.00956e+03   -3.30409e+05    2.31858e+03
      Potential    Kinetic En.   Total Energy  Conserved En.    Temperature
   -2.94978e+05    4.67377e+04   -2.48240e+05   -2.52099e+05    3.22579e+02
 Pres. DC (bar) Pressure (bar)   Constr. rmsd
   -2.53114e+02    2.34047e+02    4.23029e-06

           Step           Time
         139000      278.00000

   Energies (kJ/mol)
          Angle    Proper Dih. Ryckaert-Bell.  Improper Dih.          LJ-14
    1.42625e+04    4.08302e+03    7.17116e+03    5.64079e+02    4.32106e+03
     Coulomb-14        LJ (SR)  Disper. corr.   Coulomb (SR)   Coul. recip.
    9.83059e+03   -4.24698e+03   -3.98863e+03   -3.29369e+05    2.29644e+03
      Potential    Kinetic En.   Total Energy  Conserved En.    Temperature
   -2.95076e+05    4.72992e+04   -2.47777e+05   -2.52146e+05    3.26454e+02
 Pres. DC (bar) Pressure (bar)   Constr. rmsd
   -2.50481e+02   -2.01734e+02    4.74026e-06

           Step           Time
         140000      280.00000

   Energies (kJ/mol)
          Angle    Proper Dih. Ryckaert-Bell.  Improper Dih.          LJ-14
    1.44032e+04    4.07182e+03    7.38193e+03    5.18894e+02    4.43823e+03
     Coulomb-14        LJ (SR)  Disper. corr.   Coulomb (SR)   Coul. recip.
    9.60217e+03   -3.23851e+03   -3.98509e+03   -3.30200e+05    2.23817e+03
      Potential    Kinetic En.   Total Energy  Conserved En.    Temperature
   -2.94769e+05    4.68496e+04   -2.47919e+05   -2.52102e+05    3.23351e+02
 Pres. DC (bar) Pressure (bar)   Constr. rmsd
   -2.50037e+02    1.57409e+02    4.23897e-06

           Step           Time
         141000      282.00000

   Energies (kJ/mol)
          Angle    Proper Dih. Ryckaert-Bell.  Improper Dih.          LJ-14
    1.45491e+04    4.09528e+03    7.38763e+03    5.33385e+02    4.38827e+03
     Coulomb-14        LJ (SR)  Disper. corr.   Coulomb (SR)   Coul. recip.
    9.71425e+03   -3.28293e+03   -4.02144e+03   -3.31067e+05    2.17757e+03
      Potential    Kinetic En.   Total Energy  Conserved En.    Temperature
   -2.95525e+05    4.70490e+04   -2.48476e+05   -2.52106e+05    3.24727e+02
 Pres. DC (bar) Pressure (bar)   Constr. rmsd
   -2.54614e+02    2.57619e+02    4.17739e-06

           Step           Time
         142000      284.00000

   Energies (kJ/mol)
          Angle    Proper Dih. Ryckaert-Bell.  Improper Dih.          LJ-14
    1.46887e+04    4.05036e+03    7.38812e+03    5.14751e+02    4.31958e+03
     Coulomb-14        LJ (SR)  Disper. corr.   Coulomb (SR)   Coul. recip.
    9.61888e+03   -3.50145e+03   -4.01280e+03   -3.30794e+05    2.16733e+03
      Potential    Kinetic En.   Total Energy  Conserved En.    Temperature
   -2.95561e+05    4.64313e+04   -2.49130e+05   -2.52102e+05    3.20464e+02
 Pres. DC (bar) Pressure (bar)   Constr. rmsd
   -2.53523e+02   -1.80303e+02    4.26717e-06

           Step           Time
         143000      286.00000

   Energies (kJ/mol)
          Angle    Proper Dih. Ryckaert-Bell.  Improper Dih.          LJ-14
    1.40853e+04    4.08504e+03    7.50858e+03    5.02066e+02    4.33901e+03
     Coulomb-14        LJ (SR)  Disper. corr.   Coulomb (SR)   Coul. recip.
    9.77718e+03   -3.12330e+03   -4.00597e+03   -3.30244e+05    2.20040e+03
      Potential    Kinetic En.   Total Energy  Conserved En.    Temperature
   -2.94876e+05    4.68770e+04   -2.47999e+05   -2.52152e+05    3.23540e+02
 Pres. DC (bar) Pressure (bar)   Constr. rmsd
   -2.52662e+02    7.37694e+01    4.30983e-06

           Step           Time
         144000      288.00000

   Energies (kJ/mol)
          Angle    Proper Dih. Ryckaert-Bell.  Improper Dih.          LJ-14
    1.42550e+04    4.08556e+03    7.56753e+03    4.82928e+02    4.45009e+03
     Coulomb-14        LJ (SR)  Disper. corr.   Coulomb (SR)   Coul. recip.
    9.96551e+03   -3.90260e+03   -4.00808e+03   -3.30151e+05    2.32597e+03
      Potential    Kinetic En.   Total Energy  Conserved En.    Temperature
   -2.94929e+05    4.66619e+04   -2.48267e+05   -2.52228e+05    3.22055e+02
 Pres. DC (bar) Pressure (bar)   Constr. rmsd
   -2.52927e+02    3.42619e+01    4.42900e-06

           Step           Time
         145000      290.00000

   Energies (kJ/mol)
          Angle    Proper Dih. Ryckaert-Bell.  Improper Dih.          LJ-14
    1.44059e+04    4.15134e+03    7.56331e+03    5.04680e+02    4.28955e+03
     Coulomb-14        LJ (SR)  Disper. corr.   Coulomb (SR)   Coul. recip.
    9.68207e+03   -3.18352e+03   -3.99147e+03   -3.31133e+05    2.31768e+03
      Potential    Kinetic En.   Total Energy  Conserved En.    Temperature
   -2.95393e+05    4.65667e+04   -2.48827e+05   -2.52316e+05    3.21398e+02
 Pres. DC (bar) Pressure (bar)   Constr. rmsd
   -2.50837e+02    1.10444e+02    4.18568e-06

           Step           Time
         146000      292.00000

   Energies (kJ/mol)
          Angle    Proper Dih. Ryckaert-Bell.  Improper Dih.          LJ-14
    1.43570e+04    4.12723e+03    7.39795e+03    4.48608e+02    4.32722e+03
     Coulomb-14        LJ (SR)  Disper. corr.   Coulomb (SR)   Coul. recip.
    9.55634e+03   -3.96708e+03   -3.99062e+03   -3.29591e+05    2.20327e+03
      Potential    Kinetic En.   Total Energy  Conserved En.    Temperature
   -2.95131e+05    4.67772e+04   -2.48354e+05   -2.52276e+05    3.22851e+02
 Pres. DC (bar) Pressure (bar)   Constr. rmsd
   -2.50731e+02   -8.31560e+01    4.39596e-06

           Step           Time
         147000      294.00000

   Energies (kJ/mol)
          Angle    Proper Dih. Ryckaert-Bell.  Improper Dih.          LJ-14
    1.42049e+04    4.14584e+03    7.40905e+03    5.02281e+02    4.30040e+03
     Coulomb-14        LJ (SR)  Disper. corr.   Coulomb (SR)   Coul. recip.
    1.02146e+04   -4.09776e+03   -3.98560e+03   -3.30329e+05    2.25638e+03
      Potential    Kinetic En.   Total Energy  Conserved En.    Temperature
   -2.95378e+05    4.65185e+04   -2.48860e+05   -2.52305e+05    3.21066e+02
 Pres. DC (bar) Pressure (bar)   Constr. rmsd
   -2.50101e+02    3.20610e+01    4.28898e-06

           Step           Time
         148000      296.00000

   Energies (kJ/mol)
          Angle    Proper Dih. Ryckaert-Bell.  Improper Dih.          LJ-14
    1.39016e+04    3.94788e+03    7.30434e+03    4.69293e+02    4.19179e+03
     Coulomb-14        LJ (SR)  Disper. corr.   Coulomb (SR)   Coul. recip.
    1.03928e+04   -3.38024e+03   -4.00062e+03   -3.30871e+05    2.23958e+03
      Potential    Kinetic En.   Total Energy  Conserved En.    Temperature
   -2.95804e+05    4.67036e+04   -2.49101e+05   -2.52376e+05    3.22343e+02
 Pres. DC (bar) Pressure (bar)   Constr. rmsd
   -2.51987e+02   -1.02189e+02    4.30799e-06

           Step           Time
         149000      298.00000

   Energies (kJ/mol)
          Angle    Proper Dih. Ryckaert-Bell.  Improper Dih.          LJ-14
    1.42537e+04    4.13944e+03    7.38522e+03    4.59177e+02    4.31284e+03
     Coulomb-14        LJ (SR)  Disper. corr.   Coulomb (SR)   Coul. recip.
    9.96832e+03   -3.73465e+03   -3.99538e+03   -3.30481e+05    2.26482e+03
      Potential    Kinetic En.   Total Energy  Conserved En.    Temperature
   -2.95428e+05    4.70829e+04   -2.48345e+05   -2.52371e+05    3.24961e+02
 Pres. DC (bar) Pressure (bar)   Constr. rmsd
   -2.51328e+02    2.74971e+01    4.45072e-06

           Step           Time
         150000      300.00000

   Energies (kJ/mol)
          Angle    Proper Dih. Ryckaert-Bell.  Improper Dih.          LJ-14
    1.41203e+04    4.04817e+03    7.23456e+03    5.30480e+02    4.24813e+03
     Coulomb-14        LJ (SR)  Disper. corr.   Coulomb (SR)   Coul. recip.
    1.01103e+04   -3.66902e+03   -3.98914e+03   -3.30575e+05    2.24034e+03
      Potential    Kinetic En.   Total Energy  Conserved En.    Temperature
   -2.95700e+05    4.67821e+04   -2.48918e+05   -2.52402e+05    3.22885e+02
 Pres. DC (bar) Pressure (bar)   Constr. rmsd
   -2.50545e+02   -4.02088e+02    4.43875e-06

           Step           Time
         151000      302.00000

   Energies (kJ/mol)
          Angle    Proper Dih. Ryckaert-Bell.  Improper Dih.          LJ-14
    1.42367e+04    4.11385e+03    7.15497e+03    4.56094e+02    4.36644e+03
     Coulomb-14        LJ (SR)  Disper. corr.   Coulomb (SR)   Coul. recip.
    1.00510e+04   -3.41311e+03   -3.99623e+03   -3.30631e+05    2.25848e+03
      Potential    Kinetic En.   Total Energy  Conserved En.    Temperature
   -2.95403e+05    4.72754e+04   -2.48127e+05   -2.52398e+05    3.26289e+02
 Pres. DC (bar) Pressure (bar)   Constr. rmsd
   -2.51436e+02    1.97960e+02    4.18989e-06

           Step           Time
         152000      304.00000

   Energies (kJ/mol)
          Angle    Proper Dih. Ryckaert-Bell.  Improper Dih.          LJ-14
    1.43962e+04    3.99504e+03    7.44763e+03    4.91905e+02    4.28698e+03
     Coulomb-14        LJ (SR)  Disper. corr.   Coulomb (SR)   Coul. recip.
    1.00563e+04   -2.84420e+03   -4.02470e+03   -3.31623e+05    2.33255e+03
      Potential    Kinetic En.   Total Energy  Conserved En.    Temperature
   -2.95486e+05    4.68737e+04   -2.48612e+05   -2.52476e+05    3.23517e+02
 Pres. DC (bar) Pressure (bar)   Constr. rmsd
   -2.55027e+02   -2.71642e+00    4.81694e-06

           Step           Time
         153000      306.00000

   Energies (kJ/mol)
          Angle    Proper Dih. Ryckaert-Bell.  Improper Dih.          LJ-14
    1.50007e+04    4.16298e+03    7.43141e+03    5.42262e+02    4.40549e+03
     Coulomb-14        LJ (SR)  Disper. corr.   Coulomb (SR)   Coul. recip.
    9.35136e+03   -3.13544e+03   -4.02051e+03   -3.31155e+05    2.21161e+03
      Potential    Kinetic En.   Total Energy  Conserved En.    Temperature
   -2.95205e+05    4.73941e+04   -2.47811e+05   -2.52557e+05    3.27109e+02
 Pres. DC (bar) Pressure (bar)   Constr. rmsd
   -2.54497e+02    3.93224e+02    4.31579e-06

           Step           Time
         154000      308.00000

   Energies (kJ/mol)
          Angle    Proper Dih. Ryckaert-Bell.  Improper Dih.          LJ-14
    1.41448e+04    4.00248e+03    7.66052e+03    5.03697e+02    4.20107e+03
     Coulomb-14        LJ (SR)  Disper. corr.   Coulomb (SR)   Coul. recip.
    9.91617e+03   -3.07033e+03   -4.00805e+03   -3.30209e+05    2.29372e+03
      Potential    Kinetic En.   Total Energy  Conserved En.    Temperature
   -2.94565e+05    4.70493e+04   -2.47516e+05   -2.52497e+05    3.24729e+02
 Pres. DC (bar) Pressure (bar)   Constr. rmsd
   -2.52923e+02    1.96276e+02    4.33545e-06

           Step           Time
         155000      310.00000

   Energies (kJ/mol)
          Angle    Proper Dih. Ryckaert-Bell.  Improper Dih.          LJ-14
    1.40390e+04    3.98956e+03    7.66136e+03    5.00994e+02    4.29595e+03
     Coulomb-14        LJ (SR)  Disper. corr.   Coulomb (SR)   Coul. recip.
    1.01615e+04   -2.91984e+03   -3.99476e+03   -3.31543e+05    2.15710e+03
      Potential    Kinetic En.   Total Energy  Conserved En.    Temperature
   -2.95652e+05    4.73237e+04   -2.48329e+05   -2.52509e+05    3.26623e+02
 Pres. DC (bar) Pressure (bar)   Constr. rmsd
   -2.51251e+02    3.43738e+01    4.41994e-06

           Step           Time
         156000      312.00000

   Energies (kJ/mol)
          Angle    Proper Dih. Ryckaert-Bell.  Improper Dih.          LJ-14
    1.43379e+04    4.06026e+03    7.42549e+03    4.66679e+02    4.30190e+03
     Coulomb-14        LJ (SR)  Disper. corr.   Coulomb (SR)   Coul. recip.
    1.00229e+04   -3.15925e+03   -3.98565e+03   -3.31710e+05    2.28132e+03
      Potential    Kinetic En.   Total Energy  Conserved En.    Temperature
   -2.95959e+05    4.67382e+04   -2.49220e+05   -2.52565e+05    3.22582e+02
 Pres. DC (bar) Pressure (bar)   Constr. rmsd
   -2.50107e+02    1.01421e+02    4.45731e-06

           Step           Time
         157000      314.00000

   Energies (kJ/mol)
          Angle    Proper Dih. Ryckaert-Bell.  Improper Dih.          LJ-14
    1.40637e+04    3.99541e+03    7.19823e+03    4.74743e+02    4.24135e+03
     Coulomb-14        LJ (SR)  Disper. corr.   Coulomb (SR)   Coul. recip.
    9.98622e+03   -3.13655e+03   -3.98205e+03   -3.30673e+05    2.34866e+03
      Potential    Kinetic En.   Total Energy  Conserved En.    Temperature
   -2.95483e+05    4.64028e+04   -2.49081e+05   -2.52625e+05    3.20267e+02
 Pres. DC (bar) Pressure (bar)   Constr. rmsd
   -2.49656e+02    5.06995e+00    4.18332e-06

           Step           Time
         158000      316.00000

   Energies (kJ/mol)
          Angle    Proper Dih. Ryckaert-Bell.  Improper Dih.          LJ-14
    1.46409e+04    4.08080e+03    7.48018e+03    5.27071e+02    4.18591e+03
     Coulomb-14        LJ (SR)  Disper. corr.   Coulomb (SR)   Coul. recip.
    9.80209e+03   -3.96097e+03   -3.98938e+03   -3.29813e+05    2.28058e+03
      Potential    Kinetic En.   Total Energy  Conserved En.    Temperature
   -2.94766e+05    4.65123e+04   -2.48254e+05   -2.52590e+05    3.21023e+02
 Pres. DC (bar) Pressure (bar)   Constr. rmsd
   -2.50575e+02   -3.72117e+01    4.36846e-06

           Step           Time
         159000      318.00000

   Energies (kJ/mol)
          Angle    Proper Dih. Ryckaert-Bell.  Improper Dih.          LJ-14
    1.41064e+04    4.08144e+03    7.31916e+03    5.26919e+02    4.29803e+03
     Coulomb-14        LJ (SR)  Disper. corr.   Coulomb (SR)   Coul. recip.
    9.90462e+03   -2.82374e+03   -3.99091e+03   -3.31224e+05    2.19758e+03
      Potential    Kinetic En.   Total Energy  Conserved En.    Temperature
   -2.95604e+05    4.67496e+04   -2.48855e+05   -2.52591e+05    3.22661e+02
 Pres. DC (bar) Pressure (bar)   Constr. rmsd
   -2.50767e+02    3.41430e+02    4.41156e-06

           Step           Time
         160000      320.00000

   Energies (kJ/mol)
          Angle    Proper Dih. Ryckaert-Bell.  Improper Dih.          LJ-14
    1.39443e+04    4.08877e+03    7.20482e+03    4.92551e+02    4.27072e+03
     Coulomb-14        LJ (SR)  Disper. corr.   Coulomb (SR)   Coul. recip.
    1.02226e+04   -2.90104e+03   -3.96910e+03   -3.31949e+05    2.29444e+03
      Potential    Kinetic En.   Total Energy  Conserved En.    Temperature
   -2.96300e+05    4.65213e+04   -2.49779e+05   -2.52690e+05    3.21085e+02
 Pres. DC (bar) Pressure (bar)   Constr. rmsd
   -2.48036e+02   -2.10157e+02    4.88093e-06

           Step           Time
         161000      322.00000

   Energies (kJ/mol)
          Angle    Proper Dih. Ryckaert-Bell.  Improper Dih.          LJ-14
    1.42122e+04    4.11597e+03    7.34024e+03    4.81373e+02    4.25357e+03
     Coulomb-14        LJ (SR)  Disper. corr.   Coulomb (SR)   Coul. recip.
    9.73359e+03   -3.10604e+03   -3.98905e+03   -3.30663e+05    2.18341e+03
      Potential    Kinetic En.   Total Energy  Conserved En.    Temperature
   -2.95438e+05    4.62696e+04   -2.49169e+05   -2.52705e+05    3.19348e+02
 Pres. DC (bar) Pressure (bar)   Constr. rmsd
   -2.50533e+02   -1.19369e+02    4.27039e-06

           Step           Time
         162000      324.00000

   Energies (kJ/mol)
          Angle    Proper Dih. Ryckaert-Bell.  Improper Dih.          LJ-14
    1.40206e+04    3.97439e+03    7.43916e+03    5.05161e+02    4.10389e+03
     Coulomb-14        LJ (SR)  Disper. corr.   Coulomb (SR)   Coul. recip.
    1.00488e+04   -2.67087e+03   -3.98203e+03   -3.31219e+05    2.40438e+03
      Potential    Kinetic En.   Total Energy  Conserved En.    Temperature
   -2.95376e+05    4.73795e+04   -2.47996e+05   -2.52667e+05    3.27008e+02
 Pres. DC (bar) Pressure (bar)   Constr. rmsd
   -2.49654e+02   -1.46345e+02    4.50978e-06

           Step           Time
         163000      326.00000

   Energies (kJ/mol)
          Angle    Proper Dih. Ryckaert-Bell.  Improper Dih.          LJ-14
    1.38400e+04    4.12301e+03    7.37419e+03    5.15343e+02    4.26594e+03
     Coulomb-14        LJ (SR)  Disper. corr.   Coulomb (SR)   Coul. recip.
    1.03423e+04   -3.23752e+03   -3.98247e+03   -3.30725e+05    2.32125e+03
      Potential    Kinetic En.   Total Energy  Conserved En.    Temperature
   -2.95163e+05    4.65984e+04   -2.48564e+05   -2.52782e+05    3.21617e+02
 Pres. DC (bar) Pressure (bar)   Constr. rmsd
   -2.49709e+02    1.15113e+02    4.07678e-06

           Step           Time
         164000      328.00000

   Energies (kJ/mol)
          Angle    Proper Dih. Ryckaert-Bell.  Improper Dih.          LJ-14
    1.38926e+04    4.02543e+03    7.54591e+03    5.00136e+02    4.16120e+03
     Coulomb-14        LJ (SR)  Disper. corr.   Coulomb (SR)   Coul. recip.
    1.02714e+04   -2.81702e+03   -3.98647e+03   -3.31012e+05    2.24408e+03
      Potential    Kinetic En.   Total Energy  Conserved En.    Temperature
   -2.95175e+05    4.64967e+04   -2.48678e+05   -2.52764e+05    3.20915e+02
 Pres. DC (bar) Pressure (bar)   Constr. rmsd
   -2.50210e+02    1.28502e+02    4.53914e-06

           Step           Time
         165000      330.00000

   Energies (kJ/mol)
          Angle    Proper Dih. Ryckaert-Bell.  Improper Dih.          LJ-14
    1.41380e+04    3.95213e+03    7.52803e+03    4.97128e+02    4.22192e+03
     Coulomb-14        LJ (SR)  Disper. corr.   Coulomb (SR)   Coul. recip.
    9.67530e+03   -3.69247e+03   -3.98306e+03   -3.29767e+05    2.20369e+03
      Potential    Kinetic En.   Total Energy  Conserved En.    Temperature
   -2.95226e+05    4.71341e+04   -2.48092e+05   -2.52822e+05    3.25314e+02
 Pres. DC (bar) Pressure (bar)   Constr. rmsd
   -2.49783e+02   -9.64001e+01    4.51390e-06

           Step           Time
         166000      332.00000

   Energies (kJ/mol)
          Angle    Proper Dih. Ryckaert-Bell.  Improper Dih.          LJ-14
    1.44046e+04    4.13702e+03    7.72347e+03    5.02113e+02    4.16302e+03
     Coulomb-14        LJ (SR)  Disper. corr.   Coulomb (SR)   Coul. recip.
    9.80125e+03   -3.31708e+03   -3.98990e+03   -3.30966e+05    2.21195e+03
      Potential    Kinetic En.   Total Energy  Conserved En.    Temperature
   -2.95329e+05    4.69711e+04   -2.48358e+05   -2.52794e+05    3.24189e+02
 Pres. DC (bar) Pressure (bar)   Constr. rmsd
   -2.50640e+02   -2.62092e+02    4.53602e-06

           Step           Time
         167000      334.00000

   Energies (kJ/mol)
          Angle    Proper Dih. Ryckaert-Bell.  Improper Dih.          LJ-14
    1.42406e+04    4.10853e+03    7.36000e+03    4.95809e+02    4.19444e+03
     Coulomb-14        LJ (SR)  Disper. corr.   Coulomb (SR)   Coul. recip.
    9.94665e+03   -4.03631e+03   -3.99602e+03   -3.29173e+05    2.20141e+03
      Potential    Kinetic En.   Total Energy  Conserved En.    Temperature
   -2.94658e+05    4.73620e+04   -2.47296e+05   -2.52931e+05    3.26887e+02
 Pres. DC (bar) Pressure (bar)   Constr. rmsd
   -2.51409e+02   -1.78953e+02    4.39809e-06

           Step           Time
         168000      336.00000

   Energies (kJ/mol)
          Angle    Proper Dih. Ryckaert-Bell.  Improper Dih.          LJ-14
    1.42243e+04    4.15608e+03    7.29504e+03    4.47912e+02    4.20098e+03
     Coulomb-14        LJ (SR)  Disper. corr.   Coulomb (SR)   Coul. recip.
    1.00461e+04   -3.71410e+03   -3.99178e+03   -3.30083e+05    2.23888e+03
      Potential    Kinetic En.   Total Energy  Conserved En.    Temperature
   -2.95179e+05    4.68647e+04   -2.48314e+05   -2.52908e+05    3.23455e+02
 Pres. DC (bar) Pressure (bar)   Constr. rmsd
   -2.50876e+02   -4.43210e+02    4.75157e-06

           Step           Time
         169000      338.00000

   Energies (kJ/mol)
          Angle    Proper Dih. Ryckaert-Bell.  Improper Dih.          LJ-14
    1.41387e+04    4.20445e+03    7.41972e+03    4.55236e+02    4.30695e+03
     Coulomb-14        LJ (SR)  Disper. corr.   Coulomb (SR)   Coul. recip.
    9.95121e+03   -3.81707e+03   -3.99408e+03   -3.29954e+05    2.22527e+03
      Potential    Kinetic En.   Total Energy  Conserved En.    Temperature
   -2.95064e+05    4.66296e+04   -2.48434e+05   -2.52987e+05    3.21832e+02
 Pres. DC (bar) Pressure (bar)   Constr. rmsd
   -2.51165e+02    1.73425e+02    4.29591e-06

           Step           Time
         170000      340.00000

   Energies (kJ/mol)
          Angle    Proper Dih. Ryckaert-Bell.  Improper Dih.          LJ-14
    1.39189e+04    3.88471e+03    7.50803e+03    4.63657e+02    4.29380e+03
     Coulomb-14        LJ (SR)  Disper. corr.   Coulomb (SR)   Coul. recip.
    9.80316e+03   -2.83693e+03   -3.98997e+03   -3.30575e+05    2.21670e+03
      Potential    Kinetic En.   Total Energy  Conserved En.    Temperature
   -2.95313e+05    4.66559e+04   -2.48657e+05   -2.52991e+05    3.22014e+02
 Pres. DC (bar) Pressure (bar)   Constr. rmsd
   -2.50649e+02    1.51097e+01    4.37515e-06

           Step           Time
         171000      342.00000

   Energies (kJ/mol)
          Angle    Proper Dih. Ryckaert-Bell.  Improper Dih.          LJ-14
    1.40401e+04    3.95573e+03    7.53642e+03    4.70564e+02    4.37509e+03
     Coulomb-14        LJ (SR)  Disper. corr.   Coulomb (SR)   Coul. recip.
    9.93517e+03   -2.84117e+03   -3.97409e+03   -3.30780e+05    2.24179e+03
      Potential    Kinetic En.   Total Energy  Conserved En.    Temperature
   -2.95041e+05    4.66993e+04   -2.48341e+05   -2.53077e+05    3.22314e+02
 Pres. DC (bar) Pressure (bar)   Constr. rmsd
   -2.48661e+02    9.50761e+01    4.47306e-06

           Step           Time
         172000      344.00000

   Energies (kJ/mol)
          Angle    Proper Dih. Ryckaert-Bell.  Improper Dih.          LJ-14
    1.45254e+04    4.16504e+03    7.45943e+03    4.74705e+02    4.38307e+03
     Coulomb-14        LJ (SR)  Disper. corr.   Coulomb (SR)   Coul. recip.
    9.44074e+03   -3.58991e+03   -3.99561e+03   -3.30487e+05    2.23145e+03
      Potential    Kinetic En.   Total Energy  Conserved En.    Temperature
   -2.95392e+05    4.60953e+04   -2.49297e+05   -2.53050e+05    3.18145e+02
 Pres. DC (bar) Pressure (bar)   Constr. rmsd
   -2.51357e+02   -7.70988e+00    4.40089e-06

           Step           Time
         173000      346.00000

   Energies (kJ/mol)
          Angle    Proper Dih. Ryckaert-Bell.  Improper Dih.          LJ-14
    1.43794e+04    4.16049e+03    7.36842e+03    5.00842e+02    4.29865e+03
     Coulomb-14        LJ (SR)  Disper. corr.   Coulomb (SR)   Coul. recip.
    9.77691e+03   -3.28761e+03   -4.00173e+03   -3.30889e+05    2.34870e+03
      Potential    Kinetic En.   Total Energy  Conserved En.    Temperature
   -2.95345e+05    4.70413e+04   -2.48303e+05   -2.53097e+05    3.24674e+02
 Pres. DC (bar) Pressure (bar)   Constr. rmsd
   -2.52127e+02    1.06248e+02    4.32723e-06

           Step           Time
         174000      348.00000

   Energies (kJ/mol)
          Angle    Proper Dih. Ryckaert-Bell.  Improper Dih.          LJ-14
    1.44084e+04    4.10357e+03    7.55120e+03    4.90920e+02    4.28577e+03
     Coulomb-14        LJ (SR)  Disper. corr.   Coulomb (SR)   Coul. recip.
    1.00333e+04   -2.58992e+03   -3.99846e+03   -3.31695e+05    2.25861e+03
      Potential    Kinetic En.   Total Energy  Conserved En.    Temperature
   -2.95151e+05    4.63433e+04   -2.48808e+05   -2.52997e+05    3.19857e+02
 Pres. DC (bar) Pressure (bar)   Constr. rmsd
   -2.51715e+02    2.26356e+02    4.38325e-06

           Step           Time
         175000      350.00000

   Energies (kJ/mol)
          Angle    Proper Dih. Ryckaert-Bell.  Improper Dih.          LJ-14
    1.42609e+04    4.23005e+03    7.50839e+03    5.08626e+02    4.31237e+03
     Coulomb-14        LJ (SR)  Disper. corr.   Coulomb (SR)   Coul. recip.
    9.57831e+03   -3.28284e+03   -3.99326e+03   -3.31142e+05    2.18750e+03
      Potential    Kinetic En.   Total Energy  Conserved En.    Temperature
   -2.95832e+05    4.62768e+04   -2.49555e+05   -2.53140e+05    3.19398e+02
 Pres. DC (bar) Pressure (bar)   Constr. rmsd
   -2.51062e+02   -1.38662e+01    4.18868e-06

           Step           Time
         176000      352.00000

   Energies (kJ/mol)
          Angle    Proper Dih. Ryckaert-Bell.  Improper Dih.          LJ-14
    1.39567e+04    4.00554e+03    7.46800e+03    4.76714e+02    4.33338e+03
     Coulomb-14        LJ (SR)  Disper. corr.   Coulomb (SR)   Coul. recip.
    9.47439e+03   -2.71133e+03   -3.99559e+03   -3.30588e+05    2.17759e+03
      Potential    Kinetic En.   Total Energy  Conserved En.    Temperature
   -2.95403e+05    4.65135e+04   -2.48889e+05   -2.53130e+05    3.21031e+02
 Pres. DC (bar) Pressure (bar)   Constr. rmsd
   -2.51355e+02    2.02813e+02    4.40304e-06

           Step           Time
         177000      354.00000

   Energies (kJ/mol)
          Angle    Proper Dih. Ryckaert-Bell.  Improper Dih.          LJ-14
    1.40526e+04    4.01403e+03    7.37707e+03    5.00415e+02    4.21860e+03
     Coulomb-14        LJ (SR)  Disper. corr.   Coulomb (SR)   Coul. recip.
    9.34068e+03   -2.96007e+03   -3.98617e+03   -3.31066e+05    2.26246e+03
      Potential    Kinetic En.   Total Energy  Conserved En.    Temperature
   -2.96246e+05    4.73869e+04   -2.48859e+05   -2.53176e+05    3.27059e+02
 Pres. DC (bar) Pressure (bar)   Constr. rmsd
   -2.50173e+02    1.20331e+01    4.46460e-06

           Step           Time
         178000      356.00000

   Energies (kJ/mol)
          Angle    Proper Dih. Ryckaert-Bell.  Improper Dih.          LJ-14
    1.44797e+04    3.98462e+03    7.40839e+03    4.73113e+02    4.33350e+03
     Coulomb-14        LJ (SR)  Disper. corr.   Coulomb (SR)   Coul. recip.
    9.56076e+03   -3.00547e+03   -3.99505e+03   -3.31003e+05    2.27591e+03
      Potential    Kinetic En.   Total Energy  Conserved En.    Temperature
   -2.95487e+05    4.68006e+04   -2.48687e+05   -2.53207e+05    3.23013e+02
 Pres. DC (bar) Pressure (bar)   Constr. rmsd
   -2.51287e+02    1.26315e+02    4.15415e-06

           Step           Time
         179000      358.00000

   Energies (kJ/mol)
          Angle    Proper Dih. Ryckaert-Bell.  Improper Dih.          LJ-14
    1.41414e+04    4.12129e+03    7.45450e+03    5.16799e+02    4.31166e+03
     Coulomb-14        LJ (SR)  Disper. corr.   Coulomb (SR)   Coul. recip.
    9.99087e+03   -3.67466e+03   -3.99672e+03   -3.30242e+05    2.19766e+03
      Potential    Kinetic En.   Total Energy  Conserved En.    Temperature
   -2.95179e+05    4.65687e+04   -2.48611e+05   -2.53289e+05    3.21412e+02
 Pres. DC (bar) Pressure (bar)   Constr. rmsd
   -2.51497e+02    2.63163e+02    4.20681e-06

           Step           Time
         180000      360.00000

   Energies (kJ/mol)
          Angle    Proper Dih. Ryckaert-Bell.  Improper Dih.          LJ-14
    1.44268e+04    4.03567e+03    7.20156e+03    5.59500e+02    4.26213e+03
     Coulomb-14        LJ (SR)  Disper. corr.   Coulomb (SR)   Coul. recip.
    9.53645e+03   -3.15216e+03   -4.00256e+03   -3.30249e+05    2.32388e+03
      Potential    Kinetic En.   Total Energy  Conserved En.    Temperature
   -2.95058e+05    4.75332e+04   -2.47524e+05   -2.53205e+05    3.28069e+02
 Pres. DC (bar) Pressure (bar)   Constr. rmsd
   -2.52232e+02    6.67062e+01    4.40129e-06

Writing checkpoint, step 180700 at Thu Oct 25 14:08:18 2018


           Step           Time
         181000      362.00000

   Energies (kJ/mol)
          Angle    Proper Dih. Ryckaert-Bell.  Improper Dih.          LJ-14
    1.36305e+04    4.08192e+03    7.35902e+03    5.05126e+02    4.39322e+03
     Coulomb-14        LJ (SR)  Disper. corr.   Coulomb (SR)   Coul. recip.
    9.50276e+03   -3.11332e+03   -4.00023e+03   -3.30447e+05    2.25377e+03
      Potential    Kinetic En.   Total Energy  Conserved En.    Temperature
   -2.95834e+05    4.73665e+04   -2.48468e+05   -2.53279e+05    3.26918e+02
 Pres. DC (bar) Pressure (bar)   Constr. rmsd
   -2.51939e+02    2.61330e+02    3.95426e-06

           Step           Time
         182000      364.00000

   Energies (kJ/mol)
          Angle    Proper Dih. Ryckaert-Bell.  Improper Dih.          LJ-14
    1.41632e+04    4.11107e+03    7.35546e+03    4.73598e+02    4.22951e+03
     Coulomb-14        LJ (SR)  Disper. corr.   Coulomb (SR)   Coul. recip.
    9.74966e+03   -4.28998e+03   -4.00476e+03   -3.29688e+05    2.22716e+03
      Potential    Kinetic En.   Total Energy  Conserved En.    Temperature
   -2.95673e+05    4.70290e+04   -2.48644e+05   -2.53329e+05    3.24589e+02
 Pres. DC (bar) Pressure (bar)   Constr. rmsd
   -2.52509e+02   -3.05520e+02    4.61937e-06

           Step           Time
         183000      366.00000

   Energies (kJ/mol)
          Angle    Proper Dih. Ryckaert-Bell.  Improper Dih.          LJ-14
    1.40592e+04    4.09625e+03    7.44088e+03    5.13223e+02    4.10185e+03
     Coulomb-14        LJ (SR)  Disper. corr.   Coulomb (SR)   Coul. recip.
    9.96362e+03   -3.50041e+03   -4.00068e+03   -3.30232e+05    2.20326e+03
      Potential    Kinetic En.   Total Energy  Conserved En.    Temperature
   -2.95355e+05    4.68306e+04   -2.48525e+05   -2.53348e+05    3.23219e+02
 Pres. DC (bar) Pressure (bar)   Constr. rmsd
   -2.51995e+02   -2.14845e+02    4.72123e-06

           Step           Time
         184000      368.00000

   Energies (kJ/mol)
          Angle    Proper Dih. Ryckaert-Bell.  Improper Dih.          LJ-14
    1.42530e+04    3.94552e+03    7.51399e+03    5.06863e+02    4.15467e+03
     Coulomb-14        LJ (SR)  Disper. corr.   Coulomb (SR)   Coul. recip.
    9.98652e+03   -2.84540e+03   -3.99184e+03   -3.31554e+05    2.19515e+03
      Potential    Kinetic En.   Total Energy  Conserved En.    Temperature
   -2.95836e+05    4.73686e+04   -2.48467e+05   -2.53355e+05    3.26933e+02
 Pres. DC (bar) Pressure (bar)   Constr. rmsd
   -2.50884e+02    5.65024e+01    4.17733e-06

           Step           Time
         185000      370.00000

   Energies (kJ/mol)
          Angle    Proper Dih. Ryckaert-Bell.  Improper Dih.          LJ-14
    1.39891e+04    4.02212e+03    7.31524e+03    4.47197e+02    4.22734e+03
     Coulomb-14        LJ (SR)  Disper. corr.   Coulomb (SR)   Coul. recip.
    9.96018e+03   -3.46838e+03   -3.97631e+03   -3.30733e+05    2.16608e+03
      Potential    Kinetic En.   Total Energy  Conserved En.    Temperature
   -2.96050e+05    4.67396e+04   -2.49311e+05   -2.53384e+05    3.22592e+02
 Pres. DC (bar) Pressure (bar)   Constr. rmsd
   -2.48938e+02    1.09984e+02    4.18076e-06

           Step           Time
         186000      372.00000

   Energies (kJ/mol)
          Angle    Proper Dih. Ryckaert-Bell.  Improper Dih.          LJ-14
    1.37779e+04    3.87753e+03    7.33910e+03    4.74414e+02    4.24623e+03
     Coulomb-14        LJ (SR)  Disper. corr.   Coulomb (SR)   Coul. recip.
    1.04047e+04   -4.29174e+03   -4.00157e+03   -3.29639e+05    2.13303e+03
      Potential    Kinetic En.   Total Energy  Conserved En.    Temperature
   -2.95680e+05    4.71164e+04   -2.48563e+05   -2.53421e+05    3.25192e+02
 Pres. DC (bar) Pressure (bar)   Constr. rmsd
   -2.52108e+02   -3.01058e+02    4.42084e-06

           Step           Time
         187000      374.00000

   Energies (kJ/mol)
          Angle    Proper Dih. Ryckaert-Bell.  Improper Dih.          LJ-14
    1.41352e+04    3.93936e+03    7.56277e+03    5.11178e+02    4.25577e+03
     Coulomb-14        LJ (SR)  Disper. corr.   Coulomb (SR)   Coul. recip.
    9.88541e+03   -2.91776e+03   -4.00789e+03   -3.30851e+05    2.19056e+03
      Potential    Kinetic En.   Total Energy  Conserved En.    Temperature
   -2.95296e+05    4.70045e+04   -2.48292e+05   -2.53441e+05    3.24420e+02
 Pres. DC (bar) Pressure (bar)   Constr. rmsd
   -2.52903e+02    1.74535e+02    4.21773e-06

           Step           Time
         188000      376.00000

   Energies (kJ/mol)
          Angle    Proper Dih. Ryckaert-Bell.  Improper Dih.          LJ-14
    1.46568e+04    3.98257e+03    7.41047e+03    5.08012e+02    4.22831e+03
     Coulomb-14        LJ (SR)  Disper. corr.   Coulomb (SR)   Coul. recip.
    9.85066e+03   -3.34689e+03   -3.98182e+03   -3.30730e+05    2.27001e+03
      Potential    Kinetic En.   Total Energy  Conserved En.    Temperature
   -2.95152e+05    4.69270e+04   -2.48225e+05   -2.53504e+05    3.23885e+02
 Pres. DC (bar) Pressure (bar)   Constr. rmsd
   -2.49628e+02   -1.45973e+02    4.52055e-06

           Step           Time
         189000      378.00000

   Energies (kJ/mol)
          Angle    Proper Dih. Ryckaert-Bell.  Improper Dih.          LJ-14
    1.43126e+04    4.05279e+03    7.59251e+03    5.09725e+02    4.19829e+03
     Coulomb-14        LJ (SR)  Disper. corr.   Coulomb (SR)   Coul. recip.
    1.01529e+04   -3.80780e+03   -3.99681e+03   -3.30407e+05    2.25393e+03
      Potential    Kinetic En.   Total Energy  Conserved En.    Temperature
   -2.95138e+05    4.66802e+04   -2.48458e+05   -2.53492e+05    3.22182e+02
 Pres. DC (bar) Pressure (bar)   Constr. rmsd
   -2.51508e+02   -4.85520e+01    4.10840e-06

           Step           Time
         190000      380.00000

   Energies (kJ/mol)
          Angle    Proper Dih. Ryckaert-Bell.  Improper Dih.          LJ-14
    1.44789e+04    4.01508e+03    7.37433e+03    4.75244e+02    4.33043e+03
     Coulomb-14        LJ (SR)  Disper. corr.   Coulomb (SR)   Coul. recip.
    9.67521e+03   -3.34333e+03   -3.97453e+03   -3.29939e+05    2.26106e+03
      Potential    Kinetic En.   Total Energy  Conserved En.    Temperature
   -2.94647e+05    4.65685e+04   -2.48078e+05   -2.53636e+05    3.21411e+02
 Pres. DC (bar) Pressure (bar)   Constr. rmsd
   -2.48716e+02   -1.04933e+02    4.50615e-06

           Step           Time
         191000      382.00000

   Energies (kJ/mol)
          Angle    Proper Dih. Ryckaert-Bell.  Improper Dih.          LJ-14
    1.41093e+04    4.03035e+03    7.46148e+03    4.15526e+02    4.39030e+03
     Coulomb-14        LJ (SR)  Disper. corr.   Coulomb (SR)   Coul. recip.
    9.67707e+03   -3.67498e+03   -3.99799e+03   -3.29488e+05    2.22134e+03
      Potential    Kinetic En.   Total Energy  Conserved En.    Temperature
   -2.94856e+05    4.72310e+04   -2.47625e+05   -2.53636e+05    3.25983e+02
 Pres. DC (bar) Pressure (bar)   Constr. rmsd
   -2.51657e+02    1.61411e+02    4.34523e-06

           Step           Time
         192000      384.00000

   Energies (kJ/mol)
          Angle    Proper Dih. Ryckaert-Bell.  Improper Dih.          LJ-14
    1.38253e+04    4.04397e+03    7.45854e+03    4.70281e+02    4.23715e+03
     Coulomb-14        LJ (SR)  Disper. corr.   Coulomb (SR)   Coul. recip.
    1.02041e+04   -3.60609e+03   -3.97823e+03   -3.30129e+05    2.26762e+03
      Potential    Kinetic En.   Total Energy  Conserved En.    Temperature
   -2.95207e+05    4.67455e+04   -2.48461e+05   -2.53616e+05    3.22632e+02
 Pres. DC (bar) Pressure (bar)   Constr. rmsd
   -2.49178e+02   -1.80404e+02    4.24219e-06

           Step           Time
         193000      386.00000

   Energies (kJ/mol)
          Angle    Proper Dih. Ryckaert-Bell.  Improper Dih.          LJ-14
    1.43271e+04    3.93415e+03    7.53814e+03    5.10414e+02    4.43727e+03
     Coulomb-14        LJ (SR)  Disper. corr.   Coulomb (SR)   Coul. recip.
    9.35449e+03   -3.36260e+03   -3.99045e+03   -3.31064e+05    2.21915e+03
      Potential    Kinetic En.   Total Energy  Conserved En.    Temperature
   -2.96096e+05    4.75792e+04   -2.48517e+05   -2.53668e+05    3.28386e+02
 Pres. DC (bar) Pressure (bar)   Constr. rmsd
   -2.50710e+02    1.44555e+02    4.22874e-06

           Step           Time
         194000      388.00000

   Energies (kJ/mol)
          Angle    Proper Dih. Ryckaert-Bell.  Improper Dih.          LJ-14
    1.40639e+04    4.02422e+03    7.27421e+03    4.70033e+02    4.28105e+03
     Coulomb-14        LJ (SR)  Disper. corr.   Coulomb (SR)   Coul. recip.
    1.00408e+04   -2.76086e+03   -3.97382e+03   -3.31074e+05    2.18811e+03
      Potential    Kinetic En.   Total Energy  Conserved En.    Temperature
   -2.95466e+05    4.66507e+04   -2.48816e+05   -2.53765e+05    3.21978e+02
 Pres. DC (bar) Pressure (bar)   Constr. rmsd
   -2.48627e+02   -1.74617e+01    4.23610e-06

           Step           Time
         195000      390.00000

   Energies (kJ/mol)
          Angle    Proper Dih. Ryckaert-Bell.  Improper Dih.          LJ-14
    1.43587e+04    4.10941e+03    7.51223e+03    5.40994e+02    4.25740e+03
     Coulomb-14        LJ (SR)  Disper. corr.   Coulomb (SR)   Coul. recip.
    1.00299e+04   -3.16433e+03   -4.00309e+03   -3.30919e+05    2.23131e+03
      Potential    Kinetic En.   Total Energy  Conserved En.    Temperature
   -2.95047e+05    4.70629e+04   -2.47984e+05   -2.53745e+05    3.24823e+02
 Pres. DC (bar) Pressure (bar)   Constr. rmsd
   -2.52298e+02    2.69752e+02    4.41181e-06

           Step           Time
         196000      392.00000

   Energies (kJ/mol)
          Angle    Proper Dih. Ryckaert-Bell.  Improper Dih.          LJ-14
    1.41543e+04    4.06129e+03    7.55545e+03    4.92225e+02    4.27458e+03
     Coulomb-14        LJ (SR)  Disper. corr.   Coulomb (SR)   Coul. recip.
    9.60325e+03   -3.30605e+03   -4.00845e+03   -3.30411e+05    2.24019e+03
      Potential    Kinetic En.   Total Energy  Conserved En.    Temperature
   -2.95344e+05    4.66827e+04   -2.48662e+05   -2.53766e+05    3.22199e+02
 Pres. DC (bar) Pressure (bar)   Constr. rmsd
   -2.52974e+02    1.02882e+02    4.27259e-06

           Step           Time
         197000      394.00000

   Energies (kJ/mol)
          Angle    Proper Dih. Ryckaert-Bell.  Improper Dih.          LJ-14
    1.43022e+04    4.28447e+03    7.26465e+03    4.76267e+02    4.25704e+03
     Coulomb-14        LJ (SR)  Disper. corr.   Coulomb (SR)   Coul. recip.
    9.44781e+03   -2.78545e+03   -4.01503e+03   -3.30919e+05    2.18146e+03
      Potential    Kinetic En.   Total Energy  Conserved En.    Temperature
   -2.95505e+05    4.71989e+04   -2.48306e+05   -2.53830e+05    3.25761e+02
 Pres. DC (bar) Pressure (bar)   Constr. rmsd
   -2.53804e+02   -1.15631e+01    4.64156e-06

           Step           Time
         198000      396.00000

   Energies (kJ/mol)
          Angle    Proper Dih. Ryckaert-Bell.  Improper Dih.          LJ-14
    1.42311e+04    4.23382e+03    7.33218e+03    4.60165e+02    4.16542e+03
     Coulomb-14        LJ (SR)  Disper. corr.   Coulomb (SR)   Coul. recip.
    9.97424e+03   -3.29869e+03   -3.99772e+03   -3.30194e+05    2.25616e+03
      Potential    Kinetic En.   Total Energy  Conserved En.    Temperature
   -2.94837e+05    4.72587e+04   -2.47579e+05   -2.53850e+05    3.26174e+02
 Pres. DC (bar) Pressure (bar)   Constr. rmsd
   -2.51622e+02    1.20146e+02    4.61731e-06

           Step           Time
         199000      398.00000

   Energies (kJ/mol)
          Angle    Proper Dih. Ryckaert-Bell.  Improper Dih.          LJ-14
    1.45186e+04    4.15623e+03    7.21077e+03    4.29836e+02    4.28061e+03
     Coulomb-14        LJ (SR)  Disper. corr.   Coulomb (SR)   Coul. recip.
    9.49246e+03   -2.96269e+03   -4.00075e+03   -3.30798e+05    2.14590e+03
      Potential    Kinetic En.   Total Energy  Conserved En.    Temperature
   -2.95528e+05    4.67220e+04   -2.48806e+05   -2.53851e+05    3.22470e+02
 Pres. DC (bar) Pressure (bar)   Constr. rmsd
   -2.52004e+02   -6.57301e+01    4.60230e-06

           Step           Time
         200000      400.00000

   Energies (kJ/mol)
          Angle    Proper Dih. Ryckaert-Bell.  Improper Dih.          LJ-14
    1.40433e+04    4.05069e+03    7.22131e+03    4.74094e+02    4.28111e+03
     Coulomb-14        LJ (SR)  Disper. corr.   Coulomb (SR)   Coul. recip.
    9.82351e+03   -3.05540e+03   -3.99715e+03   -3.30232e+05    2.21168e+03
      Potential    Kinetic En.   Total Energy  Conserved En.    Temperature
   -2.95179e+05    4.68245e+04   -2.48354e+05   -2.53866e+05    3.23178e+02
 Pres. DC (bar) Pressure (bar)   Constr. rmsd
   -2.51552e+02   -1.85951e+01    4.40297e-06

           Step           Time
         201000      402.00000

   Energies (kJ/mol)
          Angle    Proper Dih. Ryckaert-Bell.  Improper Dih.          LJ-14
    1.43881e+04    4.08409e+03    7.49333e+03    5.06893e+02    4.21198e+03
     Coulomb-14        LJ (SR)  Disper. corr.   Coulomb (SR)   Coul. recip.
    9.74877e+03   -3.49648e+03   -4.00070e+03   -3.30032e+05    2.22256e+03
      Potential    Kinetic En.   Total Energy  Conserved En.    Temperature
   -2.94873e+05    4.72085e+04   -2.47665e+05   -2.53888e+05    3.25828e+02
 Pres. DC (bar) Pressure (bar)   Constr. rmsd
   -2.51998e+02    1.10933e+02    4.40145e-06

           Step           Time
         202000      404.00000

   Energies (kJ/mol)
          Angle    Proper Dih. Ryckaert-Bell.  Improper Dih.          LJ-14
    1.44455e+04    4.11695e+03    7.27627e+03    5.37901e+02    4.28530e+03
     Coulomb-14        LJ (SR)  Disper. corr.   Coulomb (SR)   Coul. recip.
    9.29230e+03   -2.87044e+03   -3.98945e+03   -3.31006e+05    2.30084e+03
      Potential    Kinetic En.   Total Energy  Conserved En.    Temperature
   -2.95610e+05    4.69862e+04   -2.48624e+05   -2.53949e+05    3.24294e+02
 Pres. DC (bar) Pressure (bar)   Constr. rmsd
   -2.50585e+02    8.62036e+01    4.36574e-06

           Step           Time
         203000      406.00000

   Energies (kJ/mol)
          Angle    Proper Dih. Ryckaert-Bell.  Improper Dih.          LJ-14
    1.45353e+04    4.03343e+03    7.09935e+03    4.76611e+02    4.29398e+03
     Coulomb-14        LJ (SR)  Disper. corr.   Coulomb (SR)   Coul. recip.
    8.96065e+03   -3.70354e+03   -3.99585e+03   -3.29815e+05    2.28489e+03
      Potential    Kinetic En.   Total Energy  Conserved En.    Temperature
   -2.95830e+05    4.71201e+04   -2.48710e+05   -2.53952e+05    3.25218e+02
 Pres. DC (bar) Pressure (bar)   Constr. rmsd
   -2.51388e+02    1.48775e+02    4.14286e-06

           Step           Time
         204000      408.00000

   Energies (kJ/mol)
          Angle    Proper Dih. Ryckaert-Bell.  Improper Dih.          LJ-14
    1.43729e+04    4.02267e+03    7.39403e+03    4.67738e+02    4.02557e+03
     Coulomb-14        LJ (SR)  Disper. corr.   Coulomb (SR)   Coul. recip.
    9.83258e+03   -2.75806e+03   -4.00666e+03   -3.31064e+05    2.29467e+03
      Potential    Kinetic En.   Total Energy  Conserved En.    Temperature
   -2.95419e+05    4.77696e+04   -2.47649e+05   -2.53968e+05    3.29701e+02
 Pres. DC (bar) Pressure (bar)   Constr. rmsd
   -2.52748e+02    2.65126e+02    4.47091e-06

           Step           Time
         205000      410.00000

   Energies (kJ/mol)
          Angle    Proper Dih. Ryckaert-Bell.  Improper Dih.          LJ-14
    1.41603e+04    4.10646e+03    7.38907e+03    4.59528e+02    4.20885e+03
     Coulomb-14        LJ (SR)  Disper. corr.   Coulomb (SR)   Coul. recip.
    9.49156e+03   -4.59467e+03   -4.00797e+03   -3.29198e+05    2.22647e+03
      Potential    Kinetic En.   Total Energy  Conserved En.    Temperature
   -2.95758e+05    4.70715e+04   -2.48687e+05   -2.53991e+05    3.24882e+02
 Pres. DC (bar) Pressure (bar)   Constr. rmsd
   -2.52913e+02   -4.04403e+02    4.61230e-06

           Step           Time
         206000      412.00000

   Energies (kJ/mol)
          Angle    Proper Dih. Ryckaert-Bell.  Improper Dih.          LJ-14
    1.41138e+04    4.06641e+03    7.23655e+03    4.80545e+02    4.24985e+03
     Coulomb-14        LJ (SR)  Disper. corr.   Coulomb (SR)   Coul. recip.
    9.28265e+03   -3.12956e+03   -4.00578e+03   -3.30746e+05    2.27091e+03
      Potential    Kinetic En.   Total Energy  Conserved En.    Temperature
   -2.96181e+05    4.62464e+04   -2.49934e+05   -2.54029e+05    3.19188e+02
 Pres. DC (bar) Pressure (bar)   Constr. rmsd
   -2.52637e+02   -6.01809e+01    4.54628e-06

           Step           Time
         207000      414.00000

   Energies (kJ/mol)
          Angle    Proper Dih. Ryckaert-Bell.  Improper Dih.          LJ-14
    1.40721e+04    4.10173e+03    7.65669e+03    5.15676e+02    4.12022e+03
     Coulomb-14        LJ (SR)  Disper. corr.   Coulomb (SR)   Coul. recip.
    9.55029e+03   -3.29056e+03   -3.98639e+03   -3.29421e+05    2.31799e+03
      Potential    Kinetic En.   Total Energy  Conserved En.    Temperature
   -2.94364e+05    4.74461e+04   -2.46918e+05   -2.54056e+05    3.27468e+02
 Pres. DC (bar) Pressure (bar)   Constr. rmsd
   -2.50200e+02   -4.14927e+01    4.55939e-06

           Step           Time
         208000      416.00000

   Energies (kJ/mol)
          Angle    Proper Dih. Ryckaert-Bell.  Improper Dih.          LJ-14
    1.40699e+04    4.16277e+03    7.42908e+03    5.18608e+02    4.26462e+03
     Coulomb-14        LJ (SR)  Disper. corr.   Coulomb (SR)   Coul. recip.
    1.01679e+04   -3.82811e+03   -3.99606e+03   -3.30764e+05    2.24328e+03
      Potential    Kinetic En.   Total Energy  Conserved En.    Temperature
   -2.95732e+05    4.62553e+04   -2.49476e+05   -2.54158e+05    3.19249e+02
 Pres. DC (bar) Pressure (bar)   Constr. rmsd
   -2.51414e+02   -4.07088e+01    3.93995e-06

           Step           Time
         209000      418.00000

   Energies (kJ/mol)
          Angle    Proper Dih. Ryckaert-Bell.  Improper Dih.          LJ-14
    1.42849e+04    4.06886e+03    7.38620e+03    4.74640e+02    4.32893e+03
     Coulomb-14        LJ (SR)  Disper. corr.   Coulomb (SR)   Coul. recip.
    9.51192e+03   -3.31816e+03   -3.98086e+03   -3.30238e+05    2.29511e+03
      Potential    Kinetic En.   Total Energy  Conserved En.    Temperature
   -2.95187e+05    4.67533e+04   -2.48433e+05   -2.54182e+05    3.22687e+02
 Pres. DC (bar) Pressure (bar)   Constr. rmsd
   -2.49507e+02   -3.30694e+01    4.30814e-06

           Step           Time
         210000      420.00000

   Energies (kJ/mol)
          Angle    Proper Dih. Ryckaert-Bell.  Improper Dih.          LJ-14
    1.39136e+04    4.14934e+03    7.59418e+03    4.98398e+02    4.30078e+03
     Coulomb-14        LJ (SR)  Disper. corr.   Coulomb (SR)   Coul. recip.
    9.71496e+03   -2.87815e+03   -4.00526e+03   -3.30787e+05    2.30045e+03
      Potential    Kinetic En.   Total Energy  Conserved En.    Temperature
   -2.95198e+05    4.65930e+04   -2.48605e+05   -2.54094e+05    3.21579e+02
 Pres. DC (bar) Pressure (bar)   Constr. rmsd
   -2.52572e+02    2.60295e+02    4.18732e-06

           Step           Time
         211000      422.00000

   Energies (kJ/mol)
          Angle    Proper Dih. Ryckaert-Bell.  Improper Dih.          LJ-14
    1.42445e+04    4.06557e+03    7.75453e+03    4.56911e+02    4.16714e+03
     Coulomb-14        LJ (SR)  Disper. corr.   Coulomb (SR)   Coul. recip.
    9.45984e+03   -3.11794e+03   -4.00832e+03   -3.30738e+05    2.28432e+03
      Potential    Kinetic En.   Total Energy  Conserved En.    Temperature
   -2.95432e+05    4.66049e+04   -2.48827e+05   -2.54161e+05    3.21662e+02
 Pres. DC (bar) Pressure (bar)   Constr. rmsd
   -2.52957e+02   -2.21631e+02    4.35320e-06

           Step           Time
         212000      424.00000

   Energies (kJ/mol)
          Angle    Proper Dih. Ryckaert-Bell.  Improper Dih.          LJ-14
    1.43025e+04    3.99783e+03    7.38542e+03    4.61886e+02    4.17493e+03
     Coulomb-14        LJ (SR)  Disper. corr.   Coulomb (SR)   Coul. recip.
    9.82824e+03   -2.67630e+03   -3.97820e+03   -3.30222e+05    2.39076e+03
      Potential    Kinetic En.   Total Energy  Conserved En.    Temperature
   -2.94335e+05    4.62026e+04   -2.48132e+05   -2.54185e+05    3.18886e+02
 Pres. DC (bar) Pressure (bar)   Constr. rmsd
   -2.49174e+02    9.10581e+01    4.22088e-06

           Step           Time
         213000      426.00000

   Energies (kJ/mol)
          Angle    Proper Dih. Ryckaert-Bell.  Improper Dih.          LJ-14
    1.39749e+04    3.98293e+03    7.26842e+03    5.27125e+02    4.24793e+03
     Coulomb-14        LJ (SR)  Disper. corr.   Coulomb (SR)   Coul. recip.
    1.01574e+04   -3.56153e+03   -4.00587e+03   -3.31084e+05    2.27903e+03
      Potential    Kinetic En.   Total Energy  Conserved En.    Temperature
   -2.96214e+05    4.68119e+04   -2.49402e+05   -2.54236e+05    3.23091e+02
 Pres. DC (bar) Pressure (bar)   Constr. rmsd
   -2.52649e+02    1.35417e+02    4.19098e-06

           Step           Time
         214000      428.00000

   Energies (kJ/mol)
          Angle    Proper Dih. Ryckaert-Bell.  Improper Dih.          LJ-14
    1.44753e+04    4.13639e+03    7.38390e+03    4.54768e+02    4.23367e+03
     Coulomb-14        LJ (SR)  Disper. corr.   Coulomb (SR)   Coul. recip.
    9.58624e+03   -3.13892e+03   -4.01509e+03   -3.31505e+05    2.17971e+03
      Potential    Kinetic En.   Total Energy  Conserved En.    Temperature
   -2.96209e+05    4.70451e+04   -2.49164e+05   -2.54343e+05    3.24700e+02
 Pres. DC (bar) Pressure (bar)   Constr. rmsd
   -2.53812e+02   -2.68295e+01    4.71443e-06

           Step           Time
         215000      430.00000

   Energies (kJ/mol)
          Angle    Proper Dih. Ryckaert-Bell.  Improper Dih.          LJ-14
    1.47268e+04    4.10594e+03    7.64426e+03    5.12955e+02    4.31136e+03
     Coulomb-14        LJ (SR)  Disper. corr.   Coulomb (SR)   Coul. recip.
    9.16804e+03   -3.72267e+03   -4.00901e+03   -3.30011e+05    2.25019e+03
      Potential    Kinetic En.   Total Energy  Conserved En.    Temperature
   -2.95023e+05    4.71481e+04   -2.47875e+05   -2.54308e+05    3.25411e+02
 Pres. DC (bar) Pressure (bar)   Constr. rmsd
   -2.53045e+02    1.62370e+01    4.54409e-06

           Step           Time
         216000      432.00000

   Energies (kJ/mol)
          Angle    Proper Dih. Ryckaert-Bell.  Improper Dih.          LJ-14
    1.44566e+04    4.08566e+03    7.27773e+03    4.75346e+02    4.34438e+03
     Coulomb-14        LJ (SR)  Disper. corr.   Coulomb (SR)   Coul. recip.
    9.81776e+03   -3.29731e+03   -4.01354e+03   -3.30912e+05    2.29997e+03
      Potential    Kinetic En.   Total Energy  Conserved En.    Temperature
   -2.95465e+05    4.69733e+04   -2.48492e+05   -2.54318e+05    3.24205e+02
 Pres. DC (bar) Pressure (bar)   Constr. rmsd
   -2.53616e+02    3.14929e+02    4.53086e-06

           Step           Time
         217000      434.00000

   Energies (kJ/mol)
          Angle    Proper Dih. Ryckaert-Bell.  Improper Dih.          LJ-14
    1.46018e+04    4.05670e+03    7.63948e+03    5.58252e+02    4.21546e+03
     Coulomb-14        LJ (SR)  Disper. corr.   Coulomb (SR)   Coul. recip.
    1.01659e+04   -3.31951e+03   -3.99160e+03   -3.31189e+05    2.21228e+03
      Potential    Kinetic En.   Total Energy  Conserved En.    Temperature
   -2.95050e+05    4.63845e+04   -2.48666e+05   -2.54333e+05    3.20141e+02
 Pres. DC (bar) Pressure (bar)   Constr. rmsd
   -2.50853e+02    2.40065e+01    4.36486e-06

           Step           Time
         218000      436.00000

   Energies (kJ/mol)
          Angle    Proper Dih. Ryckaert-Bell.  Improper Dih.          LJ-14
    1.46621e+04    4.23359e+03    7.44843e+03    4.65190e+02    4.32661e+03
     Coulomb-14        LJ (SR)  Disper. corr.   Coulomb (SR)   Coul. recip.
    9.77243e+03   -2.77375e+03   -3.98256e+03   -3.30778e+05    2.31331e+03
      Potential    Kinetic En.   Total Energy  Conserved En.    Temperature
   -2.94313e+05    4.66004e+04   -2.47713e+05   -2.54362e+05    3.21631e+02
 Pres. DC (bar) Pressure (bar)   Constr. rmsd
   -2.49719e+02    7.97267e+01    4.34145e-06

           Step           Time
         219000      438.00000

   Energies (kJ/mol)
          Angle    Proper Dih. Ryckaert-Bell.  Improper Dih.          LJ-14
    1.43216e+04    4.11503e+03    7.54765e+03    4.75152e+02    4.34674e+03
     Coulomb-14        LJ (SR)  Disper. corr.   Coulomb (SR)   Coul. recip.
    9.44189e+03   -3.08293e+03   -3.96970e+03   -3.30226e+05    2.13622e+03
      Potential    Kinetic En.   Total Energy  Conserved En.    Temperature
   -2.94895e+05    4.65336e+04   -2.48361e+05   -2.54464e+05    3.21170e+02
 Pres. DC (bar) Pressure (bar)   Constr. rmsd
   -2.48112e+02   -4.20399e+01    4.14425e-06

           Step           Time
         220000      440.00000

   Energies (kJ/mol)
          Angle    Proper Dih. Ryckaert-Bell.  Improper Dih.          LJ-14
    1.44153e+04    4.19091e+03    7.38471e+03    4.94060e+02    4.22184e+03
     Coulomb-14        LJ (SR)  Disper. corr.   Coulomb (SR)   Coul. recip.
    9.84258e+03   -3.34285e+03   -4.00492e+03   -3.31534e+05    2.20613e+03
      Potential    Kinetic En.   Total Energy  Conserved En.    Temperature
   -2.96126e+05    4.66768e+04   -2.49450e+05   -2.54420e+05    3.22158e+02
 Pres. DC (bar) Pressure (bar)   Constr. rmsd
   -2.52529e+02    7.70660e+00    4.27686e-06

           Step           Time
         221000      442.00000

   Energies (kJ/mol)
          Angle    Proper Dih. Ryckaert-Bell.  Improper Dih.          LJ-14
    1.38876e+04    4.18246e+03    7.39132e+03    5.12931e+02    4.27569e+03
     Coulomb-14        LJ (SR)  Disper. corr.   Coulomb (SR)   Coul. recip.
    9.81292e+03   -3.53151e+03   -3.98204e+03   -3.29686e+05    2.24732e+03
      Potential    Kinetic En.   Total Energy  Conserved En.    Temperature
   -2.94889e+05    4.63809e+04   -2.48508e+05   -2.54436e+05    3.20116e+02
 Pres. DC (bar) Pressure (bar)   Constr. rmsd
   -2.49655e+02   -1.48787e+02    4.15403e-06

           Step           Time
         222000      444.00000

   Energies (kJ/mol)
          Angle    Proper Dih. Ryckaert-Bell.  Improper Dih.          LJ-14
    1.44234e+04    4.06783e+03    7.22913e+03    5.04687e+02    4.25659e+03
     Coulomb-14        LJ (SR)  Disper. corr.   Coulomb (SR)   Coul. recip.
    9.91215e+03   -3.07897e+03   -3.98544e+03   -3.31144e+05    2.28940e+03
      Potential    Kinetic En.   Total Energy  Conserved En.    Temperature
   -2.95526e+05    4.66335e+04   -2.48892e+05   -2.54444e+05    3.21860e+02
 Pres. DC (bar) Pressure (bar)   Constr. rmsd
   -2.50081e+02    1.12599e+02    4.28299e-06

           Step           Time
         223000      446.00000

   Energies (kJ/mol)
          Angle    Proper Dih. Ryckaert-Bell.  Improper Dih.          LJ-14
    1.48343e+04    4.05158e+03    7.36019e+03    4.94097e+02    4.34265e+03
     Coulomb-14        LJ (SR)  Disper. corr.   Coulomb (SR)   Coul. recip.
    9.19831e+03   -2.80247e+03   -3.96748e+03   -3.30646e+05    2.18988e+03
      Potential    Kinetic En.   Total Energy  Conserved En.    Temperature
   -2.94945e+05    4.61539e+04   -2.48791e+05   -2.54540e+05    3.18549e+02
 Pres. DC (bar) Pressure (bar)   Constr. rmsd
   -2.47834e+02   -3.99621e+01    4.49020e-06

           Step           Time
         224000      448.00000

   Energies (kJ/mol)
          Angle    Proper Dih. Ryckaert-Bell.  Improper Dih.          LJ-14
    1.42293e+04    4.14062e+03    7.41949e+03    4.98868e+02    4.14259e+03
     Coulomb-14        LJ (SR)  Disper. corr.   Coulomb (SR)   Coul. recip.
    9.77926e+03   -3.40794e+03   -3.98280e+03   -3.30801e+05    2.32429e+03
      Potential    Kinetic En.   Total Energy  Conserved En.    Temperature
   -2.95658e+05    4.65652e+04   -2.49092e+05   -2.54604e+05    3.21388e+02
 Pres. DC (bar) Pressure (bar)   Constr. rmsd
   -2.49750e+02   -2.82205e+02    4.47946e-06

           Step           Time
         225000      450.00000

   Energies (kJ/mol)
          Angle    Proper Dih. Ryckaert-Bell.  Improper Dih.          LJ-14
    1.43471e+04    4.00302e+03    7.20365e+03    5.17553e+02    4.17003e+03
     Coulomb-14        LJ (SR)  Disper. corr.   Coulomb (SR)   Coul. recip.
    9.92858e+03   -3.03046e+03   -3.98602e+03   -3.30911e+05    2.28967e+03
      Potential    Kinetic En.   Total Energy  Conserved En.    Temperature
   -2.95467e+05    4.69959e+04   -2.48472e+05   -2.54575e+05    3.24360e+02
 Pres. DC (bar) Pressure (bar)   Constr. rmsd
   -2.50154e+02    2.00717e+02    4.24662e-06

           Step           Time
         226000      452.00000

   Energies (kJ/mol)
          Angle    Proper Dih. Ryckaert-Bell.  Improper Dih.          LJ-14
    1.47766e+04    4.04739e+03    7.43415e+03    4.59274e+02    4.19806e+03
     Coulomb-14        LJ (SR)  Disper. corr.   Coulomb (SR)   Coul. recip.
    1.00508e+04   -3.78811e+03   -3.99855e+03   -3.30615e+05    2.27436e+03
      Potential    Kinetic En.   Total Energy  Conserved En.    Temperature
   -2.95161e+05    4.62612e+04   -2.48899e+05   -2.54616e+05    3.19290e+02
 Pres. DC (bar) Pressure (bar)   Constr. rmsd
   -2.51727e+02   -2.92992e+01    4.34586e-06

           Step           Time
         227000      454.00000

   Energies (kJ/mol)
          Angle    Proper Dih. Ryckaert-Bell.  Improper Dih.          LJ-14
    1.40157e+04    4.00441e+03    7.61666e+03    5.42488e+02    4.19889e+03
     Coulomb-14        LJ (SR)  Disper. corr.   Coulomb (SR)   Coul. recip.
    1.00619e+04   -3.35467e+03   -4.02626e+03   -3.30931e+05    2.29201e+03
      Potential    Kinetic En.   Total Energy  Conserved En.    Temperature
   -2.95580e+05    4.58469e+04   -2.49733e+05   -2.54688e+05    3.16430e+02
 Pres. DC (bar) Pressure (bar)   Constr. rmsd
   -2.55225e+02    2.70359e+02    4.25456e-06

           Step           Time
         228000      456.00000

   Energies (kJ/mol)
          Angle    Proper Dih. Ryckaert-Bell.  Improper Dih.          LJ-14
    1.45084e+04    4.27197e+03    7.17997e+03    5.00578e+02    4.27942e+03
     Coulomb-14        LJ (SR)  Disper. corr.   Coulomb (SR)   Coul. recip.
    9.26973e+03   -3.67039e+03   -4.00595e+03   -3.29808e+05    2.27493e+03
      Potential    Kinetic En.   Total Energy  Conserved En.    Temperature
   -2.95199e+05    4.63392e+04   -2.48860e+05   -2.54717e+05    3.19828e+02
 Pres. DC (bar) Pressure (bar)   Constr. rmsd
   -2.52659e+02    6.61328e+01    4.39640e-06

           Step           Time
         229000      458.00000

   Energies (kJ/mol)
          Angle    Proper Dih. Ryckaert-Bell.  Improper Dih.          LJ-14
    1.43211e+04    4.20820e+03    7.50508e+03    5.19109e+02    4.28478e+03
     Coulomb-14        LJ (SR)  Disper. corr.   Coulomb (SR)   Coul. recip.
    9.52398e+03   -3.35892e+03   -4.01923e+03   -3.31304e+05    2.24218e+03
      Potential    Kinetic En.   Total Energy  Conserved En.    Temperature
   -2.96077e+05    4.72639e+04   -2.48813e+05   -2.54724e+05    3.26211e+02
 Pres. DC (bar) Pressure (bar)   Constr. rmsd
   -2.54335e+02    8.93427e+01    4.41154e-06

           Step           Time
         230000      460.00000

   Energies (kJ/mol)
          Angle    Proper Dih. Ryckaert-Bell.  Improper Dih.          LJ-14
    1.42608e+04    4.13961e+03    7.49322e+03    5.64571e+02    4.19269e+03
     Coulomb-14        LJ (SR)  Disper. corr.   Coulomb (SR)   Coul. recip.
    9.80309e+03   -4.53605e+03   -3.98554e+03   -3.28996e+05    2.23467e+03
      Potential    Kinetic En.   Total Energy  Conserved En.    Temperature
   -2.94829e+05    4.68313e+04   -2.47998e+05   -2.54726e+05    3.23225e+02
 Pres. DC (bar) Pressure (bar)   Constr. rmsd
   -2.50094e+02   -2.26520e+02    4.29982e-06

           Step           Time
         231000      462.00000

   Energies (kJ/mol)
          Angle    Proper Dih. Ryckaert-Bell.  Improper Dih.          LJ-14
    1.38970e+04    4.07281e+03    7.50227e+03    5.27212e+02    4.20137e+03
     Coulomb-14        LJ (SR)  Disper. corr.   Coulomb (SR)   Coul. recip.
    1.03880e+04   -3.40974e+03   -4.01182e+03   -3.30092e+05    2.17562e+03
      Potential    Kinetic En.   Total Energy  Conserved En.    Temperature
   -2.94749e+05    4.69954e+04   -2.47753e+05   -2.54683e+05    3.24357e+02
 Pres. DC (bar) Pressure (bar)   Constr. rmsd
   -2.53400e+02    2.18865e+02    4.37177e-06

           Step           Time
         232000      464.00000

   Energies (kJ/mol)
          Angle    Proper Dih. Ryckaert-Bell.  Improper Dih.          LJ-14
    1.44555e+04    4.03043e+03    7.50514e+03    5.14572e+02    4.28360e+03
     Coulomb-14        LJ (SR)  Disper. corr.   Coulomb (SR)   Coul. recip.
    9.78087e+03   -3.63900e+03   -3.99537e+03   -3.29952e+05    2.18259e+03
      Potential    Kinetic En.   Total Energy  Conserved En.    Temperature
   -2.94833e+05    4.70052e+04   -2.47828e+05   -2.54761e+05    3.24425e+02
 Pres. DC (bar) Pressure (bar)   Constr. rmsd
   -2.51327e+02    1.97371e+00    4.50247e-06

           Step           Time
         233000      466.00000

   Energies (kJ/mol)
          Angle    Proper Dih. Ryckaert-Bell.  Improper Dih.          LJ-14
    1.46759e+04    4.00603e+03    7.38685e+03    4.84572e+02    4.33034e+03
     Coulomb-14        LJ (SR)  Disper. corr.   Coulomb (SR)   Coul. recip.
    9.23279e+03   -3.03666e+03   -4.01296e+03   -3.30702e+05    2.20514e+03
      Potential    Kinetic En.   Total Energy  Conserved En.    Temperature
   -2.95430e+05    4.70805e+04   -2.48350e+05   -2.54836e+05    3.24945e+02
 Pres. DC (bar) Pressure (bar)   Constr. rmsd
   -2.53542e+02    1.46236e+02    4.47861e-06

           Step           Time
         234000      468.00000

   Energies (kJ/mol)
          Angle    Proper Dih. Ryckaert-Bell.  Improper Dih.          LJ-14
    1.45853e+04    4.07732e+03    7.36308e+03    4.48020e+02    4.14792e+03
     Coulomb-14        LJ (SR)  Disper. corr.   Coulomb (SR)   Coul. recip.
    9.58898e+03   -4.82529e+03   -4.00894e+03   -3.28138e+05    2.24258e+03
      Potential    Kinetic En.   Total Energy  Conserved En.    Temperature
   -2.94519e+05    4.61748e+04   -2.48344e+05   -2.54782e+05    3.18694e+02
 Pres. DC (bar) Pressure (bar)   Constr. rmsd
   -2.53036e+02   -3.76342e+02    4.66227e-06

           Step           Time
         235000      470.00000

   Energies (kJ/mol)
          Angle    Proper Dih. Ryckaert-Bell.  Improper Dih.          LJ-14
    1.39631e+04    4.06864e+03    7.71141e+03    5.30931e+02    4.28098e+03
     Coulomb-14        LJ (SR)  Disper. corr.   Coulomb (SR)   Coul. recip.
    9.74579e+03   -3.90261e+03   -3.99566e+03   -3.29834e+05    2.16159e+03
      Potential    Kinetic En.   Total Energy  Conserved En.    Temperature
   -2.95270e+05    4.65687e+04   -2.48701e+05   -2.54836e+05    3.21412e+02
 Pres. DC (bar) Pressure (bar)   Constr. rmsd
   -2.51364e+02   -1.31042e+02    4.45574e-06

           Step           Time
         236000      472.00000

   Energies (kJ/mol)
          Angle    Proper Dih. Ryckaert-Bell.  Improper Dih.          LJ-14
    1.41280e+04    4.05065e+03    7.70408e+03    5.26756e+02    4.36269e+03
     Coulomb-14        LJ (SR)  Disper. corr.   Coulomb (SR)   Coul. recip.
    9.78851e+03   -3.33640e+03   -4.00695e+03   -3.30937e+05    2.14612e+03
      Potential    Kinetic En.   Total Energy  Conserved En.    Temperature
   -2.95573e+05    4.66943e+04   -2.48879e+05   -2.54945e+05    3.22279e+02
 Pres. DC (bar) Pressure (bar)   Constr. rmsd
   -2.52785e+02    6.89269e+01    4.48374e-06

           Step           Time
         237000      474.00000

   Energies (kJ/mol)
          Angle    Proper Dih. Ryckaert-Bell.  Improper Dih.          LJ-14
    1.43422e+04    4.02294e+03    7.22358e+03    5.01893e+02    4.21524e+03
     Coulomb-14        LJ (SR)  Disper. corr.   Coulomb (SR)   Coul. recip.
    9.73494e+03   -3.55775e+03   -4.00772e+03   -3.30267e+05    2.10348e+03
      Potential    Kinetic En.   Total Energy  Conserved En.    Temperature
   -2.95689e+05    4.74739e+04   -2.48215e+05   -2.54911e+05    3.27660e+02
 Pres. DC (bar) Pressure (bar)   Constr. rmsd
   -2.52882e+02    6.78584e+00    4.59457e-06

           Step           Time
         238000      476.00000

   Energies (kJ/mol)
          Angle    Proper Dih. Ryckaert-Bell.  Improper Dih.          LJ-14
    1.40204e+04    4.04886e+03    7.58020e+03    4.95626e+02    4.21542e+03
     Coulomb-14        LJ (SR)  Disper. corr.   Coulomb (SR)   Coul. recip.
    1.03085e+04   -3.26120e+03   -4.00950e+03   -3.30830e+05    2.19076e+03
      Potential    Kinetic En.   Total Energy  Conserved En.    Temperature
   -2.95241e+05    4.71706e+04   -2.48071e+05   -2.54976e+05    3.25567e+02
 Pres. DC (bar) Pressure (bar)   Constr. rmsd
   -2.53106e+02    2.61501e+02    4.65886e-06

           Step           Time
         239000      478.00000

   Energies (kJ/mol)
          Angle    Proper Dih. Ryckaert-Bell.  Improper Dih.          LJ-14
    1.45562e+04    4.16136e+03    7.65245e+03    5.35216e+02    4.24834e+03
     Coulomb-14        LJ (SR)  Disper. corr.   Coulomb (SR)   Coul. recip.
    9.99786e+03   -3.86566e+03   -4.00081e+03   -3.30550e+05    2.13071e+03
      Potential    Kinetic En.   Total Energy  Conserved En.    Temperature
   -2.95135e+05    4.67761e+04   -2.48359e+05   -2.54982e+05    3.22843e+02
 Pres. DC (bar) Pressure (bar)   Constr. rmsd
   -2.52012e+02   -1.82940e+02    4.51826e-06

           Step           Time
         240000      480.00000

   Energies (kJ/mol)
          Angle    Proper Dih. Ryckaert-Bell.  Improper Dih.          LJ-14
    1.39003e+04    4.02286e+03    7.34915e+03    4.80188e+02    4.24409e+03
     Coulomb-14        LJ (SR)  Disper. corr.   Coulomb (SR)   Coul. recip.
    1.00588e+04   -3.77565e+03   -4.00164e+03   -3.29905e+05    2.15425e+03
      Potential    Kinetic En.   Total Energy  Conserved En.    Temperature
   -2.95473e+05    4.67453e+04   -2.48727e+05   -2.55052e+05    3.22631e+02
 Pres. DC (bar) Pressure (bar)   Constr. rmsd
   -2.52117e+02    5.54109e+01    4.26734e-06

Writing checkpoint, step 240600 at Thu Oct 25 14:23:19 2018


           Step           Time
         241000      482.00000

   Energies (kJ/mol)
          Angle    Proper Dih. Ryckaert-Bell.  Improper Dih.          LJ-14
    1.40254e+04    4.04619e+03    7.24527e+03    4.90948e+02    4.13646e+03
     Coulomb-14        LJ (SR)  Disper. corr.   Coulomb (SR)   Coul. recip.
    1.04503e+04   -3.56050e+03   -3.99211e+03   -3.30544e+05    2.26428e+03
      Potential    Kinetic En.   Total Energy  Conserved En.    Temperature
   -2.95438e+05    4.66205e+04   -2.48817e+05   -2.55073e+05    3.21769e+02
 Pres. DC (bar) Pressure (bar)   Constr. rmsd
   -2.50917e+02   -9.09867e+01    4.45305e-06

           Step           Time
         242000      484.00000

   Energies (kJ/mol)
          Angle    Proper Dih. Ryckaert-Bell.  Improper Dih.          LJ-14
    1.43659e+04    4.07402e+03    7.44572e+03    4.95400e+02    4.31762e+03
     Coulomb-14        LJ (SR)  Disper. corr.   Coulomb (SR)   Coul. recip.
    9.88146e+03   -3.63545e+03   -3.99111e+03   -3.31310e+05    2.26974e+03
      Potential    Kinetic En.   Total Energy  Conserved En.    Temperature
   -2.96087e+05    4.65863e+04   -2.49500e+05   -2.55059e+05    3.21533e+02
 Pres. DC (bar) Pressure (bar)   Constr. rmsd
   -2.50792e+02   -3.93990e+02    4.60545e-06

           Step           Time
         243000      486.00000

   Energies (kJ/mol)
          Angle    Proper Dih. Ryckaert-Bell.  Improper Dih.          LJ-14
    1.41836e+04    4.06495e+03    7.26275e+03    4.77520e+02    4.29248e+03
     Coulomb-14        LJ (SR)  Disper. corr.   Coulomb (SR)   Coul. recip.
    9.97429e+03   -3.02424e+03   -4.00550e+03   -3.30956e+05    2.26225e+03
      Potential    Kinetic En.   Total Energy  Conserved En.    Temperature
   -2.95468e+05    4.63776e+04   -2.49090e+05   -2.55100e+05    3.20093e+02
 Pres. DC (bar) Pressure (bar)   Constr. rmsd
   -2.52602e+02    2.94577e+02    4.21161e-06

           Step           Time
         244000      488.00000

   Energies (kJ/mol)
          Angle    Proper Dih. Ryckaert-Bell.  Improper Dih.          LJ-14
    1.43967e+04    4.15093e+03    7.50233e+03    5.41299e+02    4.35354e+03
     Coulomb-14        LJ (SR)  Disper. corr.   Coulomb (SR)   Coul. recip.
    9.41985e+03   -4.27403e+03   -4.00145e+03   -3.29026e+05    2.22341e+03
      Potential    Kinetic En.   Total Energy  Conserved En.    Temperature
   -2.94714e+05    4.70508e+04   -2.47663e+05   -2.55110e+05    3.24740e+02
 Pres. DC (bar) Pressure (bar)   Constr. rmsd
   -2.52093e+02    1.75103e+02    4.25356e-06

           Step           Time
         245000      490.00000

   Energies (kJ/mol)
          Angle    Proper Dih. Ryckaert-Bell.  Improper Dih.          LJ-14
    1.44127e+04    3.94225e+03    7.42419e+03    5.08475e+02    4.24420e+03
     Coulomb-14        LJ (SR)  Disper. corr.   Coulomb (SR)   Coul. recip.
    9.54801e+03   -3.48525e+03   -3.99991e+03   -3.30407e+05    2.13372e+03
      Potential    Kinetic En.   Total Energy  Conserved En.    Temperature
   -2.95679e+05    4.65817e+04   -2.49097e+05   -2.55197e+05    3.21502e+02
 Pres. DC (bar) Pressure (bar)   Constr. rmsd
   -2.51898e+02    3.30067e+01    4.46050e-06

           Step           Time
         246000      492.00000

   Energies (kJ/mol)
          Angle    Proper Dih. Ryckaert-Bell.  Improper Dih.          LJ-14
    1.40215e+04    4.15411e+03    7.25709e+03    5.66649e+02    4.22139e+03
     Coulomb-14        LJ (SR)  Disper. corr.   Coulomb (SR)   Coul. recip.
    1.03912e+04   -3.34728e+03   -3.98736e+03   -3.30660e+05    2.20327e+03
      Potential    Kinetic En.   Total Energy  Conserved En.    Temperature
   -2.95180e+05    4.71283e+04   -2.48051e+05   -2.55122e+05    3.25275e+02
 Pres. DC (bar) Pressure (bar)   Constr. rmsd
   -2.50322e+02   -4.38999e+01    4.58027e-06

           Step           Time
         247000      494.00000

   Energies (kJ/mol)
          Angle    Proper Dih. Ryckaert-Bell.  Improper Dih.          LJ-14
    1.42199e+04    3.92560e+03    7.37326e+03    4.90451e+02    4.28962e+03
     Coulomb-14        LJ (SR)  Disper. corr.   Coulomb (SR)   Coul. recip.
    1.01512e+04   -3.73393e+03   -4.00912e+03   -3.31193e+05    2.27725e+03
      Potential    Kinetic En.   Total Energy  Conserved En.    Temperature
   -2.96209e+05    4.67509e+04   -2.49458e+05   -2.55130e+05    3.22670e+02
 Pres. DC (bar) Pressure (bar)   Constr. rmsd
   -2.53058e+02    1.34090e+02    4.28015e-06

           Step           Time
         248000      496.00000

   Energies (kJ/mol)
          Angle    Proper Dih. Ryckaert-Bell.  Improper Dih.          LJ-14
    1.41201e+04    4.08117e+03    7.18692e+03    5.17431e+02    4.28455e+03
     Coulomb-14        LJ (SR)  Disper. corr.   Coulomb (SR)   Coul. recip.
    9.97128e+03   -2.80210e+03   -4.00332e+03   -3.31511e+05    2.16019e+03
      Potential    Kinetic En.   Total Energy  Conserved En.    Temperature
   -2.95995e+05    4.65219e+04   -2.49473e+05   -2.55211e+05    3.21089e+02
 Pres. DC (bar) Pressure (bar)   Constr. rmsd
   -2.52328e+02    1.86838e+01    4.67546e-06

           Step           Time
         249000      498.00000

   Energies (kJ/mol)
          Angle    Proper Dih. Ryckaert-Bell.  Improper Dih.          LJ-14
    1.44650e+04    4.16030e+03    7.48853e+03    4.88922e+02    4.27062e+03
     Coulomb-14        LJ (SR)  Disper. corr.   Coulomb (SR)   Coul. recip.
    9.60925e+03   -3.88005e+03   -4.01401e+03   -3.30118e+05    2.29110e+03
      Potential    Kinetic En.   Total Energy  Conserved En.    Temperature
   -2.95238e+05    4.74451e+04   -2.47793e+05   -2.55253e+05    3.27461e+02
 Pres. DC (bar) Pressure (bar)   Constr. rmsd
   -2.53676e+02   -2.33210e+02    4.42685e-06

           Step           Time
         250000      500.00000

   Energies (kJ/mol)
          Angle    Proper Dih. Ryckaert-Bell.  Improper Dih.          LJ-14
    1.42214e+04    4.15002e+03    7.56452e+03    4.53716e+02    4.35786e+03
     Coulomb-14        LJ (SR)  Disper. corr.   Coulomb (SR)   Coul. recip.
    1.01584e+04   -3.68808e+03   -4.00404e+03   -3.30703e+05    2.14651e+03
      Potential    Kinetic En.   Total Energy  Conserved En.    Temperature
   -2.95343e+05    4.68170e+04   -2.48526e+05   -2.55272e+05    3.23126e+02
 Pres. DC (bar) Pressure (bar)   Constr. rmsd
   -2.52418e+02    1.21082e+02    4.28593e-06

           Step           Time
         251000      502.00000

   Energies (kJ/mol)
          Angle    Proper Dih. Ryckaert-Bell.  Improper Dih.          LJ-14
    1.43632e+04    4.05419e+03    7.32042e+03    4.58895e+02    4.25411e+03
     Coulomb-14        LJ (SR)  Disper. corr.   Coulomb (SR)   Coul. recip.
    9.86065e+03   -3.05177e+03   -3.98255e+03   -3.30086e+05    2.24835e+03
      Potential    Kinetic En.   Total Energy  Conserved En.    Temperature
   -2.94561e+05    4.63823e+04   -2.48178e+05   -2.55276e+05    3.20125e+02
 Pres. DC (bar) Pressure (bar)   Constr. rmsd
   -2.49719e+02   -1.84951e+02    4.48757e-06

           Step           Time
         252000      504.00000

   Energies (kJ/mol)
          Angle    Proper Dih. Ryckaert-Bell.  Improper Dih.          LJ-14
    1.37561e+04    4.05945e+03    7.40748e+03    4.84209e+02    4.14058e+03
     Coulomb-14        LJ (SR)  Disper. corr.   Coulomb (SR)   Coul. recip.
    1.06056e+04   -2.42895e+03   -3.96743e+03   -3.31643e+05    2.28452e+03
      Potential    Kinetic En.   Total Energy  Conserved En.    Temperature
   -2.95301e+05    4.69295e+04   -2.48372e+05   -2.55319e+05    3.23902e+02
 Pres. DC (bar) Pressure (bar)   Constr. rmsd
   -2.47829e+02   -1.29213e+01    4.31396e-06

           Step           Time
         253000      506.00000

   Energies (kJ/mol)
          Angle    Proper Dih. Ryckaert-Bell.  Improper Dih.          LJ-14
    1.40227e+04    3.93886e+03    7.44025e+03    4.76632e+02    4.22776e+03
     Coulomb-14        LJ (SR)  Disper. corr.   Coulomb (SR)   Coul. recip.
    1.00832e+04   -3.21509e+03   -3.98697e+03   -3.31100e+05    2.24570e+03
      Potential    Kinetic En.   Total Energy  Conserved En.    Temperature
   -2.95867e+05    4.75600e+04   -2.48307e+05   -2.55433e+05    3.28254e+02
 Pres. DC (bar) Pressure (bar)   Constr. rmsd
   -2.50273e+02   -1.26508e+02    4.43610e-06

           Step           Time
         254000      508.00000

   Energies (kJ/mol)
          Angle    Proper Dih. Ryckaert-Bell.  Improper Dih.          LJ-14
    1.44774e+04    4.11423e+03    7.39189e+03    5.43028e+02    4.42027e+03
     Coulomb-14        LJ (SR)  Disper. corr.   Coulomb (SR)   Coul. recip.
    9.74746e+03   -2.81060e+03   -3.99382e+03   -3.31241e+05    2.26172e+03
      Potential    Kinetic En.   Total Energy  Conserved En.    Temperature
   -2.95090e+05    4.66319e+04   -2.48458e+05   -2.55423e+05    3.21849e+02
 Pres. DC (bar) Pressure (bar)   Constr. rmsd
   -2.51133e+02    3.33630e+02    4.05929e-06

           Step           Time
         255000      510.00000

   Energies (kJ/mol)
          Angle    Proper Dih. Ryckaert-Bell.  Improper Dih.          LJ-14
    1.41977e+04    3.94745e+03    7.42708e+03    5.00414e+02    4.31636e+03
     Coulomb-14        LJ (SR)  Disper. corr.   Coulomb (SR)   Coul. recip.
    1.02778e+04   -3.40969e+03   -4.00630e+03   -3.31350e+05    2.23995e+03
      Potential    Kinetic En.   Total Energy  Conserved En.    Temperature
   -2.95859e+05    4.66907e+04   -2.49168e+05   -2.55389e+05    3.22254e+02
 Pres. DC (bar) Pressure (bar)   Constr. rmsd
   -2.52703e+02    2.08398e+01    4.34967e-06

           Step           Time
         256000      512.00000

   Energies (kJ/mol)
          Angle    Proper Dih. Ryckaert-Bell.  Improper Dih.          LJ-14
    1.43234e+04    3.98285e+03    7.20190e+03    4.49643e+02    4.33937e+03
     Coulomb-14        LJ (SR)  Disper. corr.   Coulomb (SR)   Coul. recip.
    9.70037e+03   -3.42025e+03   -3.99550e+03   -3.30540e+05    2.25282e+03
      Potential    Kinetic En.   Total Energy  Conserved En.    Temperature
   -2.95705e+05    4.67100e+04   -2.48995e+05   -2.55409e+05    3.22388e+02
 Pres. DC (bar) Pressure (bar)   Constr. rmsd
   -2.51344e+02    2.69201e+02    4.56491e-06

           Step           Time
         257000      514.00000

   Energies (kJ/mol)
          Angle    Proper Dih. Ryckaert-Bell.  Improper Dih.          LJ-14
    1.40456e+04    3.94569e+03    7.40685e+03    4.87206e+02    4.13547e+03
     Coulomb-14        LJ (SR)  Disper. corr.   Coulomb (SR)   Coul. recip.
    1.05267e+04   -3.73688e+03   -4.01190e+03   -3.30521e+05    2.17390e+03
      Potential    Kinetic En.   Total Energy  Conserved En.    Temperature
   -2.95548e+05    4.73055e+04   -2.48242e+05   -2.55465e+05    3.26497e+02
 Pres. DC (bar) Pressure (bar)   Constr. rmsd
   -2.53409e+02   -2.56013e+02    4.71708e-06

           Step           Time
         258000      516.00000

   Energies (kJ/mol)
          Angle    Proper Dih. Ryckaert-Bell.  Improper Dih.          LJ-14
    1.44211e+04    4.10270e+03    7.26636e+03    4.90994e+02    4.29251e+03
     Coulomb-14        LJ (SR)  Disper. corr.   Coulomb (SR)   Coul. recip.
    1.01331e+04   -3.54010e+03   -3.98341e+03   -3.30525e+05    2.25557e+03
      Potential    Kinetic En.   Total Energy  Conserved En.    Temperature
   -2.95086e+05    4.72281e+04   -2.47858e+05   -2.55524e+05    3.25963e+02
 Pres. DC (bar) Pressure (bar)   Constr. rmsd
   -2.49827e+02   -1.77934e+02    4.51423e-06

           Step           Time
         259000      518.00000

   Energies (kJ/mol)
          Angle    Proper Dih. Ryckaert-Bell.  Improper Dih.          LJ-14
    1.42698e+04    3.88053e+03    7.38405e+03    4.88945e+02    4.26181e+03
     Coulomb-14        LJ (SR)  Disper. corr.   Coulomb (SR)   Coul. recip.
    1.01017e+04   -3.38766e+03   -3.97435e+03   -3.29935e+05    2.18469e+03
      Potential    Kinetic En.   Total Energy  Conserved En.    Temperature
   -2.94725e+05    4.63341e+04   -2.48391e+05   -2.55595e+05    3.19793e+02
 Pres. DC (bar) Pressure (bar)   Constr. rmsd
   -2.48693e+02    7.18024e+00    4.20639e-06

           Step           Time
         260000      520.00000

   Energies (kJ/mol)
          Angle    Proper Dih. Ryckaert-Bell.  Improper Dih.          LJ-14
    1.41844e+04    4.03407e+03    7.37516e+03    5.02158e+02    4.23817e+03
     Coulomb-14        LJ (SR)  Disper. corr.   Coulomb (SR)   Coul. recip.
    1.01045e+04   -4.28433e+03   -4.00980e+03   -3.28966e+05    2.25512e+03
      Potential    Kinetic En.   Total Energy  Conserved En.    Temperature
   -2.94566e+05    4.64972e+04   -2.48069e+05   -2.55563e+05    3.20918e+02
 Pres. DC (bar) Pressure (bar)   Constr. rmsd
   -2.53144e+02    2.30204e+02    4.20414e-06

           Step           Time
         261000      522.00000

   Energies (kJ/mol)
          Angle    Proper Dih. Ryckaert-Bell.  Improper Dih.          LJ-14
    1.42738e+04    4.09901e+03    7.41817e+03    5.30045e+02    4.23937e+03
     Coulomb-14        LJ (SR)  Disper. corr.   Coulomb (SR)   Coul. recip.
    9.94944e+03   -3.82551e+03   -3.98311e+03   -3.30217e+05    2.28317e+03
      Potential    Kinetic En.   Total Energy  Conserved En.    Temperature
   -2.95232e+05    4.67854e+04   -2.48447e+05   -2.55612e+05    3.22908e+02
 Pres. DC (bar) Pressure (bar)   Constr. rmsd
   -2.49789e+02   -8.46785e+01    4.25982e-06

           Step           Time
         262000      524.00000

   Energies (kJ/mol)
          Angle    Proper Dih. Ryckaert-Bell.  Improper Dih.          LJ-14
    1.43566e+04    4.01025e+03    7.34234e+03    5.05771e+02    4.34330e+03
     Coulomb-14        LJ (SR)  Disper. corr.   Coulomb (SR)   Coul. recip.
    9.74614e+03   -4.39837e+03   -3.98170e+03   -3.27850e+05    2.21936e+03
      Potential    Kinetic En.   Total Energy  Conserved En.    Temperature
   -2.93706e+05    4.64990e+04   -2.47207e+05   -2.55627e+05    3.20931e+02
 Pres. DC (bar) Pressure (bar)   Constr. rmsd
   -2.49613e+02    1.36634e+02    4.56981e-06

           Step           Time
         263000      526.00000

   Energies (kJ/mol)
          Angle    Proper Dih. Ryckaert-Bell.  Improper Dih.          LJ-14
    1.43640e+04    3.94342e+03    7.36109e+03    5.02680e+02    4.27101e+03
     Coulomb-14        LJ (SR)  Disper. corr.   Coulomb (SR)   Coul. recip.
    1.02547e+04   -4.10345e+03   -3.96329e+03   -3.29582e+05    2.25188e+03
      Potential    Kinetic En.   Total Energy  Conserved En.    Temperature
   -2.94700e+05    4.68162e+04   -2.47883e+05   -2.55698e+05    3.23121e+02
 Pres. DC (bar) Pressure (bar)   Constr. rmsd
   -2.47311e+02   -3.76859e+02    4.65627e-06

           Step           Time
         264000      528.00000

   Energies (kJ/mol)
          Angle    Proper Dih. Ryckaert-Bell.  Improper Dih.          LJ-14
    1.41567e+04    3.99834e+03    7.12908e+03    4.85624e+02    4.17598e+03
     Coulomb-14        LJ (SR)  Disper. corr.   Coulomb (SR)   Coul. recip.
    1.01529e+04   -4.32632e+03   -3.98240e+03   -3.29057e+05    2.21677e+03
      Potential    Kinetic En.   Total Energy  Conserved En.    Temperature
   -2.95050e+05    4.67545e+04   -2.48296e+05   -2.55676e+05    3.22695e+02
 Pres. DC (bar) Pressure (bar)   Constr. rmsd
   -2.49700e+02   -1.38629e+02    4.25396e-06

           Step           Time
         265000      530.00000

   Energies (kJ/mol)
          Angle    Proper Dih. Ryckaert-Bell.  Improper Dih.          LJ-14
    1.45044e+04    4.07681e+03    7.42772e+03    4.31106e+02    4.34947e+03
     Coulomb-14        LJ (SR)  Disper. corr.   Coulomb (SR)   Coul. recip.
    1.01341e+04   -3.86967e+03   -3.98937e+03   -3.29328e+05    2.25004e+03
      Potential    Kinetic En.   Total Energy  Conserved En.    Temperature
   -2.94013e+05    4.74298e+04   -2.46583e+05   -2.55701e+05    3.27355e+02
 Pres. DC (bar) Pressure (bar)   Constr. rmsd
   -2.50574e+02    1.67971e+02    4.46844e-06

           Step           Time
         266000      532.00000

   Energies (kJ/mol)
          Angle    Proper Dih. Ryckaert-Bell.  Improper Dih.          LJ-14
    1.41011e+04    3.93447e+03    7.14662e+03    5.08373e+02    4.10643e+03
     Coulomb-14        LJ (SR)  Disper. corr.   Coulomb (SR)   Coul. recip.
    1.06437e+04   -4.08130e+03   -3.97904e+03   -3.29565e+05    2.29530e+03
      Potential    Kinetic En.   Total Energy  Conserved En.    Temperature
   -2.94890e+05    4.65372e+04   -2.48352e+05   -2.55811e+05    3.21194e+02
 Pres. DC (bar) Pressure (bar)   Constr. rmsd
   -2.49279e+02   -2.26039e+02    4.34429e-06

           Step           Time
         267000      534.00000

   Energies (kJ/mol)
          Angle    Proper Dih. Ryckaert-Bell.  Improper Dih.          LJ-14
    1.40281e+04    3.87506e+03    7.23375e+03    5.22057e+02    4.21118e+03
     Coulomb-14        LJ (SR)  Disper. corr.   Coulomb (SR)   Coul. recip.
    1.02162e+04   -3.56126e+03   -3.99880e+03   -3.30852e+05    2.24379e+03
      Potential    Kinetic En.   Total Energy  Conserved En.    Temperature
   -2.96082e+05    4.70161e+04   -2.49066e+05   -2.55741e+05    3.24500e+02
 Pres. DC (bar) Pressure (bar)   Constr. rmsd
   -2.51759e+02   -1.21604e+02    4.28333e-06

           Step           Time
         268000      536.00000

   Energies (kJ/mol)
          Angle    Proper Dih. Ryckaert-Bell.  Improper Dih.          LJ-14
    1.42206e+04    4.09634e+03    7.24198e+03    4.60459e+02    4.25072e+03
     Coulomb-14        LJ (SR)  Disper. corr.   Coulomb (SR)   Coul. recip.
    1.01221e+04   -3.42444e+03   -3.98099e+03   -3.30614e+05    2.16711e+03
      Potential    Kinetic En.   Total Energy  Conserved En.    Temperature
   -2.95460e+05    4.66448e+04   -2.48815e+05   -2.55838e+05    3.21937e+02
 Pres. DC (bar) Pressure (bar)   Constr. rmsd
   -2.49523e+02    6.15838e+01    4.36481e-06

           Step           Time
         269000      538.00000

   Energies (kJ/mol)
          Angle    Proper Dih. Ryckaert-Bell.  Improper Dih.          LJ-14
    1.43614e+04    3.97791e+03    7.28346e+03    4.96884e+02    4.07259e+03
     Coulomb-14        LJ (SR)  Disper. corr.   Coulomb (SR)   Coul. recip.
    1.02146e+04   -4.49104e+03   -4.00700e+03   -3.29548e+05    2.15331e+03
      Potential    Kinetic En.   Total Energy  Conserved En.    Temperature
   -2.95486e+05    4.63616e+04   -2.49124e+05   -2.55855e+05    3.19982e+02
 Pres. DC (bar) Pressure (bar)   Constr. rmsd
   -2.52792e+02   -8.83409e+01    4.44707e-06

           Step           Time
         270000      540.00000

   Energies (kJ/mol)
          Angle    Proper Dih. Ryckaert-Bell.  Improper Dih.          LJ-14
    1.40773e+04    4.06223e+03    7.49244e+03    4.67872e+02    4.28999e+03
     Coulomb-14        LJ (SR)  Disper. corr.   Coulomb (SR)   Coul. recip.
    9.94088e+03   -3.64727e+03   -3.99239e+03   -3.30211e+05    2.27388e+03
      Potential    Kinetic En.   Total Energy  Conserved En.    Temperature
   -2.95246e+05    4.61218e+04   -2.49124e+05   -2.55855e+05    3.18328e+02
 Pres. DC (bar) Pressure (bar)   Constr. rmsd
   -2.50953e+02   -1.89648e+02    4.72619e-06

           Step           Time
         271000      542.00000

   Energies (kJ/mol)
          Angle    Proper Dih. Ryckaert-Bell.  Improper Dih.          LJ-14
    1.43460e+04    4.08441e+03    7.50981e+03    5.14775e+02    4.27760e+03
     Coulomb-14        LJ (SR)  Disper. corr.   Coulomb (SR)   Coul. recip.
    1.02150e+04   -3.93485e+03   -3.99950e+03   -3.30562e+05    2.18572e+03
      Potential    Kinetic En.   Total Energy  Conserved En.    Temperature
   -2.95362e+05    4.67696e+04   -2.48593e+05   -2.55900e+05    3.22798e+02
 Pres. DC (bar) Pressure (bar)   Constr. rmsd
   -2.51847e+02   -8.12566e+01    4.37551e-06

           Step           Time
         272000      544.00000

   Energies (kJ/mol)
          Angle    Proper Dih. Ryckaert-Bell.  Improper Dih.          LJ-14
    1.43421e+04    4.05323e+03    7.21013e+03    4.87425e+02    4.33507e+03
     Coulomb-14        LJ (SR)  Disper. corr.   Coulomb (SR)   Coul. recip.
    1.01213e+04   -3.58853e+03   -3.99716e+03   -3.30936e+05    2.20988e+03
      Potential    Kinetic En.   Total Energy  Conserved En.    Temperature
   -2.95763e+05    4.63478e+04   -2.49415e+05   -2.55947e+05    3.19887e+02
 Pres. DC (bar) Pressure (bar)   Constr. rmsd
   -2.51552e+02    7.82677e+01    4.20805e-06

           Step           Time
         273000      546.00000

   Energies (kJ/mol)
          Angle    Proper Dih. Ryckaert-Bell.  Improper Dih.          LJ-14
    1.42054e+04    3.97452e+03    6.96317e+03    4.91914e+02    4.17573e+03
     Coulomb-14        LJ (SR)  Disper. corr.   Coulomb (SR)   Coul. recip.
    1.01791e+04   -3.04023e+03   -4.00524e+03   -3.31433e+05    2.24539e+03
      Potential    Kinetic En.   Total Energy  Conserved En.    Temperature
   -2.96243e+05    4.70827e+04   -2.49161e+05   -2.55997e+05    3.24960e+02
 Pres. DC (bar) Pressure (bar)   Constr. rmsd
   -2.52569e+02   -1.27814e+02    4.78368e-06

           Step           Time
         274000      548.00000

   Energies (kJ/mol)
          Angle    Proper Dih. Ryckaert-Bell.  Improper Dih.          LJ-14
    1.40729e+04    4.01470e+03    7.50356e+03    4.36562e+02    4.43358e+03
     Coulomb-14        LJ (SR)  Disper. corr.   Coulomb (SR)   Coul. recip.
    9.90028e+03   -3.68801e+03   -3.98509e+03   -3.30833e+05    2.25257e+03
      Potential    Kinetic En.   Total Energy  Conserved En.    Temperature
   -2.95892e+05    4.67691e+04   -2.49123e+05   -2.55991e+05    3.22795e+02
 Pres. DC (bar) Pressure (bar)   Constr. rmsd
   -2.50037e+02   -9.45249e+01    4.28236e-06

           Step           Time
         275000      550.00000

   Energies (kJ/mol)
          Angle    Proper Dih. Ryckaert-Bell.  Improper Dih.          LJ-14
    1.40322e+04    3.98688e+03    7.36305e+03    4.79084e+02    4.22272e+03
     Coulomb-14        LJ (SR)  Disper. corr.   Coulomb (SR)   Coul. recip.
    1.01558e+04   -3.66908e+03   -4.00332e+03   -3.29956e+05    2.39374e+03
      Potential    Kinetic En.   Total Energy  Conserved En.    Temperature
   -2.94994e+05    4.62870e+04   -2.48707e+05   -2.56007e+05    3.19468e+02
 Pres. DC (bar) Pressure (bar)   Constr. rmsd
   -2.52328e+02    1.44903e+02    4.20203e-06

           Step           Time
         276000      552.00000

   Energies (kJ/mol)
          Angle    Proper Dih. Ryckaert-Bell.  Improper Dih.          LJ-14
    1.41912e+04    4.09463e+03    7.31612e+03    5.52280e+02    4.32187e+03
     Coulomb-14        LJ (SR)  Disper. corr.   Coulomb (SR)   Coul. recip.
    9.87086e+03   -4.31247e+03   -3.98980e+03   -3.29437e+05    2.21112e+03
      Potential    Kinetic En.   Total Energy  Conserved En.    Temperature
   -2.95181e+05    4.64827e+04   -2.48699e+05   -2.56045e+05    3.20819e+02
 Pres. DC (bar) Pressure (bar)   Constr. rmsd
   -2.50628e+02   -8.39556e+01    4.10798e-06

           Step           Time
         277000      554.00000

   Energies (kJ/mol)
          Angle    Proper Dih. Ryckaert-Bell.  Improper Dih.          LJ-14
    1.41122e+04    4.23102e+03    7.47104e+03    4.21973e+02    4.19583e+03
     Coulomb-14        LJ (SR)  Disper. corr.   Coulomb (SR)   Coul. recip.
    9.73323e+03   -2.66128e+03   -3.98267e+03   -3.30739e+05    2.21901e+03
      Potential    Kinetic En.   Total Energy  Conserved En.    Temperature
   -2.94999e+05    4.70109e+04   -2.47988e+05   -2.56054e+05    3.24464e+02
 Pres. DC (bar) Pressure (bar)   Constr. rmsd
   -2.49733e+02   -2.09444e+02    4.63939e-06

           Step           Time
         278000      556.00000

   Energies (kJ/mol)
          Angle    Proper Dih. Ryckaert-Bell.  Improper Dih.          LJ-14
    1.46609e+04    4.07862e+03    7.36373e+03    4.83410e+02    4.29117e+03
     Coulomb-14        LJ (SR)  Disper. corr.   Coulomb (SR)   Coul. recip.
    9.52611e+03   -3.68136e+03   -3.98652e+03   -3.30270e+05    2.27759e+03
      Potential    Kinetic En.   Total Energy  Conserved En.    Temperature
   -2.95256e+05    4.67535e+04   -2.48503e+05   -2.56090e+05    3.22688e+02
 Pres. DC (bar) Pressure (bar)   Constr. rmsd
   -2.50216e+02   -9.20540e+01    4.34611e-06

           Step           Time
         279000      558.00000

   Energies (kJ/mol)
          Angle    Proper Dih. Ryckaert-Bell.  Improper Dih.          LJ-14
    1.41761e+04    4.19656e+03    7.21355e+03    4.94491e+02    4.24407e+03
     Coulomb-14        LJ (SR)  Disper. corr.   Coulomb (SR)   Coul. recip.
    1.00414e+04   -4.15085e+03   -3.99202e+03   -3.29105e+05    2.17268e+03
      Potential    Kinetic En.   Total Energy  Conserved En.    Temperature
   -2.94709e+05    4.67530e+04   -2.47956e+05   -2.56107e+05    3.22685e+02
 Pres. DC (bar) Pressure (bar)   Constr. rmsd
   -2.50906e+02   -3.47410e+01    4.48170e-06

           Step           Time
         280000      560.00000

   Energies (kJ/mol)
          Angle    Proper Dih. Ryckaert-Bell.  Improper Dih.          LJ-14
    1.39384e+04    4.05150e+03    7.28120e+03    4.70701e+02    4.25078e+03
     Coulomb-14        LJ (SR)  Disper. corr.   Coulomb (SR)   Coul. recip.
    9.99087e+03   -3.51209e+03   -3.98367e+03   -3.30150e+05    2.24793e+03
      Potential    Kinetic En.   Total Energy  Conserved En.    Temperature
   -2.95414e+05    4.76226e+04   -2.47791e+05   -2.56126e+05    3.28686e+02
 Pres. DC (bar) Pressure (bar)   Constr. rmsd
   -2.49859e+02    1.61766e+02    4.32956e-06

           Step           Time
         281000      562.00000

   Energies (kJ/mol)
          Angle    Proper Dih. Ryckaert-Bell.  Improper Dih.          LJ-14
    1.42876e+04    4.14117e+03    7.31129e+03    4.45866e+02    4.28568e+03
     Coulomb-14        LJ (SR)  Disper. corr.   Coulomb (SR)   Coul. recip.
    1.00916e+04   -3.81183e+03   -3.97375e+03   -3.30391e+05    2.23646e+03
      Potential    Kinetic En.   Total Energy  Conserved En.    Temperature
   -2.95377e+05    4.70103e+04   -2.48367e+05   -2.56194e+05    3.24460e+02
 Pres. DC (bar) Pressure (bar)   Constr. rmsd
   -2.48618e+02    6.33722e+01    4.01363e-06

           Step           Time
         282000      564.00000

   Energies (kJ/mol)
          Angle    Proper Dih. Ryckaert-Bell.  Improper Dih.          LJ-14
    1.39886e+04    4.10669e+03    7.32255e+03    4.57631e+02    4.22654e+03
     Coulomb-14        LJ (SR)  Disper. corr.   Coulomb (SR)   Coul. recip.
    1.00074e+04   -3.24056e+03   -3.98866e+03   -3.30130e+05    2.22716e+03
      Potential    Kinetic En.   Total Energy  Conserved En.    Temperature
   -2.95023e+05    4.69242e+04   -2.48099e+05   -2.56153e+05    3.23866e+02
 Pres. DC (bar) Pressure (bar)   Constr. rmsd
   -2.50484e+02    3.09110e+02    4.39860e-06

           Step           Time
         283000      566.00000

   Energies (kJ/mol)
          Angle    Proper Dih. Ryckaert-Bell.  Improper Dih.          LJ-14
    1.39204e+04    3.99659e+03    7.27995e+03    5.40685e+02    4.28177e+03
     Coulomb-14        LJ (SR)  Disper. corr.   Coulomb (SR)   Coul. recip.
    1.02167e+04   -3.35966e+03   -3.98042e+03   -3.30471e+05    2.25707e+03
      Potential    Kinetic En.   Total Energy  Conserved En.    Temperature
   -2.95318e+05    4.67623e+04   -2.48556e+05   -2.56279e+05    3.22748e+02
 Pres. DC (bar) Pressure (bar)   Constr. rmsd
   -2.49452e+02    2.17858e+02    4.00256e-06

           Step           Time
         284000      568.00000

   Energies (kJ/mol)
          Angle    Proper Dih. Ryckaert-Bell.  Improper Dih.          LJ-14
    1.49262e+04    4.25262e+03    7.31902e+03    5.70616e+02    4.19943e+03
     Coulomb-14        LJ (SR)  Disper. corr.   Coulomb (SR)   Coul. recip.
    9.72908e+03   -3.24590e+03   -4.01117e+03   -3.31383e+05    2.17795e+03
      Potential    Kinetic En.   Total Energy  Conserved En.    Temperature
   -2.95465e+05    4.66966e+04   -2.48768e+05   -2.56327e+05    3.22295e+02
 Pres. DC (bar) Pressure (bar)   Constr. rmsd
   -2.53317e+02   -5.31942e+01    4.48776e-06

           Step           Time
         285000      570.00000

   Energies (kJ/mol)
          Angle    Proper Dih. Ryckaert-Bell.  Improper Dih.          LJ-14
    1.40096e+04    4.21319e+03    7.28240e+03    5.13409e+02    4.31730e+03
     Coulomb-14        LJ (SR)  Disper. corr.   Coulomb (SR)   Coul. recip.
    9.98349e+03   -3.76251e+03   -3.99851e+03   -3.29682e+05    2.25261e+03
      Potential    Kinetic En.   Total Energy  Conserved En.    Temperature
   -2.94871e+05    4.68716e+04   -2.48000e+05   -2.56288e+05    3.23503e+02
 Pres. DC (bar) Pressure (bar)   Constr. rmsd
   -2.51722e+02   -4.46567e+00    4.18691e-06

           Step           Time
         286000      572.00000

   Energies (kJ/mol)
          Angle    Proper Dih. Ryckaert-Bell.  Improper Dih.          LJ-14
    1.44761e+04    4.18311e+03    7.44910e+03    4.82561e+02    4.14541e+03
     Coulomb-14        LJ (SR)  Disper. corr.   Coulomb (SR)   Coul. recip.
    1.00477e+04   -3.18952e+03   -3.98571e+03   -3.30551e+05    2.18002e+03
      Potential    Kinetic En.   Total Energy  Conserved En.    Temperature
   -2.94762e+05    4.72452e+04   -2.47517e+05   -2.56313e+05    3.26081e+02
 Pres. DC (bar) Pressure (bar)   Constr. rmsd
   -2.50115e+02   -3.00135e+02    4.86897e-06

           Step           Time
         287000      574.00000

   Energies (kJ/mol)
          Angle    Proper Dih. Ryckaert-Bell.  Improper Dih.          LJ-14
    1.43292e+04    4.12362e+03    7.20619e+03    4.81185e+02    4.46876e+03
     Coulomb-14        LJ (SR)  Disper. corr.   Coulomb (SR)   Coul. recip.
    9.58700e+03   -4.36358e+03   -3.98432e+03   -3.29404e+05    2.22282e+03
      Potential    Kinetic En.   Total Energy  Conserved En.    Temperature
   -2.95333e+05    4.61751e+04   -2.49158e+05   -2.56476e+05    3.18695e+02
 Pres. DC (bar) Pressure (bar)   Constr. rmsd
   -2.49941e+02   -4.56155e+01    4.33407e-06

           Step           Time
         288000      576.00000

   Energies (kJ/mol)
          Angle    Proper Dih. Ryckaert-Bell.  Improper Dih.          LJ-14
    1.42345e+04    4.06153e+03    7.38812e+03    4.34655e+02    4.31976e+03
     Coulomb-14        LJ (SR)  Disper. corr.   Coulomb (SR)   Coul. recip.
    9.46653e+03   -4.25347e+03   -3.99738e+03   -3.29755e+05    2.17155e+03
      Potential    Kinetic En.   Total Energy  Conserved En.    Temperature
   -2.95929e+05    4.68281e+04   -2.49101e+05   -2.56380e+05    3.23203e+02
 Pres. DC (bar) Pressure (bar)   Constr. rmsd
   -2.51580e+02   -1.56753e+02    4.30827e-06

           Step           Time
         289000      578.00000

   Energies (kJ/mol)
          Angle    Proper Dih. Ryckaert-Bell.  Improper Dih.          LJ-14
    1.42409e+04    3.83268e+03    7.26925e+03    4.83181e+02    4.12720e+03
     Coulomb-14        LJ (SR)  Disper. corr.   Coulomb (SR)   Coul. recip.
    1.04578e+04   -3.21642e+03   -4.00459e+03   -3.30866e+05    2.30701e+03
      Potential    Kinetic En.   Total Energy  Conserved En.    Temperature
   -2.95369e+05    4.69137e+04   -2.48456e+05   -2.56353e+05    3.23793e+02
 Pres. DC (bar) Pressure (bar)   Constr. rmsd
   -2.52488e+02    1.26935e+02    4.24887e-06

           Step           Time
         290000      580.00000

   Energies (kJ/mol)
          Angle    Proper Dih. Ryckaert-Bell.  Improper Dih.          LJ-14
    1.43517e+04    3.92177e+03    7.24675e+03    4.85992e+02    4.29329e+03
     Coulomb-14        LJ (SR)  Disper. corr.   Coulomb (SR)   Coul. recip.
    1.02434e+04   -3.43345e+03   -4.00500e+03   -3.31378e+05    2.20085e+03
      Potential    Kinetic En.   Total Energy  Conserved En.    Temperature
   -2.96072e+05    4.71737e+04   -2.48899e+05   -2.56429e+05    3.25588e+02
 Pres. DC (bar) Pressure (bar)   Constr. rmsd
   -2.52539e+02   -1.19173e+02    4.55135e-06

           Step           Time
         291000      582.00000

   Energies (kJ/mol)
          Angle    Proper Dih. Ryckaert-Bell.  Improper Dih.          LJ-14
    1.43880e+04    4.00559e+03    7.18769e+03    5.30985e+02    4.32653e+03
     Coulomb-14        LJ (SR)  Disper. corr.   Coulomb (SR)   Coul. recip.
    9.89085e+03   -3.03898e+03   -3.98324e+03   -3.30941e+05    2.25366e+03
      Potential    Kinetic En.   Total Energy  Conserved En.    Temperature
   -2.95380e+05    4.68041e+04   -2.48576e+05   -2.56450e+05    3.23037e+02
 Pres. DC (bar) Pressure (bar)   Constr. rmsd
   -2.49805e+02    2.56779e+01    4.36992e-06

           Step           Time
         292000      584.00000

   Energies (kJ/mol)
          Angle    Proper Dih. Ryckaert-Bell.  Improper Dih.          LJ-14
    1.42635e+04    4.16402e+03    7.33813e+03    5.26591e+02    4.30486e+03
     Coulomb-14        LJ (SR)  Disper. corr.   Coulomb (SR)   Coul. recip.
    9.63419e+03   -3.90127e+03   -3.98168e+03   -3.30388e+05    2.22687e+03
      Potential    Kinetic En.   Total Energy  Conserved En.    Temperature
   -2.95812e+05    4.63031e+04   -2.49509e+05   -2.56574e+05    3.19579e+02
 Pres. DC (bar) Pressure (bar)   Constr. rmsd
   -2.49609e+02   -1.54187e+02    4.24656e-06

           Step           Time
         293000      586.00000

   Energies (kJ/mol)
          Angle    Proper Dih. Ryckaert-Bell.  Improper Dih.          LJ-14
    1.43914e+04    4.12246e+03    7.34207e+03    5.36602e+02    4.34007e+03
     Coulomb-14        LJ (SR)  Disper. corr.   Coulomb (SR)   Coul. recip.
    9.61260e+03   -3.70963e+03   -3.99069e+03   -3.29763e+05    2.25173e+03
      Potential    Kinetic En.   Total Energy  Conserved En.    Temperature
   -2.94866e+05    4.72542e+04   -2.47612e+05   -2.56509e+05    3.26143e+02
 Pres. DC (bar) Pressure (bar)   Constr. rmsd
   -2.50739e+02    2.77162e+01    4.86780e-06

           Step           Time
         294000      588.00000

   Energies (kJ/mol)
          Angle    Proper Dih. Ryckaert-Bell.  Improper Dih.          LJ-14
    1.39521e+04    4.12018e+03    7.34950e+03    4.92225e+02    4.25627e+03
     Coulomb-14        LJ (SR)  Disper. corr.   Coulomb (SR)   Coul. recip.
    9.86172e+03   -3.82988e+03   -3.99492e+03   -3.29955e+05    2.22659e+03
      Potential    Kinetic En.   Total Energy  Conserved En.    Temperature
   -2.95521e+05    4.69444e+04   -2.48576e+05   -2.56539e+05    3.24005e+02
 Pres. DC (bar) Pressure (bar)   Constr. rmsd
   -2.51271e+02    3.30466e+01    4.54659e-06

           Step           Time
         295000      590.00000

   Energies (kJ/mol)
          Angle    Proper Dih. Ryckaert-Bell.  Improper Dih.          LJ-14
    1.42525e+04    4.00973e+03    7.36110e+03    4.71386e+02    4.29087e+03
     Coulomb-14        LJ (SR)  Disper. corr.   Coulomb (SR)   Coul. recip.
    9.65015e+03   -3.02749e+03   -3.98319e+03   -3.30360e+05    2.15491e+03
      Potential    Kinetic En.   Total Energy  Conserved En.    Temperature
   -2.95180e+05    4.69496e+04   -2.48231e+05   -2.56564e+05    3.24041e+02
 Pres. DC (bar) Pressure (bar)   Constr. rmsd
   -2.49799e+02    1.38952e+02    4.51199e-06

           Step           Time
         296000      592.00000

   Energies (kJ/mol)
          Angle    Proper Dih. Ryckaert-Bell.  Improper Dih.          LJ-14
    1.44890e+04    4.18797e+03    7.50430e+03    4.71900e+02    4.19006e+03
     Coulomb-14        LJ (SR)  Disper. corr.   Coulomb (SR)   Coul. recip.
    9.84729e+03   -2.85682e+03   -3.96407e+03   -3.30412e+05    2.25535e+03
      Potential    Kinetic En.   Total Energy  Conserved En.    Temperature
   -2.94287e+05    4.72716e+04   -2.47016e+05   -2.56593e+05    3.26263e+02
 Pres. DC (bar) Pressure (bar)   Constr. rmsd
   -2.47409e+02   -1.56453e+02    4.58588e-06

           Step           Time
         297000      594.00000

   Energies (kJ/mol)
          Angle    Proper Dih. Ryckaert-Bell.  Improper Dih.          LJ-14
    1.42069e+04    4.01052e+03    7.51381e+03    4.93052e+02    4.41848e+03
     Coulomb-14        LJ (SR)  Disper. corr.   Coulomb (SR)   Coul. recip.
    9.65704e+03   -3.76721e+03   -3.98310e+03   -3.30358e+05    2.30509e+03
      Potential    Kinetic En.   Total Energy  Conserved En.    Temperature
   -2.95503e+05    4.68282e+04   -2.48675e+05   -2.56632e+05    3.23203e+02
 Pres. DC (bar) Pressure (bar)   Constr. rmsd
   -2.49788e+02   -2.87049e+01    4.44869e-06

           Step           Time
         298000      596.00000

   Energies (kJ/mol)
          Angle    Proper Dih. Ryckaert-Bell.  Improper Dih.          LJ-14
    1.44325e+04    3.99144e+03    7.46303e+03    5.66409e+02    4.28186e+03
     Coulomb-14        LJ (SR)  Disper. corr.   Coulomb (SR)   Coul. recip.
    9.63628e+03   -3.82226e+03   -4.00260e+03   -3.29711e+05    2.27097e+03
      Potential    Kinetic En.   Total Energy  Conserved En.    Temperature
   -2.94894e+05    4.65037e+04   -2.48390e+05   -2.56579e+05    3.20963e+02
 Pres. DC (bar) Pressure (bar)   Constr. rmsd
   -2.52236e+02   -1.91141e+02    4.62940e-06

           Step           Time
         299000      598.00000

   Energies (kJ/mol)
          Angle    Proper Dih. Ryckaert-Bell.  Improper Dih.          LJ-14
    1.43370e+04    4.04104e+03    7.50356e+03    5.20751e+02    4.22988e+03
     Coulomb-14        LJ (SR)  Disper. corr.   Coulomb (SR)   Coul. recip.
    1.03027e+04   -3.45046e+03   -3.99370e+03   -3.30616e+05    2.28464e+03
      Potential    Kinetic En.   Total Energy  Conserved En.    Temperature
   -2.94841e+05    4.67036e+04   -2.48138e+05   -2.56644e+05    3.22343e+02
 Pres. DC (bar) Pressure (bar)   Constr. rmsd
   -2.51118e+02   -9.01158e+01    4.42171e-06

           Step           Time
         300000      600.00000

   Energies (kJ/mol)
          Angle    Proper Dih. Ryckaert-Bell.  Improper Dih.          LJ-14
    1.42764e+04    4.01035e+03    7.24091e+03    5.07594e+02    4.29068e+03
     Coulomb-14        LJ (SR)  Disper. corr.   Coulomb (SR)   Coul. recip.
    9.74830e+03   -4.40428e+03   -3.99753e+03   -3.29520e+05    2.29791e+03
      Potential    Kinetic En.   Total Energy  Conserved En.    Temperature
   -2.95549e+05    4.65409e+04   -2.49008e+05   -2.56700e+05    3.21220e+02
 Pres. DC (bar) Pressure (bar)   Constr. rmsd
   -2.51599e+02   -1.70155e+02    4.49915e-06

Writing checkpoint, step 300600 at Thu Oct 25 14:38:19 2018


           Step           Time
         301000      602.00000

   Energies (kJ/mol)
          Angle    Proper Dih. Ryckaert-Bell.  Improper Dih.          LJ-14
    1.43057e+04    4.01370e+03    7.40088e+03    4.64856e+02    4.22576e+03
     Coulomb-14        LJ (SR)  Disper. corr.   Coulomb (SR)   Coul. recip.
    9.91281e+03   -3.44971e+03   -3.98974e+03   -3.29818e+05    2.22362e+03
      Potential    Kinetic En.   Total Energy  Conserved En.    Temperature
   -2.94710e+05    4.64046e+04   -2.48305e+05   -2.56754e+05    3.20279e+02
 Pres. DC (bar) Pressure (bar)   Constr. rmsd
   -2.50620e+02   -9.39798e+01    4.58640e-06

           Step           Time
         302000      604.00000

   Energies (kJ/mol)
          Angle    Proper Dih. Ryckaert-Bell.  Improper Dih.          LJ-14
    1.41373e+04    3.99059e+03    7.27798e+03    4.80964e+02    4.30478e+03
     Coulomb-14        LJ (SR)  Disper. corr.   Coulomb (SR)   Coul. recip.
    1.01799e+04   -3.42880e+03   -3.99607e+03   -3.30471e+05    2.28500e+03
      Potential    Kinetic En.   Total Energy  Conserved En.    Temperature
   -2.95240e+05    4.68763e+04   -2.48363e+05   -2.56744e+05    3.23535e+02
 Pres. DC (bar) Pressure (bar)   Constr. rmsd
   -2.51416e+02    1.43105e+02    4.12491e-06

           Step           Time
         303000      606.00000

   Energies (kJ/mol)
          Angle    Proper Dih. Ryckaert-Bell.  Improper Dih.          LJ-14
    1.46012e+04    4.15498e+03    7.37808e+03    4.57697e+02    4.17238e+03
     Coulomb-14        LJ (SR)  Disper. corr.   Coulomb (SR)   Coul. recip.
    1.00682e+04   -4.10682e+03   -4.00399e+03   -3.29822e+05    2.29737e+03
      Potential    Kinetic En.   Total Energy  Conserved En.    Temperature
   -2.94803e+05    4.64027e+04   -2.48400e+05   -2.56797e+05    3.20267e+02
 Pres. DC (bar) Pressure (bar)   Constr. rmsd
   -2.52412e+02   -3.43646e+02    4.53358e-06

           Step           Time
         304000      608.00000

   Energies (kJ/mol)
          Angle    Proper Dih. Ryckaert-Bell.  Improper Dih.          LJ-14
    1.43803e+04    4.07216e+03    7.28825e+03    4.47346e+02    4.20013e+03
     Coulomb-14        LJ (SR)  Disper. corr.   Coulomb (SR)   Coul. recip.
    9.86966e+03   -4.22000e+03   -3.97933e+03   -3.29598e+05    2.20733e+03
      Potential    Kinetic En.   Total Energy  Conserved En.    Temperature
   -2.95333e+05    4.67517e+04   -2.48581e+05   -2.56839e+05    3.22675e+02
 Pres. DC (bar) Pressure (bar)   Constr. rmsd
   -2.49316e+02   -3.44424e+02    4.39591e-06

           Step           Time
         305000      610.00000

   Energies (kJ/mol)
          Angle    Proper Dih. Ryckaert-Bell.  Improper Dih.          LJ-14
    1.41092e+04    4.17900e+03    7.57769e+03    4.90230e+02    4.24241e+03
     Coulomb-14        LJ (SR)  Disper. corr.   Coulomb (SR)   Coul. recip.
    1.02356e+04   -3.64525e+03   -3.98519e+03   -3.30786e+05    2.21283e+03
      Potential    Kinetic En.   Total Energy  Conserved En.    Temperature
   -2.95369e+05    4.66740e+04   -2.48695e+05   -2.56852e+05    3.22139e+02
 Pres. DC (bar) Pressure (bar)   Constr. rmsd
   -2.50050e+02   -1.34910e+02    4.35066e-06

           Step           Time
         306000      612.00000

   Energies (kJ/mol)
          Angle    Proper Dih. Ryckaert-Bell.  Improper Dih.          LJ-14
    1.46420e+04    4.00889e+03    7.47938e+03    4.89552e+02    4.30988e+03
     Coulomb-14        LJ (SR)  Disper. corr.   Coulomb (SR)   Coul. recip.
    9.76511e+03   -3.25812e+03   -4.00132e+03   -3.30855e+05    2.23143e+03
      Potential    Kinetic En.   Total Energy  Conserved En.    Temperature
   -2.95188e+05    4.69467e+04   -2.48242e+05   -2.56914e+05    3.24021e+02
 Pres. DC (bar) Pressure (bar)   Constr. rmsd
   -2.52076e+02    1.42787e+02    4.27165e-06

           Step           Time
         307000      614.00000

   Energies (kJ/mol)
          Angle    Proper Dih. Ryckaert-Bell.  Improper Dih.          LJ-14
    1.40569e+04    4.20264e+03    7.29047e+03    5.22582e+02    4.33619e+03
     Coulomb-14        LJ (SR)  Disper. corr.   Coulomb (SR)   Coul. recip.
    9.72916e+03   -4.00922e+03   -3.98870e+03   -3.29714e+05    2.21308e+03
      Potential    Kinetic En.   Total Energy  Conserved En.    Temperature
   -2.95361e+05    4.63587e+04   -2.49003e+05   -2.56941e+05    3.19963e+02
 Pres. DC (bar) Pressure (bar)   Constr. rmsd
   -2.50490e+02   -5.15368e+01    4.14775e-06

           Step           Time
         308000      616.00000

   Energies (kJ/mol)
          Angle    Proper Dih. Ryckaert-Bell.  Improper Dih.          LJ-14
    1.44686e+04    4.10502e+03    7.42474e+03    4.66622e+02    4.31490e+03
     Coulomb-14        LJ (SR)  Disper. corr.   Coulomb (SR)   Coul. recip.
    9.64086e+03   -2.48747e+03   -3.99500e+03   -3.31062e+05    2.15724e+03
      Potential    Kinetic En.   Total Energy  Conserved En.    Temperature
   -2.94966e+05    4.66714e+04   -2.48295e+05   -2.56973e+05    3.22121e+02
 Pres. DC (bar) Pressure (bar)   Constr. rmsd
   -2.51281e+02    2.48219e+02    4.37907e-06

           Step           Time
         309000      618.00000

   Energies (kJ/mol)
          Angle    Proper Dih. Ryckaert-Bell.  Improper Dih.          LJ-14
    1.44653e+04    4.00927e+03    7.40344e+03    5.69287e+02    4.16262e+03
     Coulomb-14        LJ (SR)  Disper. corr.   Coulomb (SR)   Coul. recip.
    9.92857e+03   -3.01813e+03   -3.99100e+03   -3.31247e+05    2.13403e+03
      Potential    Kinetic En.   Total Energy  Conserved En.    Temperature
   -2.95583e+05    4.63878e+04   -2.49196e+05   -2.56949e+05    3.20163e+02
 Pres. DC (bar) Pressure (bar)   Constr. rmsd
   -2.50779e+02   -8.63402e+01    4.46488e-06

           Step           Time
         310000      620.00000

   Energies (kJ/mol)
          Angle    Proper Dih. Ryckaert-Bell.  Improper Dih.          LJ-14
    1.44021e+04    4.12207e+03    7.38113e+03    5.10750e+02    4.24405e+03
     Coulomb-14        LJ (SR)  Disper. corr.   Coulomb (SR)   Coul. recip.
    1.00121e+04   -3.49108e+03   -4.00432e+03   -3.30709e+05    2.21355e+03
      Potential    Kinetic En.   Total Energy  Conserved En.    Temperature
   -2.95319e+05    4.66692e+04   -2.48650e+05   -2.57032e+05    3.22106e+02
 Pres. DC (bar) Pressure (bar)   Constr. rmsd
   -2.52453e+02    1.75554e+02    4.01463e-06

           Step           Time
         311000      622.00000

   Energies (kJ/mol)
          Angle    Proper Dih. Ryckaert-Bell.  Improper Dih.          LJ-14
    1.45683e+04    4.20965e+03    7.56788e+03    5.52917e+02    4.14609e+03
     Coulomb-14        LJ (SR)  Disper. corr.   Coulomb (SR)   Coul. recip.
    9.77671e+03   -3.01389e+03   -3.99806e+03   -3.30976e+05    2.23628e+03
      Potential    Kinetic En.   Total Energy  Conserved En.    Temperature
   -2.94930e+05    4.66319e+04   -2.48298e+05   -2.57066e+05    3.21849e+02
 Pres. DC (bar) Pressure (bar)   Constr. rmsd
   -2.51665e+02    9.28726e+01    4.46086e-06

           Step           Time
         312000      624.00000

   Energies (kJ/mol)
          Angle    Proper Dih. Ryckaert-Bell.  Improper Dih.          LJ-14
    1.45572e+04    3.99512e+03    7.52553e+03    5.42927e+02    4.19627e+03
     Coulomb-14        LJ (SR)  Disper. corr.   Coulomb (SR)   Coul. recip.
    9.42466e+03   -2.95527e+03   -3.99353e+03   -3.30449e+05    2.16226e+03
      Potential    Kinetic En.   Total Energy  Conserved En.    Temperature
   -2.94994e+05    4.63539e+04   -2.48640e+05   -2.57068e+05    3.19930e+02
 Pres. DC (bar) Pressure (bar)   Constr. rmsd
   -2.51096e+02   -1.69447e+01    4.30371e-06

           Step           Time
         313000      626.00000

   Energies (kJ/mol)
          Angle    Proper Dih. Ryckaert-Bell.  Improper Dih.          LJ-14
    1.45056e+04    4.04965e+03    7.41553e+03    4.68157e+02    4.27631e+03
     Coulomb-14        LJ (SR)  Disper. corr.   Coulomb (SR)   Coul. recip.
    9.91554e+03   -3.28508e+03   -3.97329e+03   -3.29450e+05    2.24771e+03
      Potential    Kinetic En.   Total Energy  Conserved En.    Temperature
   -2.93829e+05    4.64725e+04   -2.47357e+05   -2.57048e+05    3.20748e+02
 Pres. DC (bar) Pressure (bar)   Constr. rmsd
   -2.48560e+02    1.62533e+02    4.32750e-06

           Step           Time
         314000      628.00000

   Energies (kJ/mol)
          Angle    Proper Dih. Ryckaert-Bell.  Improper Dih.          LJ-14
    1.42122e+04    4.14074e+03    7.30391e+03    4.84690e+02    4.21418e+03
     Coulomb-14        LJ (SR)  Disper. corr.   Coulomb (SR)   Coul. recip.
    1.01790e+04   -3.91528e+03   -3.96757e+03   -3.29404e+05    2.10783e+03
      Potential    Kinetic En.   Total Energy  Conserved En.    Temperature
   -2.94644e+05    4.70508e+04   -2.47594e+05   -2.57146e+05    3.24740e+02
 Pres. DC (bar) Pressure (bar)   Constr. rmsd
   -2.47846e+02   -1.41848e+02    4.12498e-06

           Step           Time
         315000      630.00000

   Energies (kJ/mol)
          Angle    Proper Dih. Ryckaert-Bell.  Improper Dih.          LJ-14
    1.43052e+04    3.99725e+03    7.38993e+03    4.67676e+02    4.16761e+03
     Coulomb-14        LJ (SR)  Disper. corr.   Coulomb (SR)   Coul. recip.
    9.77178e+03   -3.15903e+03   -3.98517e+03   -3.30603e+05    2.13370e+03
      Potential    Kinetic En.   Total Energy  Conserved En.    Temperature
   -2.95514e+05    4.74974e+04   -2.48016e+05   -2.57134e+05    3.27822e+02
 Pres. DC (bar) Pressure (bar)   Constr. rmsd
   -2.50047e+02    3.71239e+00    4.71350e-06

           Step           Time
         316000      632.00000

   Energies (kJ/mol)
          Angle    Proper Dih. Ryckaert-Bell.  Improper Dih.          LJ-14
    1.47759e+04    4.08695e+03    7.47273e+03    5.25440e+02    4.28730e+03
     Coulomb-14        LJ (SR)  Disper. corr.   Coulomb (SR)   Coul. recip.
    9.72479e+03   -3.19449e+03   -3.98867e+03   -3.30850e+05    2.19409e+03
      Potential    Kinetic En.   Total Energy  Conserved En.    Temperature
   -2.94966e+05    4.71029e+04   -2.47863e+05   -2.57224e+05    3.25099e+02
 Pres. DC (bar) Pressure (bar)   Constr. rmsd
   -2.50486e+02   -3.94019e+01    4.36137e-06

           Step           Time
         317000      634.00000

   Energies (kJ/mol)
          Angle    Proper Dih. Ryckaert-Bell.  Improper Dih.          LJ-14
    1.44069e+04    4.17221e+03    7.47057e+03    4.53405e+02    4.14021e+03
     Coulomb-14        LJ (SR)  Disper. corr.   Coulomb (SR)   Coul. recip.
    9.84338e+03   -4.38335e+03   -3.99910e+03   -3.29578e+05    2.21577e+03
      Potential    Kinetic En.   Total Energy  Conserved En.    Temperature
   -2.95258e+05    4.63268e+04   -2.48931e+05   -2.57208e+05    3.19743e+02
 Pres. DC (bar) Pressure (bar)   Constr. rmsd
   -2.51796e+02   -3.08151e+02    4.69850e-06

           Step           Time
         318000      636.00000

   Energies (kJ/mol)
          Angle    Proper Dih. Ryckaert-Bell.  Improper Dih.          LJ-14
    1.43318e+04    3.85718e+03    7.45958e+03    5.28898e+02    4.21892e+03
     Coulomb-14        LJ (SR)  Disper. corr.   Coulomb (SR)   Coul. recip.
    1.02064e+04   -4.02813e+03   -4.01343e+03   -3.29797e+05    2.23685e+03
      Potential    Kinetic En.   Total Energy  Conserved En.    Temperature
   -2.94999e+05    4.63692e+04   -2.48630e+05   -2.57223e+05    3.20035e+02
 Pres. DC (bar) Pressure (bar)   Constr. rmsd
   -2.53603e+02    2.80708e+01    4.56691e-06

           Step           Time
         319000      638.00000

   Energies (kJ/mol)
          Angle    Proper Dih. Ryckaert-Bell.  Improper Dih.          LJ-14
    1.39068e+04    3.98313e+03    7.43190e+03    4.73065e+02    4.19107e+03
     Coulomb-14        LJ (SR)  Disper. corr.   Coulomb (SR)   Coul. recip.
    1.02734e+04   -3.45582e+03   -3.99312e+03   -3.30302e+05    2.22744e+03
      Potential    Kinetic En.   Total Energy  Conserved En.    Temperature
   -2.95264e+05    4.69531e+04   -2.48311e+05   -2.57274e+05    3.24065e+02
 Pres. DC (bar) Pressure (bar)   Constr. rmsd
   -2.51044e+02    2.88635e+01    4.29067e-06

           Step           Time
         320000      640.00000

   Energies (kJ/mol)
          Angle    Proper Dih. Ryckaert-Bell.  Improper Dih.          LJ-14
    1.37337e+04    3.91388e+03    7.21194e+03    4.63592e+02    4.24596e+03
     Coulomb-14        LJ (SR)  Disper. corr.   Coulomb (SR)   Coul. recip.
    9.66838e+03   -4.37376e+03   -3.99660e+03   -3.29176e+05    2.28314e+03
      Potential    Kinetic En.   Total Energy  Conserved En.    Temperature
   -2.96025e+05    4.57561e+04   -2.50269e+05   -2.57299e+05    3.15804e+02
 Pres. DC (bar) Pressure (bar)   Constr. rmsd
   -2.51482e+02   -3.61597e+02    4.42468e-06

           Step           Time
         321000      642.00000

   Energies (kJ/mol)
          Angle    Proper Dih. Ryckaert-Bell.  Improper Dih.          LJ-14
    1.43219e+04    4.00635e+03    7.38878e+03    4.93650e+02    4.15398e+03
     Coulomb-14        LJ (SR)  Disper. corr.   Coulomb (SR)   Coul. recip.
    1.02099e+04   -3.44303e+03   -4.00210e+03   -3.30860e+05    2.19000e+03
      Potential    Kinetic En.   Total Energy  Conserved En.    Temperature
   -2.95541e+05    4.69174e+04   -2.48624e+05   -2.57330e+05    3.23819e+02
 Pres. DC (bar) Pressure (bar)   Constr. rmsd
   -2.52174e+02    1.63607e+01    4.78250e-06

           Step           Time
         322000      644.00000

   Energies (kJ/mol)
          Angle    Proper Dih. Ryckaert-Bell.  Improper Dih.          LJ-14
    1.44687e+04    4.10521e+03    7.49707e+03    5.57619e+02    4.27682e+03
     Coulomb-14        LJ (SR)  Disper. corr.   Coulomb (SR)   Coul. recip.
    9.60474e+03   -3.55452e+03   -3.99819e+03   -3.30166e+05    2.23593e+03
      Potential    Kinetic En.   Total Energy  Conserved En.    Temperature
   -2.94972e+05    4.65382e+04   -2.48434e+05   -2.57324e+05    3.21202e+02
 Pres. DC (bar) Pressure (bar)   Constr. rmsd
   -2.51682e+02   -2.43672e+02    4.28217e-06

           Step           Time
         323000      646.00000

   Energies (kJ/mol)
          Angle    Proper Dih. Ryckaert-Bell.  Improper Dih.          LJ-14
    1.40348e+04    4.07347e+03    7.33430e+03    4.30844e+02    4.23847e+03
     Coulomb-14        LJ (SR)  Disper. corr.   Coulomb (SR)   Coul. recip.
    1.00142e+04   -3.88873e+03   -4.00593e+03   -3.30101e+05    2.22889e+03
      Potential    Kinetic En.   Total Energy  Conserved En.    Temperature
   -2.95641e+05    4.70736e+04   -2.48567e+05   -2.57320e+05    3.24897e+02
 Pres. DC (bar) Pressure (bar)   Constr. rmsd
   -2.52656e+02   -8.52541e+01    4.47629e-06

           Step           Time
         324000      648.00000

   Energies (kJ/mol)
          Angle    Proper Dih. Ryckaert-Bell.  Improper Dih.          LJ-14
    1.44641e+04    4.08237e+03    7.52314e+03    4.78497e+02    4.23441e+03
     Coulomb-14        LJ (SR)  Disper. corr.   Coulomb (SR)   Coul. recip.
    9.78191e+03   -3.07584e+03   -3.98875e+03   -3.30829e+05    2.17839e+03
      Potential    Kinetic En.   Total Energy  Conserved En.    Temperature
   -2.95150e+05    4.62833e+04   -2.48867e+05   -2.57326e+05    3.19443e+02
 Pres. DC (bar) Pressure (bar)   Constr. rmsd
   -2.50496e+02   -6.24687e+01    4.47129e-06

           Step           Time
         325000      650.00000

   Energies (kJ/mol)
          Angle    Proper Dih. Ryckaert-Bell.  Improper Dih.          LJ-14
    1.49057e+04    3.95327e+03    7.65440e+03    5.02166e+02    4.33289e+03
     Coulomb-14        LJ (SR)  Disper. corr.   Coulomb (SR)   Coul. recip.
    9.38014e+03   -3.25624e+03   -3.97943e+03   -3.30880e+05    2.19571e+03
      Potential    Kinetic En.   Total Energy  Conserved En.    Temperature
   -2.95191e+05    4.68270e+04   -2.48364e+05   -2.57376e+05    3.23195e+02
 Pres. DC (bar) Pressure (bar)   Constr. rmsd
   -2.49328e+02   -2.36605e+02    4.27526e-06

           Step           Time
         326000      652.00000

   Energies (kJ/mol)
          Angle    Proper Dih. Ryckaert-Bell.  Improper Dih.          LJ-14
    1.43066e+04    4.06509e+03    7.29382e+03    5.21106e+02    4.21806e+03
     Coulomb-14        LJ (SR)  Disper. corr.   Coulomb (SR)   Coul. recip.
    1.06262e+04   -3.89025e+03   -3.99288e+03   -3.30784e+05    2.11591e+03
      Potential    Kinetic En.   Total Energy  Conserved En.    Temperature
   -2.95520e+05    4.69115e+04   -2.48609e+05   -2.57439e+05    3.23778e+02
 Pres. DC (bar) Pressure (bar)   Constr. rmsd
   -2.51014e+02   -1.37267e+02    4.56371e-06

           Step           Time
         327000      654.00000

   Energies (kJ/mol)
          Angle    Proper Dih. Ryckaert-Bell.  Improper Dih.          LJ-14
    1.43801e+04    4.28234e+03    7.45630e+03    5.29889e+02    4.25274e+03
     Coulomb-14        LJ (SR)  Disper. corr.   Coulomb (SR)   Coul. recip.
    1.00183e+04   -4.27977e+03   -3.99715e+03   -3.29660e+05    2.16593e+03
      Potential    Kinetic En.   Total Energy  Conserved En.    Temperature
   -2.94851e+05    4.67830e+04   -2.48068e+05   -2.57463e+05    3.22891e+02
 Pres. DC (bar) Pressure (bar)   Constr. rmsd
   -2.51552e+02    1.18300e+02    4.36948e-06

           Step           Time
         328000      656.00000

   Energies (kJ/mol)
          Angle    Proper Dih. Ryckaert-Bell.  Improper Dih.          LJ-14
    1.41962e+04    4.02683e+03    7.42967e+03    5.10748e+02    4.13245e+03
     Coulomb-14        LJ (SR)  Disper. corr.   Coulomb (SR)   Coul. recip.
    1.06618e+04   -3.37971e+03   -3.97799e+03   -3.30712e+05    2.17448e+03
      Potential    Kinetic En.   Total Energy  Conserved En.    Temperature
   -2.94938e+05    4.65605e+04   -2.48377e+05   -2.57522e+05    3.21356e+02
 Pres. DC (bar) Pressure (bar)   Constr. rmsd
   -2.49148e+02   -2.22099e+02    4.29376e-06

           Step           Time
         329000      658.00000

   Energies (kJ/mol)
          Angle    Proper Dih. Ryckaert-Bell.  Improper Dih.          LJ-14
    1.43587e+04    4.12574e+03    7.46757e+03    5.22417e+02    4.12537e+03
     Coulomb-14        LJ (SR)  Disper. corr.   Coulomb (SR)   Coul. recip.
    1.00738e+04   -3.36947e+03   -4.00051e+03   -3.29987e+05    2.22424e+03
      Potential    Kinetic En.   Total Energy  Conserved En.    Temperature
   -2.94460e+05    4.63846e+04   -2.48075e+05   -2.57559e+05    3.20142e+02
 Pres. DC (bar) Pressure (bar)   Constr. rmsd
   -2.51974e+02    3.48216e+01    4.41034e-06

           Step           Time
         330000      660.00000

   Energies (kJ/mol)
          Angle    Proper Dih. Ryckaert-Bell.  Improper Dih.          LJ-14
    1.38865e+04    3.93220e+03    7.25191e+03    5.54681e+02    4.14941e+03
     Coulomb-14        LJ (SR)  Disper. corr.   Coulomb (SR)   Coul. recip.
    1.02719e+04   -3.56519e+03   -4.01658e+03   -3.30412e+05    2.16373e+03
      Potential    Kinetic En.   Total Energy  Conserved En.    Temperature
   -2.95784e+05    4.69934e+04   -2.48790e+05   -2.57549e+05    3.24344e+02
 Pres. DC (bar) Pressure (bar)   Constr. rmsd
   -2.54000e+02    6.91350e+00    4.68013e-06

           Step           Time
         331000      662.00000

   Energies (kJ/mol)
          Angle    Proper Dih. Ryckaert-Bell.  Improper Dih.          LJ-14
    1.43663e+04    3.90982e+03    7.42480e+03    4.59959e+02    4.28805e+03
     Coulomb-14        LJ (SR)  Disper. corr.   Coulomb (SR)   Coul. recip.
    9.93292e+03   -3.26350e+03   -3.99217e+03   -3.30431e+05    2.20924e+03
      Potential    Kinetic En.   Total Energy  Conserved En.    Temperature
   -2.95095e+05    4.69871e+04   -2.48108e+05   -2.57501e+05    3.24300e+02
 Pres. DC (bar) Pressure (bar)   Constr. rmsd
   -2.50925e+02    1.60046e+02    4.32915e-06

           Step           Time
         332000      664.00000

   Energies (kJ/mol)
          Angle    Proper Dih. Ryckaert-Bell.  Improper Dih.          LJ-14
    1.42915e+04    4.07108e+03    7.18123e+03    4.86038e+02    4.24316e+03
     Coulomb-14        LJ (SR)  Disper. corr.   Coulomb (SR)   Coul. recip.
    9.59558e+03   -3.44132e+03   -4.01507e+03   -3.30969e+05    2.28100e+03
      Potential    Kinetic En.   Total Energy  Conserved En.    Temperature
   -2.96276e+05    4.69875e+04   -2.49288e+05   -2.57620e+05    3.24303e+02
 Pres. DC (bar) Pressure (bar)   Constr. rmsd
   -2.53809e+02    9.10705e+01    4.08714e-06

           Step           Time
         333000      666.00000

   Energies (kJ/mol)
          Angle    Proper Dih. Ryckaert-Bell.  Improper Dih.          LJ-14
    1.42731e+04    4.18642e+03    7.36192e+03    4.90113e+02    4.33922e+03
     Coulomb-14        LJ (SR)  Disper. corr.   Coulomb (SR)   Coul. recip.
    9.83442e+03   -2.74477e+03   -3.99234e+03   -3.31041e+05    2.28909e+03
      Potential    Kinetic En.   Total Energy  Conserved En.    Temperature
   -2.95004e+05    4.64139e+04   -2.48590e+05   -2.57664e+05    3.20344e+02
 Pres. DC (bar) Pressure (bar)   Constr. rmsd
   -2.50947e+02    9.33527e+01    4.13776e-06

           Step           Time
         334000      668.00000

   Energies (kJ/mol)
          Angle    Proper Dih. Ryckaert-Bell.  Improper Dih.          LJ-14
    1.38091e+04    4.06634e+03    7.31053e+03    4.91871e+02    4.13978e+03
     Coulomb-14        LJ (SR)  Disper. corr.   Coulomb (SR)   Coul. recip.
    1.03031e+04   -3.87456e+03   -3.99762e+03   -3.31035e+05    2.16196e+03
      Potential    Kinetic En.   Total Energy  Conserved En.    Temperature
   -2.96625e+05    4.66475e+04   -2.49977e+05   -2.57765e+05    3.21956e+02
 Pres. DC (bar) Pressure (bar)   Constr. rmsd
   -2.51610e+02   -2.20830e+02    4.25324e-06

           Step           Time
         335000      670.00000

   Energies (kJ/mol)
          Angle    Proper Dih. Ryckaert-Bell.  Improper Dih.          LJ-14
    1.47655e+04    3.94025e+03    7.51210e+03    5.20123e+02    4.36722e+03
     Coulomb-14        LJ (SR)  Disper. corr.   Coulomb (SR)   Coul. recip.
    9.32573e+03   -3.87075e+03   -4.00609e+03   -3.29607e+05    2.16605e+03
      Potential    Kinetic En.   Total Energy  Conserved En.    Temperature
   -2.94887e+05    4.65437e+04   -2.48344e+05   -2.57768e+05    3.21239e+02
 Pres. DC (bar) Pressure (bar)   Constr. rmsd
   -2.52676e+02    1.14988e+02    4.47924e-06

           Step           Time
         336000      672.00000

   Energies (kJ/mol)
          Angle    Proper Dih. Ryckaert-Bell.  Improper Dih.          LJ-14
    1.41353e+04    4.05942e+03    7.42661e+03    4.59775e+02    4.19859e+03
     Coulomb-14        LJ (SR)  Disper. corr.   Coulomb (SR)   Coul. recip.
    9.74530e+03   -3.39754e+03   -3.99857e+03   -3.29743e+05    2.11917e+03
      Potential    Kinetic En.   Total Energy  Conserved En.    Temperature
   -2.94995e+05    4.68975e+04   -2.48098e+05   -2.57761e+05    3.23681e+02
 Pres. DC (bar) Pressure (bar)   Constr. rmsd
   -2.51730e+02    8.70388e+01    4.27530e-06

           Step           Time
         337000      674.00000

   Energies (kJ/mol)
          Angle    Proper Dih. Ryckaert-Bell.  Improper Dih.          LJ-14
    1.38629e+04    3.97155e+03    7.42297e+03    4.65766e+02    4.17030e+03
     Coulomb-14        LJ (SR)  Disper. corr.   Coulomb (SR)   Coul. recip.
    1.04091e+04   -3.31744e+03   -3.99014e+03   -3.30717e+05    2.18921e+03
      Potential    Kinetic En.   Total Energy  Conserved En.    Temperature
   -2.95533e+05    4.74328e+04   -2.48100e+05   -2.57813e+05    3.27376e+02
 Pres. DC (bar) Pressure (bar)   Constr. rmsd
   -2.50671e+02    4.15621e+01    4.62355e-06

           Step           Time
         338000      676.00000

   Energies (kJ/mol)
          Angle    Proper Dih. Ryckaert-Bell.  Improper Dih.          LJ-14
    1.42926e+04    3.96492e+03    7.31688e+03    5.35051e+02    4.05442e+03
     Coulomb-14        LJ (SR)  Disper. corr.   Coulomb (SR)   Coul. recip.
    1.03758e+04   -4.11310e+03   -3.98685e+03   -3.29630e+05    2.16813e+03
      Potential    Kinetic En.   Total Energy  Conserved En.    Temperature
   -2.95022e+05    4.67348e+04   -2.48288e+05   -2.57811e+05    3.22558e+02
 Pres. DC (bar) Pressure (bar)   Constr. rmsd
   -2.50257e+02   -2.23455e+02    4.26961e-06

           Step           Time
         339000      678.00000

   Energies (kJ/mol)
          Angle    Proper Dih. Ryckaert-Bell.  Improper Dih.          LJ-14
    1.45926e+04    3.99072e+03    7.44226e+03    4.76360e+02    4.23342e+03
     Coulomb-14        LJ (SR)  Disper. corr.   Coulomb (SR)   Coul. recip.
    9.71332e+03   -3.63339e+03   -3.98777e+03   -3.29572e+05    2.19246e+03
      Potential    Kinetic En.   Total Energy  Conserved En.    Temperature
   -2.94552e+05    4.66978e+04   -2.47854e+05   -2.57816e+05    3.22303e+02
 Pres. DC (bar) Pressure (bar)   Constr. rmsd
   -2.50373e+02    5.93193e+01    4.20430e-06

           Step           Time
         340000      680.00000

   Energies (kJ/mol)
          Angle    Proper Dih. Ryckaert-Bell.  Improper Dih.          LJ-14
    1.42795e+04    4.09559e+03    7.45904e+03    4.70610e+02    4.41359e+03
     Coulomb-14        LJ (SR)  Disper. corr.   Coulomb (SR)   Coul. recip.
    9.20788e+03   -3.39082e+03   -4.00633e+03   -3.29334e+05    2.15382e+03
      Potential    Kinetic En.   Total Energy  Conserved En.    Temperature
   -2.94651e+05    4.73529e+04   -2.47298e+05   -2.57863e+05    3.26825e+02
 Pres. DC (bar) Pressure (bar)   Constr. rmsd
   -2.52707e+02    1.82720e+02    4.40141e-06

           Step           Time
         341000      682.00000

   Energies (kJ/mol)
          Angle    Proper Dih. Ryckaert-Bell.  Improper Dih.          LJ-14
    1.46318e+04    4.03738e+03    7.71250e+03    4.90981e+02    4.36998e+03
     Coulomb-14        LJ (SR)  Disper. corr.   Coulomb (SR)   Coul. recip.
    9.33099e+03   -4.38693e+03   -4.01063e+03   -3.28699e+05    2.18710e+03
      Potential    Kinetic En.   Total Energy  Conserved En.    Temperature
   -2.94336e+05    4.64930e+04   -2.47843e+05   -2.57896e+05    3.20890e+02
 Pres. DC (bar) Pressure (bar)   Constr. rmsd
   -2.53248e+02   -1.54453e+02    4.29708e-06

           Step           Time
         342000      684.00000

   Energies (kJ/mol)
          Angle    Proper Dih. Ryckaert-Bell.  Improper Dih.          LJ-14
    1.44827e+04    3.98890e+03    7.53033e+03    4.97894e+02    4.33136e+03
     Coulomb-14        LJ (SR)  Disper. corr.   Coulomb (SR)   Coul. recip.
    9.64739e+03   -3.34561e+03   -4.01017e+03   -3.30873e+05    2.22361e+03
      Potential    Kinetic En.   Total Energy  Conserved En.    Temperature
   -2.95527e+05    4.65611e+04   -2.48965e+05   -2.57927e+05    3.21359e+02
 Pres. DC (bar) Pressure (bar)   Constr. rmsd
   -2.53190e+02    1.83512e+02    4.22579e-06

           Step           Time
         343000      686.00000

   Energies (kJ/mol)
          Angle    Proper Dih. Ryckaert-Bell.  Improper Dih.          LJ-14
    1.47924e+04    4.07645e+03    7.37479e+03    5.16981e+02    4.32950e+03
     Coulomb-14        LJ (SR)  Disper. corr.   Coulomb (SR)   Coul. recip.
    9.08477e+03   -2.85742e+03   -3.97963e+03   -3.30438e+05    2.20710e+03
      Potential    Kinetic En.   Total Energy  Conserved En.    Temperature
   -2.94893e+05    4.70509e+04   -2.47843e+05   -2.57891e+05    3.24740e+02
 Pres. DC (bar) Pressure (bar)   Constr. rmsd
   -2.49353e+02    6.47187e+01    4.44449e-06

           Step           Time
         344000      688.00000

   Energies (kJ/mol)
          Angle    Proper Dih. Ryckaert-Bell.  Improper Dih.          LJ-14
    1.43913e+04    4.05236e+03    7.42809e+03    5.18635e+02    4.24436e+03
     Coulomb-14        LJ (SR)  Disper. corr.   Coulomb (SR)   Coul. recip.
    9.63841e+03   -3.75576e+03   -3.99979e+03   -3.29935e+05    2.27671e+03
      Potential    Kinetic En.   Total Energy  Conserved En.    Temperature
   -2.95141e+05    4.67121e+04   -2.48429e+05   -2.57986e+05    3.22402e+02
 Pres. DC (bar) Pressure (bar)   Constr. rmsd
   -2.51883e+02   -3.69534e+01    4.34647e-06

           Step           Time
         345000      690.00000

   Energies (kJ/mol)
          Angle    Proper Dih. Ryckaert-Bell.  Improper Dih.          LJ-14
    1.45729e+04    4.06468e+03    7.51246e+03    4.61829e+02    4.24487e+03
     Coulomb-14        LJ (SR)  Disper. corr.   Coulomb (SR)   Coul. recip.
    9.94118e+03   -3.89537e+03   -4.01606e+03   -3.30432e+05    2.22308e+03
      Potential    Kinetic En.   Total Energy  Conserved En.    Temperature
   -2.95322e+05    4.70237e+04   -2.48298e+05   -2.57987e+05    3.24552e+02
 Pres. DC (bar) Pressure (bar)   Constr. rmsd
   -2.53935e+02    2.43191e+02    4.04497e-06

           Step           Time
         346000      692.00000

   Energies (kJ/mol)
          Angle    Proper Dih. Ryckaert-Bell.  Improper Dih.          LJ-14
    1.47801e+04    4.01236e+03    7.26966e+03    5.34408e+02    4.27589e+03
     Coulomb-14        LJ (SR)  Disper. corr.   Coulomb (SR)   Coul. recip.
    9.24077e+03   -3.93454e+03   -4.00327e+03   -3.29937e+05    2.24367e+03
      Potential    Kinetic En.   Total Energy  Conserved En.    Temperature
   -2.95518e+05    4.69235e+04   -2.48595e+05   -2.57973e+05    3.23861e+02
 Pres. DC (bar) Pressure (bar)   Constr. rmsd
   -2.52321e+02   -7.11425e+01    4.44531e-06

           Step           Time
         347000      694.00000

   Energies (kJ/mol)
          Angle    Proper Dih. Ryckaert-Bell.  Improper Dih.          LJ-14
    1.41582e+04    4.05536e+03    7.43150e+03    4.83739e+02    4.24650e+03
     Coulomb-14        LJ (SR)  Disper. corr.   Coulomb (SR)   Coul. recip.
    9.34844e+03   -3.73234e+03   -4.00356e+03   -3.29210e+05    2.25123e+03
      Potential    Kinetic En.   Total Energy  Conserved En.    Temperature
   -2.94971e+05    4.71667e+04   -2.47804e+05   -2.58078e+05    3.25539e+02
 Pres. DC (bar) Pressure (bar)   Constr. rmsd
   -2.52358e+02   -2.20887e+02    4.33324e-06

           Step           Time
         348000      696.00000

   Energies (kJ/mol)
          Angle    Proper Dih. Ryckaert-Bell.  Improper Dih.          LJ-14
    1.43952e+04    3.90983e+03    7.16036e+03    5.02583e+02    4.27213e+03
     Coulomb-14        LJ (SR)  Disper. corr.   Coulomb (SR)   Coul. recip.
    9.64353e+03   -2.91830e+03   -3.99428e+03   -3.30037e+05    2.17982e+03
      Potential    Kinetic En.   Total Energy  Conserved En.    Temperature
   -2.94886e+05    4.69081e+04   -2.47978e+05   -2.58101e+05    3.23754e+02
 Pres. DC (bar) Pressure (bar)   Constr. rmsd
   -2.51190e+02    4.42383e+02    4.19921e-06

           Step           Time
         349000      698.00000

   Energies (kJ/mol)
          Angle    Proper Dih. Ryckaert-Bell.  Improper Dih.          LJ-14
    1.44622e+04    3.93672e+03    7.46849e+03    4.81743e+02    4.23337e+03
     Coulomb-14        LJ (SR)  Disper. corr.   Coulomb (SR)   Coul. recip.
    1.01219e+04   -3.91144e+03   -3.98877e+03   -3.28949e+05    2.19552e+03
      Potential    Kinetic En.   Total Energy  Conserved En.    Temperature
   -2.93949e+05    4.65962e+04   -2.47353e+05   -2.58060e+05    3.21602e+02
 Pres. DC (bar) Pressure (bar)   Constr. rmsd
   -2.50498e+02   -8.93765e+00    4.31162e-06

           Step           Time
         350000      700.00000

   Energies (kJ/mol)
          Angle    Proper Dih. Ryckaert-Bell.  Improper Dih.          LJ-14
    1.43168e+04    3.95541e+03    7.27202e+03    5.00225e+02    4.28949e+03
     Coulomb-14        LJ (SR)  Disper. corr.   Coulomb (SR)   Coul. recip.
    9.49624e+03   -3.46296e+03   -3.99856e+03   -3.30636e+05    2.29030e+03
      Potential    Kinetic En.   Total Energy  Conserved En.    Temperature
   -2.95977e+05    4.67896e+04   -2.49187e+05   -2.58101e+05    3.22937e+02
 Pres. DC (bar) Pressure (bar)   Constr. rmsd
   -2.51729e+02   -2.28458e+02    4.43251e-06

           Step           Time
         351000      702.00000

   Energies (kJ/mol)
          Angle    Proper Dih. Ryckaert-Bell.  Improper Dih.          LJ-14
    1.37680e+04    3.92747e+03    7.42464e+03    5.13621e+02    4.24784e+03
     Coulomb-14        LJ (SR)  Disper. corr.   Coulomb (SR)   Coul. recip.
    1.00102e+04   -3.76648e+03   -3.98861e+03   -3.30104e+05    2.25077e+03
      Potential    Kinetic En.   Total Energy  Conserved En.    Temperature
   -2.95716e+05    4.62231e+04   -2.49493e+05   -2.58177e+05    3.19027e+02
 Pres. DC (bar) Pressure (bar)   Constr. rmsd
   -2.50478e+02   -1.53025e+02    4.22545e-06

           Step           Time
         352000      704.00000

   Energies (kJ/mol)
          Angle    Proper Dih. Ryckaert-Bell.  Improper Dih.          LJ-14
    1.44091e+04    3.91030e+03    7.17757e+03    4.87219e+02    4.15748e+03
     Coulomb-14        LJ (SR)  Disper. corr.   Coulomb (SR)   Coul. recip.
    9.89780e+03   -4.01099e+03   -4.01596e+03   -3.30171e+05    2.38156e+03
      Potential    Kinetic En.   Total Energy  Conserved En.    Temperature
   -2.95777e+05    4.63503e+04   -2.49426e+05   -2.58133e+05    3.19905e+02
 Pres. DC (bar) Pressure (bar)   Constr. rmsd
   -2.53921e+02   -1.29508e+02    4.47818e-06

           Step           Time
         353000      706.00000

   Energies (kJ/mol)
          Angle    Proper Dih. Ryckaert-Bell.  Improper Dih.          LJ-14
    1.44196e+04    3.91098e+03    7.51337e+03    4.60493e+02    4.20898e+03
     Coulomb-14        LJ (SR)  Disper. corr.   Coulomb (SR)   Coul. recip.
    1.00575e+04   -3.99093e+03   -4.02505e+03   -3.30652e+05    2.28151e+03
      Potential    Kinetic En.   Total Energy  Conserved En.    Temperature
   -2.95816e+05    4.65606e+04   -2.49255e+05   -2.58234e+05    3.21356e+02
 Pres. DC (bar) Pressure (bar)   Constr. rmsd
   -2.55071e+02   -6.43485e+01    4.57462e-06

           Step           Time
         354000      708.00000

   Energies (kJ/mol)
          Angle    Proper Dih. Ryckaert-Bell.  Improper Dih.          LJ-14
    1.43270e+04    4.01975e+03    7.29831e+03    4.57777e+02    4.25551e+03
     Coulomb-14        LJ (SR)  Disper. corr.   Coulomb (SR)   Coul. recip.
    9.92944e+03   -3.63796e+03   -4.00315e+03   -3.30733e+05    2.25994e+03
      Potential    Kinetic En.   Total Energy  Conserved En.    Temperature
   -2.95826e+05    4.64715e+04   -2.49355e+05   -2.58222e+05    3.20741e+02
 Pres. DC (bar) Pressure (bar)   Constr. rmsd
   -2.52306e+02   -1.31544e+02    4.52890e-06

           Step           Time
         355000      710.00000

   Energies (kJ/mol)
          Angle    Proper Dih. Ryckaert-Bell.  Improper Dih.          LJ-14
    1.40501e+04    4.08174e+03    7.38819e+03    5.48932e+02    4.23410e+03
     Coulomb-14        LJ (SR)  Disper. corr.   Coulomb (SR)   Coul. recip.
    1.04903e+04   -3.09535e+03   -4.01053e+03   -3.31003e+05    2.16681e+03
      Potential    Kinetic En.   Total Energy  Conserved En.    Temperature
   -2.95148e+05    4.63006e+04   -2.48848e+05   -2.58237e+05    3.19562e+02
 Pres. DC (bar) Pressure (bar)   Constr. rmsd
   -2.53236e+02    1.20669e+02    4.13532e-06

           Step           Time
         356000      712.00000

   Energies (kJ/mol)
          Angle    Proper Dih. Ryckaert-Bell.  Improper Dih.          LJ-14
    1.44264e+04    4.12263e+03    7.38658e+03    5.14257e+02    4.32120e+03
     Coulomb-14        LJ (SR)  Disper. corr.   Coulomb (SR)   Coul. recip.
    9.60464e+03   -3.53535e+03   -4.01552e+03   -3.30363e+05    2.28435e+03
      Potential    Kinetic En.   Total Energy  Conserved En.    Temperature
   -2.95254e+05    4.63417e+04   -2.48913e+05   -2.58331e+05    3.19845e+02
 Pres. DC (bar) Pressure (bar)   Constr. rmsd
   -2.53866e+02    1.12841e+02    4.34963e-06

           Step           Time
         357000      714.00000

   Energies (kJ/mol)
          Angle    Proper Dih. Ryckaert-Bell.  Improper Dih.          LJ-14
    1.44850e+04    4.08316e+03    7.42771e+03    5.29522e+02    4.18862e+03
     Coulomb-14        LJ (SR)  Disper. corr.   Coulomb (SR)   Coul. recip.
    9.99348e+03   -3.47264e+03   -4.00781e+03   -3.31067e+05    2.21190e+03
      Potential    Kinetic En.   Total Energy  Conserved En.    Temperature
   -2.95628e+05    4.64668e+04   -2.49162e+05   -2.58302e+05    3.20709e+02
 Pres. DC (bar) Pressure (bar)   Constr. rmsd
   -2.52893e+02    1.04680e+02    4.58807e-06

           Step           Time
         358000      716.00000

   Energies (kJ/mol)
          Angle    Proper Dih. Ryckaert-Bell.  Improper Dih.          LJ-14
    1.44165e+04    4.31277e+03    7.54947e+03    5.13727e+02    4.17855e+03
     Coulomb-14        LJ (SR)  Disper. corr.   Coulomb (SR)   Coul. recip.
    9.76972e+03   -3.41566e+03   -3.97823e+03   -3.29325e+05    2.21766e+03
      Potential    Kinetic En.   Total Energy  Conserved En.    Temperature
   -2.93760e+05    4.65323e+04   -2.47228e+05   -2.58373e+05    3.21161e+02
 Pres. DC (bar) Pressure (bar)   Constr. rmsd
   -2.49177e+02   -4.41752e+02    4.75950e-06

           Step           Time
         359000      718.00000

   Energies (kJ/mol)
          Angle    Proper Dih. Ryckaert-Bell.  Improper Dih.          LJ-14
    1.45389e+04    4.14714e+03    7.74077e+03    4.78362e+02    4.23159e+03
     Coulomb-14        LJ (SR)  Disper. corr.   Coulomb (SR)   Coul. recip.
    9.68115e+03   -3.54797e+03   -3.99667e+03   -3.29821e+05    2.26373e+03
      Potential    Kinetic En.   Total Energy  Conserved En.    Temperature
   -2.94284e+05    4.69588e+04   -2.47325e+05   -2.58358e+05    3.24105e+02
 Pres. DC (bar) Pressure (bar)   Constr. rmsd
   -2.51491e+02    1.91540e+02    4.23989e-06

           Step           Time
         360000      720.00000

   Energies (kJ/mol)
          Angle    Proper Dih. Ryckaert-Bell.  Improper Dih.          LJ-14
    1.43985e+04    4.01642e+03    7.49814e+03    4.93102e+02    4.23285e+03
     Coulomb-14        LJ (SR)  Disper. corr.   Coulomb (SR)   Coul. recip.
    9.78644e+03   -3.35192e+03   -3.99905e+03   -3.31174e+05    2.28723e+03
      Potential    Kinetic En.   Total Energy  Conserved En.    Temperature
   -2.95812e+05    4.66182e+04   -2.49194e+05   -2.58385e+05    3.21754e+02
 Pres. DC (bar) Pressure (bar)   Constr. rmsd
   -2.51790e+02    1.12666e+02    4.52144e-06

Writing checkpoint, step 360200 at Thu Oct 25 14:53:19 2018


           Step           Time
         361000      722.00000

   Energies (kJ/mol)
          Angle    Proper Dih. Ryckaert-Bell.  Improper Dih.          LJ-14
    1.47535e+04    4.18598e+03    7.39305e+03    4.75007e+02    4.28182e+03
     Coulomb-14        LJ (SR)  Disper. corr.   Coulomb (SR)   Coul. recip.
    9.19935e+03   -3.88542e+03   -3.99890e+03   -3.30090e+05    2.16408e+03
      Potential    Kinetic En.   Total Energy  Conserved En.    Temperature
   -2.95521e+05    4.69500e+04   -2.48571e+05   -2.58462e+05    3.24044e+02
 Pres. DC (bar) Pressure (bar)   Constr. rmsd
   -2.51771e+02    1.07588e+02    4.53568e-06

           Step           Time
         362000      724.00000

   Energies (kJ/mol)
          Angle    Proper Dih. Ryckaert-Bell.  Improper Dih.          LJ-14
    1.42028e+04    4.07443e+03    7.26011e+03    5.10100e+02    4.28978e+03
     Coulomb-14        LJ (SR)  Disper. corr.   Coulomb (SR)   Coul. recip.
    9.64829e+03   -3.64486e+03   -4.00969e+03   -3.29513e+05    2.24129e+03
      Potential    Kinetic En.   Total Energy  Conserved En.    Temperature
   -2.94941e+05    4.65209e+04   -2.48420e+05   -2.58523e+05    3.21082e+02
 Pres. DC (bar) Pressure (bar)   Constr. rmsd
   -2.53131e+02    2.05781e+02    4.50389e-06

           Step           Time
         363000      726.00000

   Energies (kJ/mol)
          Angle    Proper Dih. Ryckaert-Bell.  Improper Dih.          LJ-14
    1.40708e+04    4.06131e+03    7.63402e+03    4.93173e+02    4.32125e+03
     Coulomb-14        LJ (SR)  Disper. corr.   Coulomb (SR)   Coul. recip.
    1.00851e+04   -3.39006e+03   -4.01328e+03   -3.30646e+05    2.25067e+03
      Potential    Kinetic En.   Total Energy  Conserved En.    Temperature
   -2.95133e+05    4.77226e+04   -2.47410e+05   -2.58531e+05    3.29376e+02
 Pres. DC (bar) Pressure (bar)   Constr. rmsd
   -2.53583e+02    3.26396e+02    4.28573e-06

           Step           Time
         364000      728.00000

   Energies (kJ/mol)
          Angle    Proper Dih. Ryckaert-Bell.  Improper Dih.          LJ-14
    1.40745e+04    3.97598e+03    7.26215e+03    4.76487e+02    4.24179e+03
     Coulomb-14        LJ (SR)  Disper. corr.   Coulomb (SR)   Coul. recip.
    1.02891e+04   -3.76900e+03   -4.00462e+03   -3.30294e+05    2.17545e+03
      Potential    Kinetic En.   Total Energy  Conserved En.    Temperature
   -2.95573e+05    4.61045e+04   -2.49468e+05   -2.58502e+05    3.18208e+02
 Pres. DC (bar) Pressure (bar)   Constr. rmsd
   -2.52492e+02   -2.87990e+02    4.25453e-06

           Step           Time
         365000      730.00000

   Energies (kJ/mol)
          Angle    Proper Dih. Ryckaert-Bell.  Improper Dih.          LJ-14
    1.41984e+04    3.93008e+03    7.44789e+03    4.91336e+02    4.09430e+03
     Coulomb-14        LJ (SR)  Disper. corr.   Coulomb (SR)   Coul. recip.
    1.00763e+04   -4.06111e+03   -4.01118e+03   -3.30603e+05    2.22332e+03
      Potential    Kinetic En.   Total Energy  Conserved En.    Temperature
   -2.96214e+05    4.65310e+04   -2.49683e+05   -2.58633e+05    3.21152e+02
 Pres. DC (bar) Pressure (bar)   Constr. rmsd
   -2.53318e+02   -2.38208e+02    4.75181e-06

           Step           Time
         366000      732.00000

   Energies (kJ/mol)
          Angle    Proper Dih. Ryckaert-Bell.  Improper Dih.          LJ-14
    1.41278e+04    4.15599e+03    7.30760e+03    4.91065e+02    4.22133e+03
     Coulomb-14        LJ (SR)  Disper. corr.   Coulomb (SR)   Coul. recip.
    1.06525e+04   -4.01925e+03   -3.98975e+03   -3.29292e+05    2.28357e+03
      Potential    Kinetic En.   Total Energy  Conserved En.    Temperature
   -2.94061e+05    4.67711e+04   -2.47290e+05   -2.58684e+05    3.22809e+02
 Pres. DC (bar) Pressure (bar)   Constr. rmsd
   -2.50622e+02    4.54216e+01    4.26995e-06

           Step           Time
         367000      734.00000

   Energies (kJ/mol)
          Angle    Proper Dih. Ryckaert-Bell.  Improper Dih.          LJ-14
    1.40930e+04    3.95256e+03    7.46655e+03    5.06017e+02    4.08247e+03
     Coulomb-14        LJ (SR)  Disper. corr.   Coulomb (SR)   Coul. recip.
    1.00903e+04   -2.97419e+03   -3.98519e+03   -3.30590e+05    2.25916e+03
      Potential    Kinetic En.   Total Energy  Conserved En.    Temperature
   -2.95099e+05    4.68140e+04   -2.48285e+05   -2.58603e+05    3.23105e+02
 Pres. DC (bar) Pressure (bar)   Constr. rmsd
   -2.50050e+02    2.11136e+02    4.52097e-06

           Step           Time
         368000      736.00000

   Energies (kJ/mol)
          Angle    Proper Dih. Ryckaert-Bell.  Improper Dih.          LJ-14
    1.44860e+04    4.01016e+03    7.29336e+03    5.48876e+02    4.35229e+03
     Coulomb-14        LJ (SR)  Disper. corr.   Coulomb (SR)   Coul. recip.
    9.60027e+03   -3.76383e+03   -3.97693e+03   -3.30150e+05    2.23388e+03
      Potential    Kinetic En.   Total Energy  Conserved En.    Temperature
   -2.95366e+05    4.68992e+04   -2.48467e+05   -2.58698e+05    3.23693e+02
 Pres. DC (bar) Pressure (bar)   Constr. rmsd
   -2.49016e+02    2.45424e+01    4.32121e-06

           Step           Time
         369000      738.00000

   Energies (kJ/mol)
          Angle    Proper Dih. Ryckaert-Bell.  Improper Dih.          LJ-14
    1.42960e+04    4.02358e+03    7.47226e+03    4.56060e+02    4.24897e+03
     Coulomb-14        LJ (SR)  Disper. corr.   Coulomb (SR)   Coul. recip.
    9.39193e+03   -2.50692e+03   -3.99615e+03   -3.30102e+05    2.19580e+03
      Potential    Kinetic En.   Total Energy  Conserved En.    Temperature
   -2.94521e+05    4.66099e+04   -2.47911e+05   -2.58694e+05    3.21697e+02
 Pres. DC (bar) Pressure (bar)   Constr. rmsd
   -2.51425e+02    3.46066e+02    4.54954e-06

           Step           Time
         370000      740.00000

   Energies (kJ/mol)
          Angle    Proper Dih. Ryckaert-Bell.  Improper Dih.          LJ-14
    1.45067e+04    4.06650e+03    7.28000e+03    4.57922e+02    4.34124e+03
     Coulomb-14        LJ (SR)  Disper. corr.   Coulomb (SR)   Coul. recip.
    9.27079e+03   -3.98218e+03   -3.98767e+03   -3.28869e+05    2.22111e+03
      Potential    Kinetic En.   Total Energy  Conserved En.    Temperature
   -2.94694e+05    4.61733e+04   -2.48521e+05   -2.58699e+05    3.18683e+02
 Pres. DC (bar) Pressure (bar)   Constr. rmsd
   -2.50360e+02   -1.76489e+02    4.34642e-06

           Step           Time
         371000      742.00000

   Energies (kJ/mol)
          Angle    Proper Dih. Ryckaert-Bell.  Improper Dih.          LJ-14
    1.42117e+04    3.96111e+03    7.59775e+03    4.72898e+02    4.15428e+03
     Coulomb-14        LJ (SR)  Disper. corr.   Coulomb (SR)   Coul. recip.
    9.86750e+03   -4.64653e+03   -3.98364e+03   -3.28633e+05    2.21101e+03
      Potential    Kinetic En.   Total Energy  Conserved En.    Temperature
   -2.94787e+05    4.73044e+04   -2.47483e+05   -2.58695e+05    3.26490e+02
 Pres. DC (bar) Pressure (bar)   Constr. rmsd
   -2.49855e+02   -2.70570e+02    4.41112e-06

           Step           Time
         372000      744.00000

   Energies (kJ/mol)
          Angle    Proper Dih. Ryckaert-Bell.  Improper Dih.          LJ-14
    1.43681e+04    4.23287e+03    7.27078e+03    4.89729e+02    4.22969e+03
     Coulomb-14        LJ (SR)  Disper. corr.   Coulomb (SR)   Coul. recip.
    9.45287e+03   -3.61018e+03   -3.99770e+03   -3.30054e+05    2.17252e+03
      Potential    Kinetic En.   Total Energy  Conserved En.    Temperature
   -2.95446e+05    4.69948e+04   -2.48451e+05   -2.58758e+05    3.24353e+02
 Pres. DC (bar) Pressure (bar)   Constr. rmsd
   -2.51620e+02   -2.88660e+02    4.44005e-06

           Step           Time
         373000      746.00000

   Energies (kJ/mol)
          Angle    Proper Dih. Ryckaert-Bell.  Improper Dih.          LJ-14
    1.42918e+04    4.05552e+03    7.31977e+03    5.32343e+02    4.28486e+03
     Coulomb-14        LJ (SR)  Disper. corr.   Coulomb (SR)   Coul. recip.
    9.64682e+03   -3.88429e+03   -4.00143e+03   -3.29389e+05    2.17824e+03
      Potential    Kinetic En.   Total Energy  Conserved En.    Temperature
   -2.94966e+05    4.72343e+04   -2.47731e+05   -2.58783e+05    3.26006e+02
 Pres. DC (bar) Pressure (bar)   Constr. rmsd
   -2.52089e+02    2.81826e+02    4.33024e-06

           Step           Time
         374000      748.00000

   Energies (kJ/mol)
          Angle    Proper Dih. Ryckaert-Bell.  Improper Dih.          LJ-14
    1.42131e+04    4.01149e+03    7.32206e+03    5.00197e+02    4.22796e+03
     Coulomb-14        LJ (SR)  Disper. corr.   Coulomb (SR)   Coul. recip.
    9.08889e+03   -3.13357e+03   -3.98274e+03   -3.30099e+05    2.21897e+03
      Potential    Kinetic En.   Total Energy  Conserved En.    Temperature
   -2.95633e+05    4.65899e+04   -2.49043e+05   -2.58880e+05    3.21559e+02
 Pres. DC (bar) Pressure (bar)   Constr. rmsd
   -2.49743e+02   -3.98468e+01    4.41976e-06

           Step           Time
         375000      750.00000

   Energies (kJ/mol)
          Angle    Proper Dih. Ryckaert-Bell.  Improper Dih.          LJ-14
    1.45567e+04    4.16297e+03    7.45494e+03    3.99274e+02    4.46244e+03
     Coulomb-14        LJ (SR)  Disper. corr.   Coulomb (SR)   Coul. recip.
    8.83675e+03   -3.44127e+03   -3.98302e+03   -3.29592e+05    2.20805e+03
      Potential    Kinetic En.   Total Energy  Conserved En.    Temperature
   -2.94935e+05    4.74513e+04   -2.47484e+05   -2.58863e+05    3.27504e+02
 Pres. DC (bar) Pressure (bar)   Constr. rmsd
   -2.49777e+02   -2.75878e+02    4.66352e-06

           Step           Time
         376000      752.00000

   Energies (kJ/mol)
          Angle    Proper Dih. Ryckaert-Bell.  Improper Dih.          LJ-14
    1.43151e+04    4.07688e+03    7.24997e+03    5.08759e+02    4.20138e+03
     Coulomb-14        LJ (SR)  Disper. corr.   Coulomb (SR)   Coul. recip.
    9.38347e+03   -3.15059e+03   -3.97286e+03   -3.29866e+05    2.20992e+03
      Potential    Kinetic En.   Total Energy  Conserved En.    Temperature
   -2.95044e+05    4.65668e+04   -2.48477e+05   -2.58899e+05    3.21399e+02
 Pres. DC (bar) Pressure (bar)   Constr. rmsd
   -2.48506e+02   -5.11630e+02    5.05027e-06

           Step           Time
         377000      754.00000

   Energies (kJ/mol)
          Angle    Proper Dih. Ryckaert-Bell.  Improper Dih.          LJ-14
    1.39996e+04    4.02420e+03    7.54319e+03    4.73287e+02    4.42445e+03
     Coulomb-14        LJ (SR)  Disper. corr.   Coulomb (SR)   Coul. recip.
    9.48797e+03   -3.65938e+03   -3.98855e+03   -3.29943e+05    2.20202e+03
      Potential    Kinetic En.   Total Energy  Conserved En.    Temperature
   -2.95436e+05    4.59591e+04   -2.49477e+05   -2.58901e+05    3.17205e+02
 Pres. DC (bar) Pressure (bar)   Constr. rmsd
   -2.50472e+02    1.82923e+02    4.12860e-06

           Step           Time
         378000      756.00000

   Energies (kJ/mol)
          Angle    Proper Dih. Ryckaert-Bell.  Improper Dih.          LJ-14
    1.42687e+04    3.99609e+03    7.32483e+03    4.75623e+02    4.12620e+03
     Coulomb-14        LJ (SR)  Disper. corr.   Coulomb (SR)   Coul. recip.
    1.01301e+04   -2.59762e+03   -4.00047e+03   -3.31751e+05    2.28634e+03
      Potential    Kinetic En.   Total Energy  Conserved En.    Temperature
   -2.95741e+05    4.68139e+04   -2.48927e+05   -2.58949e+05    3.23105e+02
 Pres. DC (bar) Pressure (bar)   Constr. rmsd
   -2.51969e+02   -1.91587e+02    4.62934e-06

           Step           Time
         379000      758.00000

   Energies (kJ/mol)
          Angle    Proper Dih. Ryckaert-Bell.  Improper Dih.          LJ-14
    1.45748e+04    4.01321e+03    7.41126e+03    4.56827e+02    4.31360e+03
     Coulomb-14        LJ (SR)  Disper. corr.   Coulomb (SR)   Coul. recip.
    9.86797e+03   -3.04087e+03   -3.98917e+03   -3.30942e+05    2.20566e+03
      Potential    Kinetic En.   Total Energy  Conserved En.    Temperature
   -2.95129e+05    4.69275e+04   -2.48201e+05   -2.59007e+05    3.23889e+02
 Pres. DC (bar) Pressure (bar)   Constr. rmsd
   -2.50549e+02    3.76262e+02    4.31136e-06

           Step           Time
         380000      760.00000

   Energies (kJ/mol)
          Angle    Proper Dih. Ryckaert-Bell.  Improper Dih.          LJ-14
    1.39596e+04    3.98269e+03    7.28951e+03    5.00012e+02    4.23201e+03
     Coulomb-14        LJ (SR)  Disper. corr.   Coulomb (SR)   Coul. recip.
    9.81685e+03   -3.13576e+03   -3.99401e+03   -3.30436e+05    2.23324e+03
      Potential    Kinetic En.   Total Energy  Conserved En.    Temperature
   -2.95552e+05    4.76389e+04   -2.47913e+05   -2.58984e+05    3.28799e+02
 Pres. DC (bar) Pressure (bar)   Constr. rmsd
   -2.51157e+02    1.99634e+02    4.39163e-06

           Step           Time
         381000      762.00000

   Energies (kJ/mol)
          Angle    Proper Dih. Ryckaert-Bell.  Improper Dih.          LJ-14
    1.43299e+04    4.02122e+03    7.58773e+03    5.43566e+02    4.37613e+03
     Coulomb-14        LJ (SR)  Disper. corr.   Coulomb (SR)   Coul. recip.
    9.63489e+03   -3.44995e+03   -3.97836e+03   -3.30081e+05    2.18890e+03
      Potential    Kinetic En.   Total Energy  Conserved En.    Temperature
   -2.94827e+05    4.69990e+04   -2.47828e+05   -2.59010e+05    3.24382e+02
 Pres. DC (bar) Pressure (bar)   Constr. rmsd
   -2.49194e+02    5.09866e+01    4.23115e-06

           Step           Time
         382000      764.00000

   Energies (kJ/mol)
          Angle    Proper Dih. Ryckaert-Bell.  Improper Dih.          LJ-14
    1.41575e+04    3.98581e+03    7.42956e+03    5.53598e+02    4.36556e+03
     Coulomb-14        LJ (SR)  Disper. corr.   Coulomb (SR)   Coul. recip.
    9.49938e+03   -3.66049e+03   -3.99391e+03   -3.29948e+05    2.29131e+03
      Potential    Kinetic En.   Total Energy  Conserved En.    Temperature
   -2.95320e+05    4.63126e+04   -2.49007e+05   -2.59079e+05    3.19645e+02
 Pres. DC (bar) Pressure (bar)   Constr. rmsd
   -2.51145e+02    2.38188e+01    4.46337e-06

           Step           Time
         383000      766.00000

   Energies (kJ/mol)
          Angle    Proper Dih. Ryckaert-Bell.  Improper Dih.          LJ-14
    1.42597e+04    4.14812e+03    7.29635e+03    4.81584e+02    4.24758e+03
     Coulomb-14        LJ (SR)  Disper. corr.   Coulomb (SR)   Coul. recip.
    9.26368e+03   -2.43838e+03   -3.98766e+03   -3.30969e+05    2.18569e+03
      Potential    Kinetic En.   Total Energy  Conserved En.    Temperature
   -2.95512e+05    4.68557e+04   -2.48656e+05   -2.59111e+05    3.23393e+02
 Pres. DC (bar) Pressure (bar)   Constr. rmsd
   -2.50359e+02    1.15082e+01    4.54463e-06

           Step           Time
         384000      768.00000

   Energies (kJ/mol)
          Angle    Proper Dih. Ryckaert-Bell.  Improper Dih.          LJ-14
    1.44007e+04    4.07046e+03    7.21816e+03    4.61938e+02    4.33184e+03
     Coulomb-14        LJ (SR)  Disper. corr.   Coulomb (SR)   Coul. recip.
    9.48555e+03   -3.50823e+03   -3.98712e+03   -3.29733e+05    2.28152e+03
      Potential    Kinetic En.   Total Energy  Conserved En.    Temperature
   -2.94978e+05    4.64039e+04   -2.48574e+05   -2.59088e+05    3.20275e+02
 Pres. DC (bar) Pressure (bar)   Constr. rmsd
   -2.50291e+02    1.04855e+02    4.28421e-06

           Step           Time
         385000      770.00000

   Energies (kJ/mol)
          Angle    Proper Dih. Ryckaert-Bell.  Improper Dih.          LJ-14
    1.44861e+04    3.97635e+03    7.21531e+03    4.77812e+02    4.34449e+03
     Coulomb-14        LJ (SR)  Disper. corr.   Coulomb (SR)   Coul. recip.
    9.18716e+03   -3.22965e+03   -4.01110e+03   -3.30494e+05    2.19814e+03
      Potential    Kinetic En.   Total Energy  Conserved En.    Temperature
   -2.95849e+05    4.71546e+04   -2.48694e+05   -2.59146e+05    3.25456e+02
 Pres. DC (bar) Pressure (bar)   Constr. rmsd
   -2.53308e+02   -8.08948e+01    4.64167e-06

           Step           Time
         386000      772.00000

   Energies (kJ/mol)
          Angle    Proper Dih. Ryckaert-Bell.  Improper Dih.          LJ-14
    1.44869e+04    3.96840e+03    7.37465e+03    4.37085e+02    4.23353e+03
     Coulomb-14        LJ (SR)  Disper. corr.   Coulomb (SR)   Coul. recip.
    9.29292e+03   -3.24671e+03   -3.96182e+03   -3.28872e+05    2.18062e+03
      Potential    Kinetic En.   Total Energy  Conserved En.    Temperature
   -2.94107e+05    4.64535e+04   -2.47653e+05   -2.59212e+05    3.20617e+02
 Pres. DC (bar) Pressure (bar)   Constr. rmsd
   -2.47129e+02   -1.67408e+02    4.79665e-06

           Step           Time
         387000      774.00000

   Energies (kJ/mol)
          Angle    Proper Dih. Ryckaert-Bell.  Improper Dih.          LJ-14
    1.43506e+04    4.11398e+03    7.27129e+03    4.90702e+02    4.18749e+03
     Coulomb-14        LJ (SR)  Disper. corr.   Coulomb (SR)   Coul. recip.
    9.41018e+03   -2.96347e+03   -3.98809e+03   -3.31018e+05    2.16264e+03
      Potential    Kinetic En.   Total Energy  Conserved En.    Temperature
   -2.95983e+05    4.62038e+04   -2.49779e+05   -2.59203e+05    3.18894e+02
 Pres. DC (bar) Pressure (bar)   Constr. rmsd
   -2.50414e+02    7.38972e+01    4.17220e-06

           Step           Time
         388000      776.00000

   Energies (kJ/mol)
          Angle    Proper Dih. Ryckaert-Bell.  Improper Dih.          LJ-14
    1.40881e+04    4.00388e+03    7.59307e+03    5.54455e+02    4.18687e+03
     Coulomb-14        LJ (SR)  Disper. corr.   Coulomb (SR)   Coul. recip.
    9.83540e+03   -2.60447e+03   -4.00707e+03   -3.31937e+05    2.22114e+03
      Potential    Kinetic En.   Total Energy  Conserved En.    Temperature
   -2.96066e+05    4.67813e+04   -2.49284e+05   -2.59249e+05    3.22880e+02
 Pres. DC (bar) Pressure (bar)   Constr. rmsd
   -2.52800e+02    2.89117e+02    4.41901e-06

           Step           Time
         389000      778.00000

   Energies (kJ/mol)
          Angle    Proper Dih. Ryckaert-Bell.  Improper Dih.          LJ-14
    1.41501e+04    3.98665e+03    7.48184e+03    4.72470e+02    4.09746e+03
     Coulomb-14        LJ (SR)  Disper. corr.   Coulomb (SR)   Coul. recip.
    1.00087e+04   -3.45449e+03   -4.00399e+03   -3.30678e+05    2.19512e+03
      Potential    Kinetic En.   Total Energy  Conserved En.    Temperature
   -2.95744e+05    4.61649e+04   -2.49580e+05   -2.59293e+05    3.18625e+02
 Pres. DC (bar) Pressure (bar)   Constr. rmsd
   -2.52412e+02   -1.42124e+02    4.31762e-06

           Step           Time
         390000      780.00000

   Energies (kJ/mol)
          Angle    Proper Dih. Ryckaert-Bell.  Improper Dih.          LJ-14
    1.41065e+04    3.93778e+03    7.54358e+03    4.68555e+02    4.28645e+03
     Coulomb-14        LJ (SR)  Disper. corr.   Coulomb (SR)   Coul. recip.
    9.26384e+03   -3.08969e+03   -3.98903e+03   -3.29727e+05    2.14072e+03
      Potential    Kinetic En.   Total Energy  Conserved En.    Temperature
   -2.95059e+05    4.63102e+04   -2.48748e+05   -2.59270e+05    3.19628e+02
 Pres. DC (bar) Pressure (bar)   Constr. rmsd
   -2.50531e+02    4.61715e+01    4.33492e-06

           Step           Time
         391000      782.00000

   Energies (kJ/mol)
          Angle    Proper Dih. Ryckaert-Bell.  Improper Dih.          LJ-14
    1.43657e+04    3.88684e+03    7.47384e+03    5.27155e+02    4.35548e+03
     Coulomb-14        LJ (SR)  Disper. corr.   Coulomb (SR)   Coul. recip.
    9.39958e+03   -3.41348e+03   -3.99426e+03   -3.29671e+05    2.26016e+03
      Potential    Kinetic En.   Total Energy  Conserved En.    Temperature
   -2.94809e+05    4.62422e+04   -2.48567e+05   -2.59330e+05    3.19159e+02
 Pres. DC (bar) Pressure (bar)   Constr. rmsd
   -2.51188e+02    9.72065e+01    4.14658e-06

           Step           Time
         392000      784.00000

   Energies (kJ/mol)
          Angle    Proper Dih. Ryckaert-Bell.  Improper Dih.          LJ-14
    1.39307e+04    3.90948e+03    7.72623e+03    5.03875e+02    4.35048e+03
     Coulomb-14        LJ (SR)  Disper. corr.   Coulomb (SR)   Coul. recip.
    9.65184e+03   -3.64393e+03   -3.97104e+03   -3.28858e+05    2.18696e+03
      Potential    Kinetic En.   Total Energy  Conserved En.    Temperature
   -2.94214e+05    4.76386e+04   -2.46575e+05   -2.59329e+05    3.28796e+02
 Pres. DC (bar) Pressure (bar)   Constr. rmsd
   -2.48279e+02   -2.57842e+02    4.60606e-06

           Step           Time
         393000      786.00000

   Energies (kJ/mol)
          Angle    Proper Dih. Ryckaert-Bell.  Improper Dih.          LJ-14
    1.46630e+04    4.12281e+03    7.46228e+03    5.08800e+02    4.36072e+03
     Coulomb-14        LJ (SR)  Disper. corr.   Coulomb (SR)   Coul. recip.
    9.07757e+03   -3.09466e+03   -3.99781e+03   -3.30130e+05    2.24023e+03
      Potential    Kinetic En.   Total Energy  Conserved En.    Temperature
   -2.94787e+05    4.71425e+04   -2.47644e+05   -2.59385e+05    3.25373e+02
 Pres. DC (bar) Pressure (bar)   Constr. rmsd
   -2.51635e+02    1.31028e+01    4.68986e-06

           Step           Time
         394000      788.00000

   Energies (kJ/mol)
          Angle    Proper Dih. Ryckaert-Bell.  Improper Dih.          LJ-14
    1.45929e+04    4.02842e+03    7.33647e+03    4.84897e+02    4.25696e+03
     Coulomb-14        LJ (SR)  Disper. corr.   Coulomb (SR)   Coul. recip.
    8.85512e+03   -2.63273e+03   -3.98733e+03   -3.29935e+05    2.25338e+03
      Potential    Kinetic En.   Total Energy  Conserved En.    Temperature
   -2.94747e+05    4.64843e+04   -2.48262e+05   -2.59438e+05    3.20830e+02
 Pres. DC (bar) Pressure (bar)   Constr. rmsd
   -2.50318e+02    2.67518e+02    4.16439e-06

           Step           Time
         395000      790.00000

   Energies (kJ/mol)
          Angle    Proper Dih. Ryckaert-Bell.  Improper Dih.          LJ-14
    1.44319e+04    4.13198e+03    7.52602e+03    5.22973e+02    4.21331e+03
     Coulomb-14        LJ (SR)  Disper. corr.   Coulomb (SR)   Coul. recip.
    9.29220e+03   -3.97131e+03   -3.97041e+03   -3.28791e+05    2.14384e+03
      Potential    Kinetic En.   Total Energy  Conserved En.    Temperature
   -2.94470e+05    4.72587e+04   -2.47212e+05   -2.59472e+05    3.26175e+02
 Pres. DC (bar) Pressure (bar)   Constr. rmsd
   -2.48200e+02   -2.64627e+02    4.25930e-06

           Step           Time
         396000      792.00000

   Energies (kJ/mol)
          Angle    Proper Dih. Ryckaert-Bell.  Improper Dih.          LJ-14
    1.44449e+04    4.03885e+03    7.65331e+03    5.11903e+02    4.16111e+03
     Coulomb-14        LJ (SR)  Disper. corr.   Coulomb (SR)   Coul. recip.
    9.64212e+03   -3.50875e+03   -3.97331e+03   -3.30044e+05    2.29113e+03
      Potential    Kinetic En.   Total Energy  Conserved En.    Temperature
   -2.94783e+05    4.68229e+04   -2.47960e+05   -2.59452e+05    3.23167e+02
 Pres. DC (bar) Pressure (bar)   Constr. rmsd
   -2.48563e+02   -2.86798e+02    4.61079e-06

           Step           Time
         397000      794.00000

   Energies (kJ/mol)
          Angle    Proper Dih. Ryckaert-Bell.  Improper Dih.          LJ-14
    1.40947e+04    3.92717e+03    7.47427e+03    4.71181e+02    4.45333e+03
     Coulomb-14        LJ (SR)  Disper. corr.   Coulomb (SR)   Coul. recip.
    9.64328e+03   -3.09975e+03   -3.98261e+03   -3.29969e+05    2.21512e+03
      Potential    Kinetic En.   Total Energy  Conserved En.    Temperature
   -2.94773e+05    4.65732e+04   -2.48200e+05   -2.59478e+05    3.21443e+02
 Pres. DC (bar) Pressure (bar)   Constr. rmsd
   -2.49726e+02    2.68327e+02    4.36462e-06

           Step           Time
         398000      796.00000

   Energies (kJ/mol)
          Angle    Proper Dih. Ryckaert-Bell.  Improper Dih.          LJ-14
    1.41400e+04    3.91898e+03    7.55585e+03    4.82047e+02    4.21300e+03
     Coulomb-14        LJ (SR)  Disper. corr.   Coulomb (SR)   Coul. recip.
    9.98186e+03   -2.22622e+03   -3.99447e+03   -3.31843e+05    2.21424e+03
      Potential    Kinetic En.   Total Energy  Conserved En.    Temperature
   -2.95558e+05    4.73593e+04   -2.48198e+05   -2.59535e+05    3.26869e+02
 Pres. DC (bar) Pressure (bar)   Constr. rmsd
   -2.51214e+02    5.78032e+02    4.30568e-06

           Step           Time
         399000      798.00000

   Energies (kJ/mol)
          Angle    Proper Dih. Ryckaert-Bell.  Improper Dih.          LJ-14
    1.41502e+04    4.07862e+03    7.57976e+03    5.10464e+02    4.29615e+03
     Coulomb-14        LJ (SR)  Disper. corr.   Coulomb (SR)   Coul. recip.
    9.62675e+03   -2.65953e+03   -3.98152e+03   -3.31114e+05    2.29455e+03
      Potential    Kinetic En.   Total Energy  Conserved En.    Temperature
   -2.95218e+05    4.66945e+04   -2.48524e+05   -2.59517e+05    3.22281e+02
 Pres. DC (bar) Pressure (bar)   Constr. rmsd
   -2.49590e+02   -1.54220e+02    4.35387e-06

           Step           Time
         400000      800.00000

   Energies (kJ/mol)
          Angle    Proper Dih. Ryckaert-Bell.  Improper Dih.          LJ-14
    1.49006e+04    4.08602e+03    7.59204e+03    4.87011e+02    4.32983e+03
     Coulomb-14        LJ (SR)  Disper. corr.   Coulomb (SR)   Coul. recip.
    9.31430e+03   -4.35233e+03   -3.99499e+03   -3.29806e+05    2.26777e+03
      Potential    Kinetic En.   Total Energy  Conserved En.    Temperature
   -2.95176e+05    4.67633e+04   -2.48413e+05   -2.59611e+05    3.22755e+02
 Pres. DC (bar) Pressure (bar)   Constr. rmsd
   -2.51280e+02   -2.52301e+02    4.37836e-06

           Step           Time
         401000      802.00000

   Energies (kJ/mol)
          Angle    Proper Dih. Ryckaert-Bell.  Improper Dih.          LJ-14
    1.43096e+04    4.09055e+03    7.81997e+03    4.91846e+02    4.25359e+03
     Coulomb-14        LJ (SR)  Disper. corr.   Coulomb (SR)   Coul. recip.
    9.55699e+03   -3.21434e+03   -3.98913e+03   -3.29851e+05    2.25312e+03
      Potential    Kinetic En.   Total Energy  Conserved En.    Temperature
   -2.94279e+05    4.66299e+04   -2.47649e+05   -2.59603e+05    3.21835e+02
 Pres. DC (bar) Pressure (bar)   Constr. rmsd
   -2.50543e+02   -1.53471e+02    4.37954e-06

           Step           Time
         402000      804.00000

   Energies (kJ/mol)
          Angle    Proper Dih. Ryckaert-Bell.  Improper Dih.          LJ-14
    1.45037e+04    4.03706e+03    7.36277e+03    4.64586e+02    4.31053e+03
     Coulomb-14        LJ (SR)  Disper. corr.   Coulomb (SR)   Coul. recip.
    9.42612e+03   -2.97115e+03   -4.00013e+03   -3.30305e+05    2.28353e+03
      Potential    Kinetic En.   Total Energy  Conserved En.    Temperature
   -2.94888e+05    4.66982e+04   -2.48190e+05   -2.59615e+05    3.22306e+02
 Pres. DC (bar) Pressure (bar)   Constr. rmsd
   -2.51926e+02    7.13463e+01    4.46452e-06

           Step           Time
         403000      806.00000

   Energies (kJ/mol)
          Angle    Proper Dih. Ryckaert-Bell.  Improper Dih.          LJ-14
    1.47672e+04    4.06654e+03    7.67352e+03    4.88126e+02    4.31692e+03
     Coulomb-14        LJ (SR)  Disper. corr.   Coulomb (SR)   Coul. recip.
    9.48466e+03   -3.11437e+03   -3.99083e+03   -3.30396e+05    2.23930e+03
      Potential    Kinetic En.   Total Energy  Conserved En.    Temperature
   -2.94465e+05    4.62176e+04   -2.48247e+05   -2.59655e+05    3.18989e+02
 Pres. DC (bar) Pressure (bar)   Constr. rmsd
   -2.50758e+02    2.43924e+02    4.36254e-06

           Step           Time
         404000      808.00000

   Energies (kJ/mol)
          Angle    Proper Dih. Ryckaert-Bell.  Improper Dih.          LJ-14
    1.40216e+04    3.91395e+03    7.33798e+03    5.23928e+02    4.15087e+03
     Coulomb-14        LJ (SR)  Disper. corr.   Coulomb (SR)   Coul. recip.
    1.01859e+04   -3.38805e+03   -3.96900e+03   -3.29413e+05    2.20707e+03
      Potential    Kinetic En.   Total Energy  Conserved En.    Temperature
   -2.94428e+05    4.68755e+04   -2.47553e+05   -2.59698e+05    3.23529e+02
 Pres. DC (bar) Pressure (bar)   Constr. rmsd
   -2.48025e+02   -9.53597e+01    4.61825e-06

           Step           Time
         405000      810.00000

   Energies (kJ/mol)
          Angle    Proper Dih. Ryckaert-Bell.  Improper Dih.          LJ-14
    1.47858e+04    3.93720e+03    7.42635e+03    5.41504e+02    4.17386e+03
     Coulomb-14        LJ (SR)  Disper. corr.   Coulomb (SR)   Coul. recip.
    9.38103e+03   -3.88388e+03   -3.98656e+03   -3.29959e+05    2.19366e+03
      Potential    Kinetic En.   Total Energy  Conserved En.    Temperature
   -2.95390e+05    4.69423e+04   -2.48448e+05   -2.59772e+05    3.23991e+02
 Pres. DC (bar) Pressure (bar)   Constr. rmsd
   -2.50222e+02   -4.59345e+02    4.77221e-06

           Step           Time
         406000      812.00000

   Energies (kJ/mol)
          Angle    Proper Dih. Ryckaert-Bell.  Improper Dih.          LJ-14
    1.48101e+04    4.12783e+03    7.50212e+03    4.56095e+02    4.26914e+03
     Coulomb-14        LJ (SR)  Disper. corr.   Coulomb (SR)   Coul. recip.
    9.58069e+03   -3.11842e+03   -3.98544e+03   -3.29848e+05    2.28539e+03
      Potential    Kinetic En.   Total Energy  Conserved En.    Temperature
   -2.93920e+05    4.70072e+04   -2.46913e+05   -2.59737e+05    3.24438e+02
 Pres. DC (bar) Pressure (bar)   Constr. rmsd
   -2.50081e+02    2.52183e+02    4.67429e-06

           Step           Time
         407000      814.00000

   Energies (kJ/mol)
          Angle    Proper Dih. Ryckaert-Bell.  Improper Dih.          LJ-14
    1.43820e+04    4.09199e+03    7.46387e+03    4.39877e+02    4.27402e+03
     Coulomb-14        LJ (SR)  Disper. corr.   Coulomb (SR)   Coul. recip.
    9.12335e+03   -2.80997e+03   -3.99649e+03   -3.30370e+05    2.14875e+03
      Potential    Kinetic En.   Total Energy  Conserved En.    Temperature
   -2.95252e+05    4.70130e+04   -2.48239e+05   -2.59826e+05    3.24478e+02
 Pres. DC (bar) Pressure (bar)   Constr. rmsd
   -2.51468e+02    6.78756e+01    4.61001e-06

           Step           Time
         408000      816.00000

   Energies (kJ/mol)
          Angle    Proper Dih. Ryckaert-Bell.  Improper Dih.          LJ-14
    1.43064e+04    4.09829e+03    7.10428e+03    5.53021e+02    4.27014e+03
     Coulomb-14        LJ (SR)  Disper. corr.   Coulomb (SR)   Coul. recip.
    9.51313e+03   -2.77381e+03   -4.00346e+03   -3.30952e+05    2.18331e+03
      Potential    Kinetic En.   Total Energy  Conserved En.    Temperature
   -2.95701e+05    4.67292e+04   -2.48971e+05   -2.59826e+05    3.22520e+02
 Pres. DC (bar) Pressure (bar)   Constr. rmsd
   -2.52345e+02    3.81714e+01    4.56015e-06

           Step           Time
         409000      818.00000

   Energies (kJ/mol)
          Angle    Proper Dih. Ryckaert-Bell.  Improper Dih.          LJ-14
    1.42219e+04    4.20077e+03    7.16278e+03    4.74285e+02    4.31578e+03
     Coulomb-14        LJ (SR)  Disper. corr.   Coulomb (SR)   Coul. recip.
    9.31395e+03   -3.28347e+03   -3.99888e+03   -3.30403e+05    2.23869e+03
      Potential    Kinetic En.   Total Energy  Conserved En.    Temperature
   -2.95757e+05    4.68283e+04   -2.48929e+05   -2.59833e+05    3.23204e+02
 Pres. DC (bar) Pressure (bar)   Constr. rmsd
   -2.51768e+02    4.08062e+02    4.23878e-06

           Step           Time
         410000      820.00000

   Energies (kJ/mol)
          Angle    Proper Dih. Ryckaert-Bell.  Improper Dih.          LJ-14
    1.42689e+04    4.12040e+03    7.37313e+03    4.95742e+02    4.29263e+03
     Coulomb-14        LJ (SR)  Disper. corr.   Coulomb (SR)   Coul. recip.
    9.68344e+03   -3.49801e+03   -3.98243e+03   -3.30397e+05    2.24378e+03
      Potential    Kinetic En.   Total Energy  Conserved En.    Temperature
   -2.95399e+05    4.68097e+04   -2.48589e+05   -2.59866e+05    3.23075e+02
 Pres. DC (bar) Pressure (bar)   Constr. rmsd
   -2.49704e+02   -1.78055e+01    4.26820e-06

           Step           Time
         411000      822.00000

   Energies (kJ/mol)
          Angle    Proper Dih. Ryckaert-Bell.  Improper Dih.          LJ-14
    1.40418e+04    4.02532e+03    7.20830e+03    4.60960e+02    4.12015e+03
     Coulomb-14        LJ (SR)  Disper. corr.   Coulomb (SR)   Coul. recip.
    1.03691e+04   -3.27581e+03   -3.97630e+03   -3.30470e+05    2.22578e+03
      Potential    Kinetic En.   Total Energy  Conserved En.    Temperature
   -2.95271e+05    4.69089e+04   -2.48362e+05   -2.59869e+05    3.23760e+02
 Pres. DC (bar) Pressure (bar)   Constr. rmsd
   -2.48937e+02   -3.34276e+01    4.31166e-06

           Step           Time
         412000      824.00000

   Energies (kJ/mol)
          Angle    Proper Dih. Ryckaert-Bell.  Improper Dih.          LJ-14
    1.44258e+04    4.10882e+03    6.99936e+03    5.24055e+02    4.34345e+03
     Coulomb-14        LJ (SR)  Disper. corr.   Coulomb (SR)   Coul. recip.
    9.66518e+03   -3.17053e+03   -3.99851e+03   -3.30883e+05    2.13966e+03
      Potential    Kinetic En.   Total Energy  Conserved En.    Temperature
   -2.95846e+05    4.65801e+04   -2.49266e+05   -2.59947e+05    3.21490e+02
 Pres. DC (bar) Pressure (bar)   Constr. rmsd
   -2.51722e+02    3.35223e+02    4.18889e-06

           Step           Time
         413000      826.00000

   Energies (kJ/mol)
          Angle    Proper Dih. Ryckaert-Bell.  Improper Dih.          LJ-14
    1.43577e+04    3.99717e+03    7.52523e+03    5.10326e+02    4.25595e+03
     Coulomb-14        LJ (SR)  Disper. corr.   Coulomb (SR)   Coul. recip.
    9.38972e+03   -3.21762e+03   -3.98094e+03   -3.30181e+05    2.17787e+03
      Potential    Kinetic En.   Total Energy  Conserved En.    Temperature
   -2.95166e+05    4.65404e+04   -2.48625e+05   -2.59951e+05    3.21216e+02
 Pres. DC (bar) Pressure (bar)   Constr. rmsd
   -2.49517e+02    1.76864e+02    4.39476e-06

           Step           Time
         414000      828.00000

   Energies (kJ/mol)
          Angle    Proper Dih. Ryckaert-Bell.  Improper Dih.          LJ-14
    1.44286e+04    4.04432e+03    7.09346e+03    4.76521e+02    4.28461e+03
     Coulomb-14        LJ (SR)  Disper. corr.   Coulomb (SR)   Coul. recip.
    1.00325e+04   -2.74477e+03   -4.01591e+03   -3.32063e+05    2.19986e+03
      Potential    Kinetic En.   Total Energy  Conserved En.    Temperature
   -2.96264e+05    4.60272e+04   -2.50237e+05   -2.59959e+05    3.17675e+02
 Pres. DC (bar) Pressure (bar)   Constr. rmsd
   -2.53916e+02    2.64485e+02    4.49298e-06

           Step           Time
         415000      830.00000

   Energies (kJ/mol)
          Angle    Proper Dih. Ryckaert-Bell.  Improper Dih.          LJ-14
    1.41148e+04    4.05621e+03    7.34380e+03    5.27333e+02    4.20975e+03
     Coulomb-14        LJ (SR)  Disper. corr.   Coulomb (SR)   Coul. recip.
    9.83270e+03   -3.64561e+03   -3.98638e+03   -3.30222e+05    2.27069e+03
      Potential    Kinetic En.   Total Energy  Conserved En.    Temperature
   -2.95498e+05    4.70623e+04   -2.48436e+05   -2.60000e+05    3.24819e+02
 Pres. DC (bar) Pressure (bar)   Constr. rmsd
   -2.50198e+02   -2.52999e+02    4.58330e-06

           Step           Time
         416000      832.00000

   Energies (kJ/mol)
          Angle    Proper Dih. Ryckaert-Bell.  Improper Dih.          LJ-14
    1.44493e+04    4.00678e+03    7.10186e+03    5.96396e+02    4.27104e+03
     Coulomb-14        LJ (SR)  Disper. corr.   Coulomb (SR)   Coul. recip.
    9.52922e+03   -3.80616e+03   -4.00390e+03   -3.29608e+05    2.23267e+03
      Potential    Kinetic En.   Total Energy  Conserved En.    Temperature
   -2.95231e+05    4.68201e+04   -2.48411e+05   -2.60042e+05    3.23147e+02
 Pres. DC (bar) Pressure (bar)   Constr. rmsd
   -2.52401e+02    1.86574e+02    4.32715e-06

           Step           Time
         417000      834.00000

   Energies (kJ/mol)
          Angle    Proper Dih. Ryckaert-Bell.  Improper Dih.          LJ-14
    1.44975e+04    4.02445e+03    7.40261e+03    5.22640e+02    4.31717e+03
     Coulomb-14        LJ (SR)  Disper. corr.   Coulomb (SR)   Coul. recip.
    9.57135e+03   -3.56756e+03   -4.00820e+03   -3.30872e+05    2.23041e+03
      Potential    Kinetic En.   Total Energy  Conserved En.    Temperature
   -2.95881e+05    4.71824e+04   -2.48699e+05   -2.60092e+05    3.25648e+02
 Pres. DC (bar) Pressure (bar)   Constr. rmsd
   -2.52942e+02    1.56957e+02    4.54217e-06

           Step           Time
         418000      836.00000

   Energies (kJ/mol)
          Angle    Proper Dih. Ryckaert-Bell.  Improper Dih.          LJ-14
    1.44707e+04    3.93140e+03    7.45068e+03    4.94439e+02    4.34182e+03
     Coulomb-14        LJ (SR)  Disper. corr.   Coulomb (SR)   Coul. recip.
    9.89893e+03   -3.46411e+03   -3.97615e+03   -3.29819e+05    2.29874e+03
      Potential    Kinetic En.   Total Energy  Conserved En.    Temperature
   -2.94372e+05    4.74254e+04   -2.46947e+05   -2.60090e+05    3.27325e+02
 Pres. DC (bar) Pressure (bar)   Constr. rmsd
   -2.48917e+02    2.02116e+02    4.54601e-06

           Step           Time
         419000      838.00000

   Energies (kJ/mol)
          Angle    Proper Dih. Ryckaert-Bell.  Improper Dih.          LJ-14
    1.44934e+04    4.09954e+03    7.21125e+03    5.43214e+02    4.16888e+03
     Coulomb-14        LJ (SR)  Disper. corr.   Coulomb (SR)   Coul. recip.
    9.72605e+03   -3.29972e+03   -4.00049e+03   -3.30838e+05    2.25706e+03
      Potential    Kinetic En.   Total Energy  Conserved En.    Temperature
   -2.95639e+05    4.68910e+04   -2.48748e+05   -2.60072e+05    3.23636e+02
 Pres. DC (bar) Pressure (bar)   Constr. rmsd
   -2.51972e+02   -1.92910e+02    4.20081e-06

Writing checkpoint, step 419900 at Thu Oct 25 15:08:18 2018


           Step           Time
         420000      840.00000

   Energies (kJ/mol)
          Angle    Proper Dih. Ryckaert-Bell.  Improper Dih.          LJ-14
    1.41724e+04    4.18035e+03    7.47427e+03    5.48707e+02    4.37250e+03
     Coulomb-14        LJ (SR)  Disper. corr.   Coulomb (SR)   Coul. recip.
    9.61066e+03   -3.56989e+03   -4.00027e+03   -3.29819e+05    2.24571e+03
      Potential    Kinetic En.   Total Energy  Conserved En.    Temperature
   -2.94785e+05    4.65483e+04   -2.48237e+05   -2.60182e+05    3.21271e+02
 Pres. DC (bar) Pressure (bar)   Constr. rmsd
   -2.51944e+02    2.09394e+02    4.42669e-06

           Step           Time
         421000      842.00000

   Energies (kJ/mol)
          Angle    Proper Dih. Ryckaert-Bell.  Improper Dih.          LJ-14
    1.39296e+04    3.97962e+03    7.22532e+03    4.99582e+02    4.19552e+03
     Coulomb-14        LJ (SR)  Disper. corr.   Coulomb (SR)   Coul. recip.
    1.00427e+04   -4.02033e+03   -3.98458e+03   -3.29132e+05    2.26325e+03
      Potential    Kinetic En.   Total Energy  Conserved En.    Temperature
   -2.95002e+05    4.67683e+04   -2.48233e+05   -2.60203e+05    3.22790e+02
 Pres. DC (bar) Pressure (bar)   Constr. rmsd
   -2.49973e+02   -1.01300e+02    4.44839e-06

           Step           Time
         422000      844.00000

   Energies (kJ/mol)
          Angle    Proper Dih. Ryckaert-Bell.  Improper Dih.          LJ-14
    1.41168e+04    4.14331e+03    7.42798e+03    5.05922e+02    4.20755e+03
     Coulomb-14        LJ (SR)  Disper. corr.   Coulomb (SR)   Coul. recip.
    9.83507e+03   -3.93782e+03   -3.99967e+03   -3.29253e+05    2.21179e+03
      Potential    Kinetic En.   Total Energy  Conserved En.    Temperature
   -2.94742e+05    4.70004e+04   -2.47741e+05   -2.60196e+05    3.24392e+02
 Pres. DC (bar) Pressure (bar)   Constr. rmsd
   -2.51868e+02   -1.30904e+02    4.61781e-06

           Step           Time
         423000      846.00000

   Energies (kJ/mol)
          Angle    Proper Dih. Ryckaert-Bell.  Improper Dih.          LJ-14
    1.42629e+04    4.17951e+03    7.56845e+03    4.79529e+02    4.32173e+03
     Coulomb-14        LJ (SR)  Disper. corr.   Coulomb (SR)   Coul. recip.
    9.70975e+03   -3.79100e+03   -3.98167e+03   -3.29754e+05    2.23825e+03
      Potential    Kinetic En.   Total Energy  Conserved En.    Temperature
   -2.94767e+05    4.66323e+04   -2.48134e+05   -2.60226e+05    3.21851e+02
 Pres. DC (bar) Pressure (bar)   Constr. rmsd
   -2.49609e+02   -1.57122e+02    4.57761e-06

           Step           Time
         424000      848.00000

   Energies (kJ/mol)
          Angle    Proper Dih. Ryckaert-Bell.  Improper Dih.          LJ-14
    1.39380e+04    4.20216e+03    7.37842e+03    5.01587e+02    4.37924e+03
     Coulomb-14        LJ (SR)  Disper. corr.   Coulomb (SR)   Coul. recip.
    9.38818e+03   -1.80188e+03   -3.98295e+03   -3.32289e+05    2.16826e+03
      Potential    Kinetic En.   Total Energy  Conserved En.    Temperature
   -2.96118e+05    4.72779e+04   -2.48840e+05   -2.60278e+05    3.26307e+02
 Pres. DC (bar) Pressure (bar)   Constr. rmsd
   -2.49769e+02    3.07682e+02    4.28024e-06

           Step           Time
         425000      850.00000

   Energies (kJ/mol)
          Angle    Proper Dih. Ryckaert-Bell.  Improper Dih.          LJ-14
    1.42057e+04    3.98348e+03    7.45414e+03    4.80073e+02    4.26784e+03
     Coulomb-14        LJ (SR)  Disper. corr.   Coulomb (SR)   Coul. recip.
    9.50423e+03   -4.57560e+03   -3.98590e+03   -3.28264e+05    2.18065e+03
      Potential    Kinetic En.   Total Energy  Conserved En.    Temperature
   -2.94749e+05    4.70999e+04   -2.47649e+05   -2.60374e+05    3.25078e+02
 Pres. DC (bar) Pressure (bar)   Constr. rmsd
   -2.50139e+02   -2.25120e+02    4.60835e-06

           Step           Time
         426000      852.00000

   Energies (kJ/mol)
          Angle    Proper Dih. Ryckaert-Bell.  Improper Dih.          LJ-14
    1.43816e+04    4.03745e+03    7.36639e+03    4.60751e+02    4.18183e+03
     Coulomb-14        LJ (SR)  Disper. corr.   Coulomb (SR)   Coul. recip.
    9.44174e+03   -3.89891e+03   -3.96698e+03   -3.29782e+05    2.23247e+03
      Potential    Kinetic En.   Total Energy  Conserved En.    Temperature
   -2.95545e+05    4.63555e+04   -2.49190e+05   -2.60387e+05    3.19941e+02
 Pres. DC (bar) Pressure (bar)   Constr. rmsd
   -2.47772e+02   -3.51318e+02    4.42131e-06

           Step           Time
         427000      854.00000

   Energies (kJ/mol)
          Angle    Proper Dih. Ryckaert-Bell.  Improper Dih.          LJ-14
    1.46436e+04    4.03613e+03    7.47016e+03    4.91608e+02    4.30204e+03
     Coulomb-14        LJ (SR)  Disper. corr.   Coulomb (SR)   Coul. recip.
    9.66718e+03   -2.98952e+03   -3.99292e+03   -3.30961e+05    2.28274e+03
      Potential    Kinetic En.   Total Energy  Conserved En.    Temperature
   -2.95050e+05    4.68789e+04   -2.48171e+05   -2.60391e+05    3.23553e+02
 Pres. DC (bar) Pressure (bar)   Constr. rmsd
   -2.51019e+02    6.57087e+01    4.15263e-06

           Step           Time
         428000      856.00000

   Energies (kJ/mol)
          Angle    Proper Dih. Ryckaert-Bell.  Improper Dih.          LJ-14
    1.45221e+04    3.96610e+03    7.58821e+03    5.20958e+02    4.11353e+03
     Coulomb-14        LJ (SR)  Disper. corr.   Coulomb (SR)   Coul. recip.
    9.97653e+03   -3.07509e+03   -3.97262e+03   -3.30253e+05    2.20453e+03
      Potential    Kinetic En.   Total Energy  Conserved En.    Temperature
   -2.94409e+05    4.71012e+04   -2.47308e+05   -2.60330e+05    3.25087e+02
 Pres. DC (bar) Pressure (bar)   Constr. rmsd
   -2.48476e+02   -5.35342e+01    4.53137e-06

           Step           Time
         429000      858.00000

   Energies (kJ/mol)
          Angle    Proper Dih. Ryckaert-Bell.  Improper Dih.          LJ-14
    1.42690e+04    4.01287e+03    7.39320e+03    4.55314e+02    4.14389e+03
     Coulomb-14        LJ (SR)  Disper. corr.   Coulomb (SR)   Coul. recip.
    9.68848e+03   -3.47544e+03   -4.00273e+03   -3.30856e+05    2.29376e+03
      Potential    Kinetic En.   Total Energy  Conserved En.    Temperature
   -2.96077e+05    4.65221e+04   -2.49555e+05   -2.60400e+05    3.21090e+02
 Pres. DC (bar) Pressure (bar)   Constr. rmsd
   -2.52253e+02   -3.17935e+02    4.57281e-06

           Step           Time
         430000      860.00000

   Energies (kJ/mol)
          Angle    Proper Dih. Ryckaert-Bell.  Improper Dih.          LJ-14
    1.46934e+04    3.94090e+03    7.65889e+03    5.13724e+02    4.37350e+03
     Coulomb-14        LJ (SR)  Disper. corr.   Coulomb (SR)   Coul. recip.
    9.49864e+03   -4.12180e+03   -3.99653e+03   -3.29892e+05    2.23409e+03
      Potential    Kinetic En.   Total Energy  Conserved En.    Temperature
   -2.95097e+05    4.67394e+04   -2.48357e+05   -2.60425e+05    3.22590e+02
 Pres. DC (bar) Pressure (bar)   Constr. rmsd
   -2.51474e+02   -2.69127e+02    4.52445e-06

           Step           Time
         431000      862.00000

   Energies (kJ/mol)
          Angle    Proper Dih. Ryckaert-Bell.  Improper Dih.          LJ-14
    1.45613e+04    3.95828e+03    7.27818e+03    4.44710e+02    4.24462e+03
     Coulomb-14        LJ (SR)  Disper. corr.   Coulomb (SR)   Coul. recip.
    9.91211e+03   -2.67391e+03   -3.98894e+03   -3.31670e+05    2.25994e+03
      Potential    Kinetic En.   Total Energy  Conserved En.    Temperature
   -2.95674e+05    4.63682e+04   -2.49306e+05   -2.60502e+05    3.20029e+02
 Pres. DC (bar) Pressure (bar)   Constr. rmsd
   -2.50520e+02    8.38961e+01    4.72559e-06

           Step           Time
         432000      864.00000

   Energies (kJ/mol)
          Angle    Proper Dih. Ryckaert-Bell.  Improper Dih.          LJ-14
    1.41935e+04    4.16333e+03    7.28487e+03    5.37096e+02    4.26087e+03
     Coulomb-14        LJ (SR)  Disper. corr.   Coulomb (SR)   Coul. recip.
    1.04202e+04   -3.06820e+03   -4.00327e+03   -3.31631e+05    2.17578e+03
      Potential    Kinetic En.   Total Energy  Conserved En.    Temperature
   -2.95667e+05    4.75010e+04   -2.48166e+05   -2.60519e+05    3.27847e+02
 Pres. DC (bar) Pressure (bar)   Constr. rmsd
   -2.52322e+02   -5.66539e+01    4.39151e-06

           Step           Time
         433000      866.00000

   Energies (kJ/mol)
          Angle    Proper Dih. Ryckaert-Bell.  Improper Dih.          LJ-14
    1.40006e+04    4.18165e+03    7.50134e+03    4.25892e+02    4.14830e+03
     Coulomb-14        LJ (SR)  Disper. corr.   Coulomb (SR)   Coul. recip.
    1.02178e+04   -3.15822e+03   -3.99087e+03   -3.31319e+05    2.27261e+03
      Potential    Kinetic En.   Total Energy  Conserved En.    Temperature
   -2.95720e+05    4.65694e+04   -2.49151e+05   -2.60548e+05    3.21417e+02
 Pres. DC (bar) Pressure (bar)   Constr. rmsd
   -2.50762e+02   -2.71968e+02    4.25091e-06

           Step           Time
         434000      868.00000

   Energies (kJ/mol)
          Angle    Proper Dih. Ryckaert-Bell.  Improper Dih.          LJ-14
    1.46442e+04    3.96478e+03    7.46562e+03    5.19839e+02    4.24890e+03
     Coulomb-14        LJ (SR)  Disper. corr.   Coulomb (SR)   Coul. recip.
    9.91485e+03   -2.55929e+03   -4.00328e+03   -3.32492e+05    2.20165e+03
      Potential    Kinetic En.   Total Energy  Conserved En.    Temperature
   -2.96095e+05    4.64806e+04   -2.49614e+05   -2.60614e+05    3.20804e+02
 Pres. DC (bar) Pressure (bar)   Constr. rmsd
   -2.52323e+02    1.64031e+02    4.55783e-06

           Step           Time
         435000      870.00000

   Energies (kJ/mol)
          Angle    Proper Dih. Ryckaert-Bell.  Improper Dih.          LJ-14
    1.41662e+04    3.98587e+03    7.39099e+03    4.58633e+02    4.26669e+03
     Coulomb-14        LJ (SR)  Disper. corr.   Coulomb (SR)   Coul. recip.
    1.02359e+04   -3.34204e+03   -3.99273e+03   -3.31034e+05    2.18734e+03
      Potential    Kinetic En.   Total Energy  Conserved En.    Temperature
   -2.95677e+05    4.72271e+04   -2.48450e+05   -2.60618e+05    3.25956e+02
 Pres. DC (bar) Pressure (bar)   Constr. rmsd
   -2.50996e+02   -4.03115e+02    4.76750e-06

           Step           Time
         436000      872.00000

   Energies (kJ/mol)
          Angle    Proper Dih. Ryckaert-Bell.  Improper Dih.          LJ-14
    1.42647e+04    3.94308e+03    7.24402e+03    4.97155e+02    4.14080e+03
     Coulomb-14        LJ (SR)  Disper. corr.   Coulomb (SR)   Coul. recip.
    1.02882e+04   -3.12318e+03   -3.98603e+03   -3.31159e+05    2.26510e+03
      Potential    Kinetic En.   Total Energy  Conserved En.    Temperature
   -2.95626e+05    4.69481e+04   -2.48678e+05   -2.60612e+05    3.24031e+02
 Pres. DC (bar) Pressure (bar)   Constr. rmsd
   -2.50155e+02    1.45749e+00    4.20737e-06

           Step           Time
         437000      874.00000

   Energies (kJ/mol)
          Angle    Proper Dih. Ryckaert-Bell.  Improper Dih.          LJ-14
    1.44895e+04    3.93911e+03    7.04762e+03    4.85633e+02    4.20979e+03
     Coulomb-14        LJ (SR)  Disper. corr.   Coulomb (SR)   Coul. recip.
    9.84961e+03   -3.61341e+03   -3.99992e+03   -3.29781e+05    2.27929e+03
      Potential    Kinetic En.   Total Energy  Conserved En.    Temperature
   -2.95094e+05    4.70706e+04   -2.48023e+05   -2.60634e+05    3.24876e+02
 Pres. DC (bar) Pressure (bar)   Constr. rmsd
   -2.51899e+02   -1.13494e+02    4.40755e-06

           Step           Time
         438000      876.00000

   Energies (kJ/mol)
          Angle    Proper Dih. Ryckaert-Bell.  Improper Dih.          LJ-14
    1.43306e+04    4.05602e+03    7.26525e+03    4.96310e+02    4.21945e+03
     Coulomb-14        LJ (SR)  Disper. corr.   Coulomb (SR)   Coul. recip.
    9.76183e+03   -3.37467e+03   -4.01698e+03   -3.30351e+05    2.22443e+03
      Potential    Kinetic En.   Total Energy  Conserved En.    Temperature
   -2.95389e+05    4.67927e+04   -2.48596e+05   -2.60776e+05    3.22958e+02
 Pres. DC (bar) Pressure (bar)   Constr. rmsd
   -2.54051e+02    1.62540e+02    4.64126e-06

           Step           Time
         439000      878.00000

   Energies (kJ/mol)
          Angle    Proper Dih. Ryckaert-Bell.  Improper Dih.          LJ-14
    1.44612e+04    3.98369e+03    7.26168e+03    5.12599e+02    4.27781e+03
     Coulomb-14        LJ (SR)  Disper. corr.   Coulomb (SR)   Coul. recip.
    9.65932e+03   -3.14849e+03   -3.99789e+03   -3.30847e+05    2.17000e+03
      Potential    Kinetic En.   Total Energy  Conserved En.    Temperature
   -2.95668e+05    4.66672e+04   -2.49000e+05   -2.60716e+05    3.22092e+02
 Pres. DC (bar) Pressure (bar)   Constr. rmsd
   -2.51644e+02   -1.50892e+02    4.51294e-06

           Step           Time
         440000      880.00000

   Energies (kJ/mol)
          Angle    Proper Dih. Ryckaert-Bell.  Improper Dih.          LJ-14
    1.43192e+04    4.01038e+03    7.40595e+03    5.15819e+02    4.20134e+03
     Coulomb-14        LJ (SR)  Disper. corr.   Coulomb (SR)   Coul. recip.
    1.01948e+04   -4.02428e+03   -4.00769e+03   -3.30089e+05    2.26929e+03
      Potential    Kinetic En.   Total Energy  Conserved En.    Temperature
   -2.95204e+05    4.65458e+04   -2.48658e+05   -2.60782e+05    3.21254e+02
 Pres. DC (bar) Pressure (bar)   Constr. rmsd
   -2.52878e+02   -2.61163e+02    4.25781e-06

           Step           Time
         441000      882.00000

   Energies (kJ/mol)
          Angle    Proper Dih. Ryckaert-Bell.  Improper Dih.          LJ-14
    1.41079e+04    4.09335e+03    7.48050e+03    5.11620e+02    4.11267e+03
     Coulomb-14        LJ (SR)  Disper. corr.   Coulomb (SR)   Coul. recip.
    1.02858e+04   -2.48966e+03   -3.99557e+03   -3.31341e+05    2.29543e+03
      Potential    Kinetic En.   Total Energy  Conserved En.    Temperature
   -2.94939e+05    4.63690e+04   -2.48570e+05   -2.60813e+05    3.20033e+02
 Pres. DC (bar) Pressure (bar)   Constr. rmsd
   -2.51353e+02    1.09927e+02    4.37168e-06

           Step           Time
         442000      884.00000

   Energies (kJ/mol)
          Angle    Proper Dih. Ryckaert-Bell.  Improper Dih.          LJ-14
    1.43103e+04    4.27689e+03    7.34997e+03    4.81322e+02    4.18693e+03
     Coulomb-14        LJ (SR)  Disper. corr.   Coulomb (SR)   Coul. recip.
    1.01125e+04   -3.32185e+03   -4.00331e+03   -3.31273e+05    2.16148e+03
      Potential    Kinetic En.   Total Energy  Conserved En.    Temperature
   -2.95719e+05    4.66136e+04   -2.49105e+05   -2.60808e+05    3.21722e+02
 Pres. DC (bar) Pressure (bar)   Constr. rmsd
   -2.52326e+02   -2.58922e+02    4.55438e-06

           Step           Time
         443000      886.00000

   Energies (kJ/mol)
          Angle    Proper Dih. Ryckaert-Bell.  Improper Dih.          LJ-14
    1.41977e+04    4.06431e+03    7.57060e+03    5.44156e+02    4.20111e+03
     Coulomb-14        LJ (SR)  Disper. corr.   Coulomb (SR)   Coul. recip.
    1.02534e+04   -2.76057e+03   -4.01850e+03   -3.31268e+05    2.17531e+03
      Potential    Kinetic En.   Total Energy  Conserved En.    Temperature
   -2.95041e+05    4.69281e+04   -2.48112e+05   -2.60722e+05    3.23893e+02
 Pres. DC (bar) Pressure (bar)   Constr. rmsd
   -2.54243e+02    2.48157e+02    4.32173e-06

           Step           Time
         444000      888.00000

   Energies (kJ/mol)
          Angle    Proper Dih. Ryckaert-Bell.  Improper Dih.          LJ-14
    1.42282e+04    4.05504e+03    7.11648e+03    4.96711e+02    4.16196e+03
     Coulomb-14        LJ (SR)  Disper. corr.   Coulomb (SR)   Coul. recip.
    1.01481e+04   -3.82746e+03   -4.00192e+03   -3.30806e+05    2.22364e+03
      Potential    Kinetic En.   Total Energy  Conserved En.    Temperature
   -2.96205e+05    4.68674e+04   -2.49338e+05   -2.60888e+05    3.23474e+02
 Pres. DC (bar) Pressure (bar)   Constr. rmsd
   -2.52151e+02   -4.36617e+02    4.45009e-06

           Step           Time
         445000      890.00000

   Energies (kJ/mol)
          Angle    Proper Dih. Ryckaert-Bell.  Improper Dih.          LJ-14
    1.43471e+04    4.07312e+03    7.40517e+03    4.95288e+02    4.26424e+03
     Coulomb-14        LJ (SR)  Disper. corr.   Coulomb (SR)   Coul. recip.
    1.00916e+04   -4.18569e+03   -4.01657e+03   -3.29425e+05    2.26314e+03
      Potential    Kinetic En.   Total Energy  Conserved En.    Temperature
   -2.94688e+05    4.64580e+04   -2.48230e+05   -2.60881e+05    3.20648e+02
 Pres. DC (bar) Pressure (bar)   Constr. rmsd
   -2.53998e+02   -3.23749e+02    5.04710e-06

           Step           Time
         446000      892.00000

   Energies (kJ/mol)
          Angle    Proper Dih. Ryckaert-Bell.  Improper Dih.          LJ-14
    1.44548e+04    4.21631e+03    7.47682e+03    4.47528e+02    4.23778e+03
     Coulomb-14        LJ (SR)  Disper. corr.   Coulomb (SR)   Coul. recip.
    1.01606e+04   -3.21433e+03   -4.00120e+03   -3.31995e+05    2.27424e+03
      Potential    Kinetic En.   Total Energy  Conserved En.    Temperature
   -2.95943e+05    4.76435e+04   -2.48299e+05   -2.60876e+05    3.28830e+02
 Pres. DC (bar) Pressure (bar)   Constr. rmsd
   -2.52061e+02   -3.74992e+02    4.84250e-06

           Step           Time
         447000      894.00000

   Energies (kJ/mol)
          Angle    Proper Dih. Ryckaert-Bell.  Improper Dih.          LJ-14
    1.43576e+04    4.15502e+03    7.42961e+03    4.93009e+02    4.28915e+03
     Coulomb-14        LJ (SR)  Disper. corr.   Coulomb (SR)   Coul. recip.
    9.65815e+03   -2.74007e+03   -4.02414e+03   -3.31935e+05    2.24046e+03
      Potential    Kinetic En.   Total Energy  Conserved En.    Temperature
   -2.96076e+05    4.58297e+04   -2.50246e+05   -2.60916e+05    3.16312e+02
 Pres. DC (bar) Pressure (bar)   Constr. rmsd
   -2.54957e+02    1.40224e+02    4.39139e-06

           Step           Time
         448000      896.00000

   Energies (kJ/mol)
          Angle    Proper Dih. Ryckaert-Bell.  Improper Dih.          LJ-14
    1.43087e+04    4.18576e+03    7.15216e+03    4.40667e+02    4.27788e+03
     Coulomb-14        LJ (SR)  Disper. corr.   Coulomb (SR)   Coul. recip.
    9.89037e+03   -3.88184e+03   -4.00442e+03   -3.30277e+05    2.21604e+03
      Potential    Kinetic En.   Total Energy  Conserved En.    Temperature
   -2.95692e+05    4.67719e+04   -2.48920e+05   -2.60905e+05    3.22814e+02
 Pres. DC (bar) Pressure (bar)   Constr. rmsd
   -2.52466e+02    1.07530e+02    4.30460e-06

           Step           Time
         449000      898.00000

   Energies (kJ/mol)
          Angle    Proper Dih. Ryckaert-Bell.  Improper Dih.          LJ-14
    1.42969e+04    4.07001e+03    7.18734e+03    4.76506e+02    4.16705e+03
     Coulomb-14        LJ (SR)  Disper. corr.   Coulomb (SR)   Coul. recip.
    9.89475e+03   -2.60486e+03   -3.99380e+03   -3.31182e+05    2.26239e+03
      Potential    Kinetic En.   Total Energy  Conserved En.    Temperature
   -2.95425e+05    4.69075e+04   -2.48518e+05   -2.61060e+05    3.23751e+02
 Pres. DC (bar) Pressure (bar)   Constr. rmsd
   -2.51130e+02   -2.75700e+01    4.66686e-06

           Step           Time
         450000      900.00000

   Energies (kJ/mol)
          Angle    Proper Dih. Ryckaert-Bell.  Improper Dih.          LJ-14
    1.44841e+04    4.29315e+03    7.50189e+03    4.66950e+02    4.36940e+03
     Coulomb-14        LJ (SR)  Disper. corr.   Coulomb (SR)   Coul. recip.
    9.58775e+03   -3.86734e+03   -3.99002e+03   -3.30726e+05    2.28911e+03
      Potential    Kinetic En.   Total Energy  Conserved En.    Temperature
   -2.95591e+05    4.66502e+04   -2.48941e+05   -2.61013e+05    3.21975e+02
 Pres. DC (bar) Pressure (bar)   Constr. rmsd
   -2.50656e+02   -3.48756e+02    4.46155e-06

           Step           Time
         451000      902.00000

   Energies (kJ/mol)
          Angle    Proper Dih. Ryckaert-Bell.  Improper Dih.          LJ-14
    1.38187e+04    4.22454e+03    7.11526e+03    3.94247e+02    4.29018e+03
     Coulomb-14        LJ (SR)  Disper. corr.   Coulomb (SR)   Coul. recip.
    9.94010e+03   -3.95285e+03   -4.00968e+03   -3.30878e+05    2.23400e+03
      Potential    Kinetic En.   Total Energy  Conserved En.    Temperature
   -2.96823e+05    4.67397e+04   -2.50084e+05   -2.61078e+05    3.22592e+02
 Pres. DC (bar) Pressure (bar)   Constr. rmsd
   -2.53129e+02   -2.34058e+02    4.62992e-06

           Step           Time
         452000      904.00000

   Energies (kJ/mol)
          Angle    Proper Dih. Ryckaert-Bell.  Improper Dih.          LJ-14
    1.44834e+04    4.10445e+03    7.36026e+03    5.19549e+02    4.21454e+03
     Coulomb-14        LJ (SR)  Disper. corr.   Coulomb (SR)   Coul. recip.
    9.88809e+03   -2.01105e+03   -3.98575e+03   -3.32320e+05    2.28326e+03
      Potential    Kinetic En.   Total Energy  Conserved En.    Temperature
   -2.95463e+05    4.72533e+04   -2.48210e+05   -2.60980e+05    3.26137e+02
 Pres. DC (bar) Pressure (bar)   Constr. rmsd
   -2.50120e+02    1.04418e+02    4.60629e-06

           Step           Time
         453000      906.00000

   Energies (kJ/mol)
          Angle    Proper Dih. Ryckaert-Bell.  Improper Dih.          LJ-14
    1.43454e+04    4.12563e+03    7.28157e+03    4.71473e+02    4.28042e+03
     Coulomb-14        LJ (SR)  Disper. corr.   Coulomb (SR)   Coul. recip.
    9.90730e+03   -2.83049e+03   -3.98536e+03   -3.31407e+05    2.23828e+03
      Potential    Kinetic En.   Total Energy  Conserved En.    Temperature
   -2.95573e+05    4.65955e+04   -2.48977e+05   -2.61111e+05    3.21597e+02
 Pres. DC (bar) Pressure (bar)   Constr. rmsd
   -2.50071e+02    2.28836e+02    4.14433e-06

           Step           Time
         454000      908.00000

   Energies (kJ/mol)
          Angle    Proper Dih. Ryckaert-Bell.  Improper Dih.          LJ-14
    1.45332e+04    4.31625e+03    7.18885e+03    5.04065e+02    4.17055e+03
     Coulomb-14        LJ (SR)  Disper. corr.   Coulomb (SR)   Coul. recip.
    9.74940e+03   -3.20376e+03   -3.98505e+03   -3.30548e+05    2.22332e+03
      Potential    Kinetic En.   Total Energy  Conserved En.    Temperature
   -2.95051e+05    4.70889e+04   -2.47963e+05   -2.61187e+05    3.25002e+02
 Pres. DC (bar) Pressure (bar)   Constr. rmsd
   -2.50032e+02    1.24549e+02    4.16363e-06

           Step           Time
         455000      910.00000

   Energies (kJ/mol)
          Angle    Proper Dih. Ryckaert-Bell.  Improper Dih.          LJ-14
    1.43071e+04    4.12854e+03    7.57210e+03    4.58627e+02    4.13230e+03
     Coulomb-14        LJ (SR)  Disper. corr.   Coulomb (SR)   Coul. recip.
    9.81261e+03   -4.24561e+03   -3.97353e+03   -3.29167e+05    2.21563e+03
      Potential    Kinetic En.   Total Energy  Conserved En.    Temperature
   -2.94759e+05    4.71238e+04   -2.47636e+05   -2.61192e+05    3.25244e+02
 Pres. DC (bar) Pressure (bar)   Constr. rmsd
   -2.48590e+02   -2.55837e+02    4.62465e-06

           Step           Time
         456000      912.00000

   Energies (kJ/mol)
          Angle    Proper Dih. Ryckaert-Bell.  Improper Dih.          LJ-14
    1.45417e+04    4.12812e+03    7.27246e+03    4.39457e+02    4.24950e+03
     Coulomb-14        LJ (SR)  Disper. corr.   Coulomb (SR)   Coul. recip.
    9.42670e+03   -3.31611e+03   -4.01086e+03   -3.30534e+05    2.22971e+03
      Potential    Kinetic En.   Total Energy  Conserved En.    Temperature
   -2.95573e+05    4.69591e+04   -2.48614e+05   -2.61222e+05    3.24107e+02
 Pres. DC (bar) Pressure (bar)   Constr. rmsd
   -2.53277e+02   -1.64358e+02    4.63757e-06

           Step           Time
         457000      914.00000

   Energies (kJ/mol)
          Angle    Proper Dih. Ryckaert-Bell.  Improper Dih.          LJ-14
    1.45371e+04    4.12589e+03    7.06584e+03    4.47914e+02    4.20223e+03
     Coulomb-14        LJ (SR)  Disper. corr.   Coulomb (SR)   Coul. recip.
    9.66227e+03   -4.10908e+03   -4.00860e+03   -3.29963e+05    2.29745e+03
      Potential    Kinetic En.   Total Energy  Conserved En.    Temperature
   -2.95742e+05    4.65935e+04   -2.49148e+05   -2.61226e+05    3.21583e+02
 Pres. DC (bar) Pressure (bar)   Constr. rmsd
   -2.52993e+02    2.21758e+01    4.34052e-06

           Step           Time
         458000      916.00000

   Energies (kJ/mol)
          Angle    Proper Dih. Ryckaert-Bell.  Improper Dih.          LJ-14
    1.39796e+04    4.08178e+03    7.27005e+03    5.01670e+02    4.19668e+03
     Coulomb-14        LJ (SR)  Disper. corr.   Coulomb (SR)   Coul. recip.
    1.00007e+04   -3.53232e+03   -4.01572e+03   -3.30677e+05    2.22169e+03
      Potential    Kinetic En.   Total Energy  Conserved En.    Temperature
   -2.95973e+05    4.66424e+04   -2.49331e+05   -2.61188e+05    3.21921e+02
 Pres. DC (bar) Pressure (bar)   Constr. rmsd
   -2.53891e+02    5.83229e+01    4.41605e-06

           Step           Time
         459000      918.00000

   Energies (kJ/mol)
          Angle    Proper Dih. Ryckaert-Bell.  Improper Dih.          LJ-14
    1.44185e+04    4.00017e+03    7.08689e+03    4.64124e+02    4.27150e+03
     Coulomb-14        LJ (SR)  Disper. corr.   Coulomb (SR)   Coul. recip.
    9.69339e+03   -3.79640e+03   -4.00897e+03   -3.30018e+05    2.21164e+03
      Potential    Kinetic En.   Total Energy  Conserved En.    Temperature
   -2.95677e+05    4.63780e+04   -2.49299e+05   -2.61338e+05    3.20096e+02
 Pres. DC (bar) Pressure (bar)   Constr. rmsd
   -2.53040e+02   -2.17031e+02    4.82375e-06

           Step           Time
         460000      920.00000

   Energies (kJ/mol)
          Angle    Proper Dih. Ryckaert-Bell.  Improper Dih.          LJ-14
    1.39750e+04    4.01278e+03    7.46424e+03    4.93570e+02    4.29761e+03
     Coulomb-14        LJ (SR)  Disper. corr.   Coulomb (SR)   Coul. recip.
    9.52064e+03   -3.47675e+03   -4.00586e+03   -3.29891e+05    2.25798e+03
      Potential    Kinetic En.   Total Energy  Conserved En.    Temperature
   -2.95352e+05    4.68525e+04   -2.48499e+05   -2.61380e+05    3.23371e+02
 Pres. DC (bar) Pressure (bar)   Constr. rmsd
   -2.52647e+02    2.55784e+02    4.35632e-06

           Step           Time
         461000      922.00000

   Energies (kJ/mol)
          Angle    Proper Dih. Ryckaert-Bell.  Improper Dih.          LJ-14
    1.41792e+04    4.15866e+03    7.47777e+03    5.89634e+02    4.20605e+03
     Coulomb-14        LJ (SR)  Disper. corr.   Coulomb (SR)   Coul. recip.
    9.66308e+03   -3.60349e+03   -4.00367e+03   -3.30440e+05    2.29583e+03
      Potential    Kinetic En.   Total Energy  Conserved En.    Temperature
   -2.95477e+05    4.63919e+04   -2.49085e+05   -2.61379e+05    3.20192e+02
 Pres. DC (bar) Pressure (bar)   Constr. rmsd
   -2.52371e+02   -7.34694e+01    4.48358e-06

           Step           Time
         462000      924.00000

   Energies (kJ/mol)
          Angle    Proper Dih. Ryckaert-Bell.  Improper Dih.          LJ-14
    1.43504e+04    4.17350e+03    7.49656e+03    5.16819e+02    4.23406e+03
     Coulomb-14        LJ (SR)  Disper. corr.   Coulomb (SR)   Coul. recip.
    9.70029e+03   -3.04761e+03   -4.02100e+03   -3.31178e+05    2.24642e+03
      Potential    Kinetic En.   Total Energy  Conserved En.    Temperature
   -2.95529e+05    4.71518e+04   -2.48377e+05   -2.61425e+05    3.25437e+02
 Pres. DC (bar) Pressure (bar)   Constr. rmsd
   -2.54559e+02    2.10694e+02    4.58720e-06

           Step           Time
         463000      926.00000

   Energies (kJ/mol)
          Angle    Proper Dih. Ryckaert-Bell.  Improper Dih.          LJ-14
    1.41485e+04    4.05797e+03    7.26809e+03    4.78230e+02    4.41018e+03
     Coulomb-14        LJ (SR)  Disper. corr.   Coulomb (SR)   Coul. recip.
    9.48749e+03   -3.25785e+03   -4.01856e+03   -3.31127e+05    2.26919e+03
      Potential    Kinetic En.   Total Energy  Conserved En.    Temperature
   -2.96284e+05    4.68981e+04   -2.49386e+05   -2.61449e+05    3.23686e+02
 Pres. DC (bar) Pressure (bar)   Constr. rmsd
   -2.54250e+02    2.31097e+02    4.20802e-06

           Step           Time
         464000      928.00000

   Energies (kJ/mol)
          Angle    Proper Dih. Ryckaert-Bell.  Improper Dih.          LJ-14
    1.43018e+04    4.16982e+03    7.29789e+03    4.86171e+02    4.24724e+03
     Coulomb-14        LJ (SR)  Disper. corr.   Coulomb (SR)   Coul. recip.
    9.90559e+03   -3.21479e+03   -4.01272e+03   -3.30858e+05    2.24422e+03
      Potential    Kinetic En.   Total Energy  Conserved En.    Temperature
   -2.95432e+05    4.71333e+04   -2.48299e+05   -2.61443e+05    3.25309e+02
 Pres. DC (bar) Pressure (bar)   Constr. rmsd
   -2.53513e+02    1.13794e+02    4.56426e-06

           Step           Time
         465000      930.00000

   Energies (kJ/mol)
          Angle    Proper Dih. Ryckaert-Bell.  Improper Dih.          LJ-14
    1.40001e+04    4.05174e+03    7.33969e+03    4.81437e+02    4.13210e+03
     Coulomb-14        LJ (SR)  Disper. corr.   Coulomb (SR)   Coul. recip.
    1.03824e+04   -4.17561e+03   -4.00428e+03   -3.30680e+05    2.24537e+03
      Potential    Kinetic En.   Total Energy  Conserved En.    Temperature
   -2.96227e+05    4.68481e+04   -2.49379e+05   -2.61427e+05    3.23340e+02
 Pres. DC (bar) Pressure (bar)   Constr. rmsd
   -2.52449e+02   -4.88106e+02    4.92840e-06

           Step           Time
         466000      932.00000

   Energies (kJ/mol)
          Angle    Proper Dih. Ryckaert-Bell.  Improper Dih.          LJ-14
    1.38564e+04    4.18965e+03    7.41400e+03    4.57020e+02    4.27574e+03
     Coulomb-14        LJ (SR)  Disper. corr.   Coulomb (SR)   Coul. recip.
    1.07979e+04   -2.99399e+03   -3.99618e+03   -3.31732e+05    2.21768e+03
      Potential    Kinetic En.   Total Energy  Conserved En.    Temperature
   -2.95514e+05    4.67124e+04   -2.48801e+05   -2.61573e+05    3.22404e+02
 Pres. DC (bar) Pressure (bar)   Constr. rmsd
   -2.51430e+02   -1.88280e+02    4.35984e-06

           Step           Time
         467000      934.00000

   Energies (kJ/mol)
          Angle    Proper Dih. Ryckaert-Bell.  Improper Dih.          LJ-14
    1.40383e+04    3.96481e+03    7.37115e+03    4.69140e+02    4.30078e+03
     Coulomb-14        LJ (SR)  Disper. corr.   Coulomb (SR)   Coul. recip.
    9.69260e+03   -3.03441e+03   -3.99533e+03   -3.31584e+05    2.22287e+03
      Potential    Kinetic En.   Total Energy  Conserved En.    Temperature
   -2.96554e+05    4.67060e+04   -2.49848e+05   -2.61540e+05    3.22360e+02
 Pres. DC (bar) Pressure (bar)   Constr. rmsd
   -2.51323e+02   -7.26341e+01    4.27947e-06

           Step           Time
         468000      936.00000

   Energies (kJ/mol)
          Angle    Proper Dih. Ryckaert-Bell.  Improper Dih.          LJ-14
    1.40234e+04    4.16756e+03    7.34813e+03    4.48776e+02    4.20763e+03
     Coulomb-14        LJ (SR)  Disper. corr.   Coulomb (SR)   Coul. recip.
    1.00544e+04   -3.40911e+03   -3.99767e+03   -3.31132e+05    2.28009e+03
      Potential    Kinetic En.   Total Energy  Conserved En.    Temperature
   -2.96008e+05    4.66453e+04   -2.49363e+05   -2.61535e+05    3.21941e+02
 Pres. DC (bar) Pressure (bar)   Constr. rmsd
   -2.51616e+02   -1.37204e+02    4.37716e-06

           Step           Time
         469000      938.00000

   Energies (kJ/mol)
          Angle    Proper Dih. Ryckaert-Bell.  Improper Dih.          LJ-14
    1.42596e+04    4.13816e+03    7.18638e+03    4.99326e+02    4.19569e+03
     Coulomb-14        LJ (SR)  Disper. corr.   Coulomb (SR)   Coul. recip.
    9.93315e+03   -2.95512e+03   -3.98574e+03   -3.31097e+05    2.25339e+03
      Potential    Kinetic En.   Total Energy  Conserved En.    Temperature
   -2.95573e+05    4.70163e+04   -2.48556e+05   -2.61673e+05    3.24501e+02
 Pres. DC (bar) Pressure (bar)   Constr. rmsd
   -2.50119e+02    1.63542e+02    4.77307e-06

           Step           Time
         470000      940.00000

   Energies (kJ/mol)
          Angle    Proper Dih. Ryckaert-Bell.  Improper Dih.          LJ-14
    1.42566e+04    4.25104e+03    7.36440e+03    5.12535e+02    4.18248e+03
     Coulomb-14        LJ (SR)  Disper. corr.   Coulomb (SR)   Coul. recip.
    9.62421e+03   -3.63975e+03   -3.99414e+03   -3.30745e+05    2.16586e+03
      Potential    Kinetic En.   Total Energy  Conserved En.    Temperature
   -2.96022e+05    4.72453e+04   -2.48776e+05   -2.61644e+05    3.26082e+02
 Pres. DC (bar) Pressure (bar)   Constr. rmsd
   -2.51172e+02   -1.17522e+02    4.15030e-06

           Step           Time
         471000      942.00000

   Energies (kJ/mol)
          Angle    Proper Dih. Ryckaert-Bell.  Improper Dih.          LJ-14
    1.42830e+04    3.98293e+03    7.24667e+03    4.77482e+02    4.29813e+03
     Coulomb-14        LJ (SR)  Disper. corr.   Coulomb (SR)   Coul. recip.
    9.79362e+03   -2.43949e+03   -3.98595e+03   -3.31093e+05    2.27394e+03
      Potential    Kinetic En.   Total Energy  Conserved En.    Temperature
   -2.95163e+05    4.69531e+04   -2.48210e+05   -2.61664e+05    3.24065e+02
 Pres. DC (bar) Pressure (bar)   Constr. rmsd
   -2.50145e+02    1.87648e+02    4.45100e-06

           Step           Time
         472000      944.00000

   Energies (kJ/mol)
          Angle    Proper Dih. Ryckaert-Bell.  Improper Dih.          LJ-14
    1.40750e+04    4.15151e+03    7.31202e+03    4.60016e+02    4.14794e+03
     Coulomb-14        LJ (SR)  Disper. corr.   Coulomb (SR)   Coul. recip.
    1.02986e+04   -3.87145e+03   -4.00130e+03   -3.29668e+05    2.14936e+03
      Potential    Kinetic En.   Total Energy  Conserved En.    Temperature
   -2.94946e+05    4.79212e+04   -2.47025e+05   -2.61710e+05    3.30747e+02
 Pres. DC (bar) Pressure (bar)   Constr. rmsd
   -2.52074e+02   -9.41029e+01    4.44591e-06

           Step           Time
         473000      946.00000

   Energies (kJ/mol)
          Angle    Proper Dih. Ryckaert-Bell.  Improper Dih.          LJ-14
    1.45915e+04    4.05401e+03    7.17601e+03    4.95745e+02    4.34848e+03
     Coulomb-14        LJ (SR)  Disper. corr.   Coulomb (SR)   Coul. recip.
    9.81160e+03   -3.36117e+03   -3.99291e+03   -3.31153e+05    2.16283e+03
      Potential    Kinetic En.   Total Energy  Conserved En.    Temperature
   -2.95867e+05    4.69750e+04   -2.48892e+05   -2.61684e+05    3.24217e+02
 Pres. DC (bar) Pressure (bar)   Constr. rmsd
   -2.51019e+02    2.18740e+02    4.37119e-06

           Step           Time
         474000      948.00000

   Energies (kJ/mol)
          Angle    Proper Dih. Ryckaert-Bell.  Improper Dih.          LJ-14
    1.43198e+04    4.11398e+03    7.49381e+03    5.12877e+02    4.34124e+03
     Coulomb-14        LJ (SR)  Disper. corr.   Coulomb (SR)   Coul. recip.
    9.64043e+03   -3.07524e+03   -3.99710e+03   -3.30696e+05    2.25911e+03
      Potential    Kinetic En.   Total Energy  Conserved En.    Temperature
   -2.95087e+05    4.59667e+04   -2.49121e+05   -2.61739e+05    3.17257e+02
 Pres. DC (bar) Pressure (bar)   Constr. rmsd
   -2.51544e+02    3.22556e+02    4.19926e-06

           Step           Time
         475000      950.00000

   Energies (kJ/mol)
          Angle    Proper Dih. Ryckaert-Bell.  Improper Dih.          LJ-14
    1.39386e+04    4.03773e+03    7.53057e+03    4.66302e+02    4.22285e+03
     Coulomb-14        LJ (SR)  Disper. corr.   Coulomb (SR)   Coul. recip.
    9.94151e+03   -3.94197e+03   -3.99695e+03   -3.29623e+05    2.21205e+03
      Potential    Kinetic En.   Total Energy  Conserved En.    Temperature
   -2.95213e+05    4.70210e+04   -2.48192e+05   -2.61668e+05    3.24534e+02
 Pres. DC (bar) Pressure (bar)   Constr. rmsd
   -2.51526e+02    1.33574e+01    4.53238e-06

           Step           Time
         476000      952.00000

   Energies (kJ/mol)
          Angle    Proper Dih. Ryckaert-Bell.  Improper Dih.          LJ-14
    1.45680e+04    4.07416e+03    7.44815e+03    5.02300e+02    4.29156e+03
     Coulomb-14        LJ (SR)  Disper. corr.   Coulomb (SR)   Coul. recip.
    9.47911e+03   -3.46014e+03   -3.97345e+03   -3.29358e+05    2.27342e+03
      Potential    Kinetic En.   Total Energy  Conserved En.    Temperature
   -2.94155e+05    4.65035e+04   -2.47652e+05   -2.61757e+05    3.20962e+02
 Pres. DC (bar) Pressure (bar)   Constr. rmsd
   -2.48580e+02   -7.08334e+01    4.75767e-06

           Step           Time
         477000      954.00000

   Energies (kJ/mol)
          Angle    Proper Dih. Ryckaert-Bell.  Improper Dih.          LJ-14
    1.44398e+04    4.03503e+03    7.27296e+03    4.99161e+02    4.35131e+03
     Coulomb-14        LJ (SR)  Disper. corr.   Coulomb (SR)   Coul. recip.
    9.46612e+03   -3.12099e+03   -3.97598e+03   -3.29906e+05    2.25139e+03
      Potential    Kinetic En.   Total Energy  Conserved En.    Temperature
   -2.94687e+05    4.72392e+04   -2.47448e+05   -2.61806e+05    3.26040e+02
 Pres. DC (bar) Pressure (bar)   Constr. rmsd
   -2.48896e+02    2.54776e+02    4.61968e-06

           Step           Time
         478000      956.00000

   Energies (kJ/mol)
          Angle    Proper Dih. Ryckaert-Bell.  Improper Dih.          LJ-14
    1.45236e+04    4.00100e+03    7.19381e+03    4.67658e+02    4.26984e+03
     Coulomb-14        LJ (SR)  Disper. corr.   Coulomb (SR)   Coul. recip.
    9.91671e+03   -3.79964e+03   -3.98353e+03   -3.30648e+05    2.20276e+03
      Potential    Kinetic En.   Total Energy  Conserved En.    Temperature
   -2.95856e+05    4.60596e+04   -2.49796e+05   -2.61880e+05    3.17899e+02
 Pres. DC (bar) Pressure (bar)   Constr. rmsd
   -2.49841e+02   -3.28235e+02    4.41661e-06

Writing checkpoint, step 478900 at Thu Oct 25 15:23:20 2018


           Step           Time
         479000      958.00000

   Energies (kJ/mol)
          Angle    Proper Dih. Ryckaert-Bell.  Improper Dih.          LJ-14
    1.38714e+04    3.99606e+03    7.27202e+03    5.12178e+02    4.14647e+03
     Coulomb-14        LJ (SR)  Disper. corr.   Coulomb (SR)   Coul. recip.
    1.01274e+04   -3.22422e+03   -3.99531e+03   -3.31199e+05    2.19155e+03
      Potential    Kinetic En.   Total Energy  Conserved En.    Temperature
   -2.96301e+05    4.67649e+04   -2.49536e+05   -2.61851e+05    3.22766e+02
 Pres. DC (bar) Pressure (bar)   Constr. rmsd
   -2.51320e+02   -1.34618e+02    4.64980e-06

           Step           Time
         480000      960.00000

   Energies (kJ/mol)
          Angle    Proper Dih. Ryckaert-Bell.  Improper Dih.          LJ-14
    1.41306e+04    3.99776e+03    7.35273e+03    5.42678e+02    4.25211e+03
     Coulomb-14        LJ (SR)  Disper. corr.   Coulomb (SR)   Coul. recip.
    9.61520e+03   -3.64569e+03   -3.98999e+03   -3.30161e+05    2.24832e+03
      Potential    Kinetic En.   Total Energy  Conserved En.    Temperature
   -2.95658e+05    4.71860e+04   -2.48472e+05   -2.61900e+05    3.25673e+02
 Pres. DC (bar) Pressure (bar)   Constr. rmsd
   -2.50652e+02   -2.31486e+02    4.52887e-06

           Step           Time
         481000      962.00000

   Energies (kJ/mol)
          Angle    Proper Dih. Ryckaert-Bell.  Improper Dih.          LJ-14
    1.43585e+04    4.03957e+03    7.08585e+03    4.74493e+02    4.19488e+03
     Coulomb-14        LJ (SR)  Disper. corr.   Coulomb (SR)   Coul. recip.
    9.87275e+03   -2.93496e+03   -3.97307e+03   -3.30831e+05    2.29088e+03
      Potential    Kinetic En.   Total Energy  Conserved En.    Temperature
   -2.95422e+05    4.65824e+04   -2.48840e+05   -2.61872e+05    3.21507e+02
 Pres. DC (bar) Pressure (bar)   Constr. rmsd
   -2.48533e+02   -1.15320e+02    4.29520e-06

           Step           Time
         482000      964.00000

   Energies (kJ/mol)
          Angle    Proper Dih. Ryckaert-Bell.  Improper Dih.          LJ-14
    1.46019e+04    4.14253e+03    7.28934e+03    4.96500e+02    4.28278e+03
     Coulomb-14        LJ (SR)  Disper. corr.   Coulomb (SR)   Coul. recip.
    9.49683e+03   -2.66811e+03   -3.98352e+03   -3.30976e+05    2.29430e+03
      Potential    Kinetic En.   Total Energy  Conserved En.    Temperature
   -2.95024e+05    4.70570e+04   -2.47967e+05   -2.61934e+05    3.24782e+02
 Pres. DC (bar) Pressure (bar)   Constr. rmsd
   -2.49840e+02    1.95517e+02    4.44103e-06

           Step           Time
         483000      966.00000

   Energies (kJ/mol)
          Angle    Proper Dih. Ryckaert-Bell.  Improper Dih.          LJ-14
    1.42548e+04    4.05598e+03    7.61134e+03    5.19814e+02    4.09575e+03
     Coulomb-14        LJ (SR)  Disper. corr.   Coulomb (SR)   Coul. recip.
    1.02025e+04   -2.92258e+03   -3.98931e+03   -3.31348e+05    2.16816e+03
      Potential    Kinetic En.   Total Energy  Conserved En.    Temperature
   -2.95351e+05    4.68848e+04   -2.48466e+05   -2.61962e+05    3.23594e+02
 Pres. DC (bar) Pressure (bar)   Constr. rmsd
   -2.50566e+02   -1.27218e+02    4.44534e-06

           Step           Time
         484000      968.00000

   Energies (kJ/mol)
          Angle    Proper Dih. Ryckaert-Bell.  Improper Dih.          LJ-14
    1.45072e+04    4.10741e+03    7.58412e+03    5.03696e+02    4.17494e+03
     Coulomb-14        LJ (SR)  Disper. corr.   Coulomb (SR)   Coul. recip.
    9.55811e+03   -2.83584e+03   -4.00781e+03   -3.31111e+05    2.34905e+03
      Potential    Kinetic En.   Total Energy  Conserved En.    Temperature
   -2.95170e+05    4.73366e+04   -2.47833e+05   -2.61964e+05    3.26712e+02
 Pres. DC (bar) Pressure (bar)   Constr. rmsd
   -2.52893e+02    1.06967e+02    4.50105e-06

           Step           Time
         485000      970.00000

   Energies (kJ/mol)
          Angle    Proper Dih. Ryckaert-Bell.  Improper Dih.          LJ-14
    1.41470e+04    4.04550e+03    7.44853e+03    4.72186e+02    4.10243e+03
     Coulomb-14        LJ (SR)  Disper. corr.   Coulomb (SR)   Coul. recip.
    1.00909e+04   -3.42641e+03   -3.98370e+03   -3.29844e+05    2.25311e+03
      Potential    Kinetic En.   Total Energy  Conserved En.    Temperature
   -2.94695e+05    4.62565e+04   -2.48438e+05   -2.62029e+05    3.19257e+02
 Pres. DC (bar) Pressure (bar)   Constr. rmsd
   -2.49863e+02   -1.57225e+02    4.14135e-06

           Step           Time
         486000      972.00000

   Energies (kJ/mol)
          Angle    Proper Dih. Ryckaert-Bell.  Improper Dih.          LJ-14
    1.41456e+04    4.01419e+03    7.65720e+03    4.96296e+02    4.31033e+03
     Coulomb-14        LJ (SR)  Disper. corr.   Coulomb (SR)   Coul. recip.
    9.93951e+03   -3.94072e+03   -4.01803e+03   -3.29698e+05    2.21844e+03
      Potential    Kinetic En.   Total Energy  Conserved En.    Temperature
   -2.94876e+05    4.69335e+04   -2.47942e+05   -2.62075e+05    3.23930e+02
 Pres. DC (bar) Pressure (bar)   Constr. rmsd
   -2.54183e+02    1.13958e+02    4.22730e-06

           Step           Time
         487000      974.00000

   Energies (kJ/mol)
          Angle    Proper Dih. Ryckaert-Bell.  Improper Dih.          LJ-14
    1.41596e+04    4.02604e+03    7.34584e+03    4.93987e+02    4.35325e+03
     Coulomb-14        LJ (SR)  Disper. corr.   Coulomb (SR)   Coul. recip.
    1.00227e+04   -3.93471e+03   -4.00059e+03   -3.30589e+05    2.28163e+03
      Potential    Kinetic En.   Total Energy  Conserved En.    Temperature
   -2.95842e+05    4.67028e+04   -2.49139e+05   -2.62079e+05    3.22337e+02
 Pres. DC (bar) Pressure (bar)   Constr. rmsd
   -2.51983e+02   -1.22201e+02    4.24691e-06

           Step           Time
         488000      976.00000

   Energies (kJ/mol)
          Angle    Proper Dih. Ryckaert-Bell.  Improper Dih.          LJ-14
    1.44777e+04    3.92345e+03    7.34725e+03    4.99153e+02    4.33771e+03
     Coulomb-14        LJ (SR)  Disper. corr.   Coulomb (SR)   Coul. recip.
    9.44119e+03   -3.06096e+03   -3.98423e+03   -3.30485e+05    2.26419e+03
      Potential    Kinetic En.   Total Energy  Conserved En.    Temperature
   -2.95240e+05    4.69854e+04   -2.48254e+05   -2.62146e+05    3.24288e+02
 Pres. DC (bar) Pressure (bar)   Constr. rmsd
   -2.49930e+02    2.07614e+02    4.37108e-06

           Step           Time
         489000      978.00000

   Energies (kJ/mol)
          Angle    Proper Dih. Ryckaert-Bell.  Improper Dih.          LJ-14
    1.43137e+04    4.10250e+03    7.35381e+03    4.57589e+02    4.19984e+03
     Coulomb-14        LJ (SR)  Disper. corr.   Coulomb (SR)   Coul. recip.
    9.58414e+03   -3.06324e+03   -3.99789e+03   -3.31021e+05    2.30725e+03
      Potential    Kinetic En.   Total Energy  Conserved En.    Temperature
   -2.95764e+05    4.71339e+04   -2.48630e+05   -2.62162e+05    3.25313e+02
 Pres. DC (bar) Pressure (bar)   Constr. rmsd
   -2.51644e+02   -1.67529e+02    4.41239e-06

           Step           Time
         490000      980.00000

   Energies (kJ/mol)
          Angle    Proper Dih. Ryckaert-Bell.  Improper Dih.          LJ-14
    1.43029e+04    3.98284e+03    7.44114e+03    5.69488e+02    4.34202e+03
     Coulomb-14        LJ (SR)  Disper. corr.   Coulomb (SR)   Coul. recip.
    9.66104e+03   -3.97948e+03   -4.01414e+03   -3.30188e+05    2.24699e+03
      Potential    Kinetic En.   Total Energy  Conserved En.    Temperature
   -2.95635e+05    4.64727e+04   -2.49163e+05   -2.62167e+05    3.20750e+02
 Pres. DC (bar) Pressure (bar)   Constr. rmsd
   -2.53691e+02   -1.67927e+01    4.41438e-06

           Step           Time
         491000      982.00000

   Energies (kJ/mol)
          Angle    Proper Dih. Ryckaert-Bell.  Improper Dih.          LJ-14
    1.48073e+04    4.02569e+03    7.27690e+03    4.89789e+02    4.31353e+03
     Coulomb-14        LJ (SR)  Disper. corr.   Coulomb (SR)   Coul. recip.
    9.75608e+03   -2.89665e+03   -3.99715e+03   -3.31108e+05    2.27573e+03
      Potential    Kinetic En.   Total Energy  Conserved En.    Temperature
   -2.95057e+05    4.72421e+04   -2.47815e+05   -2.62209e+05    3.26060e+02
 Pres. DC (bar) Pressure (bar)   Constr. rmsd
   -2.51552e+02    8.20581e+01    4.26011e-06

           Step           Time
         492000      984.00000

   Energies (kJ/mol)
          Angle    Proper Dih. Ryckaert-Bell.  Improper Dih.          LJ-14
    1.44596e+04    4.03357e+03    7.31439e+03    5.61847e+02    4.21595e+03
     Coulomb-14        LJ (SR)  Disper. corr.   Coulomb (SR)   Coul. recip.
    9.14389e+03   -4.37597e+03   -4.00853e+03   -3.28439e+05    2.28639e+03
      Potential    Kinetic En.   Total Energy  Conserved En.    Temperature
   -2.94808e+05    4.70339e+04   -2.47774e+05   -2.62224e+05    3.24623e+02
 Pres. DC (bar) Pressure (bar)   Constr. rmsd
   -2.52984e+02   -1.28890e+01    4.33520e-06

           Step           Time
         493000      986.00000

   Energies (kJ/mol)
          Angle    Proper Dih. Ryckaert-Bell.  Improper Dih.          LJ-14
    1.40101e+04    4.05826e+03    7.34887e+03    5.10582e+02    4.18501e+03
     Coulomb-14        LJ (SR)  Disper. corr.   Coulomb (SR)   Coul. recip.
    9.91021e+03   -3.25943e+03   -4.01217e+03   -3.30857e+05    2.24867e+03
      Potential    Kinetic En.   Total Energy  Conserved En.    Temperature
   -2.95857e+05    4.65316e+04   -2.49326e+05   -2.62234e+05    3.21156e+02
 Pres. DC (bar) Pressure (bar)   Constr. rmsd
   -2.53443e+02   -5.74243e+01    4.43937e-06

           Step           Time
         494000      988.00000

   Energies (kJ/mol)
          Angle    Proper Dih. Ryckaert-Bell.  Improper Dih.          LJ-14
    1.42439e+04    4.04652e+03    7.19895e+03    5.19658e+02    4.18428e+03
     Coulomb-14        LJ (SR)  Disper. corr.   Coulomb (SR)   Coul. recip.
    9.52997e+03   -3.05809e+03   -4.00020e+03   -3.32019e+05    2.22515e+03
      Potential    Kinetic En.   Total Energy  Conserved En.    Temperature
   -2.97129e+05    4.67003e+04   -2.50428e+05   -2.62197e+05    3.22321e+02
 Pres. DC (bar) Pressure (bar)   Constr. rmsd
   -2.51935e+02    1.78283e+02    4.38521e-06

           Step           Time
         495000      990.00000

   Energies (kJ/mol)
          Angle    Proper Dih. Ryckaert-Bell.  Improper Dih.          LJ-14
    1.43936e+04    4.27831e+03    7.21389e+03    4.77366e+02    4.21568e+03
     Coulomb-14        LJ (SR)  Disper. corr.   Coulomb (SR)   Coul. recip.
    9.49024e+03   -3.79813e+03   -3.98931e+03   -3.29568e+05    2.19025e+03
      Potential    Kinetic En.   Total Energy  Conserved En.    Temperature
   -2.95096e+05    4.66327e+04   -2.48463e+05   -2.62291e+05    3.21854e+02
 Pres. DC (bar) Pressure (bar)   Constr. rmsd
   -2.50567e+02   -7.56875e+01    4.28724e-06

           Step           Time
         496000      992.00000

   Energies (kJ/mol)
          Angle    Proper Dih. Ryckaert-Bell.  Improper Dih.          LJ-14
    1.45256e+04    4.11736e+03    7.12828e+03    4.90341e+02    4.29883e+03
     Coulomb-14        LJ (SR)  Disper. corr.   Coulomb (SR)   Coul. recip.
    9.46378e+03   -3.80050e+03   -4.00145e+03   -3.29798e+05    2.16763e+03
      Potential    Kinetic En.   Total Energy  Conserved En.    Temperature
   -2.95408e+05    4.63856e+04   -2.49023e+05   -2.62347e+05    3.20148e+02
 Pres. DC (bar) Pressure (bar)   Constr. rmsd
   -2.52092e+02   -6.01954e+01    4.32435e-06

           Step           Time
         497000      994.00000

   Energies (kJ/mol)
          Angle    Proper Dih. Ryckaert-Bell.  Improper Dih.          LJ-14
    1.42465e+04    4.06158e+03    7.07715e+03    5.36522e+02    4.28164e+03
     Coulomb-14        LJ (SR)  Disper. corr.   Coulomb (SR)   Coul. recip.
    9.68003e+03   -3.26572e+03   -4.00672e+03   -3.30111e+05    2.23392e+03
      Potential    Kinetic En.   Total Energy  Conserved En.    Temperature
   -2.95266e+05    4.72543e+04   -2.48012e+05   -2.62333e+05    3.26144e+02
 Pres. DC (bar) Pressure (bar)   Constr. rmsd
   -2.52756e+02    3.18054e+02    4.28479e-06

           Step           Time
         498000      996.00000

   Energies (kJ/mol)
          Angle    Proper Dih. Ryckaert-Bell.  Improper Dih.          LJ-14
    1.43921e+04    4.33655e+03    7.03975e+03    4.60842e+02    4.21454e+03
     Coulomb-14        LJ (SR)  Disper. corr.   Coulomb (SR)   Coul. recip.
    9.56606e+03   -3.05981e+03   -3.99985e+03   -3.31107e+05    2.18340e+03
      Potential    Kinetic En.   Total Energy  Conserved En.    Temperature
   -2.95973e+05    4.64354e+04   -2.49538e+05   -2.62399e+05    3.20492e+02
 Pres. DC (bar) Pressure (bar)   Constr. rmsd
   -2.51891e+02   -2.30842e+02    4.45595e-06

           Step           Time
         499000      998.00000

   Energies (kJ/mol)
          Angle    Proper Dih. Ryckaert-Bell.  Improper Dih.          LJ-14
    1.47385e+04    4.23248e+03    7.19820e+03    5.14104e+02    4.20221e+03
     Coulomb-14        LJ (SR)  Disper. corr.   Coulomb (SR)   Coul. recip.
    9.80532e+03   -3.62384e+03   -3.98888e+03   -3.31584e+05    2.23439e+03
      Potential    Kinetic En.   Total Energy  Conserved En.    Temperature
   -2.96271e+05    4.74731e+04   -2.48798e+05   -2.62357e+05    3.27654e+02
 Pres. DC (bar) Pressure (bar)   Constr. rmsd
   -2.50512e+02   -1.82164e+02    4.31937e-06

           Step           Time
         500000     1000.00000

Writing checkpoint, step 500000 at Thu Oct 25 15:28:36 2018


   Energies (kJ/mol)
          Angle    Proper Dih. Ryckaert-Bell.  Improper Dih.          LJ-14
    1.38541e+04    4.26629e+03    7.21502e+03    5.32230e+02    4.13314e+03
     Coulomb-14        LJ (SR)  Disper. corr.   Coulomb (SR)   Coul. recip.
    9.86782e+03   -3.33209e+03   -3.96338e+03   -3.29893e+05    2.30344e+03
      Potential    Kinetic En.   Total Energy  Conserved En.    Temperature
   -2.95017e+05    4.68027e+04   -2.48214e+05   -2.62432e+05    3.23027e+02
 Pres. DC (bar) Pressure (bar)   Constr. rmsd
   -2.47323e+02   -1.29565e+01    4.75806e-06

	<======  ###############  ==>
	<====  A V E R A G E S  ====>
	<==  ###############  ======>

	Statistics over 500001 steps using 5001 frames

   Energies (kJ/mol)
          Angle    Proper Dih. Ryckaert-Bell.  Improper Dih.          LJ-14
    1.42869e+04    4.05954e+03    7.37302e+03    4.92737e+02    4.26127e+03
     Coulomb-14        LJ (SR)  Disper. corr.   Coulomb (SR)   Coul. recip.
    9.92631e+03   -3.38482e+03   -3.99538e+03   -3.30538e+05    2.23752e+03
      Potential    Kinetic En.   Total Energy  Conserved En.    Temperature
   -2.95281e+05    4.67965e+04   -2.48485e+05   -2.55252e+05    3.22984e+02
 Pres. DC (bar) Pressure (bar)   Constr. rmsd
   -2.51331e+02    4.71280e+00    0.00000e+00

          Box-X          Box-Y          Box-Z
    6.31100e+00    6.33567e+00    6.60934e+00

   Total Virial (kJ/mol)
    1.57254e+04   -1.79050e+01    3.65424e+01
   -1.78656e+01    1.57826e+04    3.64115e+01
    3.66082e+01    3.64008e+01    1.51800e+04

   Pressure (bar)
    6.42006e+00    5.11981e+00    1.14225e+00
    5.11485e+00    2.20100e-01   -4.42930e+00
    1.13398e+00   -4.42795e+00    7.49823e+00

         T-DPPC          T-SOL
    3.23022e+02    3.22962e+02


	M E G A - F L O P S   A C C O U N T I N G

 NB=Group-cutoff nonbonded kernels    NxN=N-by-N cluster Verlet kernels
 RF=Reaction-Field  VdW=Van der Waals  QSTab=quadratic-spline table
 W3=SPC/TIP3p  W4=TIP4p (single or pairs)
 V&F=Potential and force  V=Potential only  F=Force only

 Computing:                               M-Number         M-Flops  % Flops
-----------------------------------------------------------------------------
 Pair Search distance check           30169.852582      271528.673     0.1
 NxN QSTab Elec. + LJ [F]           2687749.761312   110197740.214    53.1
 NxN QSTab Elec. + LJ [V&F]           27154.369448     1602107.797     0.8
 NxN LJ [F]                          538609.930848    17774127.718     8.6
 NxN LJ [V&F]                          5441.583600      233988.095     0.1
 NxN QSTab Elec. [F]                1759519.228896    59823653.782    28.8
 NxN QSTab Elec. [V&F]                17776.450536      728834.472     0.4
 1,4 nonbonded interactions            1856.003712      167040.334     0.1
 Calc Weights                         26047.552095      937711.875     0.5
 Spread Q Bspline                    555681.111360     1111362.223     0.5
 Gather F Bspline                    555681.111360     3334086.668     1.6
 3D-FFT                             1077632.155260     8621057.242     4.2
 Solve PME                              800.001600       51200.102     0.0
 Shift-X                                 86.842365         521.054     0.0
 Angles                                3648.007296      612865.226     0.3
 Propers                               1472.002944      337088.674     0.2
 Impropers                              192.000384       39936.080     0.0
 RB-Dihedrals                          1536.003072      379392.759     0.2
 Virial                                1741.017410       31338.313     0.0
 Stop-CM                                 86.842365         868.424     0.0
 Calc-Ekin                             3473.034730       93771.938     0.0
 Lincs                                 3136.006272      188160.376     0.1
 Lincs-Mat                            43776.087552      175104.350     0.1
 Constraint-V                         11754.523509       94036.188     0.0
 Constraint-Vir                        1723.717237       41369.214     0.0
 Settle                                1827.503655      590283.681     0.3
-----------------------------------------------------------------------------
 Total                                               207439175.473   100.0
-----------------------------------------------------------------------------


     R E A L   C Y C L E   A N D   T I M E   A C C O U N T I N G

On 1 MPI rank, each using 8 OpenMP threads

 Computing:          Num   Num      Call    Wall time         Giga-Cycles
                     Ranks Threads  Count      (s)         total sum    %
-----------------------------------------------------------------------------
 Neighbor search        1    8       5001      55.581       1380.004   0.7
 Force                  1    8     500001    5579.964     138542.246  74.2
 PME mesh               1    8     500001     999.396      24813.523  13.3
 NB X/F buffer ops.     1    8     995001     500.414      12424.542   6.7
 Write traj.            1    8        509       7.353        182.567   0.1
 Update                 1    8     500001     100.819       2503.177   1.3
 Constraints            1    8     500001     226.468       5622.867   3.0
 Rest                                          48.383       1201.290   0.6
-----------------------------------------------------------------------------
 Total                                       7518.378     186670.215 100.0
-----------------------------------------------------------------------------
 Breakdown of PME mesh computation
-----------------------------------------------------------------------------
 PME spread             1    8     500001     395.765       9826.254   5.3
 PME gather             1    8     500001     317.452       7881.872   4.2
 PME 3D-FFT             1    8    1000002     237.159       5888.316   3.2
 PME solve Elec         1    8     500001      34.090        846.416   0.5
-----------------------------------------------------------------------------

               Core t (s)   Wall t (s)        (%)
       Time:    60147.026     7518.378      800.0
                         2h05:18
                 (ns/day)    (hour/ns)
Performance:       11.492        2.088
Finished mdrun on rank 0 Thu Oct 25 15:28:37 2018
